Year,UNIT_MEASURE,Sex,Age,Entity,Value
2013,Number,Both sexes,0,Federation of BiH,21718
2013,Number,Both sexes,1,Federation of BiH,22690
2013,Number,Both sexes,2,Federation of BiH,22691
2013,Number,Both sexes,3,Federation of BiH,23664
2013,Number,Both sexes,4,Federation of BiH,24080
2013,Number,Both sexes,5,Federation of BiH,23892
2013,Number,Both sexes,6,Federation of BiH,22901
2013,Number,Both sexes,7,Federation of BiH,22965
2013,Number,Both sexes,8,Federation of BiH,23147
2013,Number,Both sexes,9,Federation of BiH,23147
2013,Number,Both sexes,10,Federation of BiH,23884
2013,Number,Both sexes,11,Federation of BiH,24043
2013,Number,Both sexes,12,Federation of BiH,24989
2013,Number,Both sexes,13,Federation of BiH,25785
2013,Number,Both sexes,14,Federation of BiH,27352
2013,Number,Both sexes,15,Federation of BiH,30464
2013,Number,Both sexes,16,Federation of BiH,35091
2013,Number,Both sexes,17,Federation of BiH,35286
2013,Number,Both sexes,18,Federation of BiH,33903
2013,Number,Both sexes,19,Federation of BiH,27137
2013,Number,Both sexes,20,Federation of BiH,25325
2013,Number,Both sexes,21,Federation of BiH,29600
2013,Number,Both sexes,22,Federation of BiH,32119
2013,Number,Both sexes,23,Federation of BiH,31990
2013,Number,Both sexes,24,Federation of BiH,31868
2013,Number,Both sexes,25,Federation of BiH,32919
2013,Number,Both sexes,26,Federation of BiH,32539
2013,Number,Both sexes,27,Federation of BiH,32484
2013,Number,Both sexes,28,Federation of BiH,32610
2013,Number,Both sexes,29,Federation of BiH,33651
2013,Number,Both sexes,30,Federation of BiH,32390
2013,Number,Both sexes,31,Federation of BiH,32319
2013,Number,Both sexes,32,Federation of BiH,32749
2013,Number,Both sexes,33,Federation of BiH,31974
2013,Number,Both sexes,34,Federation of BiH,31556
2013,Number,Both sexes,35,Federation of BiH,31528
2013,Number,Both sexes,36,Federation of BiH,31538
2013,Number,Both sexes,37,Federation of BiH,32341
2013,Number,Both sexes,38,Federation of BiH,31321
2013,Number,Both sexes,39,Federation of BiH,30987
2013,Number,Both sexes,40,Federation of BiH,30584
2013,Number,Both sexes,41,Federation of BiH,31771
2013,Number,Both sexes,42,Federation of BiH,31017
2013,Number,Both sexes,43,Federation of BiH,29652
2013,Number,Both sexes,44,Federation of BiH,31806
2013,Number,Both sexes,45,Federation of BiH,32017
2013,Number,Both sexes,46,Federation of BiH,33018
2013,Number,Both sexes,47,Federation of BiH,33813
2013,Number,Both sexes,48,Federation of BiH,34178
2013,Number,Both sexes,49,Federation of BiH,34083
2013,Number,Both sexes,50,Federation of BiH,34340
2013,Number,Both sexes,51,Federation of BiH,35525
2013,Number,Both sexes,52,Federation of BiH,35006
2013,Number,Both sexes,53,Federation of BiH,34518
2013,Number,Both sexes,54,Federation of BiH,34607
2013,Number,Both sexes,55,Federation of BiH,32581
2013,Number,Both sexes,56,Federation of BiH,30906
2013,Number,Both sexes,57,Federation of BiH,31264
2013,Number,Both sexes,58,Federation of BiH,31461
2013,Number,Both sexes,59,Federation of BiH,29877
2013,Number,Both sexes,60,Federation of BiH,29631
2013,Number,Both sexes,61,Federation of BiH,26762
2013,Number,Both sexes,62,Federation of BiH,24438
2013,Number,Both sexes,63,Federation of BiH,24535
2013,Number,Both sexes,64,Federation of BiH,23247
2013,Number,Both sexes,65,Federation of BiH,20490
2013,Number,Both sexes,66,Federation of BiH,21656
2013,Number,Both sexes,67,Federation of BiH,16531
2013,Number,Both sexes,68,Federation of BiH,15234
2013,Number,Both sexes,69,Federation of BiH,14480
2013,Number,Both sexes,70,Federation of BiH,14562
2013,Number,Both sexes,71,Federation of BiH,16128
2013,Number,Both sexes,72,Federation of BiH,16725
2013,Number,Both sexes,73,Federation of BiH,17668
2013,Number,Both sexes,74,Federation of BiH,15940
2013,Number,Both sexes,75,Federation of BiH,15320
2013,Number,Both sexes,76,Federation of BiH,14194
2013,Number,Both sexes,77,Federation of BiH,13342
2013,Number,Both sexes,78,Federation of BiH,11991
2013,Number,Both sexes,79,Federation of BiH,10766
2013,Number,Both sexes,80,Federation of BiH,9117
2013,Number,Both sexes,81,Federation of BiH,8359
2013,Number,Both sexes,82,Federation of BiH,6844
2013,Number,Both sexes,83,Federation of BiH,6095
2013,Number,Both sexes,84,Federation of BiH,4812
2013,Number,Both sexes,85+,Federation of BiH,15692
2013,Number,Both sexes,Unknown,Federation of BiH,0
2013,Number,Both sexes,Total,Federation of BiH,2219220
2013,Number,M,0,Federation of BiH,11137
2013,Number,M,1,Federation of BiH,11702
2013,Number,M,2,Federation of BiH,11635
2013,Number,M,3,Federation of BiH,12190
2013,Number,M,4,Federation of BiH,12353
2013,Number,M,5,Federation of BiH,12274
2013,Number,M,6,Federation of BiH,11829
2013,Number,M,7,Federation of BiH,11750
2013,Number,M,8,Federation of BiH,11870
2013,Number,M,9,Federation of BiH,11910
2013,Number,M,10,Federation of BiH,12366
2013,Number,M,11,Federation of BiH,12362
2013,Number,M,12,Federation of BiH,12787
2013,Number,M,13,Federation of BiH,13148
2013,Number,M,14,Federation of BiH,13830
2013,Number,M,15,Federation of BiH,15585
2013,Number,M,16,Federation of BiH,18159
2013,Number,M,17,Federation of BiH,18218
2013,Number,M,18,Federation of BiH,17312
2013,Number,M,19,Federation of BiH,14024
2013,Number,M,20,Federation of BiH,13053
2013,Number,M,21,Federation of BiH,14849
2013,Number,M,22,Federation of BiH,16459
2013,Number,M,23,Federation of BiH,16474
2013,Number,M,24,Federation of BiH,16268
2013,Number,M,25,Federation of BiH,16801
2013,Number,M,26,Federation of BiH,16894
2013,Number,M,27,Federation of BiH,16638
2013,Number,M,28,Federation of BiH,16721
2013,Number,M,29,Federation of BiH,17065
2013,Number,M,30,Federation of BiH,16504
2013,Number,M,31,Federation of BiH,16570
2013,Number,M,32,Federation of BiH,16694
2013,Number,M,33,Federation of BiH,16163
2013,Number,M,34,Federation of BiH,16001
2013,Number,M,35,Federation of BiH,15902
2013,Number,M,36,Federation of BiH,15826
2013,Number,M,37,Federation of BiH,16187
2013,Number,M,38,Federation of BiH,15675
2013,Number,M,39,Federation of BiH,15349
2013,Number,M,40,Federation of BiH,15127
2013,Number,M,41,Federation of BiH,15825
2013,Number,M,42,Federation of BiH,15475
2013,Number,M,43,Federation of BiH,14747
2013,Number,M,44,Federation of BiH,15948
2013,Number,M,45,Federation of BiH,15855
2013,Number,M,46,Federation of BiH,16405
2013,Number,M,47,Federation of BiH,16673
2013,Number,M,48,Federation of BiH,16805
2013,Number,M,49,Federation of BiH,16856
2013,Number,M,50,Federation of BiH,16932
2013,Number,M,51,Federation of BiH,17349
2013,Number,M,52,Federation of BiH,17203
2013,Number,M,53,Federation of BiH,16748
2013,Number,M,54,Federation of BiH,17071
2013,Number,M,55,Federation of BiH,15630
2013,Number,M,56,Federation of BiH,15129
2013,Number,M,57,Federation of BiH,15231
2013,Number,M,58,Federation of BiH,15090
2013,Number,M,59,Federation of BiH,14488
2013,Number,M,60,Federation of BiH,14056
2013,Number,M,61,Federation of BiH,12507
2013,Number,M,62,Federation of BiH,11394
2013,Number,M,63,Federation of BiH,11285
2013,Number,M,64,Federation of BiH,10657
2013,Number,M,65,Federation of BiH,9092
2013,Number,M,66,Federation of BiH,9797
2013,Number,M,67,Federation of BiH,7429
2013,Number,M,68,Federation of BiH,6681
2013,Number,M,69,Federation of BiH,6439
2013,Number,M,70,Federation of BiH,6237
2013,Number,M,71,Federation of BiH,6969
2013,Number,M,72,Federation of BiH,7080
2013,Number,M,73,Federation of BiH,7467
2013,Number,M,74,Federation of BiH,6692
2013,Number,M,75,Federation of BiH,6253
2013,Number,M,76,Federation of BiH,5904
2013,Number,M,77,Federation of BiH,5463
2013,Number,M,78,Federation of BiH,4769
2013,Number,M,79,Federation of BiH,4306
2013,Number,M,80,Federation of BiH,3486
2013,Number,M,81,Federation of BiH,3255
2013,Number,M,82,Federation of BiH,2677
2013,Number,M,83,Federation of BiH,2263
2013,Number,M,84,Federation of BiH,1812
2013,Number,M,85+,Federation of BiH,4902
2013,Number,M,Unknown,Federation of BiH,0
2013,Number,M,Total,Federation of BiH,1087993
2013,Number,F,0,Federation of BiH,10581
2013,Number,F,1,Federation of BiH,10988
2013,Number,F,2,Federation of BiH,11056
2013,Number,F,3,Federation of BiH,11474
2013,Number,F,4,Federation of BiH,11727
2013,Number,F,5,Federation of BiH,11618
2013,Number,F,6,Federation of BiH,11072
2013,Number,F,7,Federation of BiH,11215
2013,Number,F,8,Federation of BiH,11277
2013,Number,F,9,Federation of BiH,11237
2013,Number,F,10,Federation of BiH,11518
2013,Number,F,11,Federation of BiH,11681
2013,Number,F,12,Federation of BiH,12202
2013,Number,F,13,Federation of BiH,12637
2013,Number,F,14,Federation of BiH,13522
2013,Number,F,15,Federation of BiH,14879
2013,Number,F,16,Federation of BiH,16932
2013,Number,F,17,Federation of BiH,17068
2013,Number,F,18,Federation of BiH,16591
2013,Number,F,19,Federation of BiH,13113
2013,Number,F,20,Federation of BiH,12272
2013,Number,F,21,Federation of BiH,14751
2013,Number,F,22,Federation of BiH,15660
2013,Number,F,23,Federation of BiH,15516
2013,Number,F,24,Federation of BiH,15600
2013,Number,F,25,Federation of BiH,16118
2013,Number,F,26,Federation of BiH,15645
2013,Number,F,27,Federation of BiH,15846
2013,Number,F,28,Federation of BiH,15889
2013,Number,F,29,Federation of BiH,16586
2013,Number,F,30,Federation of BiH,15886
2013,Number,F,31,Federation of BiH,15749
2013,Number,F,32,Federation of BiH,16055
2013,Number,F,33,Federation of BiH,15811
2013,Number,F,34,Federation of BiH,15555
2013,Number,F,35,Federation of BiH,15626
2013,Number,F,36,Federation of BiH,15712
2013,Number,F,37,Federation of BiH,16154
2013,Number,F,38,Federation of BiH,15646
2013,Number,F,39,Federation of BiH,15638
2013,Number,F,40,Federation of BiH,15457
2013,Number,F,41,Federation of BiH,15946
2013,Number,F,42,Federation of BiH,15542
2013,Number,F,43,Federation of BiH,14905
2013,Number,F,44,Federation of BiH,15858
2013,Number,F,45,Federation of BiH,16162
2013,Number,F,46,Federation of BiH,16613
2013,Number,F,47,Federation of BiH,17140
2013,Number,F,48,Federation of BiH,17373
2013,Number,F,49,Federation of BiH,17227
2013,Number,F,50,Federation of BiH,17408
2013,Number,F,51,Federation of BiH,18176
2013,Number,F,52,Federation of BiH,17803
2013,Number,F,53,Federation of BiH,17770
2013,Number,F,54,Federation of BiH,17536
2013,Number,F,55,Federation of BiH,16951
2013,Number,F,56,Federation of BiH,15777
2013,Number,F,57,Federation of BiH,16033
2013,Number,F,58,Federation of BiH,16371
2013,Number,F,59,Federation of BiH,15389
2013,Number,F,60,Federation of BiH,15575
2013,Number,F,61,Federation of BiH,14255
2013,Number,F,62,Federation of BiH,13044
2013,Number,F,63,Federation of BiH,13250
2013,Number,F,64,Federation of BiH,12590
2013,Number,F,65,Federation of BiH,11398
2013,Number,F,66,Federation of BiH,11859
2013,Number,F,67,Federation of BiH,9102
2013,Number,F,68,Federation of BiH,8553
2013,Number,F,69,Federation of BiH,8041
2013,Number,F,70,Federation of BiH,8325
2013,Number,F,71,Federation of BiH,9159
2013,Number,F,72,Federation of BiH,9645
2013,Number,F,73,Federation of BiH,10201
2013,Number,F,74,Federation of BiH,9248
2013,Number,F,75,Federation of BiH,9067
2013,Number,F,76,Federation of BiH,8290
2013,Number,F,77,Federation of BiH,7879
2013,Number,F,78,Federation of BiH,7222
2013,Number,F,79,Federation of BiH,6460
2013,Number,F,80,Federation of BiH,5631
2013,Number,F,81,Federation of BiH,5104
2013,Number,F,82,Federation of BiH,4167
2013,Number,F,83,Federation of BiH,3832
2013,Number,F,84,Federation of BiH,3000
2013,Number,F,85+,Federation of BiH,10790
2013,Number,F,Unknown,Federation of BiH,0
2013,Number,F,Total,Federation of BiH,1131227
2013,Number,Both sexes,0,Republika Srpska,10429
2013,Number,Both sexes,1,Republika Srpska,10772
2013,Number,Both sexes,2,Republika Srpska,10843
2013,Number,Both sexes,3,Republika Srpska,11419
2013,Number,Both sexes,4,Republika Srpska,11593
2013,Number,Both sexes,5,Republika Srpska,11423
2013,Number,Both sexes,6,Republika Srpska,11101
2013,Number,Both sexes,7,Republika Srpska,11156
2013,Number,Both sexes,8,Republika Srpska,11439
2013,Number,Both sexes,9,Republika Srpska,11497
2013,Number,Both sexes,10,Republika Srpska,11647
2013,Number,Both sexes,11,Republika Srpska,11856
2013,Number,Both sexes,12,Republika Srpska,12663
2013,Number,Both sexes,13,Republika Srpska,12738
2013,Number,Both sexes,14,Republika Srpska,13114
2013,Number,Both sexes,15,Republika Srpska,14028
2013,Number,Both sexes,16,Republika Srpska,15755
2013,Number,Both sexes,17,Republika Srpska,15004
2013,Number,Both sexes,18,Republika Srpska,15395
2013,Number,Both sexes,19,Republika Srpska,15356
2013,Number,Both sexes,20,Republika Srpska,12674
2013,Number,Both sexes,21,Republika Srpska,13765
2013,Number,Both sexes,22,Republika Srpska,15228
2013,Number,Both sexes,23,Republika Srpska,15159
2013,Number,Both sexes,24,Republika Srpska,15392
2013,Number,Both sexes,25,Republika Srpska,16111
2013,Number,Both sexes,26,Republika Srpska,16026
2013,Number,Both sexes,27,Republika Srpska,16257
2013,Number,Both sexes,28,Republika Srpska,16601
2013,Number,Both sexes,29,Republika Srpska,17391
2013,Number,Both sexes,30,Republika Srpska,17114
2013,Number,Both sexes,31,Republika Srpska,17339
2013,Number,Both sexes,32,Republika Srpska,17074
2013,Number,Both sexes,33,Republika Srpska,17163
2013,Number,Both sexes,34,Republika Srpska,16964
2013,Number,Both sexes,35,Republika Srpska,17055
2013,Number,Both sexes,36,Republika Srpska,17205
2013,Number,Both sexes,37,Republika Srpska,17747
2013,Number,Both sexes,38,Republika Srpska,16968
2013,Number,Both sexes,39,Republika Srpska,16470
2013,Number,Both sexes,40,Republika Srpska,16378
2013,Number,Both sexes,41,Republika Srpska,16692
2013,Number,Both sexes,42,Republika Srpska,15959
2013,Number,Both sexes,43,Republika Srpska,15159
2013,Number,Both sexes,44,Republika Srpska,15975
2013,Number,Both sexes,45,Republika Srpska,16366
2013,Number,Both sexes,46,Republika Srpska,17354
2013,Number,Both sexes,47,Republika Srpska,17644
2013,Number,Both sexes,48,Republika Srpska,18118
2013,Number,Both sexes,49,Republika Srpska,17764
2013,Number,Both sexes,50,Republika Srpska,18129
2013,Number,Both sexes,51,Republika Srpska,19279
2013,Number,Both sexes,52,Republika Srpska,19220
2013,Number,Both sexes,53,Republika Srpska,19247
2013,Number,Both sexes,54,Republika Srpska,20131
2013,Number,Both sexes,55,Republika Srpska,18809
2013,Number,Both sexes,56,Republika Srpska,18331
2013,Number,Both sexes,57,Republika Srpska,19518
2013,Number,Both sexes,58,Republika Srpska,20118
2013,Number,Both sexes,59,Republika Srpska,19897
2013,Number,Both sexes,60,Republika Srpska,20106
2013,Number,Both sexes,61,Republika Srpska,18842
2013,Number,Both sexes,62,Republika Srpska,16910
2013,Number,Both sexes,63,Republika Srpska,16983
2013,Number,Both sexes,64,Republika Srpska,16649
2013,Number,Both sexes,65,Republika Srpska,14404
2013,Number,Both sexes,66,Republika Srpska,15233
2013,Number,Both sexes,67,Republika Srpska,11899
2013,Number,Both sexes,68,Republika Srpska,9855
2013,Number,Both sexes,69,Republika Srpska,9879
2013,Number,Both sexes,70,Republika Srpska,9798
2013,Number,Both sexes,71,Republika Srpska,10268
2013,Number,Both sexes,72,Republika Srpska,11904
2013,Number,Both sexes,73,Republika Srpska,12421
2013,Number,Both sexes,74,Republika Srpska,11682
2013,Number,Both sexes,75,Republika Srpska,11369
2013,Number,Both sexes,76,Republika Srpska,10585
2013,Number,Both sexes,77,Republika Srpska,10014
2013,Number,Both sexes,78,Republika Srpska,8706
2013,Number,Both sexes,79,Republika Srpska,8117
2013,Number,Both sexes,80,Republika Srpska,6749
2013,Number,Both sexes,81,Republika Srpska,6055
2013,Number,Both sexes,82,Republika Srpska,4955
2013,Number,Both sexes,83,Republika Srpska,4658
2013,Number,Both sexes,84,Republika Srpska,3592
2013,Number,Both sexes,85+,Republika Srpska,11771
2013,Number,Both sexes,Unknown,Republika Srpska,0
2013,Number,Both sexes,Total,Republika Srpska,1228423
2013,Number,M,0,Republika Srpska,5330
2013,Number,M,1,Republika Srpska,5435
2013,Number,M,2,Republika Srpska,5617
2013,Number,M,3,Republika Srpska,5812
2013,Number,M,4,Republika Srpska,6053
2013,Number,M,5,Republika Srpska,5889
2013,Number,M,6,Republika Srpska,5619
2013,Number,M,7,Republika Srpska,5667
2013,Number,M,8,Republika Srpska,5903
2013,Number,M,9,Republika Srpska,5935
2013,Number,M,10,Republika Srpska,6009
2013,Number,M,11,Republika Srpska,6093
2013,Number,M,12,Republika Srpska,6516
2013,Number,M,13,Republika Srpska,6505
2013,Number,M,14,Republika Srpska,6626
2013,Number,M,15,Republika Srpska,7306
2013,Number,M,16,Republika Srpska,8099
2013,Number,M,17,Republika Srpska,7621
2013,Number,M,18,Republika Srpska,7885
2013,Number,M,19,Republika Srpska,7972
2013,Number,M,20,Republika Srpska,6576
2013,Number,M,21,Republika Srpska,7089
2013,Number,M,22,Republika Srpska,7914
2013,Number,M,23,Republika Srpska,7872
2013,Number,M,24,Republika Srpska,7801
2013,Number,M,25,Republika Srpska,8267
2013,Number,M,26,Republika Srpska,8234
2013,Number,M,27,Republika Srpska,8197
2013,Number,M,28,Republika Srpska,8623
2013,Number,M,29,Republika Srpska,8900
2013,Number,M,30,Republika Srpska,8788
2013,Number,M,31,Republika Srpska,8854
2013,Number,M,32,Republika Srpska,8715
2013,Number,M,33,Republika Srpska,8746
2013,Number,M,34,Republika Srpska,8644
2013,Number,M,35,Republika Srpska,8818
2013,Number,M,36,Republika Srpska,8821
2013,Number,M,37,Republika Srpska,9154
2013,Number,M,38,Republika Srpska,8748
2013,Number,M,39,Republika Srpska,8540
2013,Number,M,40,Republika Srpska,8485
2013,Number,M,41,Republika Srpska,8652
2013,Number,M,42,Republika Srpska,8241
2013,Number,M,43,Republika Srpska,7740
2013,Number,M,44,Republika Srpska,8229
2013,Number,M,45,Republika Srpska,8297
2013,Number,M,46,Republika Srpska,8826
2013,Number,M,47,Republika Srpska,8964
2013,Number,M,48,Republika Srpska,9100
2013,Number,M,49,Republika Srpska,8870
2013,Number,M,50,Republika Srpska,8995
2013,Number,M,51,Republika Srpska,9574
2013,Number,M,52,Republika Srpska,9575
2013,Number,M,53,Republika Srpska,9548
2013,Number,M,54,Republika Srpska,9833
2013,Number,M,55,Republika Srpska,9160
2013,Number,M,56,Republika Srpska,8931
2013,Number,M,57,Republika Srpska,9518
2013,Number,M,58,Republika Srpska,9803
2013,Number,M,59,Republika Srpska,9734
2013,Number,M,60,Republika Srpska,9704
2013,Number,M,61,Republika Srpska,8999
2013,Number,M,62,Republika Srpska,8098
2013,Number,M,63,Republika Srpska,8022
2013,Number,M,64,Republika Srpska,7849
2013,Number,M,65,Republika Srpska,6607
2013,Number,M,66,Republika Srpska,7031
2013,Number,M,67,Republika Srpska,5391
2013,Number,M,68,Republika Srpska,4414
2013,Number,M,69,Republika Srpska,4439
2013,Number,M,70,Republika Srpska,4144
2013,Number,M,71,Republika Srpska,4446
2013,Number,M,72,Republika Srpska,5149
2013,Number,M,73,Republika Srpska,5273
2013,Number,M,74,Republika Srpska,4938
2013,Number,M,75,Republika Srpska,4752
2013,Number,M,76,Republika Srpska,4366
2013,Number,M,77,Republika Srpska,3935
2013,Number,M,78,Republika Srpska,3377
2013,Number,M,79,Republika Srpska,3135
2013,Number,M,80,Republika Srpska,2568
2013,Number,M,81,Republika Srpska,2288
2013,Number,M,82,Republika Srpska,1859
2013,Number,M,83,Republika Srpska,1713
2013,Number,M,84,Republika Srpska,1335
2013,Number,M,85+,Republika Srpska,3927
2013,Number,M,Unknown,Republika Srpska,0
2013,Number,M,Total,Republika Srpska,603027
2013,Number,F,0,Republika Srpska,5099
2013,Number,F,1,Republika Srpska,5337
2013,Number,F,2,Republika Srpska,5226
2013,Number,F,3,Republika Srpska,5607
2013,Number,F,4,Republika Srpska,5540
2013,Number,F,5,Republika Srpska,5534
2013,Number,F,6,Republika Srpska,5482
2013,Number,F,7,Republika Srpska,5489
2013,Number,F,8,Republika Srpska,5536
2013,Number,F,9,Republika Srpska,5562
2013,Number,F,10,Republika Srpska,5638
2013,Number,F,11,Republika Srpska,5763
2013,Number,F,12,Republika Srpska,6147
2013,Number,F,13,Republika Srpska,6233
2013,Number,F,14,Republika Srpska,6488
2013,Number,F,15,Republika Srpska,6722
2013,Number,F,16,Republika Srpska,7656
2013,Number,F,17,Republika Srpska,7383
2013,Number,F,18,Republika Srpska,7510
2013,Number,F,19,Republika Srpska,7384
2013,Number,F,20,Republika Srpska,6098
2013,Number,F,21,Republika Srpska,6676
2013,Number,F,22,Republika Srpska,7314
2013,Number,F,23,Republika Srpska,7287
2013,Number,F,24,Republika Srpska,7591
2013,Number,F,25,Republika Srpska,7844
2013,Number,F,26,Republika Srpska,7792
2013,Number,F,27,Republika Srpska,8060
2013,Number,F,28,Republika Srpska,7978
2013,Number,F,29,Republika Srpska,8491
2013,Number,F,30,Republika Srpska,8326
2013,Number,F,31,Republika Srpska,8485
2013,Number,F,32,Republika Srpska,8359
2013,Number,F,33,Republika Srpska,8417
2013,Number,F,34,Republika Srpska,8320
2013,Number,F,35,Republika Srpska,8237
2013,Number,F,36,Republika Srpska,8384
2013,Number,F,37,Republika Srpska,8593
2013,Number,F,38,Republika Srpska,8220
2013,Number,F,39,Republika Srpska,7930
2013,Number,F,40,Republika Srpska,7893
2013,Number,F,41,Republika Srpska,8040
2013,Number,F,42,Republika Srpska,7718
2013,Number,F,43,Republika Srpska,7419
2013,Number,F,44,Republika Srpska,7746
2013,Number,F,45,Republika Srpska,8069
2013,Number,F,46,Republika Srpska,8528
2013,Number,F,47,Republika Srpska,8680
2013,Number,F,48,Republika Srpska,9018
2013,Number,F,49,Republika Srpska,8894
2013,Number,F,50,Republika Srpska,9134
2013,Number,F,51,Republika Srpska,9705
2013,Number,F,52,Republika Srpska,9645
2013,Number,F,53,Republika Srpska,9699
2013,Number,F,54,Republika Srpska,10298
2013,Number,F,55,Republika Srpska,9649
2013,Number,F,56,Republika Srpska,9400
2013,Number,F,57,Republika Srpska,10000
2013,Number,F,58,Republika Srpska,10315
2013,Number,F,59,Republika Srpska,10163
2013,Number,F,60,Republika Srpska,10402
2013,Number,F,61,Republika Srpska,9843
2013,Number,F,62,Republika Srpska,8812
2013,Number,F,63,Republika Srpska,8961
2013,Number,F,64,Republika Srpska,8800
2013,Number,F,65,Republika Srpska,7797
2013,Number,F,66,Republika Srpska,8202
2013,Number,F,67,Republika Srpska,6508
2013,Number,F,68,Republika Srpska,5441
2013,Number,F,69,Republika Srpska,5440
2013,Number,F,70,Republika Srpska,5654
2013,Number,F,71,Republika Srpska,5822
2013,Number,F,72,Republika Srpska,6755
2013,Number,F,73,Republika Srpska,7148
2013,Number,F,74,Republika Srpska,6744
2013,Number,F,75,Republika Srpska,6617
2013,Number,F,76,Republika Srpska,6219
2013,Number,F,77,Republika Srpska,6079
2013,Number,F,78,Republika Srpska,5329
2013,Number,F,79,Republika Srpska,4982
2013,Number,F,80,Republika Srpska,4181
2013,Number,F,81,Republika Srpska,3767
2013,Number,F,82,Republika Srpska,3096
2013,Number,F,83,Republika Srpska,2945
2013,Number,F,84,Republika Srpska,2257
2013,Number,F,85+,Republika Srpska,7844
2013,Number,F,Unknown,Republika Srpska,0
2013,Number,F,Total,Republika Srpska,625396
2013,Number,Both sexes,0,Brčko District of BiH,839
2013,Number,Both sexes,1,Brčko District of BiH,832
2013,Number,Both sexes,2,Brčko District of BiH,855
2013,Number,Both sexes,3,Brčko District of BiH,791
2013,Number,Both sexes,4,Brčko District of BiH,848
2013,Number,Both sexes,5,Brčko District of BiH,851
2013,Number,Both sexes,6,Brčko District of BiH,917
2013,Number,Both sexes,7,Brčko District of BiH,822
2013,Number,Both sexes,8,Brčko District of BiH,865
2013,Number,Both sexes,9,Brčko District of BiH,857
2013,Number,Both sexes,10,Brčko District of BiH,922
2013,Number,Both sexes,11,Brčko District of BiH,876
2013,Number,Both sexes,12,Brčko District of BiH,944
2013,Number,Both sexes,13,Brčko District of BiH,933
2013,Number,Both sexes,14,Brčko District of BiH,929
2013,Number,Both sexes,15,Brčko District of BiH,1072
2013,Number,Both sexes,16,Brčko District of BiH,1169
2013,Number,Both sexes,17,Brčko District of BiH,1113
2013,Number,Both sexes,18,Brčko District of BiH,1013
2013,Number,Both sexes,19,Brčko District of BiH,956
2013,Number,Both sexes,20,Brčko District of BiH,826
2013,Number,Both sexes,21,Brčko District of BiH,989
2013,Number,Both sexes,22,Brčko District of BiH,1056
2013,Number,Both sexes,23,Brčko District of BiH,1047
2013,Number,Both sexes,24,Brčko District of BiH,1018
2013,Number,Both sexes,25,Brčko District of BiH,1103
2013,Number,Both sexes,26,Brčko District of BiH,1113
2013,Number,Both sexes,27,Brčko District of BiH,1054
2013,Number,Both sexes,28,Brčko District of BiH,1235
2013,Number,Both sexes,29,Brčko District of BiH,1224
2013,Number,Both sexes,30,Brčko District of BiH,1230
2013,Number,Both sexes,31,Brčko District of BiH,1253
2013,Number,Both sexes,32,Brčko District of BiH,1154
2013,Number,Both sexes,33,Brčko District of BiH,1196
2013,Number,Both sexes,34,Brčko District of BiH,1158
2013,Number,Both sexes,35,Brčko District of BiH,1205
2013,Number,Both sexes,36,Brčko District of BiH,1176
2013,Number,Both sexes,37,Brčko District of BiH,1239
2013,Number,Both sexes,38,Brčko District of BiH,1207
2013,Number,Both sexes,39,Brčko District of BiH,1279
2013,Number,Both sexes,40,Brčko District of BiH,1256
2013,Number,Both sexes,41,Brčko District of BiH,1277
2013,Number,Both sexes,42,Brčko District of BiH,1160
2013,Number,Both sexes,43,Brčko District of BiH,1204
2013,Number,Both sexes,44,Brčko District of BiH,1248
2013,Number,Both sexes,45,Brčko District of BiH,1288
2013,Number,Both sexes,46,Brčko District of BiH,1301
2013,Number,Both sexes,47,Brčko District of BiH,1313
2013,Number,Both sexes,48,Brčko District of BiH,1404
2013,Number,Both sexes,49,Brčko District of BiH,1267
2013,Number,Both sexes,50,Brčko District of BiH,1317
2013,Number,Both sexes,51,Brčko District of BiH,1325
2013,Number,Both sexes,52,Brčko District of BiH,1362
2013,Number,Both sexes,53,Brčko District of BiH,1311
2013,Number,Both sexes,54,Brčko District of BiH,1258
2013,Number,Both sexes,55,Brčko District of BiH,1199
2013,Number,Both sexes,56,Brčko District of BiH,1110
2013,Number,Both sexes,57,Brčko District of BiH,1150
2013,Number,Both sexes,58,Brčko District of BiH,1167
2013,Number,Both sexes,59,Brčko District of BiH,1149
2013,Number,Both sexes,60,Brčko District of BiH,1100
2013,Number,Both sexes,61,Brčko District of BiH,1073
2013,Number,Both sexes,62,Brčko District of BiH,983
2013,Number,Both sexes,63,Brčko District of BiH,1052
2013,Number,Both sexes,64,Brčko District of BiH,940
2013,Number,Both sexes,65,Brčko District of BiH,899
2013,Number,Both sexes,66,Brčko District of BiH,899
2013,Number,Both sexes,67,Brčko District of BiH,750
2013,Number,Both sexes,68,Brčko District of BiH,655
2013,Number,Both sexes,69,Brčko District of BiH,705
2013,Number,Both sexes,70,Brčko District of BiH,698
2013,Number,Both sexes,71,Brčko District of BiH,594
2013,Number,Both sexes,72,Brčko District of BiH,698
2013,Number,Both sexes,73,Brčko District of BiH,687
2013,Number,Both sexes,74,Brčko District of BiH,682
2013,Number,Both sexes,75,Brčko District of BiH,620
2013,Number,Both sexes,76,Brčko District of BiH,634
2013,Number,Both sexes,77,Brčko District of BiH,594
2013,Number,Both sexes,78,Brčko District of BiH,535
2013,Number,Both sexes,79,Brčko District of BiH,480
2013,Number,Both sexes,80,Brčko District of BiH,365
2013,Number,Both sexes,81,Brčko District of BiH,327
2013,Number,Both sexes,82,Brčko District of BiH,260
2013,Number,Both sexes,83,Brčko District of BiH,246
2013,Number,Both sexes,84,Brčko District of BiH,202
2013,Number,Both sexes,85+,Brčko District of BiH,606
2013,Number,Both sexes,Unknown,Brčko District of BiH,0
2013,Number,Both sexes,Total,Brčko District of BiH,83516
2013,Number,M,0,Brčko District of BiH,436
2013,Number,M,1,Brčko District of BiH,417
2013,Number,M,2,Brčko District of BiH,450
2013,Number,M,3,Brčko District of BiH,412
2013,Number,M,4,Brčko District of BiH,463
2013,Number,M,5,Brčko District of BiH,465
2013,Number,M,6,Brčko District of BiH,471
2013,Number,M,7,Brčko District of BiH,423
2013,Number,M,8,Brčko District of BiH,460
2013,Number,M,9,Brčko District of BiH,416
2013,Number,M,10,Brčko District of BiH,477
2013,Number,M,11,Brčko District of BiH,472
2013,Number,M,12,Brčko District of BiH,489
2013,Number,M,13,Brčko District of BiH,489
2013,Number,M,14,Brčko District of BiH,484
2013,Number,M,15,Brčko District of BiH,560
2013,Number,M,16,Brčko District of BiH,602
2013,Number,M,17,Brčko District of BiH,547
2013,Number,M,18,Brčko District of BiH,523
2013,Number,M,19,Brčko District of BiH,487
2013,Number,M,20,Brčko District of BiH,417
2013,Number,M,21,Brčko District of BiH,533
2013,Number,M,22,Brčko District of BiH,546
2013,Number,M,23,Brčko District of BiH,533
2013,Number,M,24,Brčko District of BiH,499
2013,Number,M,25,Brčko District of BiH,545
2013,Number,M,26,Brčko District of BiH,577
2013,Number,M,27,Brčko District of BiH,550
2013,Number,M,28,Brčko District of BiH,634
2013,Number,M,29,Brčko District of BiH,602
2013,Number,M,30,Brčko District of BiH,626
2013,Number,M,31,Brčko District of BiH,618
2013,Number,M,32,Brčko District of BiH,568
2013,Number,M,33,Brčko District of BiH,575
2013,Number,M,34,Brčko District of BiH,527
2013,Number,M,35,Brčko District of BiH,591
2013,Number,M,36,Brčko District of BiH,610
2013,Number,M,37,Brčko District of BiH,619
2013,Number,M,38,Brčko District of BiH,625
2013,Number,M,39,Brčko District of BiH,680
2013,Number,M,40,Brčko District of BiH,631
2013,Number,M,41,Brčko District of BiH,637
2013,Number,M,42,Brčko District of BiH,572
2013,Number,M,43,Brčko District of BiH,650
2013,Number,M,44,Brčko District of BiH,636
2013,Number,M,45,Brčko District of BiH,708
2013,Number,M,46,Brčko District of BiH,692
2013,Number,M,47,Brčko District of BiH,669
2013,Number,M,48,Brčko District of BiH,717
2013,Number,M,49,Brčko District of BiH,650
2013,Number,M,50,Brčko District of BiH,681
2013,Number,M,51,Brčko District of BiH,685
2013,Number,M,52,Brčko District of BiH,705
2013,Number,M,53,Brčko District of BiH,636
2013,Number,M,54,Brčko District of BiH,618
2013,Number,M,55,Brčko District of BiH,618
2013,Number,M,56,Brčko District of BiH,575
2013,Number,M,57,Brčko District of BiH,558
2013,Number,M,58,Brčko District of BiH,566
2013,Number,M,59,Brčko District of BiH,545
2013,Number,M,60,Brčko District of BiH,504
2013,Number,M,61,Brčko District of BiH,495
2013,Number,M,62,Brčko District of BiH,484
2013,Number,M,63,Brčko District of BiH,484
2013,Number,M,64,Brčko District of BiH,432
2013,Number,M,65,Brčko District of BiH,394
2013,Number,M,66,Brčko District of BiH,405
2013,Number,M,67,Brčko District of BiH,348
2013,Number,M,68,Brčko District of BiH,295
2013,Number,M,69,Brčko District of BiH,304
2013,Number,M,70,Brčko District of BiH,327
2013,Number,M,71,Brčko District of BiH,267
2013,Number,M,72,Brčko District of BiH,297
2013,Number,M,73,Brčko District of BiH,283
2013,Number,M,74,Brčko District of BiH,285
2013,Number,M,75,Brčko District of BiH,241
2013,Number,M,76,Brčko District of BiH,261
2013,Number,M,77,Brčko District of BiH,244
2013,Number,M,78,Brčko District of BiH,215
2013,Number,M,79,Brčko District of BiH,182
2013,Number,M,80,Brčko District of BiH,144
2013,Number,M,81,Brčko District of BiH,131
2013,Number,M,82,Brčko District of BiH,82
2013,Number,M,83,Brčko District of BiH,89
2013,Number,M,84,Brčko District of BiH,67
2013,Number,M,85+,Brčko District of BiH,223
2013,Number,M,Unknown,Brčko District of BiH,0
2013,Number,M,Total,Brčko District of BiH,41250
2013,Number,F,0,Brčko District of BiH,403
2013,Number,F,1,Brčko District of BiH,415
2013,Number,F,2,Brčko District of BiH,405
2013,Number,F,3,Brčko District of BiH,379
2013,Number,F,4,Brčko District of BiH,385
2013,Number,F,5,Brčko District of BiH,386
2013,Number,F,6,Brčko District of BiH,446
2013,Number,F,7,Brčko District of BiH,399
2013,Number,F,8,Brčko District of BiH,405
2013,Number,F,9,Brčko District of BiH,441
2013,Number,F,10,Brčko District of BiH,445
2013,Number,F,11,Brčko District of BiH,404
2013,Number,F,12,Brčko District of BiH,455
2013,Number,F,13,Brčko District of BiH,444
2013,Number,F,14,Brčko District of BiH,445
2013,Number,F,15,Brčko District of BiH,512
2013,Number,F,16,Brčko District of BiH,567
2013,Number,F,17,Brčko District of BiH,566
2013,Number,F,18,Brčko District of BiH,490
2013,Number,F,19,Brčko District of BiH,469
2013,Number,F,20,Brčko District of BiH,409
2013,Number,F,21,Brčko District of BiH,456
2013,Number,F,22,Brčko District of BiH,510
2013,Number,F,23,Brčko District of BiH,514
2013,Number,F,24,Brčko District of BiH,519
2013,Number,F,25,Brčko District of BiH,558
2013,Number,F,26,Brčko District of BiH,536
2013,Number,F,27,Brčko District of BiH,504
2013,Number,F,28,Brčko District of BiH,601
2013,Number,F,29,Brčko District of BiH,622
2013,Number,F,30,Brčko District of BiH,604
2013,Number,F,31,Brčko District of BiH,635
2013,Number,F,32,Brčko District of BiH,586
2013,Number,F,33,Brčko District of BiH,621
2013,Number,F,34,Brčko District of BiH,631
2013,Number,F,35,Brčko District of BiH,614
2013,Number,F,36,Brčko District of BiH,566
2013,Number,F,37,Brčko District of BiH,620
2013,Number,F,38,Brčko District of BiH,582
2013,Number,F,39,Brčko District of BiH,599
2013,Number,F,40,Brčko District of BiH,625
2013,Number,F,41,Brčko District of BiH,640
2013,Number,F,42,Brčko District of BiH,588
2013,Number,F,43,Brčko District of BiH,554
2013,Number,F,44,Brčko District of BiH,612
2013,Number,F,45,Brčko District of BiH,580
2013,Number,F,46,Brčko District of BiH,609
2013,Number,F,47,Brčko District of BiH,644
2013,Number,F,48,Brčko District of BiH,687
2013,Number,F,49,Brčko District of BiH,617
2013,Number,F,50,Brčko District of BiH,636
2013,Number,F,51,Brčko District of BiH,640
2013,Number,F,52,Brčko District of BiH,657
2013,Number,F,53,Brčko District of BiH,675
2013,Number,F,54,Brčko District of BiH,640
2013,Number,F,55,Brčko District of BiH,581
2013,Number,F,56,Brčko District of BiH,535
2013,Number,F,57,Brčko District of BiH,592
2013,Number,F,58,Brčko District of BiH,601
2013,Number,F,59,Brčko District of BiH,604
2013,Number,F,60,Brčko District of BiH,596
2013,Number,F,61,Brčko District of BiH,578
2013,Number,F,62,Brčko District of BiH,499
2013,Number,F,63,Brčko District of BiH,568
2013,Number,F,64,Brčko District of BiH,508
2013,Number,F,65,Brčko District of BiH,505
2013,Number,F,66,Brčko District of BiH,494
2013,Number,F,67,Brčko District of BiH,402
2013,Number,F,68,Brčko District of BiH,360
2013,Number,F,69,Brčko District of BiH,401
2013,Number,F,70,Brčko District of BiH,371
2013,Number,F,71,Brčko District of BiH,327
2013,Number,F,72,Brčko District of BiH,401
2013,Number,F,73,Brčko District of BiH,404
2013,Number,F,74,Brčko District of BiH,397
2013,Number,F,75,Brčko District of BiH,379
2013,Number,F,76,Brčko District of BiH,373
2013,Number,F,77,Brčko District of BiH,350
2013,Number,F,78,Brčko District of BiH,320
2013,Number,F,79,Brčko District of BiH,298
2013,Number,F,80,Brčko District of BiH,221
2013,Number,F,81,Brčko District of BiH,196
2013,Number,F,82,Brčko District of BiH,178
2013,Number,F,83,Brčko District of BiH,157
2013,Number,F,84,Brčko District of BiH,135
2013,Number,F,85+,Brčko District of BiH,383
2013,Number,F,Unknown,Brčko District of BiH,0
2013,Number,F,Total,Brčko District of BiH,42266
