Year,UNIT_MEASURE,Sex,Age,Value
1971,Number,Both sexes,0,78188
1971,Number,Both sexes,1,78436
1971,Number,Both sexes,2,79185
1971,Number,Both sexes,3,83244
1971,Number,Both sexes,4,86452
1971,Number,Both sexes,5,87769
1971,Number,Both sexes,6,87799
1971,Number,Both sexes,7,88629
1971,Number,Both sexes,8,88698
1971,Number,Both sexes,9,89770
1971,Number,Both sexes,10,91769
1971,Number,Both sexes,11,88438
1971,Number,Both sexes,12,91254
1971,Number,Both sexes,13,84816
1971,Number,Both sexes,14,85922
1971,Number,Both sexes,15,85979
1971,Number,Both sexes,16,90521
1971,Number,Both sexes,17,81829
1971,Number,Both sexes,18,86722
1971,Number,Both sexes,19,66336
1971,Number,Both sexes,20,72810
1971,Number,Both sexes,21,69228
1971,Number,Both sexes,22,61911
1971,Number,Both sexes,23,57263
1971,Number,Both sexes,24,58105
1971,Number,Both sexes,25,43515
1971,Number,Both sexes,26,42568
1971,Number,Both sexes,27,42705
1971,Number,Both sexes,28,45326
1971,Number,Both sexes,29,51613
1971,Number,Both sexes,30,55927
1971,Number,Both sexes,31,58757
1971,Number,Both sexes,32,56737
1971,Number,Both sexes,33,59159
1971,Number,Both sexes,34,59230
1971,Number,Both sexes,35,59449
1971,Number,Both sexes,36,58439
1971,Number,Both sexes,37,57138
1971,Number,Both sexes,38,54962
1971,Number,Both sexes,39,50494
1971,Number,Both sexes,40,53335
1971,Number,Both sexes,41,51482
1971,Number,Both sexes,42,51670
1971,Number,Both sexes,43,45131
1971,Number,Both sexes,44,41398
1971,Number,Both sexes,45,38430
1971,Number,Both sexes,46,34889
1971,Number,Both sexes,47,32616
1971,Number,Both sexes,48,32560
1971,Number,Both sexes,49,27746
1971,Number,Both sexes,50,31304
1971,Number,Both sexes,51,27640
1971,Number,Both sexes,52,16290
1971,Number,Both sexes,53,13739
1971,Number,Both sexes,54,12867
1971,Number,Both sexes,55,17033
1971,Number,Both sexes,56,26007
1971,Number,Both sexes,57,23600
1971,Number,Both sexes,58,25741
1971,Number,Both sexes,59,22248
1971,Number,Both sexes,60,27390
1971,Number,Both sexes,61,23213
1971,Number,Both sexes,62,20179
1971,Number,Both sexes,63,21543
1971,Number,Both sexes,64,20402
1971,Number,Both sexes,65,19860
1971,Number,Both sexes,66,17912
1971,Number,Both sexes,67,15368
1971,Number,Both sexes,68,14263
1971,Number,Both sexes,69,12405
1971,Number,Both sexes,70,20948
1971,Number,Both sexes,71,11331
1971,Number,Both sexes,72,7947
1971,Number,Both sexes,73,6982
1971,Number,Both sexes,74,6341
1971,Number,Both sexes,75,6359
1971,Number,Both sexes,76,5014
1971,Number,Both sexes,77,4151
1971,Number,Both sexes,78,4413
1971,Number,Both sexes,79,3113
1971,Number,Both sexes,80,3754
1971,Number,Both sexes,81,2432
1971,Number,Both sexes,82,2709
1971,Number,Both sexes,83,1765
1971,Number,Both sexes,84,1492
1971,Number,Both sexes,85,1675
1971,Number,Both sexes,86,1205
1971,Number,Both sexes,87,808
1971,Number,Both sexes,88,784
1971,Number,Both sexes,89,640
1971,Number,Both sexes,90,823
1971,Number,Both sexes,91,417
1971,Number,Both sexes,92,287
1971,Number,Both sexes,93,196
1971,Number,Both sexes,94,215
1971,Number,Both sexes,95,249
1971,Number,Both sexes,96,153
1971,Number,Both sexes,97,132
1971,Number,Both sexes,98,105
1971,Number,Both sexes,99,33
1971,Number,Both sexes,100,62
1971,Number,Both sexes,101,0
1971,Number,Both sexes,102,0
1971,Number,Both sexes,103,0
1971,Number,Both sexes,104,0
1971,Number,Both sexes,105,0
1971,Number,Both sexes,106,0
1971,Number,Both sexes,107,0
1971,Number,Both sexes,108,0
1971,Number,Both sexes,109,0
1971,Number,Both sexes,110,0
1971,Number,Both sexes,111,0
1971,Number,Both sexes,112,0
1971,Number,Both sexes,113,0
1971,Number,Both sexes,114,0
1971,Number,Both sexes,115,0
1971,Number,Both sexes,116,0
1971,Number,Both sexes,117,0
1971,Number,Both sexes,118,0
1971,Number,Both sexes,119,0
1971,Number,Both sexes,120,0
1971,Number,Both sexes,Unknown,14223
1971,Number,Both sexes,Total,3746111
1981,Number,Both sexes,0,71881
1981,Number,Both sexes,1,69965
1981,Number,Both sexes,2,67249
1981,Number,Both sexes,3,68657
1981,Number,Both sexes,4,70968
1981,Number,Both sexes,5,71951
1981,Number,Both sexes,6,71141
1981,Number,Both sexes,7,71151
1981,Number,Both sexes,8,73640
1981,Number,Both sexes,9,74972
1981,Number,Both sexes,10,72003
1981,Number,Both sexes,11,74982
1981,Number,Both sexes,12,77107
1981,Number,Both sexes,13,80150
1981,Number,Both sexes,14,83627
1981,Number,Both sexes,15,85479
1981,Number,Both sexes,16,84935
1981,Number,Both sexes,17,85902
1981,Number,Both sexes,18,85978
1981,Number,Both sexes,19,86377
1981,Number,Both sexes,20,86257
1981,Number,Both sexes,21,80015
1981,Number,Both sexes,22,80476
1981,Number,Both sexes,23,73088
1981,Number,Both sexes,24,72440
1981,Number,Both sexes,25,70240
1981,Number,Both sexes,26,73331
1981,Number,Both sexes,27,65100
1981,Number,Both sexes,28,69395
1981,Number,Both sexes,29,52038
1981,Number,Both sexes,30,57265
1981,Number,Both sexes,31,55625
1981,Number,Both sexes,32,50152
1981,Number,Both sexes,33,46632
1981,Number,Both sexes,34,49504
1981,Number,Both sexes,35,36693
1981,Number,Both sexes,36,36263
1981,Number,Both sexes,37,37126
1981,Number,Both sexes,38,39913
1981,Number,Both sexes,39,45793
1981,Number,Both sexes,40,49958
1981,Number,Both sexes,41,52693
1981,Number,Both sexes,42,50845
1981,Number,Both sexes,43,53135
1981,Number,Both sexes,44,53909
1981,Number,Both sexes,45,53870
1981,Number,Both sexes,46,53207
1981,Number,Both sexes,47,51809
1981,Number,Both sexes,48,50023
1981,Number,Both sexes,49,46034
1981,Number,Both sexes,50,48966
1981,Number,Both sexes,51,46995
1981,Number,Both sexes,52,47799
1981,Number,Both sexes,53,42166
1981,Number,Both sexes,54,38248
1981,Number,Both sexes,55,35727
1981,Number,Both sexes,56,32192
1981,Number,Both sexes,57,29910
1981,Number,Both sexes,58,29938
1981,Number,Both sexes,59,24809
1981,Number,Both sexes,60,28495
1981,Number,Both sexes,61,24597
1981,Number,Both sexes,62,13866
1981,Number,Both sexes,63,11860
1981,Number,Both sexes,64,10839
1981,Number,Both sexes,65,14108
1981,Number,Both sexes,66,21522
1981,Number,Both sexes,67,19181
1981,Number,Both sexes,68,20595
1981,Number,Both sexes,69,16691
1981,Number,Both sexes,70,20293
1981,Number,Both sexes,71,16267
1981,Number,Both sexes,72,13683
1981,Number,Both sexes,73,14215
1981,Number,Both sexes,74,13034
1981,Number,Both sexes,75,12425
1981,Number,Both sexes,76,10471
1981,Number,Both sexes,77,8492
1981,Number,Both sexes,78,7556
1981,Number,Both sexes,79,5602
1981,Number,Both sexes,80,11337
1981,Number,Both sexes,81,4313
1981,Number,Both sexes,82,3108
1981,Number,Both sexes,83,2576
1981,Number,Both sexes,84,2235
1981,Number,Both sexes,85,2047
1981,Number,Both sexes,86,1471
1981,Number,Both sexes,87,1161
1981,Number,Both sexes,88,1460
1981,Number,Both sexes,89,742
1981,Number,Both sexes,90,909
1981,Number,Both sexes,91,475
1981,Number,Both sexes,92,527
1981,Number,Both sexes,93,334
1981,Number,Both sexes,94,363
1981,Number,Both sexes,95,300
1981,Number,Both sexes,96,219
1981,Number,Both sexes,97,195
1981,Number,Both sexes,98,183
1981,Number,Both sexes,99,103
1981,Number,Both sexes,100,106
1981,Number,Both sexes,101,0
1981,Number,Both sexes,102,0
1981,Number,Both sexes,103,0
1981,Number,Both sexes,104,0
1981,Number,Both sexes,105,0
1981,Number,Both sexes,106,0
1981,Number,Both sexes,107,0
1981,Number,Both sexes,108,0
1981,Number,Both sexes,109,0
1981,Number,Both sexes,110,0
1981,Number,Both sexes,111,0
1981,Number,Both sexes,112,0
1981,Number,Both sexes,113,0
1981,Number,Both sexes,114,0
1981,Number,Both sexes,115,0
1981,Number,Both sexes,116,0
1981,Number,Both sexes,117,0
1981,Number,Both sexes,118,0
1981,Number,Both sexes,119,0
1981,Number,Both sexes,120,0
1981,Number,Both sexes,Unknown,5666
1981,Number,Both sexes,Total,3941316
1991,Number,Both sexes,0,62844
1991,Number,Both sexes,1,63482
1991,Number,Both sexes,2,64263
1991,Number,Both sexes,3,66490
1991,Number,Both sexes,4,65409
1991,Number,Both sexes,5,66820
1991,Number,Both sexes,6,67400
1991,Number,Both sexes,7,67606
1991,Number,Both sexes,8,67996
1991,Number,Both sexes,9,67288
1991,Number,Both sexes,10,67020
1991,Number,Both sexes,11,67029
1991,Number,Both sexes,12,65604
1991,Number,Both sexes,13,66900
1991,Number,Both sexes,14,68184
1991,Number,Both sexes,15,68565
1991,Number,Both sexes,16,67490
1991,Number,Both sexes,17,67137
1991,Number,Both sexes,18,69170
1991,Number,Both sexes,19,70167
1991,Number,Both sexes,20,65291
1991,Number,Both sexes,21,67179
1991,Number,Both sexes,22,66881
1991,Number,Both sexes,23,69027
1991,Number,Both sexes,24,70680
1991,Number,Both sexes,25,70898
1991,Number,Both sexes,26,69164
1991,Number,Both sexes,27,69353
1991,Number,Both sexes,28,70092
1991,Number,Both sexes,29,71862
1991,Number,Both sexes,30,71702
1991,Number,Both sexes,31,68913
1991,Number,Both sexes,32,70992
1991,Number,Both sexes,33,65886
1991,Number,Both sexes,34,65769
1991,Number,Both sexes,35,64904
1991,Number,Both sexes,36,68679
1991,Number,Both sexes,37,60518
1991,Number,Both sexes,38,66180
1991,Number,Both sexes,39,50627
1991,Number,Both sexes,40,54989
1991,Number,Both sexes,41,54080
1991,Number,Both sexes,42,47761
1991,Number,Both sexes,43,44484
1991,Number,Both sexes,44,47685
1991,Number,Both sexes,45,34566
1991,Number,Both sexes,46,34330
1991,Number,Both sexes,47,35315
1991,Number,Both sexes,48,37144
1991,Number,Both sexes,49,42966
1991,Number,Both sexes,50,47496
1991,Number,Both sexes,51,49238
1991,Number,Both sexes,52,47272
1991,Number,Both sexes,53,49628
1991,Number,Both sexes,54,49149
1991,Number,Both sexes,55,49502
1991,Number,Both sexes,56,48937
1991,Number,Both sexes,57,47310
1991,Number,Both sexes,58,44742
1991,Number,Both sexes,59,42557
1991,Number,Both sexes,60,44157
1991,Number,Both sexes,61,42001
1991,Number,Both sexes,62,40853
1991,Number,Both sexes,63,36630
1991,Number,Both sexes,64,32878
1991,Number,Both sexes,65,29739
1991,Number,Both sexes,66,26525
1991,Number,Both sexes,67,24528
1991,Number,Both sexes,68,23225
1991,Number,Both sexes,69,20157
1991,Number,Both sexes,70,20604
1991,Number,Both sexes,71,18037
1991,Number,Both sexes,72,9370
1991,Number,Both sexes,73,7833
1991,Number,Both sexes,74,6855
1991,Number,Both sexes,75,8380
1991,Number,Both sexes,76,12499
1991,Number,Both sexes,77,10635
1991,Number,Both sexes,78,10578
1991,Number,Both sexes,79,8577
1991,Number,Both sexes,80,8905
1991,Number,Both sexes,81,7090
1991,Number,Both sexes,82,5437
1991,Number,Both sexes,83,5124
1991,Number,Both sexes,84,4203
1991,Number,Both sexes,85,3599
1991,Number,Both sexes,86,2920
1991,Number,Both sexes,87,2136
1991,Number,Both sexes,88,1701
1991,Number,Both sexes,89,1168
1991,Number,Both sexes,90,1395
1991,Number,Both sexes,91,656
1991,Number,Both sexes,92,385
1991,Number,Both sexes,93,271
1991,Number,Both sexes,94,179
1991,Number,Both sexes,95,149
1991,Number,Both sexes,96,105
1991,Number,Both sexes,97,76
1991,Number,Both sexes,98,67
1991,Number,Both sexes,99,38
1991,Number,Both sexes,100,41
1991,Number,Both sexes,101,24
1991,Number,Both sexes,102,11
1991,Number,Both sexes,103,17
1991,Number,Both sexes,104,6
1991,Number,Both sexes,105,7
1991,Number,Both sexes,106,3
1991,Number,Both sexes,107,4
1991,Number,Both sexes,108,3
1991,Number,Both sexes,109,2
1991,Number,Both sexes,110,3
1991,Number,Both sexes,111,3
1991,Number,Both sexes,112,2
1991,Number,Both sexes,113,3
1991,Number,Both sexes,114,2
1991,Number,Both sexes,115,3
1991,Number,Both sexes,116,1
1991,Number,Both sexes,117,0
1991,Number,Both sexes,118,0
1991,Number,Both sexes,119,0
1991,Number,Both sexes,120,0
1991,Number,Both sexes,Unknown,70227
1991,Number,Both sexes,Total,4140639
2013,Number,Both sexes,0,32986
2013,Number,Both sexes,1,34294
2013,Number,Both sexes,2,34389
2013,Number,Both sexes,3,35874
2013,Number,Both sexes,4,36521
2013,Number,Both sexes,5,36166
2013,Number,Both sexes,6,34919
2013,Number,Both sexes,7,34943
2013,Number,Both sexes,8,35451
2013,Number,Both sexes,9,35501
2013,Number,Both sexes,10,36453
2013,Number,Both sexes,11,36775
2013,Number,Both sexes,12,38596
2013,Number,Both sexes,13,39456
2013,Number,Both sexes,14,41395
2013,Number,Both sexes,15,45564
2013,Number,Both sexes,16,52015
2013,Number,Both sexes,17,51403
2013,Number,Both sexes,18,50311
2013,Number,Both sexes,19,43449
2013,Number,Both sexes,20,38825
2013,Number,Both sexes,21,44354
2013,Number,Both sexes,22,48403
2013,Number,Both sexes,23,48196
2013,Number,Both sexes,24,48278
2013,Number,Both sexes,25,50133
2013,Number,Both sexes,26,49678
2013,Number,Both sexes,27,49795
2013,Number,Both sexes,28,50446
2013,Number,Both sexes,29,52266
2013,Number,Both sexes,30,50734
2013,Number,Both sexes,31,50911
2013,Number,Both sexes,32,50977
2013,Number,Both sexes,33,50333
2013,Number,Both sexes,34,49678
2013,Number,Both sexes,35,49788
2013,Number,Both sexes,36,49919
2013,Number,Both sexes,37,51327
2013,Number,Both sexes,38,49496
2013,Number,Both sexes,39,48736
2013,Number,Both sexes,40,48218
2013,Number,Both sexes,41,49740
2013,Number,Both sexes,42,48136
2013,Number,Both sexes,43,46015
2013,Number,Both sexes,44,49029
2013,Number,Both sexes,45,49671
2013,Number,Both sexes,46,51673
2013,Number,Both sexes,47,52770
2013,Number,Both sexes,48,53700
2013,Number,Both sexes,49,53114
2013,Number,Both sexes,50,53786
2013,Number,Both sexes,51,56129
2013,Number,Both sexes,52,55588
2013,Number,Both sexes,53,55076
2013,Number,Both sexes,54,55996
2013,Number,Both sexes,55,52589
2013,Number,Both sexes,56,50347
2013,Number,Both sexes,57,51932
2013,Number,Both sexes,58,52746
2013,Number,Both sexes,59,50923
2013,Number,Both sexes,60,50837
2013,Number,Both sexes,61,46677
2013,Number,Both sexes,62,42331
2013,Number,Both sexes,63,42570
2013,Number,Both sexes,64,40836
2013,Number,Both sexes,65,35793
2013,Number,Both sexes,66,37788
2013,Number,Both sexes,67,29180
2013,Number,Both sexes,68,25744
2013,Number,Both sexes,69,25064
2013,Number,Both sexes,70,25058
2013,Number,Both sexes,71,26990
2013,Number,Both sexes,72,29327
2013,Number,Both sexes,73,30776
2013,Number,Both sexes,74,28304
2013,Number,Both sexes,75,27309
2013,Number,Both sexes,76,25413
2013,Number,Both sexes,77,23950
2013,Number,Both sexes,78,21232
2013,Number,Both sexes,79,19363
2013,Number,Both sexes,80,16231
2013,Number,Both sexes,81,14741
2013,Number,Both sexes,82,12059
2013,Number,Both sexes,83,10999
2013,Number,Both sexes,84,8606
2013,Number,Both sexes,85,7600
2013,Number,Both sexes,86,5358
2013,Number,Both sexes,87,4159
2013,Number,Both sexes,88,3055
2013,Number,Both sexes,89,2350
2013,Number,Both sexes,90,1745
2013,Number,Both sexes,91,1230
2013,Number,Both sexes,92,825
2013,Number,Both sexes,93,724
2013,Number,Both sexes,94,338
2013,Number,Both sexes,95,149
2013,Number,Both sexes,96,119
2013,Number,Both sexes,97,66
2013,Number,Both sexes,98,92
2013,Number,Both sexes,99,58
2013,Number,Both sexes,100,38
2013,Number,Both sexes,101,24
2013,Number,Both sexes,102,28
2013,Number,Both sexes,103,12
2013,Number,Both sexes,104,6
2013,Number,Both sexes,105,9
2013,Number,Both sexes,106,9
2013,Number,Both sexes,107,8
2013,Number,Both sexes,108,4
2013,Number,Both sexes,109,4
2013,Number,Both sexes,110,5
2013,Number,Both sexes,111,3
2013,Number,Both sexes,112,20
2013,Number,Both sexes,113,31
2013,Number,Both sexes,114,0
2013,Number,Both sexes,115,0
2013,Number,Both sexes,116,0
2013,Number,Both sexes,117,0
2013,Number,Both sexes,118,0
2013,Number,Both sexes,119,0
2013,Number,Both sexes,120,0
2013,Number,Both sexes,Unknown,0
2013,Number,Both sexes,Total,3531159
1971,Number,M,0,39855
1971,Number,M,1,40140
1971,Number,M,2,40345
1971,Number,M,3,42514
1971,Number,M,4,44275
1971,Number,M,5,44853
1971,Number,M,6,44602
1971,Number,M,7,45387
1971,Number,M,8,45063
1971,Number,M,9,45821
1971,Number,M,10,46696
1971,Number,M,11,44938
1971,Number,M,12,46389
1971,Number,M,13,43294
1971,Number,M,14,43749
1971,Number,M,15,43702
1971,Number,M,16,46056
1971,Number,M,17,41463
1971,Number,M,18,43651
1971,Number,M,19,34343
1971,Number,M,20,37872
1971,Number,M,21,35178
1971,Number,M,22,31105
1971,Number,M,23,28805
1971,Number,M,24,29113
1971,Number,M,25,21479
1971,Number,M,26,20768
1971,Number,M,27,20683
1971,Number,M,28,21739
1971,Number,M,29,25055
1971,Number,M,30,27209
1971,Number,M,31,28265
1971,Number,M,32,27411
1971,Number,M,33,29128
1971,Number,M,34,28939
1971,Number,M,35,29324
1971,Number,M,36,28795
1971,Number,M,37,28014
1971,Number,M,38,26985
1971,Number,M,39,25917
1971,Number,M,40,26833
1971,Number,M,41,25872
1971,Number,M,42,25694
1971,Number,M,43,21742
1971,Number,M,44,18640
1971,Number,M,45,16598
1971,Number,M,46,14941
1971,Number,M,47,13862
1971,Number,M,48,12951
1971,Number,M,49,11665
1971,Number,M,50,12359
1971,Number,M,51,11862
1971,Number,M,52,6178
1971,Number,M,53,5402
1971,Number,M,54,5268
1971,Number,M,55,6888
1971,Number,M,56,10612
1971,Number,M,57,10436
1971,Number,M,58,11002
1971,Number,M,59,9890
1971,Number,M,60,11575
1971,Number,M,61,11193
1971,Number,M,62,9774
1971,Number,M,63,10562
1971,Number,M,64,9983
1971,Number,M,65,9043
1971,Number,M,66,8630
1971,Number,M,67,7437
1971,Number,M,68,6961
1971,Number,M,69,5519
1971,Number,M,70,8199
1971,Number,M,71,5243
1971,Number,M,72,3603
1971,Number,M,73,3350
1971,Number,M,74,2741
1971,Number,M,75,2471
1971,Number,M,76,2143
1971,Number,M,77,1806
1971,Number,M,78,1858
1971,Number,M,79,1224
1971,Number,M,80,1214
1971,Number,M,81,892
1971,Number,M,82,1006
1971,Number,M,83,682
1971,Number,M,84,506
1971,Number,M,85,504
1971,Number,M,86,404
1971,Number,M,87,278
1971,Number,M,88,253
1971,Number,M,89,197
1971,Number,M,90,211
1971,Number,M,91,129
1971,Number,M,92,77
1971,Number,M,93,74
1971,Number,M,94,64
1971,Number,M,95,43
1971,Number,M,96,34
1971,Number,M,97,37
1971,Number,M,98,33
1971,Number,M,99,11
1971,Number,M,100,15
1971,Number,M,101,0
1971,Number,M,102,0
1971,Number,M,103,0
1971,Number,M,104,0
1971,Number,M,105,0
1971,Number,M,106,0
1971,Number,M,107,0
1971,Number,M,108,0
1971,Number,M,109,0
1971,Number,M,110,0
1971,Number,M,111,0
1971,Number,M,112,0
1971,Number,M,113,0
1971,Number,M,114,0
1971,Number,M,115,0
1971,Number,M,116,0
1971,Number,M,117,0
1971,Number,M,118,0
1971,Number,M,119,0
1971,Number,M,120,0
1971,Number,M,Unknown,7006
1971,Number,M,Total,1834600
1981,Number,M,0,36601
1981,Number,M,1,35731
1981,Number,M,2,34457
1981,Number,M,3,35075
1981,Number,M,4,36166
1981,Number,M,5,36782
1981,Number,M,6,36370
1981,Number,M,7,36359
1981,Number,M,8,37880
1981,Number,M,9,38334
1981,Number,M,10,36650
1981,Number,M,11,38700
1981,Number,M,12,39445
1981,Number,M,13,41035
1981,Number,M,14,42892
1981,Number,M,15,43763
1981,Number,M,16,43345
1981,Number,M,17,44354
1981,Number,M,18,44226
1981,Number,M,19,45087
1981,Number,M,20,45362
1981,Number,M,21,42076
1981,Number,M,22,42161
1981,Number,M,23,38241
1981,Number,M,24,37745
1981,Number,M,25,36794
1981,Number,M,26,38345
1981,Number,M,27,33791
1981,Number,M,28,35120
1981,Number,M,29,26356
1981,Number,M,30,28535
1981,Number,M,31,27225
1981,Number,M,32,23897
1981,Number,M,33,22296
1981,Number,M,34,23753
1981,Number,M,35,17364
1981,Number,M,36,16892
1981,Number,M,37,17210
1981,Number,M,38,18470
1981,Number,M,39,21455
1981,Number,M,40,23725
1981,Number,M,41,24614
1981,Number,M,42,23891
1981,Number,M,43,25278
1981,Number,M,44,25675
1981,Number,M,45,25979
1981,Number,M,46,25687
1981,Number,M,47,24732
1981,Number,M,48,23989
1981,Number,M,49,22940
1981,Number,M,50,24081
1981,Number,M,51,23115
1981,Number,M,52,23325
1981,Number,M,53,19890
1981,Number,M,54,16828
1981,Number,M,55,14997
1981,Number,M,56,13348
1981,Number,M,57,12332
1981,Number,M,58,11517
1981,Number,M,59,10288
1981,Number,M,60,10841
1981,Number,M,61,10181
1981,Number,M,62,5076
1981,Number,M,63,4585
1981,Number,M,64,4351
1981,Number,M,65,5558
1981,Number,M,66,8522
1981,Number,M,67,8138
1981,Number,M,68,8302
1981,Number,M,69,7310
1981,Number,M,70,8162
1981,Number,M,71,7654
1981,Number,M,72,6266
1981,Number,M,73,6610
1981,Number,M,74,6008
1981,Number,M,75,5281
1981,Number,M,76,4722
1981,Number,M,77,3667
1981,Number,M,78,3343
1981,Number,M,79,2386
1981,Number,M,80,4385
1981,Number,M,81,1862
1981,Number,M,82,1290
1981,Number,M,83,1045
1981,Number,M,84,864
1981,Number,M,85,731
1981,Number,M,86,518
1981,Number,M,87,429
1981,Number,M,88,504
1981,Number,M,89,253
1981,Number,M,90,255
1981,Number,M,91,140
1981,Number,M,92,175
1981,Number,M,93,128
1981,Number,M,94,112
1981,Number,M,95,99
1981,Number,M,96,74
1981,Number,M,97,72
1981,Number,M,98,53
1981,Number,M,99,22
1981,Number,M,100,25
1981,Number,M,101,0
1981,Number,M,102,0
1981,Number,M,103,0
1981,Number,M,104,0
1981,Number,M,105,0
1981,Number,M,106,0
1981,Number,M,107,0
1981,Number,M,108,0
1981,Number,M,109,0
1981,Number,M,110,0
1981,Number,M,111,0
1981,Number,M,112,0
1981,Number,M,113,0
1981,Number,M,114,0
1981,Number,M,115,0
1981,Number,M,116,0
1981,Number,M,117,0
1981,Number,M,118,0
1981,Number,M,119,0
1981,Number,M,120,0
1981,Number,M,Unknown,2923
1981,Number,M,Total,1935493
1991,Number,M,0,32274
1991,Number,M,1,32468
1991,Number,M,2,32868
1991,Number,M,3,34113
1991,Number,M,4,33657
1991,Number,M,5,34040
1991,Number,M,6,34522
1991,Number,M,7,34638
1991,Number,M,8,34952
1991,Number,M,9,34433
1991,Number,M,10,34268
1991,Number,M,11,34324
1991,Number,M,12,33652
1991,Number,M,13,34356
1991,Number,M,14,34725
1991,Number,M,15,35051
1991,Number,M,16,34644
1991,Number,M,17,34509
1991,Number,M,18,36086
1991,Number,M,19,36609
1991,Number,M,20,34136
1991,Number,M,21,35254
1991,Number,M,22,34945
1991,Number,M,23,35919
1991,Number,M,24,36710
1991,Number,M,25,36796
1991,Number,M,26,35497
1991,Number,M,27,35752
1991,Number,M,28,35888
1991,Number,M,29,36817
1991,Number,M,30,36453
1991,Number,M,31,35099
1991,Number,M,32,36161
1991,Number,M,33,33695
1991,Number,M,34,33544
1991,Number,M,35,33207
1991,Number,M,36,35260
1991,Number,M,37,31059
1991,Number,M,38,33157
1991,Number,M,39,25492
1991,Number,M,40,27188
1991,Number,M,41,26357
1991,Number,M,42,22818
1991,Number,M,43,21125
1991,Number,M,44,22696
1991,Number,M,45,16415
1991,Number,M,46,15996
1991,Number,M,47,16545
1991,Number,M,48,17336
1991,Number,M,49,20005
1991,Number,M,50,22366
1991,Number,M,51,22985
1991,Number,M,52,22073
1991,Number,M,53,23390
1991,Number,M,54,23260
1991,Number,M,55,23457
1991,Number,M,56,23161
1991,Number,M,57,22409
1991,Number,M,58,21197
1991,Number,M,59,20574
1991,Number,M,60,21178
1991,Number,M,61,20078
1991,Number,M,62,19542
1991,Number,M,63,16668
1991,Number,M,64,13925
1991,Number,M,65,11854
1991,Number,M,66,10384
1991,Number,M,67,9513
1991,Number,M,68,8489
1991,Number,M,69,7556
1991,Number,M,70,7330
1991,Number,M,71,6868
1991,Number,M,72,3278
1991,Number,M,73,2779
1991,Number,M,74,2530
1991,Number,M,75,3042
1991,Number,M,76,4594
1991,Number,M,77,4065
1991,Number,M,78,3921
1991,Number,M,79,3454
1991,Number,M,80,3395
1991,Number,M,81,3035
1991,Number,M,82,2295
1991,Number,M,83,2148
1991,Number,M,84,1741
1991,Number,M,85,1384
1991,Number,M,86,1126
1991,Number,M,87,777
1991,Number,M,88,655
1991,Number,M,89,425
1991,Number,M,90,430
1991,Number,M,91,239
1991,Number,M,92,122
1991,Number,M,93,84
1991,Number,M,94,52
1991,Number,M,95,35
1991,Number,M,96,29
1991,Number,M,97,11
1991,Number,M,98,22
1991,Number,M,99,9
1991,Number,M,100,4
1991,Number,M,101,5
1991,Number,M,102,1
1991,Number,M,103,3
1991,Number,M,104,1
1991,Number,M,105,2
1991,Number,M,106,0
1991,Number,M,107,2
1991,Number,M,108,2
1991,Number,M,109,1
1991,Number,M,110,0
1991,Number,M,111,1
1991,Number,M,112,1
1991,Number,M,113,2
1991,Number,M,114,0
1991,Number,M,115,1
1991,Number,M,116,1
1991,Number,M,117,0
1991,Number,M,118,0
1991,Number,M,119,0
1991,Number,M,120,0
1991,Number,M,Unknown,33305
1991,Number,M,Total,2040777
2013,Number,M,0,16903
2013,Number,M,1,17554
2013,Number,M,2,17702
2013,Number,M,3,18414
2013,Number,M,4,18869
2013,Number,M,5,18628
2013,Number,M,6,17919
2013,Number,M,7,17840
2013,Number,M,8,18233
2013,Number,M,9,18261
2013,Number,M,10,18852
2013,Number,M,11,18927
2013,Number,M,12,19792
2013,Number,M,13,20142
2013,Number,M,14,20940
2013,Number,M,15,23451
2013,Number,M,16,26860
2013,Number,M,17,26386
2013,Number,M,18,25720
2013,Number,M,19,22483
2013,Number,M,20,20046
2013,Number,M,21,22471
2013,Number,M,22,24919
2013,Number,M,23,24879
2013,Number,M,24,24568
2013,Number,M,25,25613
2013,Number,M,26,25705
2013,Number,M,27,25385
2013,Number,M,28,25978
2013,Number,M,29,26567
2013,Number,M,30,25918
2013,Number,M,31,26042
2013,Number,M,32,25977
2013,Number,M,33,25484
2013,Number,M,34,25172
2013,Number,M,35,25311
2013,Number,M,36,25257
2013,Number,M,37,25960
2013,Number,M,38,25048
2013,Number,M,39,24569
2013,Number,M,40,24243
2013,Number,M,41,25114
2013,Number,M,42,24288
2013,Number,M,43,23137
2013,Number,M,44,24813
2013,Number,M,45,24860
2013,Number,M,46,25923
2013,Number,M,47,26306
2013,Number,M,48,26622
2013,Number,M,49,26376
2013,Number,M,50,26608
2013,Number,M,51,27608
2013,Number,M,52,27483
2013,Number,M,53,26932
2013,Number,M,54,27522
2013,Number,M,55,25408
2013,Number,M,56,24635
2013,Number,M,57,25307
2013,Number,M,58,25459
2013,Number,M,59,24767
2013,Number,M,60,24264
2013,Number,M,61,22001
2013,Number,M,62,19976
2013,Number,M,63,19791
2013,Number,M,64,18938
2013,Number,M,65,16093
2013,Number,M,66,17233
2013,Number,M,67,13168
2013,Number,M,68,11390
2013,Number,M,69,11182
2013,Number,M,70,10708
2013,Number,M,71,11682
2013,Number,M,72,12526
2013,Number,M,73,13023
2013,Number,M,74,11915
2013,Number,M,75,11246
2013,Number,M,76,10531
2013,Number,M,77,9642
2013,Number,M,78,8361
2013,Number,M,79,7623
2013,Number,M,80,6198
2013,Number,M,81,5674
2013,Number,M,82,4618
2013,Number,M,83,4065
2013,Number,M,84,3214
2013,Number,M,85,2842
2013,Number,M,86,1811
2013,Number,M,87,1307
2013,Number,M,88,902
2013,Number,M,89,693
2013,Number,M,90,477
2013,Number,M,91,338
2013,Number,M,92,232
2013,Number,M,93,173
2013,Number,M,94,91
2013,Number,M,95,31
2013,Number,M,96,26
2013,Number,M,97,15
2013,Number,M,98,19
2013,Number,M,99,17
2013,Number,M,100,8
2013,Number,M,101,4
2013,Number,M,102,8
2013,Number,M,103,4
2013,Number,M,104,5
2013,Number,M,105,3
2013,Number,M,106,4
2013,Number,M,107,5
2013,Number,M,108,2
2013,Number,M,109,3
2013,Number,M,110,3
2013,Number,M,111,2
2013,Number,M,112,11
2013,Number,M,113,16
2013,Number,M,114,0
2013,Number,M,115,0
2013,Number,M,116,0
2013,Number,M,117,0
2013,Number,M,118,0
2013,Number,M,119,0
2013,Number,M,120,0
2013,Number,M,Unknown,0
2013,Number,M,Total,1732270
1971,Number,F,0,38333
1971,Number,F,1,38296
1971,Number,F,2,38840
1971,Number,F,3,40730
1971,Number,F,4,42177
1971,Number,F,5,42916
1971,Number,F,6,43197
1971,Number,F,7,43242
1971,Number,F,8,43635
1971,Number,F,9,43949
1971,Number,F,10,45073
1971,Number,F,11,43500
1971,Number,F,12,44865
1971,Number,F,13,41522
1971,Number,F,14,42173
1971,Number,F,15,42277
1971,Number,F,16,44465
1971,Number,F,17,40366
1971,Number,F,18,43071
1971,Number,F,19,31993
1971,Number,F,20,34938
1971,Number,F,21,34050
1971,Number,F,22,30806
1971,Number,F,23,28458
1971,Number,F,24,28992
1971,Number,F,25,22036
1971,Number,F,26,21800
1971,Number,F,27,22022
1971,Number,F,28,23587
1971,Number,F,29,26558
1971,Number,F,30,28718
1971,Number,F,31,30492
1971,Number,F,32,29326
1971,Number,F,33,30031
1971,Number,F,34,30291
1971,Number,F,35,30125
1971,Number,F,36,29644
1971,Number,F,37,29124
1971,Number,F,38,27977
1971,Number,F,39,24577
1971,Number,F,40,26502
1971,Number,F,41,25610
1971,Number,F,42,25976
1971,Number,F,43,23389
1971,Number,F,44,22758
1971,Number,F,45,21832
1971,Number,F,46,19948
1971,Number,F,47,18754
1971,Number,F,48,19609
1971,Number,F,49,16081
1971,Number,F,50,18945
1971,Number,F,51,15778
1971,Number,F,52,10112
1971,Number,F,53,8337
1971,Number,F,54,7599
1971,Number,F,55,10145
1971,Number,F,56,15395
1971,Number,F,57,13164
1971,Number,F,58,14739
1971,Number,F,59,12358
1971,Number,F,60,15815
1971,Number,F,61,12020
1971,Number,F,62,10405
1971,Number,F,63,10981
1971,Number,F,64,10419
1971,Number,F,65,10817
1971,Number,F,66,9282
1971,Number,F,67,7931
1971,Number,F,68,7302
1971,Number,F,69,6886
1971,Number,F,70,12749
1971,Number,F,71,6088
1971,Number,F,72,4344
1971,Number,F,73,3632
1971,Number,F,74,3600
1971,Number,F,75,3888
1971,Number,F,76,2871
1971,Number,F,77,2345
1971,Number,F,78,2555
1971,Number,F,79,1889
1971,Number,F,80,2540
1971,Number,F,81,1540
1971,Number,F,82,1703
1971,Number,F,83,1083
1971,Number,F,84,986
1971,Number,F,85,1171
1971,Number,F,86,801
1971,Number,F,87,530
1971,Number,F,88,531
1971,Number,F,89,443
1971,Number,F,90,612
1971,Number,F,91,288
1971,Number,F,92,210
1971,Number,F,93,122
1971,Number,F,94,151
1971,Number,F,95,206
1971,Number,F,96,119
1971,Number,F,97,95
1971,Number,F,98,72
1971,Number,F,99,22
1971,Number,F,100,47
1971,Number,F,101,0
1971,Number,F,102,0
1971,Number,F,103,0
1971,Number,F,104,0
1971,Number,F,105,0
1971,Number,F,106,0
1971,Number,F,107,0
1971,Number,F,108,0
1971,Number,F,109,0
1971,Number,F,110,0
1971,Number,F,111,0
1971,Number,F,112,0
1971,Number,F,113,0
1971,Number,F,114,0
1971,Number,F,115,0
1971,Number,F,116,0
1971,Number,F,117,0
1971,Number,F,118,0
1971,Number,F,119,0
1971,Number,F,120,0
1971,Number,F,Unknown,7217
1971,Number,F,Total,1911511
1981,Number,F,0,35280
1981,Number,F,1,34234
1981,Number,F,2,32792
1981,Number,F,3,33582
1981,Number,F,4,34802
1981,Number,F,5,35169
1981,Number,F,6,34771
1981,Number,F,7,34792
1981,Number,F,8,35760
1981,Number,F,9,36638
1981,Number,F,10,35353
1981,Number,F,11,36282
1981,Number,F,12,37662
1981,Number,F,13,39115
1981,Number,F,14,40735
1981,Number,F,15,41716
1981,Number,F,16,41590
1981,Number,F,17,41548
1981,Number,F,18,41752
1981,Number,F,19,41290
1981,Number,F,20,40895
1981,Number,F,21,37939
1981,Number,F,22,38315
1981,Number,F,23,34847
1981,Number,F,24,34695
1981,Number,F,25,33446
1981,Number,F,26,34986
1981,Number,F,27,31309
1981,Number,F,28,34275
1981,Number,F,29,25682
1981,Number,F,30,28730
1981,Number,F,31,28400
1981,Number,F,32,26255
1981,Number,F,33,24336
1981,Number,F,34,25751
1981,Number,F,35,19329
1981,Number,F,36,19371
1981,Number,F,37,19916
1981,Number,F,38,21443
1981,Number,F,39,24338
1981,Number,F,40,26233
1981,Number,F,41,28079
1981,Number,F,42,26954
1981,Number,F,43,27857
1981,Number,F,44,28234
1981,Number,F,45,27891
1981,Number,F,46,27520
1981,Number,F,47,27077
1981,Number,F,48,26034
1981,Number,F,49,23094
1981,Number,F,50,24885
1981,Number,F,51,23880
1981,Number,F,52,24474
1981,Number,F,53,22276
1981,Number,F,54,21420
1981,Number,F,55,20730
1981,Number,F,56,18844
1981,Number,F,57,17578
1981,Number,F,58,18421
1981,Number,F,59,14521
1981,Number,F,60,17654
1981,Number,F,61,14416
1981,Number,F,62,8790
1981,Number,F,63,7275
1981,Number,F,64,6488
1981,Number,F,65,8550
1981,Number,F,66,13000
1981,Number,F,67,11043
1981,Number,F,68,12293
1981,Number,F,69,9381
1981,Number,F,70,12131
1981,Number,F,71,8613
1981,Number,F,72,7417
1981,Number,F,73,7605
1981,Number,F,74,7026
1981,Number,F,75,7144
1981,Number,F,76,5749
1981,Number,F,77,4825
1981,Number,F,78,4213
1981,Number,F,79,3216
1981,Number,F,80,6952
1981,Number,F,81,2451
1981,Number,F,82,1818
1981,Number,F,83,1531
1981,Number,F,84,1371
1981,Number,F,85,1316
1981,Number,F,86,953
1981,Number,F,87,732
1981,Number,F,88,956
1981,Number,F,89,489
1981,Number,F,90,654
1981,Number,F,91,335
1981,Number,F,92,352
1981,Number,F,93,206
1981,Number,F,94,251
1981,Number,F,95,201
1981,Number,F,96,145
1981,Number,F,97,123
1981,Number,F,98,130
1981,Number,F,99,81
1981,Number,F,100,81
1981,Number,F,101,0
1981,Number,F,102,0
1981,Number,F,103,0
1981,Number,F,104,0
1981,Number,F,105,0
1981,Number,F,106,0
1981,Number,F,107,0
1981,Number,F,108,0
1981,Number,F,109,0
1981,Number,F,110,0
1981,Number,F,111,0
1981,Number,F,112,0
1981,Number,F,113,0
1981,Number,F,114,0
1981,Number,F,115,0
1981,Number,F,116,0
1981,Number,F,117,0
1981,Number,F,118,0
1981,Number,F,119,0
1981,Number,F,120,0
1981,Number,F,Unknown,2743
1981,Number,F,Total,2005823
1991,Number,F,0,30570
1991,Number,F,1,31014
1991,Number,F,2,31395
1991,Number,F,3,32377
1991,Number,F,4,31752
1991,Number,F,5,32780
1991,Number,F,6,32878
1991,Number,F,7,32968
1991,Number,F,8,33044
1991,Number,F,9,32855
1991,Number,F,10,32752
1991,Number,F,11,32705
1991,Number,F,12,31952
1991,Number,F,13,32544
1991,Number,F,14,33459
1991,Number,F,15,33514
1991,Number,F,16,32846
1991,Number,F,17,32628
1991,Number,F,18,33084
1991,Number,F,19,33558
1991,Number,F,20,31155
1991,Number,F,21,31925
1991,Number,F,22,31936
1991,Number,F,23,33108
1991,Number,F,24,33970
1991,Number,F,25,34102
1991,Number,F,26,33667
1991,Number,F,27,33601
1991,Number,F,28,34204
1991,Number,F,29,35045
1991,Number,F,30,35249
1991,Number,F,31,33814
1991,Number,F,32,34831
1991,Number,F,33,32191
1991,Number,F,34,32225
1991,Number,F,35,31697
1991,Number,F,36,33419
1991,Number,F,37,29459
1991,Number,F,38,33023
1991,Number,F,39,25135
1991,Number,F,40,27801
1991,Number,F,41,27723
1991,Number,F,42,24943
1991,Number,F,43,23359
1991,Number,F,44,24989
1991,Number,F,45,18151
1991,Number,F,46,18334
1991,Number,F,47,18770
1991,Number,F,48,19808
1991,Number,F,49,22961
1991,Number,F,50,25130
1991,Number,F,51,26253
1991,Number,F,52,25199
1991,Number,F,53,26238
1991,Number,F,54,25889
1991,Number,F,55,26045
1991,Number,F,56,25776
1991,Number,F,57,24901
1991,Number,F,58,23545
1991,Number,F,59,21983
1991,Number,F,60,22979
1991,Number,F,61,21923
1991,Number,F,62,21311
1991,Number,F,63,19962
1991,Number,F,64,18953
1991,Number,F,65,17885
1991,Number,F,66,16141
1991,Number,F,67,15015
1991,Number,F,68,14736
1991,Number,F,69,12601
1991,Number,F,70,13274
1991,Number,F,71,11169
1991,Number,F,72,6092
1991,Number,F,73,5054
1991,Number,F,74,4325
1991,Number,F,75,5338
1991,Number,F,76,7905
1991,Number,F,77,6570
1991,Number,F,78,6657
1991,Number,F,79,5123
1991,Number,F,80,5510
1991,Number,F,81,4055
1991,Number,F,82,3142
1991,Number,F,83,2976
1991,Number,F,84,2462
1991,Number,F,85,2215
1991,Number,F,86,1794
1991,Number,F,87,1359
1991,Number,F,88,1046
1991,Number,F,89,743
1991,Number,F,90,965
1991,Number,F,91,417
1991,Number,F,92,263
1991,Number,F,93,187
1991,Number,F,94,127
1991,Number,F,95,114
1991,Number,F,96,76
1991,Number,F,97,65
1991,Number,F,98,45
1991,Number,F,99,29
1991,Number,F,100,37
1991,Number,F,101,19
1991,Number,F,102,10
1991,Number,F,103,14
1991,Number,F,104,5
1991,Number,F,105,5
1991,Number,F,106,3
1991,Number,F,107,2
1991,Number,F,108,1
1991,Number,F,109,1
1991,Number,F,110,3
1991,Number,F,111,2
1991,Number,F,112,1
1991,Number,F,113,1
1991,Number,F,114,2
1991,Number,F,115,2
1991,Number,F,116,0
1991,Number,F,117,0
1991,Number,F,118,0
1991,Number,F,119,0
1991,Number,F,120,0
1991,Number,F,Unknown,36922
1991,Number,F,Total,2099862
2013,Number,F,0,16083
2013,Number,F,1,16740
2013,Number,F,2,16687
2013,Number,F,3,17460
2013,Number,F,4,17652
2013,Number,F,5,17538
2013,Number,F,6,17000
2013,Number,F,7,17103
2013,Number,F,8,17218
2013,Number,F,9,17240
2013,Number,F,10,17601
2013,Number,F,11,17848
2013,Number,F,12,18804
2013,Number,F,13,19314
2013,Number,F,14,20455
2013,Number,F,15,22113
2013,Number,F,16,25155
2013,Number,F,17,25017
2013,Number,F,18,24591
2013,Number,F,19,20966
2013,Number,F,20,18779
2013,Number,F,21,21883
2013,Number,F,22,23484
2013,Number,F,23,23317
2013,Number,F,24,23710
2013,Number,F,25,24520
2013,Number,F,26,23973
2013,Number,F,27,24410
2013,Number,F,28,24468
2013,Number,F,29,25699
2013,Number,F,30,24816
2013,Number,F,31,24869
2013,Number,F,32,25000
2013,Number,F,33,24849
2013,Number,F,34,24506
2013,Number,F,35,24477
2013,Number,F,36,24662
2013,Number,F,37,25367
2013,Number,F,38,24448
2013,Number,F,39,24167
2013,Number,F,40,23975
2013,Number,F,41,24626
2013,Number,F,42,23848
2013,Number,F,43,22878
2013,Number,F,44,24216
2013,Number,F,45,24811
2013,Number,F,46,25750
2013,Number,F,47,26464
2013,Number,F,48,27078
2013,Number,F,49,26738
2013,Number,F,50,27178
2013,Number,F,51,28521
2013,Number,F,52,28105
2013,Number,F,53,28144
2013,Number,F,54,28474
2013,Number,F,55,27181
2013,Number,F,56,25712
2013,Number,F,57,26625
2013,Number,F,58,27287
2013,Number,F,59,26156
2013,Number,F,60,26573
2013,Number,F,61,24676
2013,Number,F,62,22355
2013,Number,F,63,22779
2013,Number,F,64,21898
2013,Number,F,65,19700
2013,Number,F,66,20555
2013,Number,F,67,16012
2013,Number,F,68,14354
2013,Number,F,69,13882
2013,Number,F,70,14350
2013,Number,F,71,15308
2013,Number,F,72,16801
2013,Number,F,73,17753
2013,Number,F,74,16389
2013,Number,F,75,16063
2013,Number,F,76,14882
2013,Number,F,77,14308
2013,Number,F,78,12871
2013,Number,F,79,11740
2013,Number,F,80,10033
2013,Number,F,81,9067
2013,Number,F,82,7441
2013,Number,F,83,6934
2013,Number,F,84,5392
2013,Number,F,85,4758
2013,Number,F,86,3547
2013,Number,F,87,2852
2013,Number,F,88,2153
2013,Number,F,89,1657
2013,Number,F,90,1268
2013,Number,F,91,892
2013,Number,F,92,593
2013,Number,F,93,551
2013,Number,F,94,247
2013,Number,F,95,118
2013,Number,F,96,93
2013,Number,F,97,51
2013,Number,F,98,73
2013,Number,F,99,41
2013,Number,F,100,30
2013,Number,F,101,20
2013,Number,F,102,20
2013,Number,F,103,8
2013,Number,F,104,1
2013,Number,F,105,6
2013,Number,F,106,5
2013,Number,F,107,3
2013,Number,F,108,2
2013,Number,F,109,1
2013,Number,F,110,2
2013,Number,F,111,1
2013,Number,F,112,9
2013,Number,F,113,15
2013,Number,F,114,0
2013,Number,F,115,0
2013,Number,F,116,0
2013,Number,F,117,0
2013,Number,F,118,0
2013,Number,F,119,0
2013,Number,F,120,0
2013,Number,F,Unknown,0
2013,Number,F,Total,1798889
2013,% of total,F,0,16083
2013,% of total,F,1,16740
2013,% of total,F,2,16687
2013,% of total,F,3,17460
2013,% of total,F,4,17652
2013,% of total,F,5,17538
2013,% of total,F,6,17000
2013,% of total,F,7,17103
2013,% of total,F,8,17218
2013,% of total,F,9,17240
2013,% of total,F,10,17601
2013,% of total,F,11,17848
2013,% of total,F,12,18804
2013,% of total,F,13,19314
2013,% of total,F,14,20455
2013,% of total,F,15,22113
2013,% of total,F,16,25155
2013,% of total,F,17,25017
2013,% of total,F,18,24591
2013,% of total,F,19,20966
2013,% of total,F,20,18779
2013,% of total,F,21,21883
2013,% of total,F,22,23484
2013,% of total,F,23,23317
2013,% of total,F,24,23710
2013,% of total,F,25,24520
2013,% of total,F,26,23973
2013,% of total,F,27,24410
2013,% of total,F,28,24468
2013,% of total,F,29,25699
2013,% of total,F,30,24816
2013,% of total,F,31,24869
2013,% of total,F,32,25000
2013,% of total,F,33,24849
2013,% of total,F,34,24506
2013,% of total,F,35,24477
2013,% of total,F,36,24662
2013,% of total,F,37,25367
2013,% of total,F,38,24448
2013,% of total,F,39,24167
2013,% of total,F,40,23975
2013,% of total,F,41,24626
2013,% of total,F,42,23848
2013,% of total,F,43,22878
2013,% of total,F,44,24216
2013,% of total,F,45,24811
2013,% of total,F,46,25750
2013,% of total,F,47,26464
2013,% of total,F,48,27078
2013,% of total,F,49,26738
2013,% of total,F,50,27178
2013,% of total,F,51,28521
2013,% of total,F,52,28105
2013,% of total,F,53,28144
2013,% of total,F,54,28474
2013,% of total,F,55,27181
2013,% of total,F,56,25712
2013,% of total,F,57,26625
2013,% of total,F,58,27287
2013,% of total,F,59,26156
2013,% of total,F,60,26573
2013,% of total,F,61,24676
2013,% of total,F,62,22355
2013,% of total,F,63,22779
2013,% of total,F,64,21898
2013,% of total,F,65,19700
2013,% of total,F,66,20555
2013,% of total,F,67,16012
2013,% of total,F,68,14354
2013,% of total,F,69,13882
2013,% of total,F,70,14350
2013,% of total,F,71,15308
2013,% of total,F,72,16801
2013,% of total,F,73,17753
2013,% of total,F,74,16389
2013,% of total,F,75,16063
2013,% of total,F,76,14882
2013,% of total,F,77,14308
2013,% of total,F,78,12871
2013,% of total,F,79,11740
2013,% of total,F,80,10033
2013,% of total,F,81,9067
2013,% of total,F,82,7441
2013,% of total,F,83,6934
2013,% of total,F,84,5392
2013,% of total,F,85,4758
2013,% of total,F,86,3547
2013,% of total,F,87,2852
2013,% of total,F,88,2153
2013,% of total,F,89,1657
2013,% of total,F,90,1268
2013,% of total,F,91,892
2013,% of total,F,92,593
2013,% of total,F,93,551
2013,% of total,F,94,247
2013,% of total,F,95,118
2013,% of total,F,96,93
2013,% of total,F,97,51
2013,% of total,F,98,73
2013,% of total,F,99,41
2013,% of total,F,100,30
2013,% of total,F,101,20
2013,% of total,F,102,20
2013,% of total,F,103,8
2013,% of total,F,104,1
2013,% of total,F,105,6
2013,% of total,F,106,5
2013,% of total,F,107,3
2013,% of total,F,108,2
2013,% of total,F,109,1
2013,% of total,F,110,2
2013,% of total,F,111,1
2013,% of total,F,112,9
2013,% of total,F,113,15
2013,% of total,F,114,0
2013,% of total,F,115,0
2013,% of total,F,116,0
2013,% of total,F,117,0
2013,% of total,F,118,0
2013,% of total,F,119,0
2013,% of total,F,120,0
2013,% of total,F,Unknown,0
2013,% of total,F,Total,1798889
