Year,UNIT_MEASURE,Sex,Age,Entity,Value
2013,Number,Both sexes or no breakdown by sex,0-4,Federation of BiH,114843
2013,Number,Both sexes or no breakdown by sex,5-9,Federation of BiH,116052
2013,Number,Both sexes or no breakdown by sex,10-14,Federation of BiH,126053
2013,Number,Both sexes or no breakdown by sex,15-19,Federation of BiH,161881
2013,Number,Both sexes or no breakdown by sex,20-24,Federation of BiH,150902
2013,Number,Both sexes or no breakdown by sex,25-29,Federation of BiH,164203
2013,Number,Both sexes or no breakdown by sex,30-34,Federation of BiH,160988
2013,Number,Both sexes or no breakdown by sex,35-39,Federation of BiH,157715
2013,Number,Both sexes or no breakdown by sex,40-44,Federation of BiH,154830
2013,Number,Both sexes or no breakdown by sex,45-49,Federation of BiH,167109
2013,Number,Both sexes or no breakdown by sex,50-54,Federation of BiH,173996
2013,Number,Both sexes or no breakdown by sex,55-59,Federation of BiH,156089
2013,Number,Both sexes or no breakdown by sex,60-64,Federation of BiH,128613
2013,Number,Both sexes or no breakdown by sex,65-69,Federation of BiH,88391
2013,Number,Both sexes or no breakdown by sex,70-74,Federation of BiH,81023
2013,Number,Both sexes or no breakdown by sex,75-79,Federation of BiH,65613
2013,Number,Both sexes or no breakdown by sex,80-84,Federation of BiH,35227
2013,Number,Both sexes or no breakdown by sex,85+,Federation of BiH,15692
2013,Number,Both sexes or no breakdown by sex,Unknown,Federation of BiH,0
2013,Number,Both sexes or no breakdown by sex,Total,Federation of BiH,2219220
2013,Number,Both sexes or no breakdown by sex,0-14,Federation of BiH,356948
2013,Number,Both sexes or no breakdown by sex,15-29,Federation of BiH,476986
2013,Number,Both sexes or no breakdown by sex,15-49,Federation of BiH,1117628
2013,Number,Both sexes or no breakdown by sex,15-64,Federation of BiH,1576326
2013,Number,Both sexes or no breakdown by sex,65+,Federation of BiH,285946
2013,Number,Both sexes or no breakdown by sex,75+,Federation of BiH,116532
2013,Number,Male,0-4,Federation of BiH,59017
2013,Number,Male,5-9,Federation of BiH,59633
2013,Number,Male,10-14,Federation of BiH,64493
2013,Number,Male,15-19,Federation of BiH,83298
2013,Number,Male,20-24,Federation of BiH,77103
2013,Number,Male,25-29,Federation of BiH,84119
2013,Number,Male,30-34,Federation of BiH,81932
2013,Number,Male,35-39,Federation of BiH,78939
2013,Number,Male,40-44,Federation of BiH,77122
2013,Number,Male,45-49,Federation of BiH,82594
2013,Number,Male,50-54,Federation of BiH,85303
2013,Number,Male,55-59,Federation of BiH,75568
2013,Number,Male,60-64,Federation of BiH,59899
2013,Number,Male,65-69,Federation of BiH,39438
2013,Number,Male,70-74,Federation of BiH,34445
2013,Number,Male,75-79,Federation of BiH,26695
2013,Number,Male,80-84,Federation of BiH,13493
2013,Number,Male,85+,Federation of BiH,4902
2013,Number,Male,Unknown,Federation of BiH,0
2013,Number,Male,Total,Federation of BiH,1087993
2013,Number,Male,0-14,Federation of BiH,183143
2013,Number,Male,15-29,Federation of BiH,244520
2013,Number,Male,15-49,Federation of BiH,565107
2013,Number,Male,15-64,Federation of BiH,785877
2013,Number,Male,65+,Federation of BiH,118973
2013,Number,Male,75+,Federation of BiH,45090
2013,Number,Female,0-4,Federation of BiH,55826
2013,Number,Female,5-9,Federation of BiH,56419
2013,Number,Female,10-14,Federation of BiH,61560
2013,Number,Female,15-19,Federation of BiH,78583
2013,Number,Female,20-24,Federation of BiH,73799
2013,Number,Female,25-29,Federation of BiH,80084
2013,Number,Female,30-34,Federation of BiH,79056
2013,Number,Female,35-39,Federation of BiH,78776
2013,Number,Female,40-44,Federation of BiH,77708
2013,Number,Female,45-49,Federation of BiH,84515
2013,Number,Female,50-54,Federation of BiH,88693
2013,Number,Female,55-59,Federation of BiH,80521
2013,Number,Female,60-64,Federation of BiH,68714
2013,Number,Female,65-69,Federation of BiH,48953
2013,Number,Female,70-74,Federation of BiH,46578
2013,Number,Female,75-79,Federation of BiH,38918
2013,Number,Female,80-84,Federation of BiH,21734
2013,Number,Female,85+,Federation of BiH,10790
2013,Number,Female,Unknown,Federation of BiH,0
2013,Number,Female,Total,Federation of BiH,1131227
2013,Number,Female,0-14,Federation of BiH,173805
2013,Number,Female,15-29,Federation of BiH,232466
2013,Number,Female,15-49,Federation of BiH,552521
2013,Number,Female,15-64,Federation of BiH,790449
2013,Number,Female,65+,Federation of BiH,166973
2013,Number,Female,75+,Federation of BiH,71442
2013,Number,Both sexes or no breakdown by sex,0-4,Republika Srpska,55056
2013,Number,Both sexes or no breakdown by sex,5-9,Republika Srpska,56616
2013,Number,Both sexes or no breakdown by sex,10-14,Republika Srpska,62018
2013,Number,Both sexes or no breakdown by sex,15-19,Republika Srpska,75538
2013,Number,Both sexes or no breakdown by sex,20-24,Republika Srpska,72218
2013,Number,Both sexes or no breakdown by sex,25-29,Republika Srpska,82386
2013,Number,Both sexes or no breakdown by sex,30-34,Republika Srpska,85654
2013,Number,Both sexes or no breakdown by sex,35-39,Republika Srpska,85445
2013,Number,Both sexes or no breakdown by sex,40-44,Republika Srpska,80163
2013,Number,Both sexes or no breakdown by sex,45-49,Republika Srpska,87246
2013,Number,Both sexes or no breakdown by sex,50-54,Republika Srpska,96006
2013,Number,Both sexes or no breakdown by sex,55-59,Republika Srpska,96673
2013,Number,Both sexes or no breakdown by sex,60-64,Republika Srpska,89490
2013,Number,Both sexes or no breakdown by sex,65-69,Republika Srpska,61270
2013,Number,Both sexes or no breakdown by sex,70-74,Republika Srpska,56073
2013,Number,Both sexes or no breakdown by sex,75-79,Republika Srpska,48791
2013,Number,Both sexes or no breakdown by sex,80-84,Republika Srpska,26009
2013,Number,Both sexes or no breakdown by sex,85+,Republika Srpska,11771
2013,Number,Both sexes or no breakdown by sex,Unknown,Republika Srpska,0
2013,Number,Both sexes or no breakdown by sex,Total,Republika Srpska,1228423
2013,Number,Both sexes or no breakdown by sex,0-14,Republika Srpska,173690
2013,Number,Both sexes or no breakdown by sex,15-29,Republika Srpska,230142
2013,Number,Both sexes or no breakdown by sex,15-49,Republika Srpska,568650
2013,Number,Both sexes or no breakdown by sex,15-64,Republika Srpska,850819
2013,Number,Both sexes or no breakdown by sex,65+,Republika Srpska,203914
2013,Number,Both sexes or no breakdown by sex,75+,Republika Srpska,86571
2013,Number,Male,0-4,Republika Srpska,28247
2013,Number,Male,5-9,Republika Srpska,29013
2013,Number,Male,10-14,Republika Srpska,31749
2013,Number,Male,15-19,Republika Srpska,38883
2013,Number,Male,20-24,Republika Srpska,37252
2013,Number,Male,25-29,Republika Srpska,42221
2013,Number,Male,30-34,Republika Srpska,43747
2013,Number,Male,35-39,Republika Srpska,44081
2013,Number,Male,40-44,Republika Srpska,41347
2013,Number,Male,45-49,Republika Srpska,44057
2013,Number,Male,50-54,Republika Srpska,47525
2013,Number,Male,55-59,Republika Srpska,47146
2013,Number,Male,60-64,Republika Srpska,42672
2013,Number,Male,65-69,Republika Srpska,27882
2013,Number,Male,70-74,Republika Srpska,23950
2013,Number,Male,75-79,Republika Srpska,19565
2013,Number,Male,80-84,Republika Srpska,9763
2013,Number,Male,85+,Republika Srpska,3927
2013,Number,Male,Unknown,Republika Srpska,0
2013,Number,Male,Total,Republika Srpska,603027
2013,Number,Male,0-14,Republika Srpska,89009
2013,Number,Male,15-29,Republika Srpska,118356
2013,Number,Male,15-49,Republika Srpska,291588
2013,Number,Male,15-64,Republika Srpska,428931
2013,Number,Male,65+,Republika Srpska,85087
2013,Number,Male,75+,Republika Srpska,33255
2013,Number,Female,0-4,Republika Srpska,26809
2013,Number,Female,5-9,Republika Srpska,27603
2013,Number,Female,10-14,Republika Srpska,30269
2013,Number,Female,15-19,Republika Srpska,36655
2013,Number,Female,20-24,Republika Srpska,34966
2013,Number,Female,25-29,Republika Srpska,40165
2013,Number,Female,30-34,Republika Srpska,41907
2013,Number,Female,35-39,Republika Srpska,41364
2013,Number,Female,40-44,Republika Srpska,38816
2013,Number,Female,45-49,Republika Srpska,43189
2013,Number,Female,50-54,Republika Srpska,48481
2013,Number,Female,55-59,Republika Srpska,49527
2013,Number,Female,60-64,Republika Srpska,46818
2013,Number,Female,65-69,Republika Srpska,33388
2013,Number,Female,70-74,Republika Srpska,32123
2013,Number,Female,75-79,Republika Srpska,29226
2013,Number,Female,80-84,Republika Srpska,16246
2013,Number,Female,85+,Republika Srpska,7844
2013,Number,Female,Unknown,Republika Srpska,0
2013,Number,Female,Total,Republika Srpska,625396
2013,Number,Female,0-14,Republika Srpska,84681
2013,Number,Female,15-29,Republika Srpska,111786
2013,Number,Female,15-49,Republika Srpska,277062
2013,Number,Female,15-64,Republika Srpska,421888
2013,Number,Female,65+,Republika Srpska,118827
2013,Number,Female,75+,Republika Srpska,53316
2013,Number,Both sexes or no breakdown by sex,0-4,Brčko District of BiH,4165
2013,Number,Both sexes or no breakdown by sex,5-9,Brčko District of BiH,4312
2013,Number,Both sexes or no breakdown by sex,10-14,Brčko District of BiH,4604
2013,Number,Both sexes or no breakdown by sex,15-19,Brčko District of BiH,5323
2013,Number,Both sexes or no breakdown by sex,20-24,Brčko District of BiH,4936
2013,Number,Both sexes or no breakdown by sex,25-29,Brčko District of BiH,5729
2013,Number,Both sexes or no breakdown by sex,30-34,Brčko District of BiH,5991
2013,Number,Both sexes or no breakdown by sex,35-39,Brčko District of BiH,6106
2013,Number,Both sexes or no breakdown by sex,40-44,Brčko District of BiH,6145
2013,Number,Both sexes or no breakdown by sex,45-49,Brčko District of BiH,6573
2013,Number,Both sexes or no breakdown by sex,50-54,Brčko District of BiH,6573
2013,Number,Both sexes or no breakdown by sex,55-59,Brčko District of BiH,5775
2013,Number,Both sexes or no breakdown by sex,60-64,Brčko District of BiH,5148
2013,Number,Both sexes or no breakdown by sex,65-69,Brčko District of BiH,3908
2013,Number,Both sexes or no breakdown by sex,70-74,Brčko District of BiH,3359
2013,Number,Both sexes or no breakdown by sex,75-79,Brčko District of BiH,2863
2013,Number,Both sexes or no breakdown by sex,80-84,Brčko District of BiH,1400
2013,Number,Both sexes or no breakdown by sex,85+,Brčko District of BiH,606
2013,Number,Both sexes or no breakdown by sex,Unknown,Brčko District of BiH,0
2013,Number,Both sexes or no breakdown by sex,Total,Brčko District of BiH,83516
2013,Number,Both sexes or no breakdown by sex,0-14,Brčko District of BiH,13081
2013,Number,Both sexes or no breakdown by sex,15-29,Brčko District of BiH,15988
2013,Number,Both sexes or no breakdown by sex,15-49,Brčko District of BiH,40803
2013,Number,Both sexes or no breakdown by sex,15-64,Brčko District of BiH,58299
2013,Number,Both sexes or no breakdown by sex,65+,Brčko District of BiH,12136
2013,Number,Both sexes or no breakdown by sex,75+,Brčko District of BiH,4869
2013,Number,Male,0-4,Brčko District of BiH,2178
2013,Number,Male,5-9,Brčko District of BiH,2235
2013,Number,Male,10-14,Brčko District of BiH,2411
2013,Number,Male,15-19,Brčko District of BiH,2719
2013,Number,Male,20-24,Brčko District of BiH,2528
2013,Number,Male,25-29,Brčko District of BiH,2908
2013,Number,Male,30-34,Brčko District of BiH,2914
2013,Number,Male,35-39,Brčko District of BiH,3125
2013,Number,Male,40-44,Brčko District of BiH,3126
2013,Number,Male,45-49,Brčko District of BiH,3436
2013,Number,Male,50-54,Brčko District of BiH,3325
2013,Number,Male,55-59,Brčko District of BiH,2862
2013,Number,Male,60-64,Brčko District of BiH,2399
2013,Number,Male,65-69,Brčko District of BiH,1746
2013,Number,Male,70-74,Brčko District of BiH,1459
2013,Number,Male,75-79,Brčko District of BiH,1143
2013,Number,Male,80-84,Brčko District of BiH,513
2013,Number,Male,85+,Brčko District of BiH,223
2013,Number,Male,Unknown,Brčko District of BiH,0
2013,Number,Male,Total,Brčko District of BiH,41250
2013,Number,Male,0-14,Brčko District of BiH,6824
2013,Number,Male,15-29,Brčko District of BiH,8155
2013,Number,Male,15-49,Brčko District of BiH,20756
2013,Number,Male,15-64,Brčko District of BiH,29342
2013,Number,Male,65+,Brčko District of BiH,5084
2013,Number,Male,75+,Brčko District of BiH,1879
2013,Number,Female,0-4,Brčko District of BiH,1987
2013,Number,Female,5-9,Brčko District of BiH,2077
2013,Number,Female,10-14,Brčko District of BiH,2193
2013,Number,Female,15-19,Brčko District of BiH,2604
2013,Number,Female,20-24,Brčko District of BiH,2408
2013,Number,Female,25-29,Brčko District of BiH,2821
2013,Number,Female,30-34,Brčko District of BiH,3077
2013,Number,Female,35-39,Brčko District of BiH,2981
2013,Number,Female,40-44,Brčko District of BiH,3019
2013,Number,Female,45-49,Brčko District of BiH,3137
2013,Number,Female,50-54,Brčko District of BiH,3248
2013,Number,Female,55-59,Brčko District of BiH,2913
2013,Number,Female,60-64,Brčko District of BiH,2749
2013,Number,Female,65-69,Brčko District of BiH,2162
2013,Number,Female,70-74,Brčko District of BiH,1900
2013,Number,Female,75-79,Brčko District of BiH,1720
2013,Number,Female,80-84,Brčko District of BiH,887
2013,Number,Female,85+,Brčko District of BiH,383
2013,Number,Female,Unknown,Brčko District of BiH,0
2013,Number,Female,Total,Brčko District of BiH,42266
2013,Number,Female,0-14,Brčko District of BiH,6257
2013,Number,Female,15-29,Brčko District of BiH,7833
2013,Number,Female,15-49,Brčko District of BiH,20047
2013,Number,Female,15-64,Brčko District of BiH,28957
2013,Number,Female,65+,Brčko District of BiH,7052
2013,Number,Female,75+,Brčko District of BiH,2990
