Year,Sex,Administrative area,UNIT_MEASURE,Value
1971,Both sexes,BiH,NO_PER_1000_LIVE_BIRTHS,22.0
1981,Both sexes,BiH,NO_PER_1000_LIVE_BIRTHS,17.2
1991,Both sexes,BiH,NO_PER_1000_LIVE_BIRTHS,14.9
1996,Both sexes,BiH,NO_PER_1000_LIVE_BIRTHS,14.0
1997,Both sexes,BiH,NO_PER_1000_LIVE_BIRTHS,12.4
1998,Both sexes,BiH,NO_PER_1000_LIVE_BIRTHS,11.0
1999,Both sexes,BiH,NO_PER_1000_LIVE_BIRTHS,10.1
2000,Both sexes,BiH,NO_PER_1000_LIVE_BIRTHS,9.7
2001,Both sexes,BiH,NO_PER_1000_LIVE_BIRTHS,7.6
2002,Both sexes,BiH,NO_PER_1000_LIVE_BIRTHS,9.4
2003,Both sexes,BiH,NO_PER_1000_LIVE_BIRTHS,7.6
2004,Both sexes,BiH,NO_PER_1000_LIVE_BIRTHS,7.2
2005,Both sexes,BiH,NO_PER_1000_LIVE_BIRTHS,6.7
2006,Both sexes,BiH,NO_PER_1000_LIVE_BIRTHS,7.5
2007,Both sexes,BiH,NO_PER_1000_LIVE_BIRTHS,6.8
2008,Both sexes,BiH,NO_PER_1000_LIVE_BIRTHS,6.9
2009,Both sexes,BiH,NO_PER_1000_LIVE_BIRTHS,6.5
2010,Both sexes,BiH,NO_PER_1000_LIVE_BIRTHS,6.4
2011,Both sexes,BiH,NO_PER_1000_LIVE_BIRTHS,5.8
2012,Both sexes,BiH,NO_PER_1000_LIVE_BIRTHS,5.4
2013,Both sexes,BiH,NO_PER_1000_LIVE_BIRTHS,5.9
2014,Both sexes,BiH,NO_PER_1000_LIVE_BIRTHS,5.2
2015,Both sexes,BiH,NO_PER_1000_LIVE_BIRTHS,6.1
2016,Both sexes,BiH,NO_PER_1000_LIVE_BIRTHS,5.9
2017,Both sexes,BiH,NO_PER_1000_LIVE_BIRTHS,6.5
2018,Both sexes,BiH,NO_PER_1000_LIVE_BIRTHS,6.2
2019,Both sexes,BiH,NO_PER_1000_LIVE_BIRTHS,6.7
1996,M,BiH,NO_PER_1000_LIVE_BIRTHS,14.8
1997,M,BiH,NO_PER_1000_LIVE_BIRTHS,14.6
1998,M,BiH,NO_PER_1000_LIVE_BIRTHS,12.9
1999,M,BiH,NO_PER_1000_LIVE_BIRTHS,11.2
2000,M,BiH,NO_PER_1000_LIVE_BIRTHS,10.8
2001,M,BiH,NO_PER_1000_LIVE_BIRTHS,8.2
2002,M,BiH,NO_PER_1000_LIVE_BIRTHS,10.4
2003,M,BiH,NO_PER_1000_LIVE_BIRTHS,8.4
2004,M,BiH,NO_PER_1000_LIVE_BIRTHS,8.3
2005,M,BiH,NO_PER_1000_LIVE_BIRTHS,7.5
2006,M,BiH,NO_PER_1000_LIVE_BIRTHS,9.0
2007,M,BiH,NO_PER_1000_LIVE_BIRTHS,7.5
2008,M,BiH,NO_PER_1000_LIVE_BIRTHS,7.4
2009,M,BiH,NO_PER_1000_LIVE_BIRTHS,6.4
2010,M,BiH,NO_PER_1000_LIVE_BIRTHS,7.2
2011,M,BiH,NO_PER_1000_LIVE_BIRTHS,6.7
2012,M,BiH,NO_PER_1000_LIVE_BIRTHS,6.6
2013,M,BiH,NO_PER_1000_LIVE_BIRTHS,6.9
2014,M,BiH,NO_PER_1000_LIVE_BIRTHS,4.7
2015,M,BiH,NO_PER_1000_LIVE_BIRTHS,6.1
2016,M,BiH,NO_PER_1000_LIVE_BIRTHS,7.1
2017,M,BiH,NO_PER_1000_LIVE_BIRTHS,6.7
2018,M,BiH,NO_PER_1000_LIVE_BIRTHS,6.0
2019,M,BiH,NO_PER_1000_LIVE_BIRTHS,6.9
1996,F,BiH,NO_PER_1000_LIVE_BIRTHS,13.2
1997,F,BiH,NO_PER_1000_LIVE_BIRTHS,10.0
1998,F,BiH,NO_PER_1000_LIVE_BIRTHS,8.9
1999,F,BiH,NO_PER_1000_LIVE_BIRTHS,9.1
2000,F,BiH,NO_PER_1000_LIVE_BIRTHS,8.5
2001,F,BiH,NO_PER_1000_LIVE_BIRTHS,7.0
2002,F,BiH,NO_PER_1000_LIVE_BIRTHS,8.3
2003,F,BiH,NO_PER_1000_LIVE_BIRTHS,6.7
2004,F,BiH,NO_PER_1000_LIVE_BIRTHS,6.0
2005,F,BiH,NO_PER_1000_LIVE_BIRTHS,5.9
2006,F,BiH,NO_PER_1000_LIVE_BIRTHS,5.9
2007,F,BiH,NO_PER_1000_LIVE_BIRTHS,6.1
2008,F,BiH,NO_PER_1000_LIVE_BIRTHS,6.3
2009,F,BiH,NO_PER_1000_LIVE_BIRTHS,6.5
2010,F,BiH,NO_PER_1000_LIVE_BIRTHS,5.6
2011,F,BiH,NO_PER_1000_LIVE_BIRTHS,4.8
2012,F,BiH,NO_PER_1000_LIVE_BIRTHS,4.2
2013,F,BiH,NO_PER_1000_LIVE_BIRTHS,4.8
2014,F,BiH,NO_PER_1000_LIVE_BIRTHS,5.6
2015,F,BiH,NO_PER_1000_LIVE_BIRTHS,6.1
2016,F,BiH,NO_PER_1000_LIVE_BIRTHS,4.6
2017,F,BiH,NO_PER_1000_LIVE_BIRTHS,6.3
2018,F,BiH,NO_PER_1000_LIVE_BIRTHS,6.5
2019,F,BiH,NO_PER_1000_LIVE_BIRTHS,6.5
1996,Both sexes,Federation of BiH,NO_PER_1000_LIVE_BIRTHS,13.8
1997,Both sexes,Federation of BiH,NO_PER_1000_LIVE_BIRTHS,13.0
1998,Both sexes,Federation of BiH,NO_PER_1000_LIVE_BIRTHS,12.1
1999,Both sexes,Federation of BiH,NO_PER_1000_LIVE_BIRTHS,11.2
2000,Both sexes,Federation of BiH,NO_PER_1000_LIVE_BIRTHS,11.0
2001,Both sexes,Federation of BiH,NO_PER_1000_LIVE_BIRTHS,8.9
2002,Both sexes,Federation of BiH,NO_PER_1000_LIVE_BIRTHS,10.5
2003,Both sexes,Federation of BiH,NO_PER_1000_LIVE_BIRTHS,8.7
2004,Both sexes,Federation of BiH,NO_PER_1000_LIVE_BIRTHS,8.5
2005,Both sexes,Federation of BiH,NO_PER_1000_LIVE_BIRTHS,8.8
2006,Both sexes,Federation of BiH,NO_PER_1000_LIVE_BIRTHS,9.5
2007,Both sexes,Federation of BiH,NO_PER_1000_LIVE_BIRTHS,8.9
2008,Both sexes,Federation of BiH,NO_PER_1000_LIVE_BIRTHS,8.5
2009,Both sexes,Federation of BiH,NO_PER_1000_LIVE_BIRTHS,7.6
2010,Both sexes,Federation of BiH,NO_PER_1000_LIVE_BIRTHS,7.7
2011,Both sexes,Federation of BiH,NO_PER_1000_LIVE_BIRTHS,6.6
2012,Both sexes,Federation of BiH,NO_PER_1000_LIVE_BIRTHS,6.5
2013,Both sexes,Federation of BiH,NO_PER_1000_LIVE_BIRTHS,7.3
2014,Both sexes,Federation of BiH,NO_PER_1000_LIVE_BIRTHS,6.4
2015,Both sexes,Federation of BiH,NO_PER_1000_LIVE_BIRTHS,8.0
2016,Both sexes,Federation of BiH,NO_PER_1000_LIVE_BIRTHS,7.5
2017,Both sexes,Federation of BiH,NO_PER_1000_LIVE_BIRTHS,8.2
2018,Both sexes,Federation of BiH,NO_PER_1000_LIVE_BIRTHS,8.4
2019,Both sexes,Federation of BiH,NO_PER_1000_LIVE_BIRTHS,9.3
1997,M,Federation of BiH,NO_PER_1000_LIVE_BIRTHS,15.4
1998,M,Federation of BiH,NO_PER_1000_LIVE_BIRTHS,14.4
1999,M,Federation of BiH,NO_PER_1000_LIVE_BIRTHS,12.2
2000,M,Federation of BiH,NO_PER_1000_LIVE_BIRTHS,12.5
2001,M,Federation of BiH,NO_PER_1000_LIVE_BIRTHS,9.6
2002,M,Federation of BiH,NO_PER_1000_LIVE_BIRTHS,11.6
2003,M,Federation of BiH,NO_PER_1000_LIVE_BIRTHS,10.1
2004,M,Federation of BiH,NO_PER_1000_LIVE_BIRTHS,9.3
2005,M,Federation of BiH,NO_PER_1000_LIVE_BIRTHS,10.0
2006,M,Federation of BiH,NO_PER_1000_LIVE_BIRTHS,11.3
2007,M,Federation of BiH,NO_PER_1000_LIVE_BIRTHS,10.1
2008,M,Federation of BiH,NO_PER_1000_LIVE_BIRTHS,9.4
2009,M,Federation of BiH,NO_PER_1000_LIVE_BIRTHS,7.3
2010,M,Federation of BiH,NO_PER_1000_LIVE_BIRTHS,9.1
2011,M,Federation of BiH,NO_PER_1000_LIVE_BIRTHS,7.7
2012,M,Federation of BiH,NO_PER_1000_LIVE_BIRTHS,7.6
2013,M,Federation of BiH,NO_PER_1000_LIVE_BIRTHS,8.5
2014,M,Federation of BiH,NO_PER_1000_LIVE_BIRTHS,6.2
2015,M,Federation of BiH,NO_PER_1000_LIVE_BIRTHS,8.5
2016,M,Federation of BiH,NO_PER_1000_LIVE_BIRTHS,8.5
2017,M,Federation of BiH,NO_PER_1000_LIVE_BIRTHS,8.5
2018,M,Federation of BiH,NO_PER_1000_LIVE_BIRTHS,8.3
2019,M,Federation of BiH,NO_PER_1000_LIVE_BIRTHS,9.5
1997,F,Federation of BiH,NO_PER_1000_LIVE_BIRTHS,10.3
1998,F,Federation of BiH,NO_PER_1000_LIVE_BIRTHS,9.7
1999,F,Federation of BiH,NO_PER_1000_LIVE_BIRTHS,10.1
2000,F,Federation of BiH,NO_PER_1000_LIVE_BIRTHS,9.5
2001,F,Federation of BiH,NO_PER_1000_LIVE_BIRTHS,8.2
2002,F,Federation of BiH,NO_PER_1000_LIVE_BIRTHS,9.5
2003,F,Federation of BiH,NO_PER_1000_LIVE_BIRTHS,7.2
2004,F,Federation of BiH,NO_PER_1000_LIVE_BIRTHS,7.7
2005,F,Federation of BiH,NO_PER_1000_LIVE_BIRTHS,7.6
2006,F,Federation of BiH,NO_PER_1000_LIVE_BIRTHS,7.5
2007,F,Federation of BiH,NO_PER_1000_LIVE_BIRTHS,7.6
2008,F,Federation of BiH,NO_PER_1000_LIVE_BIRTHS,7.5
2009,F,Federation of BiH,NO_PER_1000_LIVE_BIRTHS,7.8
2010,F,Federation of BiH,NO_PER_1000_LIVE_BIRTHS,6.2
2011,F,Federation of BiH,NO_PER_1000_LIVE_BIRTHS,5.5
2012,F,Federation of BiH,NO_PER_1000_LIVE_BIRTHS,5.2
2013,F,Federation of BiH,NO_PER_1000_LIVE_BIRTHS,6.2
2014,F,Federation of BiH,NO_PER_1000_LIVE_BIRTHS,6.6
2015,F,Federation of BiH,NO_PER_1000_LIVE_BIRTHS,7.4
2016,F,Federation of BiH,NO_PER_1000_LIVE_BIRTHS,6.4
2017,F,Federation of BiH,NO_PER_1000_LIVE_BIRTHS,7.8
2018,F,Federation of BiH,NO_PER_1000_LIVE_BIRTHS,8.4
2019,F,Federation of BiH,NO_PER_1000_LIVE_BIRTHS,9.0
1996,Both sexes,Republika Srpska,NO_PER_1000_LIVE_BIRTHS,14.6
1997,Both sexes,Republika Srpska,NO_PER_1000_LIVE_BIRTHS,11.3
1998,Both sexes,Republika Srpska,NO_PER_1000_LIVE_BIRTHS,8.3
1999,Both sexes,Republika Srpska,NO_PER_1000_LIVE_BIRTHS,8.2
2000,Both sexes,Republika Srpska,NO_PER_1000_LIVE_BIRTHS,7.3
2001,Both sexes,Republika Srpska,NO_PER_1000_LIVE_BIRTHS,5.3
2002,Both sexes,Republika Srpska,NO_PER_1000_LIVE_BIRTHS,7.2
2003,Both sexes,Republika Srpska,NO_PER_1000_LIVE_BIRTHS,6.1
2004,Both sexes,Republika Srpska,NO_PER_1000_LIVE_BIRTHS,5.7
2005,Both sexes,Republika Srpska,NO_PER_1000_LIVE_BIRTHS,3.6
2006,Both sexes,Republika Srpska,NO_PER_1000_LIVE_BIRTHS,4.8
2007,Both sexes,Republika Srpska,NO_PER_1000_LIVE_BIRTHS,3.8
2008,Both sexes,Republika Srpska,NO_PER_1000_LIVE_BIRTHS,3.9
2009,Both sexes,Republika Srpska,NO_PER_1000_LIVE_BIRTHS,4.8
2010,Both sexes,Republika Srpska,NO_PER_1000_LIVE_BIRTHS,4.3
2011,Both sexes,Republika Srpska,NO_PER_1000_LIVE_BIRTHS,4.5
2012,Both sexes,Republika Srpska,NO_PER_1000_LIVE_BIRTHS,3.7
2013,Both sexes,Republika Srpska,NO_PER_1000_LIVE_BIRTHS,3.5
2014,Both sexes,Republika Srpska,NO_PER_1000_LIVE_BIRTHS,3.1
2015,Both sexes,Republika Srpska,NO_PER_1000_LIVE_BIRTHS,2.8
2016,Both sexes,Republika Srpska,NO_PER_1000_LIVE_BIRTHS,2.4
2017,Both sexes,Republika Srpska,NO_PER_1000_LIVE_BIRTHS,2.8
2018,Both sexes,Republika Srpska,NO_PER_1000_LIVE_BIRTHS,1.8
2019,Both sexes,Republika Srpska,NO_PER_1000_LIVE_BIRTHS,1.6
1996,M,Republika Srpska,NO_PER_1000_LIVE_BIRTHS,15.5
1997,M,Republika Srpska,NO_PER_1000_LIVE_BIRTHS,13.0
1998,M,Republika Srpska,NO_PER_1000_LIVE_BIRTHS,9.5
1999,M,Republika Srpska,NO_PER_1000_LIVE_BIRTHS,9.2
2000,M,Republika Srpska,NO_PER_1000_LIVE_BIRTHS,7.8
2001,M,Republika Srpska,NO_PER_1000_LIVE_BIRTHS,5.8
2002,M,Republika Srpska,NO_PER_1000_LIVE_BIRTHS,8.3
2003,M,Republika Srpska,NO_PER_1000_LIVE_BIRTHS,5.9
2004,M,Republika Srpska,NO_PER_1000_LIVE_BIRTHS,7.8
2005,M,Republika Srpska,NO_PER_1000_LIVE_BIRTHS,3.8
2006,M,Republika Srpska,NO_PER_1000_LIVE_BIRTHS,5.8
2007,M,Republika Srpska,NO_PER_1000_LIVE_BIRTHS,3.5
2008,M,Republika Srpska,NO_PER_1000_LIVE_BIRTHS,3.8
2009,M,Republika Srpska,NO_PER_1000_LIVE_BIRTHS,5.2
2010,M,Republika Srpska,NO_PER_1000_LIVE_BIRTHS,3.9
2011,M,Republika Srpska,NO_PER_1000_LIVE_BIRTHS,5.2
2012,M,Republika Srpska,NO_PER_1000_LIVE_BIRTHS,4.9
2013,M,Republika Srpska,NO_PER_1000_LIVE_BIRTHS,4.3
2014,M,Republika Srpska,NO_PER_1000_LIVE_BIRTHS,2.3
2015,M,Republika Srpska,NO_PER_1000_LIVE_BIRTHS,1.9
2016,M,Republika Srpska,NO_PER_1000_LIVE_BIRTHS,3.4
2017,M,Republika Srpska,NO_PER_1000_LIVE_BIRTHS,2.7
2018,M,Republika Srpska,NO_PER_1000_LIVE_BIRTHS,1.4
2019,M,Republika Srpska,NO_PER_1000_LIVE_BIRTHS,1.4
1996,F,Republika Srpska,NO_PER_1000_LIVE_BIRTHS,13.6
1997,F,Republika Srpska,NO_PER_1000_LIVE_BIRTHS,9.6
1998,F,Republika Srpska,NO_PER_1000_LIVE_BIRTHS,7.0
1999,F,Republika Srpska,NO_PER_1000_LIVE_BIRTHS,7.2
2000,F,Republika Srpska,NO_PER_1000_LIVE_BIRTHS,6.7
2001,F,Republika Srpska,NO_PER_1000_LIVE_BIRTHS,4.8
2002,F,Republika Srpska,NO_PER_1000_LIVE_BIRTHS,6.0
2003,F,Republika Srpska,NO_PER_1000_LIVE_BIRTHS,6.3
2004,F,Republika Srpska,NO_PER_1000_LIVE_BIRTHS,3.5
2005,F,Republika Srpska,NO_PER_1000_LIVE_BIRTHS,3.4
2006,F,Republika Srpska,NO_PER_1000_LIVE_BIRTHS,3.7
2007,F,Republika Srpska,NO_PER_1000_LIVE_BIRTHS,4.1
2008,F,Republika Srpska,NO_PER_1000_LIVE_BIRTHS,4.1
2009,F,Republika Srpska,NO_PER_1000_LIVE_BIRTHS,4.4
2010,F,Republika Srpska,NO_PER_1000_LIVE_BIRTHS,4.8
2011,F,Republika Srpska,NO_PER_1000_LIVE_BIRTHS,3.7
2012,F,Republika Srpska,NO_PER_1000_LIVE_BIRTHS,2.5
2013,F,Republika Srpska,NO_PER_1000_LIVE_BIRTHS,2.6
2014,F,Republika Srpska,NO_PER_1000_LIVE_BIRTHS,4.0
2015,F,Republika Srpska,NO_PER_1000_LIVE_BIRTHS,3.8
2016,F,Republika Srpska,NO_PER_1000_LIVE_BIRTHS,1.3
2017,F,Republika Srpska,NO_PER_1000_LIVE_BIRTHS,2.9
2018,F,Republika Srpska,NO_PER_1000_LIVE_BIRTHS,2.2
2019,F,Republika Srpska,NO_PER_1000_LIVE_BIRTHS,1.8
2004,Both sexes,Brčko District of BiH,NO_PER_1000_LIVE_BIRTHS,0.0
2005,Both sexes,Brčko District of BiH,NO_PER_1000_LIVE_BIRTHS,0.0
2006,Both sexes,Brčko District of BiH,NO_PER_1000_LIVE_BIRTHS,0.0
2007,Both sexes,Brčko District of BiH,NO_PER_1000_LIVE_BIRTHS,0.0
2008,Both sexes,Brčko District of BiH,NO_PER_1000_LIVE_BIRTHS,0.0
2009,Both sexes,Brčko District of BiH,NO_PER_1000_LIVE_BIRTHS,0.0
2010,Both sexes,Brčko District of BiH,NO_PER_1000_LIVE_BIRTHS,0.0
2011,Both sexes,Brčko District of BiH,NO_PER_1000_LIVE_BIRTHS,0.0
2012,Both sexes,Brčko District of BiH,NO_PER_1000_LIVE_BIRTHS,0.0
2013,Both sexes,Brčko District of BiH,NO_PER_1000_LIVE_BIRTHS,0.0
2014,Both sexes,Brčko District of BiH,NO_PER_1000_LIVE_BIRTHS,0.0
2015,Both sexes,Brčko District of BiH,NO_PER_1000_LIVE_BIRTHS,0.0
2016,Both sexes,Brčko District of BiH,NO_PER_1000_LIVE_BIRTHS,0.0
2017,Both sexes,Brčko District of BiH,NO_PER_1000_LIVE_BIRTHS,0.0
2018,Both sexes,Brčko District of BiH,NO_PER_1000_LIVE_BIRTHS,0.0
2019,Both sexes,Brčko District of BiH,NO_PER_1000_LIVE_BIRTHS,0.0
2004,M,Brčko District of BiH,NO_PER_1000_LIVE_BIRTHS,0.0
2005,M,Brčko District of BiH,NO_PER_1000_LIVE_BIRTHS,0.0
2006,M,Brčko District of BiH,NO_PER_1000_LIVE_BIRTHS,0.0
2007,M,Brčko District of BiH,NO_PER_1000_LIVE_BIRTHS,0.0
2008,M,Brčko District of BiH,NO_PER_1000_LIVE_BIRTHS,0.0
2009,M,Brčko District of BiH,NO_PER_1000_LIVE_BIRTHS,0.0
2010,M,Brčko District of BiH,NO_PER_1000_LIVE_BIRTHS,0.0
2011,M,Brčko District of BiH,NO_PER_1000_LIVE_BIRTHS,0.0
2012,M,Brčko District of BiH,NO_PER_1000_LIVE_BIRTHS,0.0
2013,M,Brčko District of BiH,NO_PER_1000_LIVE_BIRTHS,0.0
2014,M,Brčko District of BiH,NO_PER_1000_LIVE_BIRTHS,0.0
2015,M,Brčko District of BiH,NO_PER_1000_LIVE_BIRTHS,0.0
2016,M,Brčko District of BiH,NO_PER_1000_LIVE_BIRTHS,0.0
2017,M,Brčko District of BiH,NO_PER_1000_LIVE_BIRTHS,0.0
2018,M,Brčko District of BiH,NO_PER_1000_LIVE_BIRTHS,0.0
2019,M,Brčko District of BiH,NO_PER_1000_LIVE_BIRTHS,0.0
2004,F,Brčko District of BiH,NO_PER_1000_LIVE_BIRTHS,0.0
2005,F,Brčko District of BiH,NO_PER_1000_LIVE_BIRTHS,0.0
2006,F,Brčko District of BiH,NO_PER_1000_LIVE_BIRTHS,0.0
2007,F,Brčko District of BiH,NO_PER_1000_LIVE_BIRTHS,0.0
2008,F,Brčko District of BiH,NO_PER_1000_LIVE_BIRTHS,0.0
2009,F,Brčko District of BiH,NO_PER_1000_LIVE_BIRTHS,0.0
2010,F,Brčko District of BiH,NO_PER_1000_LIVE_BIRTHS,0.0
2011,F,Brčko District of BiH,NO_PER_1000_LIVE_BIRTHS,0.0
2012,F,Brčko District of BiH,NO_PER_1000_LIVE_BIRTHS,0.0
2013,F,Brčko District of BiH,NO_PER_1000_LIVE_BIRTHS,0.0
2014,F,Brčko District of BiH,NO_PER_1000_LIVE_BIRTHS,0.0
2015,F,Brčko District of BiH,NO_PER_1000_LIVE_BIRTHS,0.0
2016,F,Brčko District of BiH,NO_PER_1000_LIVE_BIRTHS,0.0
2017,F,Brčko District of BiH,NO_PER_1000_LIVE_BIRTHS,0.0
2018,F,Brčko District of BiH,NO_PER_1000_LIVE_BIRTHS,0.0
2019,F,Brčko District of BiH,NO_PER_1000_LIVE_BIRTHS,0.0
