Year,UNIT_MEASURE,Sex,Entity,Value
1971,Total Support Ratio,Both sexes,BIH,65.4
1971,Total Support Ratio,Male,BIH,67.9
1971,Total Support Ratio,Female,BIH,63.0
1981,Total Support Ratio,Both sexes,BIH,52.3
1981,Total Support Ratio,Male,BIH,53.0
1981,Total Support Ratio,Female,BIH,51.6
1991,Total Support Ratio,Both sexes,BIH,48.3
1991,Total Support Ratio,Male,BIH,46.8
1991,Total Support Ratio,Female,BIH,49.7
2013,Total Support Ratio,Both sexes,BIH,42.1
2013,Total Support Ratio,Male,BIH,39.2
2013,Total Support Ratio,Female,BIH,44.9
1971,Young-age support ratio,Both sexes,BIH,57.0
1971,Young-age support ratio,Male,BIH,60.2
1971,Young-age support ratio,Female,BIH,53.9
1981,Young-age support ratio,Both sexes,BIH,42.5
1981,Young-age support ratio,Male,BIH,44.5
1981,Young-age support ratio,Female,BIH,40.6
1991,Young-age support ratio,Both sexes,BIH,35.6
1991,Young-age support ratio,Male,BIH,36.6
1991,Young-age support ratio,Female,BIH,34.6
2013,Young-age support ratio,Both sexes,BIH,21.9
2013,Young-age support ratio,Male,BIH,22.4
2013,Young-age support ratio,Female,BIH,21.3
1971,Old-age support ratio,Both sexes,BIH,8.4
1971,Old-age support ratio,Male,BIH,7.7
1971,Old-age support ratio,Female,BIH,9.1
1981,Old-age support ratio,Both sexes,BIH,9.8
1981,Old-age support ratio,Male,BIH,8.5
1981,Old-age support ratio,Female,BIH,11.0
1991,Old-age support ratio,Both sexes,BIH,12.7
1991,Old-age support ratio,Male,BIH,10.1
1991,Old-age support ratio,Female,BIH,15.2
2013,Old-age support ratio,Both sexes,BIH,20.2
2013,Old-age support ratio,Male,BIH,16.8
2013,Old-age support ratio,Female,BIH,23.6
1971,Older persons to youth ratio,Both sexes,BIH,14.8
1971,Older persons to youth ratio,Male,BIH,12.8
1971,Older persons to youth ratio,Female,BIH,16.9
1981,Older persons to youth ratio,Both sexes,BIH,23.1
1981,Older persons to youth ratio,Male,BIH,19.2
1981,Older persons to youth ratio,Female,BIH,27.2
1991,Older persons to youth ratio,Both sexes,BIH,35.6
1991,Older persons to youth ratio,Male,BIH,27.7
1991,Older persons to youth ratio,Female,BIH,43.8
2013,Older persons to youth ratio,Both sexes,BIH,92.3
2013,Older persons to youth ratio,Male,BIH,75.0
2013,Older persons to youth ratio,Female,BIH,110.6
2013,Total Support Ratio,Both sexes,Federation of BiH,40.8
2013,Total Support Ratio,Male,Federation of BiH,38.4
2013,Total Support Ratio,Female,Federation of BiH,43.1
2013,Young-age support ratio,Both sexes,Federation of BiH,22.6
2013,Young-age support ratio,Male,Federation of BiH,23.3
2013,Young-age support ratio,Female,Federation of BiH,22.0
2013,Old-age support ratio,Both sexes,Federation of BiH,18.1
2013,Old-age support ratio,Male,Federation of BiH,15.1
2013,Old-age support ratio,Female,Federation of BiH,21.1
2013,Older persons to youth ratio,Both sexes,Federation of BiH,80.1
2013,Older persons to youth ratio,Male,Federation of BiH,65.0
2013,Older persons to youth ratio,Female,Federation of BiH,96.1
2013,Total Support Ratio,Both sexes,Republika Srpska,44.4
2013,Total Support Ratio,Male,Republika Srpska,40.6
2013,Total Support Ratio,Female,Republika Srpska,48.2
2013,Young-age support ratio,Both sexes,Republika Srpska,20.4
2013,Young-age support ratio,Male,Republika Srpska,20.8
2013,Young-age support ratio,Female,Republika Srpska,20.1
2013,Old-age support ratio,Both sexes,Republika Srpska,24.0
2013,Old-age support ratio,Male,Republika Srpska,19.8
2013,Old-age support ratio,Female,Republika Srpska,28.2
2013,Older persons to youth ratio,Both sexes,Republika Srpska,117.4
2013,Older persons to youth ratio,Male,Republika Srpska,95.6
2013,Older persons to youth ratio,Female,Republika Srpska,140.3
2013,Total Support Ratio,Both sexes,Brčko District of BiH,43.3
2013,Total Support Ratio,Male,Brčko District of BiH,40.6
2013,Total Support Ratio,Female,Brčko District of BiH,46.0
2013,Young-age support ratio,Both sexes,Brčko District of BiH,22.4
2013,Young-age support ratio,Male,Brčko District of BiH,23.3
2013,Young-age support ratio,Female,Brčko District of BiH,21.6
2013,Old-age support ratio,Both sexes,Brčko District of BiH,20.8
2013,Old-age support ratio,Male,Brčko District of BiH,17.3
2013,Old-age support ratio,Female,Brčko District of BiH,24.4
2013,Older persons to youth ratio,Both sexes,Brčko District of BiH,92.8
2013,Older persons to youth ratio,Male,Brčko District of BiH,74.5
2013,Older persons to youth ratio,Female,Brčko District of BiH,112.7
