Year,UNIT_MEASURE,AGE,Sex,Value
2018,Number,0-4,Both sexes,3492023.0
2018,Number,5-9,Both sexes,148947.0
2018,Number,10-14,Both sexes,171135.0
2018,Number,15-19,Both sexes,177098.0
2018,Number,20-24,Both sexes,190602.0
2018,Number,25-29,Both sexes,242893.0
2018,Number,30-34,Both sexes,225428.0
2018,Number,35-39,Both sexes,251233.0
2018,Number,40-44,Both sexes,252481.0
2018,Number,45-49,Both sexes,248144.0
2018,Number,50-54,Both sexes,239073.0
2018,Number,55-59,Both sexes,255492.0
2018,Number,60-64,Both sexes,266164.0
2018,Number,65-69,Both sexes,248062.0
2018,Number,70-74,Both sexes,206798.0
2018,Number,75-79,Both sexes,137662.0
2018,Number,80-84,Both sexes,110151.0
2018,Number,85-89,Both sexes,79091.0
2018,Number,90-94,Both sexes,32495.0
2018,Number,95-99,Both sexes,7766.0
2018,Number,100-104,Both sexes,1075.0
2018,Number,105-109,Both sexes,221.0
2018,Number,110-114,Both sexes,12.0
2018,Number,115-119,Both sexes,0.0
2018,Number,120+,Both sexes,0.0
2018,Number,120+,Both sexes,0.0
2018,_%,Total,Both sexes,100.0
2018,_%,0-4,Both sexes,4.27
2018,_%,5-9,Both sexes,4.9
2018,_%,10-14,Both sexes,5.07
2018,_%,15-19,Both sexes,5.46
2018,_%,20-24,Both sexes,6.96
2018,_%,25-29,Both sexes,6.46
2018,_%,30-34,Both sexes,7.19
2018,_%,35-39,Both sexes,7.23
2018,_%,40-44,Both sexes,7.11
2018,_%,45-49,Both sexes,6.85
2018,_%,50-54,Both sexes,7.32
2018,_%,55-59,Both sexes,7.62
2018,_%,60-64,Both sexes,7.1
2018,_%,65-69,Both sexes,5.92
2018,_%,70-74,Both sexes,3.94
2018,_%,75-79,Both sexes,3.15
2018,_%,80-84,Both sexes,2.26
2018,_%,85-89,Both sexes,0.93
2018,_%,90-94,Both sexes,0.22
2018,_%,95-99,Both sexes,0.03
2018,_%,100-104,Both sexes,0.01
2018,_%,105-109,Both sexes,0.0
2018,_%,110-114,Both sexes,0.0
2018,_%,115-119,Both sexes,0.0
2018,_%,120+,Both sexes,0.0
2018,_%,0-14,Both sexes,497180.0
2018,_%,0-18,Both sexes,647325.0
2018,_%,15-29,Both sexes,658923.0
2018,_%,15-49,Both sexes,1649854.0
2018,_%,15-64,Both sexes,2419572.0
2018,_%,65+,Both sexes,575271.0
2018,_%,75+,Both sexes,230811.0
2018,_%,85+,Both sexes,41569.0
2018,_%,100+,Both sexes,233.0
2018,_%,0-14,Both sexes,14.24
2018,_%,0-18,Both sexes,18.54
2018,_%,15-29,Both sexes,18.87
2018,_%,15-49,Both sexes,47.25
2018,_%,15-64,Both sexes,69.29
2018,_%,65+,Both sexes,16.47
2018,_%,75+,Both sexes,6.61
2018,_%,85+,Both sexes,1.19
2018,_%,100+,Both sexes,0.01
2020,Number,0-4,Both sexes,3430316.35
2020,Number,5-9,Both sexes,146421.55
2020,Number,10-14,Both sexes,157739.47
2020,Number,15-19,Both sexes,177407.96
2020,Number,20-24,Both sexes,178593.11
2020,Number,25-29,Both sexes,213398.66
2020,Number,30-34,Both sexes,214211.15
2020,Number,35-39,Both sexes,236476.26
2020,Number,40-44,Both sexes,247934.84
2020,Number,45-49,Both sexes,244996.58
2020,Number,50-54,Both sexes,240020.87
2020,Number,55-59,Both sexes,241454.3
2020,Number,60-64,Both sexes,262446.33
2020,Number,65-69,Both sexes,252299.2
2020,Number,70-74,Both sexes,221359.6
2020,Number,75-79,Both sexes,163146.24
2020,Number,80-84,Both sexes,98627.21
2020,Number,85-89,Both sexes,84431.3
2020,Number,90-94,Both sexes,37760.85
2020,Number,95-99,Both sexes,10118.62
2020,Number,100-104,Both sexes,1293.83
2020,Number,105-109,Both sexes,165.38
2020,Number,110-114,Both sexes,12.82
2020,Number,115-119,Both sexes,0.24
2020,Number,120+,Both sexes,0.0
2020,Number,120+,Both sexes,0.0
2020,_%,Total,Both sexes,100.0
2020,_%,0-4,Both sexes,4.27
2020,_%,5-9,Both sexes,4.6
2020,_%,10-14,Both sexes,5.17
2020,_%,15-19,Both sexes,5.21
2020,_%,20-24,Both sexes,6.22
2020,_%,25-29,Both sexes,6.24
2020,_%,30-34,Both sexes,6.89
2020,_%,35-39,Both sexes,7.23
2020,_%,40-44,Both sexes,7.14
2020,_%,45-49,Both sexes,7.0
2020,_%,50-54,Both sexes,7.04
2020,_%,55-59,Both sexes,7.65
2020,_%,60-64,Both sexes,7.35
2020,_%,65-69,Both sexes,6.45
2020,_%,70-74,Both sexes,4.76
2020,_%,75-79,Both sexes,2.88
2020,_%,80-84,Both sexes,2.46
2020,_%,85-89,Both sexes,1.1
2020,_%,90-94,Both sexes,0.29
2020,_%,95-99,Both sexes,0.04
2020,_%,100-104,Both sexes,0.0
2020,_%,105-109,Both sexes,0.0
2020,_%,110-114,Both sexes,0.0
2020,_%,115-119,Both sexes,0.0
2020,_%,120+,Both sexes,0.0
2020,_%,0-14,Both sexes,481568.97
2020,_%,0-18,Both sexes,623310.55
2020,_%,15-29,Both sexes,606202.92
2020,_%,15-49,Both sexes,1575631.46
2020,_%,15-64,Both sexes,2331831.29
2020,_%,65+,Both sexes,616916.09
2020,_%,75+,Both sexes,232410.25
2020,_%,85+,Both sexes,49351.73
2020,_%,100+,Both sexes,178.44
2020,_%,0-14,Both sexes,14.04
2020,_%,0-18,Both sexes,18.17
2020,_%,15-29,Both sexes,17.67
2020,_%,15-49,Both sexes,45.93
2020,_%,15-64,Both sexes,67.98
2020,_%,65+,Both sexes,17.98
2020,_%,75+,Both sexes,6.78
2020,_%,85+,Both sexes,1.44
2020,_%,100+,Both sexes,0.01
2025,Number,0-4,Both sexes,3269526.46
2025,Number,5-9,Both sexes,133214.28
2025,Number,10-14,Both sexes,143022.18
2025,Number,15-19,Both sexes,155594.32
2025,Number,20-24,Both sexes,172127.24
2025,Number,25-29,Both sexes,159922.25
2025,Number,30-34,Both sexes,185213.08
2025,Number,35-39,Both sexes,194146.16
2025,Number,40-44,Both sexes,220196.28
2025,Number,45-49,Both sexes,234442.56
2025,Number,50-54,Both sexes,234797.14
2025,Number,55-59,Both sexes,232812.25
2025,Number,60-64,Both sexes,235373.58
2025,Number,65-69,Both sexes,254390.2
2025,Number,70-74,Both sexes,239195.16
2025,Number,75-79,Both sexes,199277.81
2025,Number,80-84,Both sexes,135243.77
2025,Number,85-89,Both sexes,71693.48
2025,Number,90-94,Both sexes,49591.19
2025,Number,95-99,Both sexes,16258.46
2025,Number,100-104,Both sexes,2799.11
2025,Number,105-109,Both sexes,202.64
2025,Number,110-114,Both sexes,12.8
2025,Number,115-119,Both sexes,0.52
2025,Number,120+,Both sexes,0.0
2025,Number,120+,Both sexes,0.0
2025,_%,Total,Both sexes,100.0
2025,_%,0-4,Both sexes,4.07
2025,_%,5-9,Both sexes,4.37
2025,_%,10-14,Both sexes,4.76
2025,_%,15-19,Both sexes,5.26
2025,_%,20-24,Both sexes,4.89
2025,_%,25-29,Both sexes,5.66
2025,_%,30-34,Both sexes,5.94
2025,_%,35-39,Both sexes,6.73
2025,_%,40-44,Both sexes,7.17
2025,_%,45-49,Both sexes,7.18
2025,_%,50-54,Both sexes,7.12
2025,_%,55-59,Both sexes,7.2
2025,_%,60-64,Both sexes,7.78
2025,_%,65-69,Both sexes,7.32
2025,_%,70-74,Both sexes,6.1
2025,_%,75-79,Both sexes,4.14
2025,_%,80-84,Both sexes,2.19
2025,_%,85-89,Both sexes,1.52
2025,_%,90-94,Both sexes,0.5
2025,_%,95-99,Both sexes,0.09
2025,_%,100-104,Both sexes,0.01
2025,_%,105-109,Both sexes,0.0
2025,_%,110-114,Both sexes,0.0
2025,_%,115-119,Both sexes,0.0
2025,_%,120+,Both sexes,0.0
2025,_%,0-14,Both sexes,431830.78
2025,_%,0-18,Both sexes,571030.0
2025,_%,15-29,Both sexes,517262.57
2025,_%,15-49,Both sexes,1400844.72
2025,_%,15-64,Both sexes,2123420.75
2025,_%,65+,Both sexes,714274.93
2025,_%,75+,Both sexes,275801.96
2025,_%,85+,Both sexes,68864.72
2025,_%,100+,Both sexes,215.96
2025,_%,0-14,Both sexes,13.21
2025,_%,0-18,Both sexes,17.47
2025,_%,15-29,Both sexes,15.82
2025,_%,15-49,Both sexes,42.85
2025,_%,15-64,Both sexes,64.95
2025,_%,65+,Both sexes,21.85
2025,_%,75+,Both sexes,8.44
2025,_%,85+,Both sexes,2.11
2025,_%,100+,Both sexes,0.01
2030,Number,0-4,Both sexes,3097083.89
2030,Number,5-9,Both sexes,116752.27
2030,Number,10-14,Both sexes,130006.74
2030,Number,15-19,Both sexes,140970.97
2030,Number,20-24,Both sexes,150812.87
2030,Number,25-29,Both sexes,153773.24
2030,Number,30-34,Both sexes,140117.63
2030,Number,35-39,Both sexes,168543.51
2030,Number,40-44,Both sexes,181561.56
2030,Number,45-49,Both sexes,208350.45
2030,Number,50-54,Both sexes,224334.48
2030,Number,55-59,Both sexes,227351.48
2030,Number,60-64,Both sexes,226900.62
2030,Number,65-69,Both sexes,228863.35
2030,Number,70-74,Both sexes,241691.71
2030,Number,75-79,Both sexes,216615.3
2030,Number,80-84,Both sexes,167173.09
2030,Number,85-89,Both sexes,101165.28
2030,Number,90-94,Both sexes,43898.43
2030,Number,95-99,Both sexes,22740.2
2030,Number,100-104,Both sexes,4932.37
2030,Number,105-109,Both sexes,508.74
2030,Number,110-114,Both sexes,19.01
2030,Number,115-119,Both sexes,0.55
2030,Number,120+,Both sexes,0.01
2030,Number,120+,Both sexes,0.0
2030,_%,Total,Both sexes,100.0
2030,_%,0-4,Both sexes,3.77
2030,_%,5-9,Both sexes,4.2
2030,_%,10-14,Both sexes,4.55
2030,_%,15-19,Both sexes,4.87
2030,_%,20-24,Both sexes,4.97
2030,_%,25-29,Both sexes,4.52
2030,_%,30-34,Both sexes,5.44
2030,_%,35-39,Both sexes,5.86
2030,_%,40-44,Both sexes,6.73
2030,_%,45-49,Both sexes,7.24
2030,_%,50-54,Both sexes,7.34
2030,_%,55-59,Both sexes,7.33
2030,_%,60-64,Both sexes,7.39
2030,_%,65-69,Both sexes,7.8
2030,_%,70-74,Both sexes,6.99
2030,_%,75-79,Both sexes,5.4
2030,_%,80-84,Both sexes,3.27
2030,_%,85-89,Both sexes,1.42
2030,_%,90-94,Both sexes,0.73
2030,_%,95-99,Both sexes,0.16
2030,_%,100-104,Both sexes,0.02
2030,_%,105-109,Both sexes,0.0
2030,_%,110-114,Both sexes,0.0
2030,_%,115-119,Both sexes,0.0
2030,_%,120+,Both sexes,0.0
2030,_%,0-14,Both sexes,387729.98
2030,_%,0-18,Both sexes,506903.59
2030,_%,15-29,Both sexes,444703.74
2030,_%,15-49,Both sexes,1227493.74
2030,_%,15-64,Both sexes,1910609.19
2030,_%,65+,Both sexes,798744.71
2030,_%,75+,Both sexes,340437.69
2030,_%,85+,Both sexes,72099.33
2030,_%,100+,Both sexes,528.31
2030,_%,0-14,Both sexes,12.52
2030,_%,0-18,Both sexes,16.37
2030,_%,15-29,Both sexes,14.36
2030,_%,15-49,Both sexes,39.63
2030,_%,15-64,Both sexes,61.69
2030,_%,65+,Both sexes,25.79
2030,_%,75+,Both sexes,10.99
2030,_%,85+,Both sexes,2.33
2030,_%,100+,Both sexes,0.02
2035,Number,0-4,Both sexes,2912260.0
2035,Number,5-9,Both sexes,102244.06
2035,Number,10-14,Both sexes,114005.81
2035,Number,15-19,Both sexes,128059.42
2035,Number,20-24,Both sexes,136697.61
2035,Number,25-29,Both sexes,134518.71
2035,Number,30-34,Both sexes,134077.44
2035,Number,35-39,Both sexes,128486.8
2035,Number,40-44,Both sexes,158064.08
2035,Number,45-49,Both sexes,172499.94
2035,Number,50-54,Both sexes,199585.08
2035,Number,55-59,Both sexes,217107.79
2035,Number,60-64,Both sexes,221477.68
2035,Number,65-69,Both sexes,220921.33
2035,Number,70-74,Both sexes,218471.04
2035,Number,75-79,Both sexes,220252.7
2035,Number,80-84,Both sexes,183860.06
2035,Number,85-89,Both sexes,127465.74
2035,Number,90-94,Both sexes,64773.18
2035,Number,95-99,Both sexes,21199.63
2035,Number,100-104,Both sexes,7449.97
2035,Number,105-109,Both sexes,986.55
2035,Number,110-114,Both sexes,54.44
2035,Number,115-119,Both sexes,0.93
2035,Number,120+,Both sexes,0.01
2035,Number,120+,Both sexes,0.0
2035,_%,Total,Both sexes,100.0
2035,_%,0-4,Both sexes,3.51
2035,_%,5-9,Both sexes,3.91
2035,_%,10-14,Both sexes,4.4
2035,_%,15-19,Both sexes,4.69
2035,_%,20-24,Both sexes,4.62
2035,_%,25-29,Both sexes,4.6
2035,_%,30-34,Both sexes,4.41
2035,_%,35-39,Both sexes,5.43
2035,_%,40-44,Both sexes,5.92
2035,_%,45-49,Both sexes,6.85
2035,_%,50-54,Both sexes,7.45
2035,_%,55-59,Both sexes,7.61
2035,_%,60-64,Both sexes,7.59
2035,_%,65-69,Both sexes,7.5
2035,_%,70-74,Both sexes,7.56
2035,_%,75-79,Both sexes,6.31
2035,_%,80-84,Both sexes,4.38
2035,_%,85-89,Both sexes,2.22
2035,_%,90-94,Both sexes,0.73
2035,_%,95-99,Both sexes,0.26
2035,_%,100-104,Both sexes,0.03
2035,_%,105-109,Both sexes,0.0
2035,_%,110-114,Both sexes,0.0
2035,_%,115-119,Both sexes,0.0
2035,_%,120+,Both sexes,0.0
2035,_%,0-14,Both sexes,344309.29
2035,_%,0-18,Both sexes,453686.83
2035,_%,15-29,Both sexes,405293.76
2035,_%,15-49,Both sexes,1063929.66
2035,_%,15-64,Both sexes,1723436.46
2035,_%,65+,Both sexes,844514.24
2035,_%,75+,Both sexes,405790.51
2035,_%,85+,Both sexes,94464.7
2035,_%,100+,Both sexes,1041.92
2035,_%,0-14,Both sexes,11.82
2035,_%,0-18,Both sexes,15.58
2035,_%,15-29,Both sexes,13.92
2035,_%,15-49,Both sexes,36.53
2035,_%,15-64,Both sexes,59.18
2035,_%,65+,Both sexes,29.0
2035,_%,75+,Both sexes,13.93
2035,_%,85+,Both sexes,3.24
2035,_%,100+,Both sexes,0.04
2040,Number,0-4,Both sexes,2717957.73
2040,Number,5-9,Both sexes,91336.91
2040,Number,10-14,Both sexes,99891.25
2040,Number,15-19,Both sexes,112358.89
2040,Number,20-24,Both sexes,124063.16
2040,Number,25-29,Both sexes,122059.02
2040,Number,30-34,Both sexes,117398.0
2040,Number,35-39,Both sexes,122407.36
2040,Number,40-44,Both sexes,121328.15
2040,Number,45-49,Both sexes,150501.48
2040,Number,50-54,Both sexes,165820.11
2040,Number,55-59,Both sexes,193411.4
2040,Number,60-64,Both sexes,211527.66
2040,Number,65-69,Both sexes,215748.85
2040,Number,70-74,Both sexes,211538.7
2040,Number,75-79,Both sexes,200469.86
2040,Number,80-84,Both sexes,188975.74
2040,Number,85-89,Both sexes,142668.75
2040,Number,90-94,Both sexes,84066.88
2040,Number,95-99,Both sexes,33265.31
2040,Number,100-104,Both sexes,7387.63
2040,Number,105-109,Both sexes,1615.38
2040,Number,110-114,Both sexes,114.33
2040,Number,115-119,Both sexes,2.88
2040,Number,120+,Both sexes,0.02
2040,Number,120+,Both sexes,0.0
2040,_%,Total,Both sexes,100.0
2040,_%,0-4,Both sexes,3.36
2040,_%,5-9,Both sexes,3.68
2040,_%,10-14,Both sexes,4.13
2040,_%,15-19,Both sexes,4.56
2040,_%,20-24,Both sexes,4.49
2040,_%,25-29,Both sexes,4.32
2040,_%,30-34,Both sexes,4.5
2040,_%,35-39,Both sexes,4.46
2040,_%,40-44,Both sexes,5.54
2040,_%,45-49,Both sexes,6.1
2040,_%,50-54,Both sexes,7.12
2040,_%,55-59,Both sexes,7.78
2040,_%,60-64,Both sexes,7.94
2040,_%,65-69,Both sexes,7.78
2040,_%,70-74,Both sexes,7.38
2040,_%,75-79,Both sexes,6.95
2040,_%,80-84,Both sexes,5.25
2040,_%,85-89,Both sexes,3.09
2040,_%,90-94,Both sexes,1.22
2040,_%,95-99,Both sexes,0.27
2040,_%,100-104,Both sexes,0.06
2040,_%,105-109,Both sexes,0.0
2040,_%,110-114,Both sexes,0.0
2040,_%,115-119,Both sexes,0.0
2040,_%,120+,Both sexes,0.0
2040,_%,0-14,Both sexes,303587.05
2040,_%,0-18,Both sexes,402365.82
2040,_%,15-29,Both sexes,363520.19
2040,_%,15-49,Both sexes,923577.29
2040,_%,15-64,Both sexes,1544265.21
2040,_%,65+,Both sexes,870105.47
2040,_%,75+,Both sexes,458096.91
2040,_%,85+,Both sexes,126452.43
2040,_%,100+,Both sexes,1732.61
2040,_%,0-14,Both sexes,11.17
2040,_%,0-18,Both sexes,14.8
2040,_%,15-29,Both sexes,13.37
2040,_%,15-49,Both sexes,33.98
2040,_%,15-64,Both sexes,56.82
2040,_%,65+,Both sexes,32.01
2040,_%,75+,Both sexes,16.85
2040,_%,85+,Both sexes,4.65
2040,_%,100+,Both sexes,0.06
2045,Number,0-4,Both sexes,2518462.83
2045,Number,5-9,Both sexes,83042.03
2045,Number,10-14,Both sexes,89240.14
2045,Number,15-19,Both sexes,98520.77
2045,Number,20-24,Both sexes,108917.66
2045,Number,25-29,Both sexes,110645.5
2045,Number,30-34,Both sexes,106449.13
2045,Number,35-39,Both sexes,107361.45
2045,Number,40-44,Both sexes,115245.68
2045,Number,45-49,Both sexes,116234.44
2045,Number,50-54,Both sexes,144978.36
2045,Number,55-59,Both sexes,161252.4
2045,Number,60-64,Both sexes,188794.86
2045,Number,65-69,Both sexes,206299.37
2045,Number,70-74,Both sexes,207053.68
2045,Number,75-79,Both sexes,195373.66
2045,Number,80-84,Both sexes,173872.43
2045,Number,85-89,Both sexes,149056.97
2045,Number,90-94,Both sexes,96646.71
2045,Number,95-99,Both sexes,45021.33
2045,Number,100-104,Both sexes,12538.01
2045,Number,105-109,Both sexes,1711.02
2045,Number,110-114,Both sexes,200.84
2045,Number,115-119,Both sexes,6.31
2045,Number,120+,Both sexes,0.07
2045,Number,120+,Both sexes,0.0
2045,_%,Total,Both sexes,100.0
2045,_%,0-4,Both sexes,3.3
2045,_%,5-9,Both sexes,3.54
2045,_%,10-14,Both sexes,3.91
2045,_%,15-19,Both sexes,4.32
2045,_%,20-24,Both sexes,4.39
2045,_%,25-29,Both sexes,4.23
2045,_%,30-34,Both sexes,4.26
2045,_%,35-39,Both sexes,4.58
2045,_%,40-44,Both sexes,4.62
2045,_%,45-49,Both sexes,5.76
2045,_%,50-54,Both sexes,6.4
2045,_%,55-59,Both sexes,7.5
2045,_%,60-64,Both sexes,8.19
2045,_%,65-69,Both sexes,8.22
2045,_%,70-74,Both sexes,7.76
2045,_%,75-79,Both sexes,6.9
2045,_%,80-84,Both sexes,5.92
2045,_%,85-89,Both sexes,3.84
2045,_%,90-94,Both sexes,1.79
2045,_%,95-99,Both sexes,0.5
2045,_%,100-104,Both sexes,0.07
2045,_%,105-109,Both sexes,0.01
2045,_%,110-114,Both sexes,0.0
2045,_%,115-119,Both sexes,0.0
2045,_%,120+,Both sexes,0.0
2045,_%,0-14,Both sexes,270802.94
2045,_%,0-18,Both sexes,357437.99
2045,_%,15-29,Both sexes,326012.29
2045,_%,15-49,Both sexes,809832.21
2045,_%,15-64,Both sexes,1366178.85
2045,_%,65+,Both sexes,881481.04
2045,_%,75+,Both sexes,479053.69
2045,_%,85+,Both sexes,156124.3
2045,_%,100+,Both sexes,1918.25
2045,_%,0-14,Both sexes,10.75
2045,_%,0-18,Both sexes,14.19
2045,_%,15-29,Both sexes,12.94
2045,_%,15-49,Both sexes,32.16
2045,_%,15-64,Both sexes,54.25
2045,_%,65+,Both sexes,35.0
2045,_%,75+,Both sexes,19.02
2045,_%,85+,Both sexes,6.2
2045,_%,100+,Both sexes,0.08
2050,Number,0-4,Both sexes,2318700.67
2050,Number,5-9,Both sexes,75514.93
2050,Number,10-14,Both sexes,81099.46
2050,Number,15-19,Both sexes,88026.53
2050,Number,20-24,Both sexes,95572.11
2050,Number,25-29,Both sexes,97216.95
2050,Number,30-34,Both sexes,96425.27
2050,Number,35-39,Both sexes,97256.87
2050,Number,40-44,Both sexes,101196.15
2050,Number,45-49,Both sexes,110159.11
2050,Number,50-54,Both sexes,112554.52
2050,Number,55-59,Both sexes,141282.64
2050,Number,60-64,Both sexes,157969.95
2050,Number,65-69,Both sexes,184596.6
2050,Number,70-74,Both sexes,198504.56
2050,Number,75-79,Both sexes,192220.98
2050,Number,80-84,Both sexes,171318.47
2050,Number,85-89,Both sexes,139313.82
2050,Number,90-94,Both sexes,103447.9
2050,Number,95-99,Both sexes,53718.05
2050,Number,100-104,Both sexes,17901.92
2050,Number,105-109,Both sexes,3167.19
2050,Number,110-114,Both sexes,225.0
2050,Number,115-119,Both sexes,11.52
2050,Number,120+,Both sexes,0.16
2050,Number,120+,Both sexes,0.0
2050,_%,Total,Both sexes,100.0
2050,_%,0-4,Both sexes,3.26
2050,_%,5-9,Both sexes,3.5
2050,_%,10-14,Both sexes,3.8
2050,_%,15-19,Both sexes,4.12
2050,_%,20-24,Both sexes,4.19
2050,_%,25-29,Both sexes,4.16
2050,_%,30-34,Both sexes,4.19
2050,_%,35-39,Both sexes,4.36
2050,_%,40-44,Both sexes,4.75
2050,_%,45-49,Both sexes,4.85
2050,_%,50-54,Both sexes,6.09
2050,_%,55-59,Both sexes,6.81
2050,_%,60-64,Both sexes,7.96
2050,_%,65-69,Both sexes,8.56
2050,_%,70-74,Both sexes,8.29
2050,_%,75-79,Both sexes,7.39
2050,_%,80-84,Both sexes,6.01
2050,_%,85-89,Both sexes,4.46
2050,_%,90-94,Both sexes,2.32
2050,_%,95-99,Both sexes,0.77
2050,_%,100-104,Both sexes,0.14
2050,_%,105-109,Both sexes,0.01
2050,_%,110-114,Both sexes,0.0
2050,_%,115-119,Both sexes,0.0
2050,_%,120+,Both sexes,0.0
2050,_%,0-14,Both sexes,244640.93
2050,_%,0-18,Both sexes,320688.38
2050,_%,15-29,Both sexes,289214.33
2050,_%,15-49,Both sexes,710380.99
2050,_%,15-64,Both sexes,1194230.17
2050,_%,65+,Both sexes,879829.57
2050,_%,75+,Both sexes,489104.03
2050,_%,85+,Both sexes,178471.74
2050,_%,100+,Both sexes,3403.87
2050,_%,0-14,Both sexes,10.55
2050,_%,0-18,Both sexes,13.83
2050,_%,15-29,Both sexes,12.47
2050,_%,15-49,Both sexes,30.64
2050,_%,15-64,Both sexes,51.5
2050,_%,65+,Both sexes,37.94
2050,_%,75+,Both sexes,21.09
2050,_%,85+,Both sexes,7.7
2050,_%,100+,Both sexes,0.15
2055,Number,0-4,Both sexes,2123402.2
2055,Number,5-9,Both sexes,68410.55
2055,Number,10-14,Both sexes,73713.6
2055,Number,15-19,Both sexes,79956.88
2055,Number,20-24,Both sexes,85408.87
2055,Number,25-29,Both sexes,85383.67
2055,Number,30-34,Both sexes,84817.37
2055,Number,35-39,Both sexes,88064.28
2055,Number,40-44,Both sexes,91625.61
2055,Number,45-49,Both sexes,96826.2
2055,Number,50-54,Both sexes,106488.77
2055,Number,55-59,Both sexes,110217.64
2055,Number,60-64,Both sexes,138705.65
2055,Number,65-69,Both sexes,155066.87
2055,Number,70-74,Both sexes,178225.37
2055,Number,75-79,Both sexes,185199.11
2055,Number,80-84,Both sexes,170022.4
2055,Number,85-89,Both sexes,139464.62
2055,Number,90-94,Both sexes,98824.03
2055,Number,95-99,Both sexes,59369.78
2055,Number,100-104,Both sexes,22362.5
2055,Number,105-109,Both sexes,4783.57
2055,Number,110-114,Both sexes,451.25
2055,Number,115-119,Both sexes,13.29
2055,Number,120+,Both sexes,0.3
2055,Number,120+,Both sexes,0.0
2055,_%,Total,Both sexes,100.0
2055,_%,0-4,Both sexes,3.22
2055,_%,5-9,Both sexes,3.47
2055,_%,10-14,Both sexes,3.77
2055,_%,15-19,Both sexes,4.02
2055,_%,20-24,Both sexes,4.02
2055,_%,25-29,Both sexes,3.99
2055,_%,30-34,Both sexes,4.15
2055,_%,35-39,Both sexes,4.32
2055,_%,40-44,Both sexes,4.56
2055,_%,45-49,Both sexes,5.02
2055,_%,50-54,Both sexes,5.19
2055,_%,55-59,Both sexes,6.53
2055,_%,60-64,Both sexes,7.3
2055,_%,65-69,Both sexes,8.39
2055,_%,70-74,Both sexes,8.72
2055,_%,75-79,Both sexes,8.01
2055,_%,80-84,Both sexes,6.57
2055,_%,85-89,Both sexes,4.65
2055,_%,90-94,Both sexes,2.8
2055,_%,95-99,Both sexes,1.05
2055,_%,100-104,Both sexes,0.23
2055,_%,105-109,Both sexes,0.02
2055,_%,110-114,Both sexes,0.0
2055,_%,115-119,Both sexes,0.0
2055,_%,120+,Both sexes,0.0
2055,_%,0-14,Both sexes,222081.03
2055,_%,0-18,Both sexes,290210.23
2055,_%,15-29,Both sexes,255609.91
2055,_%,15-49,Both sexes,638614.77
2055,_%,15-64,Both sexes,1042604.93
2055,_%,65+,Both sexes,858716.24
2055,_%,75+,Both sexes,495291.75
2055,_%,85+,Both sexes,185804.72
2055,_%,100+,Both sexes,5248.42
2055,_%,0-14,Both sexes,10.46
2055,_%,0-18,Both sexes,13.67
2055,_%,15-29,Both sexes,12.04
2055,_%,15-49,Both sexes,30.08
2055,_%,15-64,Both sexes,49.1
2055,_%,65+,Both sexes,40.44
2055,_%,75+,Both sexes,23.33
2055,_%,85+,Both sexes,8.75
2055,_%,100+,Both sexes,0.25
2060,Number,0-4,Both sexes,1935400.33
2060,Number,5-9,Both sexes,61553.67
2060,Number,10-14,Both sexes,66759.13
2060,Number,15-19,Both sexes,72642.52
2060,Number,20-24,Both sexes,77551.04
2060,Number,25-29,Both sexes,76336.43
2060,Number,30-34,Both sexes,74585.31
2060,Number,35-39,Both sexes,77549.33
2060,Number,40-44,Both sexes,82943.6
2060,Number,45-49,Both sexes,87649.69
2060,Number,50-54,Both sexes,93699.44
2060,Number,55-59,Both sexes,104160.04
2060,Number,60-64,Both sexes,108725.98
2060,Number,65-69,Both sexes,136471.03
2060,Number,70-74,Both sexes,150376.2
2060,Number,75-79,Both sexes,167059.03
2060,Number,80-84,Both sexes,165104.19
2060,Number,85-89,Both sexes,140113.55
2060,Number,90-94,Both sexes,101142.95
2060,Number,95-99,Both sexes,58310.55
2060,Number,100-104,Both sexes,25662.47
2060,Number,105-109,Both sexes,6262.16
2060,Number,110-114,Both sexes,713.62
2060,Number,115-119,Both sexes,28.05
2060,Number,120+,Both sexes,0.35
2060,Number,120+,Both sexes,0.0
2060,_%,Total,Both sexes,100.0
2060,_%,0-4,Both sexes,3.18
2060,_%,5-9,Both sexes,3.45
2060,_%,10-14,Both sexes,3.75
2060,_%,15-19,Both sexes,4.01
2060,_%,20-24,Both sexes,3.94
2060,_%,25-29,Both sexes,3.85
2060,_%,30-34,Both sexes,4.01
2060,_%,35-39,Both sexes,4.29
2060,_%,40-44,Both sexes,4.53
2060,_%,45-49,Both sexes,4.84
2060,_%,50-54,Both sexes,5.38
2060,_%,55-59,Both sexes,5.62
2060,_%,60-64,Both sexes,7.05
2060,_%,65-69,Both sexes,7.77
2060,_%,70-74,Both sexes,8.63
2060,_%,75-79,Both sexes,8.53
2060,_%,80-84,Both sexes,7.24
2060,_%,85-89,Both sexes,5.23
2060,_%,90-94,Both sexes,3.01
2060,_%,95-99,Both sexes,1.33
2060,_%,100-104,Both sexes,0.32
2060,_%,105-109,Both sexes,0.04
2060,_%,110-114,Both sexes,0.0
2060,_%,115-119,Both sexes,0.0
2060,_%,120+,Both sexes,0.0
2060,_%,0-14,Both sexes,200955.32
2060,_%,0-18,Both sexes,262861.39
2060,_%,15-29,Both sexes,228472.78
2060,_%,15-49,Both sexes,570314.83
2060,_%,15-64,Both sexes,919671.89
2060,_%,65+,Both sexes,814773.12
2060,_%,75+,Both sexes,497337.89
2060,_%,85+,Both sexes,192120.16
2060,_%,100+,Both sexes,7004.18
2060,_%,0-14,Both sexes,10.38
2060,_%,0-18,Both sexes,13.58
2060,_%,15-29,Both sexes,11.8
2060,_%,15-49,Both sexes,29.47
2060,_%,15-64,Both sexes,47.52
2060,_%,65+,Both sexes,42.1
2060,_%,75+,Both sexes,25.7
2060,_%,85+,Both sexes,9.93
2060,_%,100+,Both sexes,0.36
2065,Number,0-4,Both sexes,1756780.2
2065,Number,5-9,Both sexes,55148.16
2065,Number,10-14,Both sexes,60070.13
2065,Number,15-19,Both sexes,65776.73
2065,Number,20-24,Both sexes,70437.14
2065,Number,25-29,Both sexes,69294.4
2065,Number,30-34,Both sexes,66708.93
2065,Number,35-39,Both sexes,68283.48
2065,Number,40-44,Both sexes,73123.1
2065,Number,45-49,Both sexes,79346.2
2065,Number,50-54,Both sexes,84825.07
2065,Number,55-59,Both sexes,91768.84
2065,Number,60-64,Both sexes,102700.34
2065,Number,65-69,Both sexes,107549.49
2065,Number,70-74,Both sexes,132712.75
2065,Number,75-79,Both sexes,141707.01
2065,Number,80-84,Both sexes,150032.55
2065,Number,85-89,Both sexes,137683.75
2065,Number,90-94,Both sexes,103478.94
2065,Number,95-99,Both sexes,61546.2
2065,Number,100-104,Both sexes,26086.34
2065,Number,105-109,Both sexes,7479.79
2065,Number,110-114,Both sexes,974.59
2065,Number,115-119,Both sexes,45.52
2065,Number,120+,Both sexes,0.75
2065,Number,120+,Both sexes,0.0
2065,_%,Total,Both sexes,100.0
2065,_%,0-4,Both sexes,3.14
2065,_%,5-9,Both sexes,3.42
2065,_%,10-14,Both sexes,3.74
2065,_%,15-19,Both sexes,4.01
2065,_%,20-24,Both sexes,3.94
2065,_%,25-29,Both sexes,3.8
2065,_%,30-34,Both sexes,3.89
2065,_%,35-39,Both sexes,4.16
2065,_%,40-44,Both sexes,4.52
2065,_%,45-49,Both sexes,4.83
2065,_%,50-54,Both sexes,5.22
2065,_%,55-59,Both sexes,5.85
2065,_%,60-64,Both sexes,6.12
2065,_%,65-69,Both sexes,7.55
2065,_%,70-74,Both sexes,8.07
2065,_%,75-79,Both sexes,8.54
2065,_%,80-84,Both sexes,7.84
2065,_%,85-89,Both sexes,5.89
2065,_%,90-94,Both sexes,3.5
2065,_%,95-99,Both sexes,1.48
2065,_%,100-104,Both sexes,0.43
2065,_%,105-109,Both sexes,0.06
2065,_%,110-114,Both sexes,0.0
2065,_%,115-119,Both sexes,0.0
2065,_%,120+,Both sexes,0.0
2065,_%,0-14,Both sexes,180995.02
2065,_%,0-18,Both sexes,237217.08
2065,_%,15-29,Both sexes,206440.46
2065,_%,15-49,Both sexes,512018.32
2065,_%,15-64,Both sexes,814036.99
2065,_%,65+,Both sexes,761748.18
2065,_%,75+,Both sexes,487328.42
2065,_%,85+,Both sexes,199612.12
2065,_%,100+,Both sexes,8500.65
2065,_%,0-14,Both sexes,10.3
2065,_%,0-18,Both sexes,13.5
2065,_%,15-29,Both sexes,11.75
2065,_%,15-49,Both sexes,29.15
2065,_%,15-64,Both sexes,46.34
2065,_%,65+,Both sexes,43.36
2065,_%,75+,Both sexes,27.74
2065,_%,85+,Both sexes,11.36
2065,_%,100+,Both sexes,0.48
2070,Number,0-4,Both sexes,1588914.91
2070,Number,5-9,Both sexes,49664.82
2070,Number,10-14,Both sexes,53832.89
2070,Number,15-19,Both sexes,59194.73
2070,Number,20-24,Both sexes,63774.53
2070,Number,25-29,Both sexes,62924.54
2070,Number,30-34,Both sexes,60535.5
2070,Number,35-39,Both sexes,61103.09
2070,Number,40-44,Both sexes,64468.84
2070,Number,45-49,Both sexes,70033.36
2070,Number,50-54,Both sexes,76810.22
2070,Number,55-59,Both sexes,83109.87
2070,Number,60-64,Both sexes,90626.65
2070,Number,65-69,Both sexes,101615.43
2070,Number,70-74,Both sexes,105181.94
2070,Number,75-79,Both sexes,125513.88
2070,Number,80-84,Both sexes,128249.82
2070,Number,85-89,Both sexes,126471.53
2070,Number,90-94,Both sexes,103471.07
2070,Number,95-99,Both sexes,64554.48
2070,Number,100-104,Both sexes,28626.75
2070,Number,105-109,Both sexes,7881.59
2070,Number,110-114,Both sexes,1204.31
2070,Number,115-119,Both sexes,63.83
2070,Number,120+,Both sexes,1.22
2070,Number,120+,Both sexes,0.01
2070,_%,Total,Both sexes,100.0
2070,_%,0-4,Both sexes,3.13
2070,_%,5-9,Both sexes,3.39
2070,_%,10-14,Both sexes,3.73
2070,_%,15-19,Both sexes,4.01
2070,_%,20-24,Both sexes,3.96
2070,_%,25-29,Both sexes,3.81
2070,_%,30-34,Both sexes,3.85
2070,_%,35-39,Both sexes,4.06
2070,_%,40-44,Both sexes,4.41
2070,_%,45-49,Both sexes,4.83
2070,_%,50-54,Both sexes,5.23
2070,_%,55-59,Both sexes,5.7
2070,_%,60-64,Both sexes,6.4
2070,_%,65-69,Both sexes,6.62
2070,_%,70-74,Both sexes,7.9
2070,_%,75-79,Both sexes,8.07
2070,_%,80-84,Both sexes,7.96
2070,_%,85-89,Both sexes,6.51
2070,_%,90-94,Both sexes,4.06
2070,_%,95-99,Both sexes,1.8
2070,_%,100-104,Both sexes,0.5
2070,_%,105-109,Both sexes,0.08
2070,_%,110-114,Both sexes,0.0
2070,_%,115-119,Both sexes,0.0
2070,_%,120+,Both sexes,0.0
2070,_%,0-14,Both sexes,162692.44
2070,_%,0-18,Both sexes,213571.73
2070,_%,15-29,Both sexes,187234.58
2070,_%,15-49,Both sexes,459650.09
2070,_%,15-64,Both sexes,735002.04
2070,_%,65+,Both sexes,691220.43
2070,_%,75+,Both sexes,460524.61
2070,_%,85+,Both sexes,205803.27
2070,_%,100+,Both sexes,9150.97
2070,_%,0-14,Both sexes,10.24
2070,_%,0-18,Both sexes,13.44
2070,_%,15-29,Both sexes,11.78
2070,_%,15-49,Both sexes,28.93
2070,_%,15-64,Both sexes,46.26
2070,_%,65+,Both sexes,43.5
2070,_%,75+,Both sexes,28.98
2070,_%,85+,Both sexes,12.95
2070,_%,100+,Both sexes,0.58
2018,Number,0-4,M,1714253.0
2018,Number,5-9,M,77060.0
2018,Number,10-14,M,87991.0
2018,Number,15-19,M,90862.0
2018,Number,20-24,M,97735.0
2018,Number,25-29,M,124642.0
2018,Number,30-34,M,115506.0
2018,Number,35-39,M,128613.0
2018,Number,40-44,M,128321.0
2018,Number,45-49,M,125498.0
2018,Number,50-54,M,120314.0
2018,Number,55-59,M,126686.0
2018,Number,60-64,M,129670.0
2018,Number,65-69,M,118083.0
2018,Number,70-74,M,94375.0
2018,Number,75-79,M,59475.0
2018,Number,80-84,M,44663.0
2018,Number,85-89,M,30186.0
2018,Number,90-94,M,11675.0
2018,Number,95-99,M,2542.0
2018,Number,100-104,M,271.0
2018,Number,105-109,M,81.0
2018,Number,110-114,M,4.0
2018,Number,115-119,M,0.0
2018,Number,120+,M,0.0
2018,Number,120+,M,0.0
2018,_%,Total,M,100.0
2018,_%,0-4,M,4.5
2018,_%,5-9,M,5.13
2018,_%,10-14,M,5.3
2018,_%,15-19,M,5.7
2018,_%,20-24,M,7.27
2018,_%,25-29,M,6.74
2018,_%,30-34,M,7.5
2018,_%,35-39,M,7.49
2018,_%,40-44,M,7.32
2018,_%,45-49,M,7.02
2018,_%,50-54,M,7.39
2018,_%,55-59,M,7.56
2018,_%,60-64,M,6.89
2018,_%,65-69,M,5.51
2018,_%,70-74,M,3.47
2018,_%,75-79,M,2.61
2018,_%,80-84,M,1.76
2018,_%,85-89,M,0.68
2018,_%,90-94,M,0.15
2018,_%,95-99,M,0.02
2018,_%,100-104,M,0.0
2018,_%,105-109,M,0.0
2018,_%,110-114,M,0.0
2018,_%,115-119,M,0.0
2018,_%,120+,M,0.0
2020,Number,0-4,M,1676817.35
2020,Number,5-9,M,75744.04
2020,Number,10-14,M,81011.49
2020,Number,15-19,M,91040.87
2020,Number,20-24,M,91652.62
2020,Number,25-29,M,108286.86
2020,Number,30-34,M,108473.6
2020,Number,35-39,M,119686.72
2020,Number,40-44,M,125098.53
2020,Number,45-49,M,123123.93
2020,Number,50-54,M,120061.69
2020,Number,55-59,M,119979.54
2020,Number,60-64,M,128231.89
2020,Number,65-69,M,120620.76
2020,Number,70-74,M,102595.16
2020,Number,75-79,M,71140.03
2020,Number,80-84,M,40179.56
2020,Number,85-89,M,32442.48
2020,Number,90-94,M,13550.11
2020,Number,95-99,M,3471.28
2020,Number,100-104,M,363.23
2020,Number,105-109,M,58.11
2020,Number,110-114,M,4.87
2020,Number,115-119,M,0.0
2020,Number,120+,M,0.0
2020,Number,120+,M,0.0
2020,_%,Total,M,100.0
2020,_%,0-4,M,4.52
2020,_%,5-9,M,4.83
2020,_%,10-14,M,5.43
2020,_%,15-19,M,5.47
2020,_%,20-24,M,6.46
2020,_%,25-29,M,6.47
2020,_%,30-34,M,7.14
2020,_%,35-39,M,7.46
2020,_%,40-44,M,7.34
2020,_%,45-49,M,7.16
2020,_%,50-54,M,7.16
2020,_%,55-59,M,7.65
2020,_%,60-64,M,7.19
2020,_%,65-69,M,6.12
2020,_%,70-74,M,4.24
2020,_%,75-79,M,2.4
2020,_%,80-84,M,1.93
2020,_%,85-89,M,0.81
2020,_%,90-94,M,0.21
2020,_%,95-99,M,0.02
2020,_%,100-104,M,0.0
2020,_%,105-109,M,0.0
2020,_%,110-114,M,0.0
2020,_%,115-119,M,0.0
2020,_%,120+,M,0.0
2025,Number,0-4,M,1582100.1
2025,Number,5-9,M,68574.6
2025,Number,10-14,M,73811.81
2025,Number,15-19,M,79627.3
2025,Number,20-24,M,87929.07
2025,Number,25-29,M,80608.87
2025,Number,30-34,M,91492.04
2025,Number,35-39,M,95451.27
2025,Number,40-44,M,108357.86
2025,Number,45-49,M,115447.94
2025,Number,50-54,M,115904.29
2025,Number,55-59,M,114700.67
2025,Number,60-64,M,115462.29
2025,Number,65-69,M,122833.48
2025,Number,70-74,M,112637.79
2025,Number,75-79,M,90182.42
2025,Number,80-84,M,56511.74
2025,Number,85-89,M,27788.38
2025,Number,90-94,M,18088.37
2025,Number,95-99,M,5637.01
2025,Number,100-104,M,984.02
2025,Number,105-109,M,63.42
2025,Number,110-114,M,5.2
2025,Number,115-119,M,0.24
2025,Number,120+,M,0.0
2025,Number,120+,M,0.0
2025,_%,Total,M,100.0
2025,_%,0-4,M,4.33
2025,_%,5-9,M,4.67
2025,_%,10-14,M,5.03
2025,_%,15-19,M,5.56
2025,_%,20-24,M,5.1
2025,_%,25-29,M,5.78
2025,_%,30-34,M,6.03
2025,_%,35-39,M,6.85
2025,_%,40-44,M,7.3
2025,_%,45-49,M,7.33
2025,_%,50-54,M,7.25
2025,_%,55-59,M,7.3
2025,_%,60-64,M,7.76
2025,_%,65-69,M,7.12
2025,_%,70-74,M,5.7
2025,_%,75-79,M,3.57
2025,_%,80-84,M,1.76
2025,_%,85-89,M,1.14
2025,_%,90-94,M,0.36
2025,_%,95-99,M,0.06
2025,_%,100-104,M,0.0
2025,_%,105-109,M,0.0
2025,_%,110-114,M,0.0
2025,_%,115-119,M,0.0
2025,_%,120+,M,0.0
2030,Number,0-4,M,1484263.58
2030,Number,5-9,M,60095.37
2030,Number,10-14,M,66744.5
2030,Number,15-19,M,72456.77
2030,Number,20-24,M,76786.28
2030,Number,25-29,M,77122.07
2030,Number,30-34,M,68893.79
2030,Number,35-39,M,80870.76
2030,Number,40-44,M,86859.11
2030,Number,45-49,M,100041.02
2030,Number,50-54,M,108422.4
2030,Number,55-59,M,110448.13
2030,Number,60-64,M,110339.27
2030,Number,65-69,M,111040.16
2030,Number,70-74,M,114991.8
2030,Number,75-79,M,99722.72
2030,Number,80-84,M,72804.67
2030,Number,85-89,M,40391.95
2030,Number,90-94,M,16240.74
2030,Number,95-99,M,8049.14
2030,Number,100-104,M,1743.26
2030,Number,105-109,M,192.45
2030,Number,110-114,M,6.94
2030,Number,115-119,M,0.26
2030,Number,120+,M,0.01
2030,Number,120+,M,0.0
2030,_%,Total,M,100.0
2030,_%,0-4,M,4.05
2030,_%,5-9,M,4.5
2030,_%,10-14,M,4.88
2030,_%,15-19,M,5.17
2030,_%,20-24,M,5.2
2030,_%,25-29,M,4.64
2030,_%,30-34,M,5.45
2030,_%,35-39,M,5.85
2030,_%,40-44,M,6.74
2030,_%,45-49,M,7.3
2030,_%,50-54,M,7.44
2030,_%,55-59,M,7.43
2030,_%,60-64,M,7.48
2030,_%,65-69,M,7.75
2030,_%,70-74,M,6.72
2030,_%,75-79,M,4.91
2030,_%,80-84,M,2.72
2030,_%,85-89,M,1.09
2030,_%,90-94,M,0.54
2030,_%,95-99,M,0.12
2030,_%,100-104,M,0.01
2030,_%,105-109,M,0.0
2030,_%,110-114,M,0.0
2030,_%,115-119,M,0.0
2030,_%,120+,M,0.0
2035,Number,0-4,M,1382448.5
2035,Number,5-9,M,52623.2
2035,Number,10-14,M,58496.73
2035,Number,15-19,M,65455.94
2035,Number,20-24,M,69870.83
2035,Number,25-29,M,67171.05
2035,Number,30-34,M,65463.74
2035,Number,35-39,M,61478.71
2035,Number,40-44,M,73844.29
2035,Number,45-49,M,80576.96
2035,Number,50-54,M,94057.93
2035,Number,55-59,M,103224.18
2035,Number,60-64,M,106183.19
2035,Number,65-69,M,106303.73
2035,Number,70-74,M,104587.35
2035,Number,75-79,M,102612.5
2035,Number,80-84,M,81727.25
2035,Number,85-89,M,53283.28
2035,Number,90-94,M,24779.77
2035,Number,95-99,M,7632.33
2035,Number,100-104,M,2680.88
2035,Number,105-109,M,371.24
2035,Number,110-114,M,23.02
2035,Number,115-119,M,0.4
2035,Number,120+,M,0.01
2035,Number,120+,M,0.0
2035,_%,Total,M,100.0
2035,_%,0-4,M,3.81
2035,_%,5-9,M,4.23
2035,_%,10-14,M,4.73
2035,_%,15-19,M,5.05
2035,_%,20-24,M,4.86
2035,_%,25-29,M,4.74
2035,_%,30-34,M,4.45
2035,_%,35-39,M,5.34
2035,_%,40-44,M,5.83
2035,_%,45-49,M,6.8
2035,_%,50-54,M,7.47
2035,_%,55-59,M,7.68
2035,_%,60-64,M,7.69
2035,_%,65-69,M,7.57
2035,_%,70-74,M,7.42
2035,_%,75-79,M,5.91
2035,_%,80-84,M,3.85
2035,_%,85-89,M,1.79
2035,_%,90-94,M,0.55
2035,_%,95-99,M,0.19
2035,_%,100-104,M,0.03
2035,_%,105-109,M,0.0
2035,_%,110-114,M,0.0
2035,_%,115-119,M,0.0
2035,_%,120+,M,0.0
2040,Number,0-4,M,1278118.72
2040,Number,5-9,M,47005.39
2040,Number,10-14,M,51227.4
2040,Number,15-19,M,57370.72
2040,Number,20-24,M,63044.09
2040,Number,25-29,M,61175.78
2040,Number,30-34,M,57032.31
2040,Number,35-39,M,58052.51
2040,Number,40-44,M,56629.24
2040,Number,45-49,M,68696.57
2040,Number,50-54,M,76086.22
2040,Number,55-59,M,89687.55
2040,Number,60-64,M,99257.34
2040,Number,65-69,M,102379.57
2040,Number,70-74,M,100505.43
2040,Number,75-79,M,94133.25
2040,Number,80-84,M,85243.7
2040,Number,85-89,M,61050.9
2040,Number,90-94,M,33796.18
2040,Number,95-99,M,12386.95
2040,Number,100-104,M,2695.94
2040,Number,105-109,M,612.92
2040,Number,110-114,M,47.37
2040,Number,115-119,M,1.38
2040,Number,120+,M,0.01
2040,Number,120+,M,0.0
2040,_%,Total,M,100.0
2040,_%,0-4,M,3.68
2040,_%,5-9,M,4.01
2040,_%,10-14,M,4.49
2040,_%,15-19,M,4.93
2040,_%,20-24,M,4.79
2040,_%,25-29,M,4.46
2040,_%,30-34,M,4.54
2040,_%,35-39,M,4.43
2040,_%,40-44,M,5.37
2040,_%,45-49,M,5.95
2040,_%,50-54,M,7.02
2040,_%,55-59,M,7.77
2040,_%,60-64,M,8.01
2040,_%,65-69,M,7.86
2040,_%,70-74,M,7.36
2040,_%,75-79,M,6.67
2040,_%,80-84,M,4.78
2040,_%,85-89,M,2.64
2040,_%,90-94,M,0.97
2040,_%,95-99,M,0.21
2040,_%,100-104,M,0.05
2040,_%,105-109,M,0.0
2040,_%,110-114,M,0.0
2040,_%,115-119,M,0.0
2040,_%,120+,M,0.0
2045,Number,0-4,M,1173497.52
2045,Number,5-9,M,42733.05
2045,Number,10-14,M,45744.3
2045,Number,15-19,M,50254.78
2045,Number,20-24,M,55269.47
2045,Number,25-29,M,55103.76
2045,Number,30-34,M,51872.46
2045,Number,35-39,M,50640.65
2045,Number,40-44,M,53231.91
2045,Number,45-49,M,53072.66
2045,Number,50-54,M,65046.68
2045,Number,55-59,M,72879.9
2045,Number,60-64,M,86459.08
2045,Number,65-69,M,95869.98
2045,Number,70-74,M,97075.84
2045,Number,75-79,M,91158.07
2045,Number,80-84,M,79240.26
2045,Number,85-89,M,64902.14
2045,Number,90-94,M,39859.75
2045,Number,95-99,M,17640.17
2045,Number,100-104,M,4703.99
2045,Number,105-109,M,652.91
2045,Number,110-114,M,82.76
2045,Number,115-119,M,2.92
2045,Number,120+,M,0.04
2045,Number,120+,M,0.0
2045,_%,Total,M,100.0
2045,_%,0-4,M,3.64
2045,_%,5-9,M,3.9
2045,_%,10-14,M,4.28
2045,_%,15-19,M,4.71
2045,_%,20-24,M,4.7
2045,_%,25-29,M,4.42
2045,_%,30-34,M,4.32
2045,_%,35-39,M,4.54
2045,_%,40-44,M,4.52
2045,_%,45-49,M,5.54
2045,_%,50-54,M,6.21
2045,_%,55-59,M,7.37
2045,_%,60-64,M,8.17
2045,_%,65-69,M,8.27
2045,_%,70-74,M,7.77
2045,_%,75-79,M,6.75
2045,_%,80-84,M,5.53
2045,_%,85-89,M,3.4
2045,_%,90-94,M,1.5
2045,_%,95-99,M,0.4
2045,_%,100-104,M,0.06
2045,_%,105-109,M,0.01
2045,_%,110-114,M,0.0
2045,_%,115-119,M,0.0
2045,_%,120+,M,0.0
2050,Number,0-4,M,1070800.58
2050,Number,5-9,M,38857.03
2050,Number,10-14,M,41556.94
2050,Number,15-19,M,44865.62
2050,Number,20-24,M,48433.07
2050,Number,25-29,M,48330.84
2050,Number,30-34,M,46652.84
2050,Number,35-39,M,45993.01
2050,Number,40-44,M,46483.1
2050,Number,45-49,M,49721.56
2050,Number,50-54,M,50587.98
2050,Number,55-59,M,62483.75
2050,Number,60-64,M,70596.33
2050,Number,65-69,M,83809.81
2050,Number,70-74,M,91217.24
2050,Number,75-79,M,88594.96
2050,Number,80-84,M,77725.5
2050,Number,85-89,M,61426.13
2050,Number,90-94,M,43501.9
2050,Number,95-99,M,21591.81
2050,Number,100-104,M,7043.32
2050,Number,105-109,M,1230.36
2050,Number,110-114,M,92.17
2050,Number,115-119,M,5.23
2050,Number,120+,M,0.08
2050,Number,120+,M,0.0
2050,_%,Total,M,100.0
2050,_%,0-4,M,3.63
2050,_%,5-9,M,3.88
2050,_%,10-14,M,4.19
2050,_%,15-19,M,4.52
2050,_%,20-24,M,4.51
2050,_%,25-29,M,4.36
2050,_%,30-34,M,4.3
2050,_%,35-39,M,4.34
2050,_%,40-44,M,4.64
2050,_%,45-49,M,4.72
2050,_%,50-54,M,5.84
2050,_%,55-59,M,6.59
2050,_%,60-64,M,7.83
2050,_%,65-69,M,8.52
2050,_%,70-74,M,8.27
2050,_%,75-79,M,7.26
2050,_%,80-84,M,5.74
2050,_%,85-89,M,4.06
2050,_%,90-94,M,2.02
2050,_%,95-99,M,0.66
2050,_%,100-104,M,0.11
2050,_%,105-109,M,0.01
2050,_%,110-114,M,0.0
2050,_%,115-119,M,0.0
2050,_%,120+,M,0.0
2055,Number,0-4,M,972050.87
2055,Number,5-9,M,35199.5
2055,Number,10-14,M,37761.93
2055,Number,15-19,M,40729.74
2055,Number,20-24,M,43237.67
2055,Number,25-29,M,42380.37
2055,Number,30-34,M,40955.29
2055,Number,35-39,M,41320.62
2055,Number,40-44,M,42176.66
2055,Number,45-49,M,43460.58
2055,Number,50-54,M,47274.45
2055,Number,55-59,M,48899.51
2055,Number,60-64,M,60720.63
2055,Number,65-69,M,68811.49
2055,Number,70-74,M,80112.44
2055,Number,75-79,M,83747.42
2055,Number,80-84,M,76321.76
2055,Number,85-89,M,61315.95
2055,Number,90-94,M,42157.95
2055,Number,95-99,M,24345.11
2055,Number,100-104,M,8994.12
2055,Number,105-109,M,1935.46
2055,Number,110-114,M,186.15
2055,Number,115-119,M,5.93
2055,Number,120+,M,0.15
2055,Number,120+,M,0.0
2055,_%,Total,M,100.0
2055,_%,0-4,M,3.62
2055,_%,5-9,M,3.88
2055,_%,10-14,M,4.19
2055,_%,15-19,M,4.45
2055,_%,20-24,M,4.36
2055,_%,25-29,M,4.21
2055,_%,30-34,M,4.25
2055,_%,35-39,M,4.34
2055,_%,40-44,M,4.47
2055,_%,45-49,M,4.86
2055,_%,50-54,M,5.03
2055,_%,55-59,M,6.25
2055,_%,60-64,M,7.08
2055,_%,65-69,M,8.24
2055,_%,70-74,M,8.62
2055,_%,75-79,M,7.85
2055,_%,80-84,M,6.31
2055,_%,85-89,M,4.34
2055,_%,90-94,M,2.5
2055,_%,95-99,M,0.93
2055,_%,100-104,M,0.2
2055,_%,105-109,M,0.02
2055,_%,110-114,M,0.0
2055,_%,115-119,M,0.0
2055,_%,120+,M,0.0
2060,Number,0-4,M,878275.53
2060,Number,5-9,M,31669.97
2060,Number,10-14,M,34191.84
2060,Number,15-19,M,36987.89
2060,Number,20-24,M,39231.42
2060,Number,25-29,M,37844.08
2060,Number,30-34,M,35953.88
2060,Number,35-39,M,36312.32
2060,Number,40-44,M,37865.44
2060,Number,45-49,M,39413.08
2060,Number,50-54,M,41369.7
2060,Number,55-59,M,45622.73
2060,Number,60-64,M,47809.01
2060,Number,65-69,M,59391.33
2060,Number,70-74,M,66174.08
2060,Number,75-79,M,73966.9
2060,Number,80-84,M,72796.88
2060,Number,85-89,M,61014.45
2060,Number,90-94,M,43035.44
2060,Number,95-99,M,24244.79
2060,Number,100-104,M,10494.65
2060,Number,105-109,M,2569.55
2060,Number,110-114,M,303.46
2060,Number,115-119,M,12.46
2060,Number,120+,M,0.17
2060,Number,120+,M,0.0
2060,_%,Total,M,100.0
2060,_%,0-4,M,3.61
2060,_%,5-9,M,3.89
2060,_%,10-14,M,4.21
2060,_%,15-19,M,4.47
2060,_%,20-24,M,4.31
2060,_%,25-29,M,4.09
2060,_%,30-34,M,4.13
2060,_%,35-39,M,4.31
2060,_%,40-44,M,4.49
2060,_%,45-49,M,4.71
2060,_%,50-54,M,5.19
2060,_%,55-59,M,5.44
2060,_%,60-64,M,6.76
2060,_%,65-69,M,7.53
2060,_%,70-74,M,8.42
2060,_%,75-79,M,8.29
2060,_%,80-84,M,6.95
2060,_%,85-89,M,4.9
2060,_%,90-94,M,2.76
2060,_%,95-99,M,1.19
2060,_%,100-104,M,0.29
2060,_%,105-109,M,0.03
2060,_%,110-114,M,0.0
2060,_%,115-119,M,0.0
2060,_%,120+,M,0.0
2065,Number,0-4,M,790550.01
2065,Number,5-9,M,28373.21
2065,Number,10-14,M,30759.55
2065,Number,15-19,M,33479.79
2065,Number,20-24,M,35612.66
2065,Number,25-29,M,34322.06
2065,Number,30-34,M,32112.1
2065,Number,35-39,M,31921.72
2065,Number,40-44,M,33318.11
2065,Number,45-49,M,35378.22
2065,Number,50-54,M,37515.32
2065,Number,55-59,M,39988.32
2065,Number,60-64,M,44579.06
2065,Number,65-69,M,47093.34
2065,Number,70-74,M,57348.82
2065,Number,75-79,M,61497.82
2065,Number,80-84,M,64840.95
2065,Number,85-89,M,58950.55
2065,Number,90-94,M,43636.06
2065,Number,95-99,M,25492.98
2065,Number,100-104,M,10789.42
2065,Number,105-109,M,3102.79
2065,Number,110-114,M,416.16
2065,Number,115-119,M,20.62
2065,Number,120+,M,0.36
2065,Number,120+,M,0.0
2065,_%,Total,M,100.0
2065,_%,0-4,M,3.59
2065,_%,5-9,M,3.89
2065,_%,10-14,M,4.24
2065,_%,15-19,M,4.5
2065,_%,20-24,M,4.34
2065,_%,25-29,M,4.06
2065,_%,30-34,M,4.04
2065,_%,35-39,M,4.21
2065,_%,40-44,M,4.48
2065,_%,45-49,M,4.75
2065,_%,50-54,M,5.06
2065,_%,55-59,M,5.64
2065,_%,60-64,M,5.96
2065,_%,65-69,M,7.25
2065,_%,70-74,M,7.78
2065,_%,75-79,M,8.2
2065,_%,80-84,M,7.46
2065,_%,85-89,M,5.52
2065,_%,90-94,M,3.22
2065,_%,95-99,M,1.36
2065,_%,100-104,M,0.39
2065,_%,105-109,M,0.05
2065,_%,110-114,M,0.0
2065,_%,115-119,M,0.0
2065,_%,120+,M,0.0
2070,Number,0-4,M,709726.72
2070,Number,5-9,M,25551.4
2070,Number,10-14,M,27559.85
2070,Number,15-19,M,30117.98
2070,Number,20-24,M,32227.97
2070,Number,25-29,M,31144.07
2070,Number,30-34,M,29104.2
2070,Number,35-39,M,28521.89
2070,Number,40-44,M,29332.93
2070,Number,45-49,M,31170.43
2070,Number,50-54,M,33682.32
2070,Number,55-59,M,36277.89
2070,Number,60-64,M,39158.91
2070,Number,65-69,M,43938.16
2070,Number,70-74,M,45821.0
2070,Number,75-79,M,53550.4
2070,Number,80-84,M,54396.74
2070,Number,85-89,M,53135.57
2070,Number,90-94,M,42935.65
2070,Number,95-99,M,26497.64
2070,Number,100-104,M,11762.27
2070,Number,105-109,M,3293.66
2070,Number,110-114,M,516.42
2070,Number,115-119,M,28.76
2070,Number,120+,M,0.59
2070,Number,120+,M,0.01
2070,_%,Total,M,100.0
2070,_%,0-4,M,3.6
2070,_%,5-9,M,3.88
2070,_%,10-14,M,4.24
2070,_%,15-19,M,4.54
2070,_%,20-24,M,4.39
2070,_%,25-29,M,4.1
2070,_%,30-34,M,4.02
2070,_%,35-39,M,4.13
2070,_%,40-44,M,4.39
2070,_%,45-49,M,4.75
2070,_%,50-54,M,5.11
2070,_%,55-59,M,5.52
2070,_%,60-64,M,6.19
2070,_%,65-69,M,6.46
2070,_%,70-74,M,7.55
2070,_%,75-79,M,7.66
2070,_%,80-84,M,7.49
2070,_%,85-89,M,6.05
2070,_%,90-94,M,3.73
2070,_%,95-99,M,1.66
2070,_%,100-104,M,0.46
2070,_%,105-109,M,0.07
2070,_%,110-114,M,0.0
2070,_%,115-119,M,0.0
2018,Number,Total,F,1777770.0
2018,Number,0-4,F,71887.0
2018,Number,5-9,F,83144.0
2018,Number,10-14,F,86236.0
2018,Number,15-19,F,92867.0
2018,Number,20-24,F,118251.0
2018,Number,25-29,F,109922.0
2018,Number,30-34,F,122620.0
2018,Number,35-39,F,124160.0
2018,Number,40-44,F,122646.0
2018,Number,45-49,F,118759.0
2018,Number,50-54,F,128806.0
2018,Number,55-59,F,136494.0
2018,Number,60-64,F,129979.0
2018,Number,65-69,F,112423.0
2018,Number,70-74,F,78187.0
2018,Number,75-79,F,65488.0
2018,Number,80-84,F,48905.0
2018,Number,85-89,F,20820.0
2018,Number,90-94,F,5224.0
2018,Number,95-99,F,804.0
2018,Number,100-104,F,140.0
2018,Number,105-109,F,8.0
2018,Number,110-114,F,0.0
2018,Number,115-119,F,0.0
2018,Number,120+,F,0.0
2018,_%,Total,F,100.0
2018,_%,0-4,F,4.04
2018,_%,5-9,F,4.68
2018,_%,10-14,F,4.85
2018,_%,15-19,F,5.22
2018,_%,20-24,F,6.65
2018,_%,25-29,F,6.18
2018,_%,30-34,F,6.9
2018,_%,35-39,F,6.98
2018,_%,40-44,F,6.9
2018,_%,45-49,F,6.68
2018,_%,50-54,F,7.25
2018,_%,55-59,F,7.68
2018,_%,60-64,F,7.31
2018,_%,65-69,F,6.32
2018,_%,70-74,F,4.4
2018,_%,75-79,F,3.68
2018,_%,80-84,F,2.75
2018,_%,85-89,F,1.17
2018,_%,90-94,F,0.29
2018,_%,95-99,F,0.05
2018,_%,100-104,F,0.01
2018,_%,105-109,F,0.0
2018,_%,110-114,F,0.0
2018,_%,115-119,F,0.0
2018,_%,120+,F,0.0
2020,Number,Total,F,1753499.0
2020,Number,0-4,F,70677.51
2020,Number,5-9,F,76727.98
2020,Number,10-14,F,86367.09
2020,Number,15-19,F,86940.49
2020,Number,20-24,F,105111.8
2020,Number,25-29,F,105737.54
2020,Number,30-34,F,116789.53
2020,Number,35-39,F,122836.31
2020,Number,40-44,F,121872.65
2020,Number,45-49,F,119959.18
2020,Number,50-54,F,121474.77
2020,Number,55-59,F,134214.44
2020,Number,60-64,F,131678.44
2020,Number,65-69,F,118764.45
2020,Number,70-74,F,92006.2
2020,Number,75-79,F,58447.65
2020,Number,80-84,F,51988.82
2020,Number,85-89,F,24210.74
2020,Number,90-94,F,6647.34
2020,Number,95-99,F,930.61
2020,Number,100-104,F,107.27
2020,Number,105-109,F,7.94
2020,Number,110-114,F,0.24
2020,Number,115-119,F,0.0
2020,Number,120+,F,0.0
2020,_%,Total,F,100.0
2020,_%,0-4,F,4.03
2020,_%,5-9,F,4.38
2020,_%,10-14,F,4.93
2020,_%,15-19,F,4.96
2020,_%,20-24,F,5.99
2020,_%,25-29,F,6.03
2020,_%,30-34,F,6.66
2020,_%,35-39,F,7.01
2020,_%,40-44,F,6.95
2020,_%,45-49,F,6.84
2020,_%,50-54,F,6.93
2020,_%,55-59,F,7.65
2020,_%,60-64,F,7.51
2020,_%,65-69,F,6.77
2020,_%,70-74,F,5.25
2020,_%,75-79,F,3.33
2020,_%,80-84,F,2.96
2020,_%,85-89,F,1.38
2020,_%,90-94,F,0.38
2020,_%,95-99,F,0.05
2020,_%,100-104,F,0.01
2020,_%,105-109,F,0.0
2020,_%,110-114,F,0.0
2020,_%,115-119,F,0.0
2020,_%,120+,F,0.0
2025,Number,Total,F,1687426.36
2025,Number,0-4,F,64639.68
2025,Number,5-9,F,69210.38
2025,Number,10-14,F,75967.02
2025,Number,15-19,F,84198.17
2025,Number,20-24,F,79313.38
2025,Number,25-29,F,93721.04
2025,Number,30-34,F,98694.89
2025,Number,35-39,F,111838.43
2025,Number,40-44,F,118994.62
2025,Number,45-49,F,118892.86
2025,Number,50-54,F,118111.58
2025,Number,55-59,F,119911.28
2025,Number,60-64,F,131556.72
2025,Number,65-69,F,126557.37
2025,Number,70-74,F,109095.38
2025,Number,75-79,F,78732.03
2025,Number,80-84,F,43905.1
2025,Number,85-89,F,31502.82
2025,Number,90-94,F,10621.45
2025,Number,95-99,F,1815.08
2025,Number,100-104,F,139.21
2025,Number,105-109,F,7.6
2025,Number,110-114,F,0.28
2025,Number,115-119,F,0.0
2025,Number,120+,F,0.0
2025,_%,Total,F,100.0
2025,_%,0-4,F,3.83
2025,_%,5-9,F,4.1
2025,_%,10-14,F,4.5
2025,_%,15-19,F,4.99
2025,_%,20-24,F,4.7
2025,_%,25-29,F,5.55
2025,_%,30-34,F,5.85
2025,_%,35-39,F,6.63
2025,_%,40-44,F,7.05
2025,_%,45-49,F,7.05
2025,_%,50-54,F,7.0
2025,_%,55-59,F,7.11
2025,_%,60-64,F,7.8
2025,_%,65-69,F,7.5
2025,_%,70-74,F,6.47
2025,_%,75-79,F,4.67
2025,_%,80-84,F,2.6
2025,_%,85-89,F,1.87
2025,_%,90-94,F,0.63
2025,_%,95-99,F,0.11
2025,_%,100-104,F,0.01
2025,_%,105-109,F,0.0
2025,_%,110-114,F,0.0
2025,_%,115-119,F,0.0
2025,_%,120+,F,0.0
2030,Number,Total,F,1612820.3
2030,Number,0-4,F,56656.9
2030,Number,5-9,F,63262.24
2030,Number,10-14,F,68514.2
2030,Number,15-19,F,74026.59
2030,Number,20-24,F,76651.17
2030,Number,25-29,F,71223.84
2030,Number,30-34,F,87672.75
2030,Number,35-39,F,94702.45
2030,Number,40-44,F,108309.42
2030,Number,45-49,F,115912.08
2030,Number,50-54,F,116903.35
2030,Number,55-59,F,116561.35
2030,Number,60-64,F,117823.19
2030,Number,65-69,F,126699.92
2030,Number,70-74,F,116892.58
2030,Number,75-79,F,94368.42
2030,Number,80-84,F,60773.33
2030,Number,85-89,F,27657.69
2030,Number,90-94,F,14691.06
2030,Number,95-99,F,3189.11
2030,Number,100-104,F,316.29
2030,Number,105-109,F,12.07
2030,Number,110-114,F,0.29
2030,Number,115-119,F,0.01
2030,Number,120+,F,0.0
2030,_%,Total,F,100.0
2030,_%,0-4,F,3.51
2030,_%,5-9,F,3.92
2030,_%,10-14,F,4.25
2030,_%,15-19,F,4.59
2030,_%,20-24,F,4.75
2030,_%,25-29,F,4.42
2030,_%,30-34,F,5.44
2030,_%,35-39,F,5.87
2030,_%,40-44,F,6.72
2030,_%,45-49,F,7.19
2030,_%,50-54,F,7.25
2030,_%,55-59,F,7.23
2030,_%,60-64,F,7.31
2030,_%,65-69,F,7.86
2030,_%,70-74,F,7.25
2030,_%,75-79,F,5.85
2030,_%,80-84,F,3.77
2030,_%,85-89,F,1.71
2030,_%,90-94,F,0.91
2030,_%,95-99,F,0.2
2030,_%,100-104,F,0.02
2030,_%,105-109,F,0.0
2030,_%,110-114,F,0.0
2030,_%,115-119,F,0.0
2030,_%,120+,F,0.0
2035,Number,Total,F,1529811.5
2035,Number,0-4,F,49620.86
2035,Number,5-9,F,55509.08
2035,Number,10-14,F,62603.47
2035,Number,15-19,F,66826.77
2035,Number,20-24,F,67347.66
2035,Number,25-29,F,68613.7
2035,Number,30-34,F,67008.1
2035,Number,35-39,F,84219.79
2035,Number,40-44,F,91922.98
2035,Number,45-49,F,105527.15
2035,Number,50-54,F,113883.61
2035,Number,55-59,F,115294.49
2035,Number,60-64,F,114617.6
2035,Number,65-69,F,113883.69
2035,Number,70-74,F,117640.19
2035,Number,75-79,F,102132.81
2035,Number,80-84,F,74182.46
2035,Number,85-89,F,39993.41
2035,Number,90-94,F,13567.3
2035,Number,95-99,F,4769.1
2035,Number,100-104,F,615.31
2035,Number,105-109,F,31.42
2035,Number,110-114,F,0.53
2035,Number,115-119,F,0.01
2035,Number,120+,F,0.0
2035,_%,Total,F,100.0
2035,_%,0-4,F,3.24
2035,_%,5-9,F,3.63
2035,_%,10-14,F,4.09
2035,_%,15-19,F,4.37
2035,_%,20-24,F,4.4
2035,_%,25-29,F,4.49
2035,_%,30-34,F,4.38
2035,_%,35-39,F,5.51
2035,_%,40-44,F,6.01
2035,_%,45-49,F,6.9
2035,_%,50-54,F,7.44
2035,_%,55-59,F,7.54
2035,_%,60-64,F,7.49
2035,_%,65-69,F,7.44
2035,_%,70-74,F,7.69
2035,_%,75-79,F,6.68
2035,_%,80-84,F,4.85
2035,_%,85-89,F,2.61
2035,_%,90-94,F,0.89
2035,_%,95-99,F,0.31
2035,_%,100-104,F,0.04
2035,_%,105-109,F,0.0
2035,_%,110-114,F,0.0
2035,_%,115-119,F,0.0
2035,_%,120+,F,0.0
2040,Number,Total,F,1439839.01
2040,Number,0-4,F,44331.52
2040,Number,5-9,F,48663.86
2040,Number,10-14,F,54988.17
2040,Number,15-19,F,61019.07
2040,Number,20-24,F,60883.24
2040,Number,25-29,F,60365.69
2040,Number,30-34,F,64354.85
2040,Number,35-39,F,64698.91
2040,Number,40-44,F,81804.91
2040,Number,45-49,F,89733.88
2040,Number,50-54,F,103723.85
2040,Number,55-59,F,112270.32
2040,Number,60-64,F,113369.28
2040,Number,65-69,F,111033.28
2040,Number,70-74,F,106336.61
2040,Number,75-79,F,103732.03
2040,Number,80-84,F,81617.85
2040,Number,85-89,F,50270.69
2040,Number,90-94,F,20878.36
2040,Number,95-99,F,4691.7
2040,Number,100-104,F,1002.46
2040,Number,105-109,F,66.95
2040,Number,110-114,F,1.5
2040,Number,115-119,F,0.01
2040,Number,120+,F,0.0
2040,_%,Total,F,100.0
2040,_%,0-4,F,3.08
2040,_%,5-9,F,3.38
2040,_%,10-14,F,3.82
2040,_%,15-19,F,4.24
2040,_%,20-24,F,4.23
2040,_%,25-29,F,4.19
2040,_%,30-34,F,4.47
2040,_%,35-39,F,4.49
2040,_%,40-44,F,5.68
2040,_%,45-49,F,6.23
2040,_%,50-54,F,7.2
2040,_%,55-59,F,7.8
2040,_%,60-64,F,7.87
2040,_%,65-69,F,7.71
2040,_%,70-74,F,7.39
2040,_%,75-79,F,7.2
2040,_%,80-84,F,5.67
2040,_%,85-89,F,3.49
2040,_%,90-94,F,1.45
2040,_%,95-99,F,0.33
2040,_%,100-104,F,0.07
2040,_%,105-109,F,0.0
2040,_%,110-114,F,0.0
2040,_%,115-119,F,0.0
2040,_%,120+,F,0.0
2045,Number,Total,F,1344965.31
2045,Number,0-4,F,40308.99
2045,Number,5-9,F,43495.85
2045,Number,10-14,F,48265.99
2045,Number,15-19,F,53648.19
2045,Number,20-24,F,55541.74
2045,Number,25-29,F,54576.67
2045,Number,30-34,F,56720.8
2045,Number,35-39,F,62013.76
2045,Number,40-44,F,63161.78
2045,Number,45-49,F,79931.68
2045,Number,50-54,F,88372.51
2045,Number,55-59,F,102335.78
2045,Number,60-64,F,110429.39
2045,Number,65-69,F,109977.84
2045,Number,70-74,F,104215.59
2045,Number,75-79,F,94632.17
2045,Number,80-84,F,84154.83
2045,Number,85-89,F,56786.96
2045,Number,90-94,F,27381.16
2045,Number,95-99,F,7834.02
2045,Number,100-104,F,1058.11
2045,Number,105-109,F,118.09
2045,Number,110-114,F,3.39
2045,Number,115-119,F,0.03
2045,Number,120+,F,0.0
2045,_%,Total,F,100.0
2045,_%,0-4,F,3.0
2045,_%,5-9,F,3.23
2045,_%,10-14,F,3.59
2045,_%,15-19,F,3.99
2045,_%,20-24,F,4.13
2045,_%,25-29,F,4.06
2045,_%,30-34,F,4.22
2045,_%,35-39,F,4.61
2045,_%,40-44,F,4.7
2045,_%,45-49,F,5.94
2045,_%,50-54,F,6.57
2045,_%,55-59,F,7.61
2045,_%,60-64,F,8.21
2045,_%,65-69,F,8.18
2045,_%,70-74,F,7.75
2045,_%,75-79,F,7.04
2045,_%,80-84,F,6.26
2045,_%,85-89,F,4.22
2045,_%,90-94,F,2.04
2045,_%,95-99,F,0.58
2045,_%,100-104,F,0.08
2045,_%,105-109,F,0.01
2045,_%,110-114,F,0.0
2045,_%,115-119,F,0.0
2045,_%,120+,F,0.0
2050,Number,Total,F,1247900.08
2050,Number,0-4,F,36657.91
2050,Number,5-9,F,39542.52
2050,Number,10-14,F,43160.91
2050,Number,15-19,F,47139.04
2050,Number,20-24,F,48886.11
2050,Number,25-29,F,49772.43
2050,Number,30-34,F,51263.86
2050,Number,35-39,F,54713.04
2050,Number,40-44,F,60437.55
2050,Number,45-49,F,61966.54
2050,Number,50-54,F,78798.89
2050,Number,55-59,F,87373.62
2050,Number,60-64,F,100786.78
2050,Number,65-69,F,107287.32
2050,Number,70-74,F,103626.02
2050,Number,75-79,F,93592.97
2050,Number,80-84,F,77887.68
2050,Number,85-89,F,59946.0
2050,Number,90-94,F,32126.24
2050,Number,95-99,F,10858.6
2050,Number,100-104,F,1936.83
2050,Number,105-109,F,132.83
2050,Number,110-114,F,6.29
2050,Number,115-119,F,0.08
2050,Number,120+,F,0.0
2050,_%,Total,F,100.0
2050,_%,0-4,F,2.94
2050,_%,5-9,F,3.17
2050,_%,10-14,F,3.46
2050,_%,15-19,F,3.78
2050,_%,20-24,F,3.92
2050,_%,25-29,F,3.99
2050,_%,30-34,F,4.11
2050,_%,35-39,F,4.38
2050,_%,40-44,F,4.84
2050,_%,45-49,F,4.97
2050,_%,50-54,F,6.31
2050,_%,55-59,F,7.0
2050,_%,60-64,F,8.08
2050,_%,65-69,F,8.6
2050,_%,70-74,F,8.3
2050,_%,75-79,F,7.5
2050,_%,80-84,F,6.24
2050,_%,85-89,F,4.8
2050,_%,90-94,F,2.57
2050,_%,95-99,F,0.87
2050,_%,100-104,F,0.16
2050,_%,105-109,F,0.01
2050,_%,110-114,F,0.0
2050,_%,115-119,F,0.0
2050,_%,120+,F,0.0
2055,Number,Total,F,1151351.32
2055,Number,0-4,F,33211.05
2055,Number,5-9,F,35951.68
2055,Number,10-14,F,39227.14
2055,Number,15-19,F,42171.2
2055,Number,20-24,F,43003.3
2055,Number,25-29,F,43862.08
2055,Number,30-34,F,46743.65
2055,Number,35-39,F,49448.95
2055,Number,40-44,F,53365.61
2055,Number,45-49,F,59214.32
2055,Number,50-54,F,61318.14
2055,Number,55-59,F,77985.02
2055,Number,60-64,F,86255.38
2055,Number,65-69,F,98112.93
2055,Number,70-74,F,101451.69
2055,Number,75-79,F,93700.65
2055,Number,80-84,F,78148.67
2055,Number,85-89,F,56666.08
2055,Number,90-94,F,35024.67
2055,Number,95-99,F,13368.38
2055,Number,100-104,F,2848.11
2055,Number,105-109,F,265.1
2055,Number,110-114,F,7.36
2055,Number,115-119,F,0.15
2055,Number,120+,F,0.0
2055,_%,Total,F,100.0
2055,_%,0-4,F,2.88
2055,_%,5-9,F,3.12
2055,_%,10-14,F,3.41
2055,_%,15-19,F,3.66
2055,_%,20-24,F,3.74
2055,_%,25-29,F,3.81
2055,_%,30-34,F,4.06
2055,_%,35-39,F,4.29
2055,_%,40-44,F,4.64
2055,_%,45-49,F,5.14
2055,_%,50-54,F,5.33
2055,_%,55-59,F,6.77
2055,_%,60-64,F,7.49
2055,_%,65-69,F,8.52
2055,_%,70-74,F,8.81
2055,_%,75-79,F,8.14
2055,_%,80-84,F,6.79
2055,_%,85-89,F,4.92
2055,_%,90-94,F,3.04
2055,_%,95-99,F,1.16
2055,_%,100-104,F,0.25
2055,_%,105-109,F,0.02
2055,_%,110-114,F,0.0
2055,_%,115-119,F,0.0
2055,_%,120+,F,0.0
2060,Number,Total,F,1057124.8
2060,Number,0-4,F,29883.71
2060,Number,5-9,F,32567.29
2060,Number,10-14,F,35654.63
2060,Number,15-19,F,38319.62
2060,Number,20-24,F,38492.35
2060,Number,25-29,F,38631.43
2060,Number,30-34,F,41237.0
2060,Number,35-39,F,45078.16
2060,Number,40-44,F,48236.61
2060,Number,45-49,F,52329.73
2060,Number,50-54,F,58537.31
2060,Number,55-59,F,60916.97
2060,Number,60-64,F,77079.7
2060,Number,65-69,F,84202.12
2060,Number,70-74,F,93092.13
2060,Number,75-79,F,92307.31
2060,Number,80-84,F,79099.1
2060,Number,85-89,F,58107.51
2060,Number,90-94,F,34065.77
2060,Number,95-99,F,15167.82
2060,Number,100-104,F,3692.61
2060,Number,105-109,F,410.17
2060,Number,110-114,F,15.59
2060,Number,115-119,F,0.18
2060,Number,120+,F,0.0
2060,_%,Total,F,100.0
2060,_%,0-4,F,2.83
2060,_%,5-9,F,3.08
2060,_%,10-14,F,3.37
2060,_%,15-19,F,3.62
2060,_%,20-24,F,3.64
2060,_%,25-29,F,3.65
2060,_%,30-34,F,3.9
2060,_%,35-39,F,4.26
2060,_%,40-44,F,4.56
2060,_%,45-49,F,4.95
2060,_%,50-54,F,5.54
2060,_%,55-59,F,5.76
2060,_%,60-64,F,7.29
2060,_%,65-69,F,7.97
2060,_%,70-74,F,8.81
2060,_%,75-79,F,8.73
2060,_%,80-84,F,7.48
2060,_%,85-89,F,5.5
2060,_%,90-94,F,3.22
2060,_%,95-99,F,1.43
2060,_%,100-104,F,0.35
2060,_%,105-109,F,0.04
2060,_%,110-114,F,0.0
2060,_%,115-119,F,0.0
2060,_%,120+,F,0.0
2065,Number,Total,F,966230.19
2065,Number,0-4,F,26774.95
2065,Number,5-9,F,29310.58
2065,Number,10-14,F,32296.94
2065,Number,15-19,F,34824.48
2065,Number,20-24,F,34972.34
2065,Number,25-29,F,34596.83
2065,Number,30-34,F,36361.76
2065,Number,35-39,F,39804.99
2065,Number,40-44,F,43967.98
2065,Number,45-49,F,47309.75
2065,Number,50-54,F,51780.51
2065,Number,55-59,F,58121.28
2065,Number,60-64,F,60456.15
2065,Number,65-69,F,75363.93
2065,Number,70-74,F,80209.19
2065,Number,75-79,F,85191.6
2065,Number,80-84,F,78733.19
2065,Number,85-89,F,59842.88
2065,Number,90-94,F,36053.22
2065,Number,95-99,F,15296.92
2065,Number,100-104,F,4377.0
2065,Number,105-109,F,558.43
2065,Number,110-114,F,24.9
2065,Number,115-119,F,0.39
2065,Number,120+,F,0.0
2065,_%,Total,F,100.0
2065,_%,0-4,F,2.77
2065,_%,5-9,F,3.03
2065,_%,10-14,F,3.34
2065,_%,15-19,F,3.6
2065,_%,20-24,F,3.62
2065,_%,25-29,F,3.58
2065,_%,30-34,F,3.76
2065,_%,35-39,F,4.12
2065,_%,40-44,F,4.55
2065,_%,45-49,F,4.9
2065,_%,50-54,F,5.36
2065,_%,55-59,F,6.02
2065,_%,60-64,F,6.26
2065,_%,65-69,F,7.8
2065,_%,70-74,F,8.3
2065,_%,75-79,F,8.82
2065,_%,80-84,F,8.15
2065,_%,85-89,F,6.19
2065,_%,90-94,F,3.73
2065,_%,95-99,F,1.58
2065,_%,100-104,F,0.45
2065,_%,105-109,F,0.06
2065,_%,110-114,F,0.0
2065,_%,115-119,F,0.0
2065,_%,120+,F,0.0
2070,Number,Total,F,879188.19
2070,Number,0-4,F,24113.42
2070,Number,5-9,F,26273.04
2070,Number,10-14,F,29076.75
2070,Number,15-19,F,31546.56
2070,Number,20-24,F,31780.47
2070,Number,25-29,F,31431.3
2070,Number,30-34,F,32581.2
2070,Number,35-39,F,35135.92
2070,Number,40-44,F,38862.94
2070,Number,45-49,F,43127.9
2070,Number,50-54,F,46831.98
2070,Number,55-59,F,51467.74
2070,Number,60-64,F,57677.27
2070,Number,65-69,F,59360.94
2070,Number,70-74,F,71963.48
2070,Number,75-79,F,73853.08
2070,Number,80-84,F,73335.96
2070,Number,85-89,F,60535.41
2070,Number,90-94,F,38056.84
2070,Number,95-99,F,16864.48
2070,Number,100-104,F,4587.93
2070,Number,105-109,F,687.89
2070,Number,110-114,F,35.07
2070,Number,115-119,F,0.63
2070,Number,120+,F,0.01
2070,_%,Total,F,100.0
2070,_%,0-4,F,2.74
2070,_%,5-9,F,2.99
2070,_%,10-14,F,3.31
2070,_%,15-19,F,3.59
2070,_%,20-24,F,3.61
2070,_%,25-29,F,3.58
2070,_%,30-34,F,3.71
2070,_%,35-39,F,4.0
2070,_%,40-44,F,4.42
2070,_%,45-49,F,4.91
2070,_%,50-54,F,5.33
2070,_%,55-59,F,5.85
2070,_%,60-64,F,6.56
2070,_%,65-69,F,6.75
2070,_%,70-74,F,8.19
2070,_%,75-79,F,8.4
2070,_%,80-84,F,8.34
2070,_%,85-89,F,6.89
2070,_%,90-94,F,4.33
2070,_%,95-99,F,1.92
2070,_%,100-104,F,0.52
2070,_%,105-109,F,0.08
2070,_%,110-114,F,0.0
2070,_%,115-119,F,0.0
2070,_%,120+,F,0.0
