Year,UNIT_MEASURE,AGE,Sex,Value
2018,Number,Total,Both sexes,3492023.0
2018,Number,0-4,Both sexes,148947.0
2018,Number,5-9,Both sexes,171135.0
2018,Number,10-14,Both sexes,177098.0
2018,Number,15-19,Both sexes,190602.0
2018,Number,20-24,Both sexes,242893.0
2018,Number,25-29,Both sexes,225428.0
2018,Number,30-34,Both sexes,251233.0
2018,Number,35-39,Both sexes,252481.0
2018,Number,40-44,Both sexes,248144.0
2018,Number,45-49,Both sexes,239073.0
2018,Number,50-54,Both sexes,255492.0
2018,Number,55-59,Both sexes,266164.0
2018,Number,60-64,Both sexes,248062.0
2018,Number,65-69,Both sexes,206798.0
2018,Number,70-74,Both sexes,137662.0
2018,Number,75-79,Both sexes,110151.0
2018,Number,80-84,Both sexes,79091.0
2018,Number,85-89,Both sexes,32495.0
2018,Number,90-94,Both sexes,7766.0
2018,Number,95-99,Both sexes,1075.0
2018,Number,100-104,Both sexes,221.0
2018,Number,105-109,Both sexes,12.0
2018,Number,110-114,Both sexes,0.0
2018,Number,115-119,Both sexes,0.0
2018,Number,120+,Both sexes,0.0
2018,% of total,Total,Both sexes,100.0
2018,% of total,0-4,Both sexes,4.27
2018,% of total,5-9,Both sexes,4.9
2018,% of total,10-14,Both sexes,5.07
2018,% of total,15-19,Both sexes,5.46
2018,% of total,20-24,Both sexes,6.96
2018,% of total,25-29,Both sexes,6.46
2018,% of total,30-34,Both sexes,7.19
2018,% of total,35-39,Both sexes,7.23
2018,% of total,40-44,Both sexes,7.11
2018,% of total,45-49,Both sexes,6.85
2018,% of total,50-54,Both sexes,7.32
2018,% of total,55-59,Both sexes,7.62
2018,% of total,60-64,Both sexes,7.1
2018,% of total,65-69,Both sexes,5.92
2018,% of total,70-74,Both sexes,3.94
2018,% of total,75-79,Both sexes,3.15
2018,% of total,80-84,Both sexes,2.26
2018,% of total,85-89,Both sexes,0.93
2018,% of total,90-94,Both sexes,0.22
2018,% of total,95-99,Both sexes,0.03
2018,% of total,100-104,Both sexes,0.01
2018,% of total,105-109,Both sexes,0.0
2018,% of total,110-114,Both sexes,0.0
2018,% of total,115-119,Both sexes,0.0
2018,% of total,120+,Both sexes,0.0
2018,% of total,0-14,Both sexes,497180.0
2018,% of total,0-18,Both sexes,647325.0
2018,% of total,15-29,Both sexes,658923.0
2018,% of total,15-49,Both sexes,1649854.0
2018,% of total,15-64,Both sexes,2419572.0
2018,% of total,65+,Both sexes,575271.0
2018,% of total,75+,Both sexes,230811.0
2018,% of total,85+,Both sexes,41569.0
2018,% of total,100+,Both sexes,233.0
2018,% of total,0-14,Both sexes,14.24
2018,% of total,0-18,Both sexes,18.54
2018,% of total,15-29,Both sexes,18.87
2018,% of total,15-49,Both sexes,47.25
2018,% of total,15-64,Both sexes,69.29
2018,% of total,65+,Both sexes,16.47
2018,% of total,75+,Both sexes,6.61
2018,% of total,85+,Both sexes,1.19
2018,% of total,100+,Both sexes,0.01
2020,Number,Total,Both sexes,3430316.35
2020,Number,0-4,Both sexes,146421.55
2020,Number,5-9,Both sexes,157739.47
2020,Number,10-14,Both sexes,177407.96
2020,Number,15-19,Both sexes,178593.11
2020,Number,20-24,Both sexes,213398.66
2020,Number,25-29,Both sexes,214211.15
2020,Number,30-34,Both sexes,236476.26
2020,Number,35-39,Both sexes,247934.84
2020,Number,40-44,Both sexes,244996.58
2020,Number,45-49,Both sexes,240020.87
2020,Number,50-54,Both sexes,241454.3
2020,Number,55-59,Both sexes,262446.33
2020,Number,60-64,Both sexes,252299.2
2020,Number,65-69,Both sexes,221359.6
2020,Number,70-74,Both sexes,163146.24
2020,Number,75-79,Both sexes,98627.21
2020,Number,80-84,Both sexes,84431.3
2020,Number,85-89,Both sexes,37760.85
2020,Number,90-94,Both sexes,10118.62
2020,Number,95-99,Both sexes,1293.83
2020,Number,100-104,Both sexes,165.38
2020,Number,105-109,Both sexes,12.82
2020,Number,110-114,Both sexes,0.24
2020,Number,115-119,Both sexes,0.0
2020,Number,120+,Both sexes,0.0
2020,% of total,Total,Both sexes,100.0
2020,% of total,0-4,Both sexes,4.27
2020,% of total,5-9,Both sexes,4.6
2020,% of total,10-14,Both sexes,5.17
2020,% of total,15-19,Both sexes,5.21
2020,% of total,20-24,Both sexes,6.22
2020,% of total,25-29,Both sexes,6.24
2020,% of total,30-34,Both sexes,6.89
2020,% of total,35-39,Both sexes,7.23
2020,% of total,40-44,Both sexes,7.14
2020,% of total,45-49,Both sexes,7.0
2020,% of total,50-54,Both sexes,7.04
2020,% of total,55-59,Both sexes,7.65
2020,% of total,60-64,Both sexes,7.35
2020,% of total,65-69,Both sexes,6.45
2020,% of total,70-74,Both sexes,4.76
2020,% of total,75-79,Both sexes,2.88
2020,% of total,80-84,Both sexes,2.46
2020,% of total,85-89,Both sexes,1.1
2020,% of total,90-94,Both sexes,0.29
2020,% of total,95-99,Both sexes,0.04
2020,% of total,100-104,Both sexes,0.0
2020,% of total,105-109,Both sexes,0.0
2020,% of total,110-114,Both sexes,0.0
2020,% of total,115-119,Both sexes,0.0
2020,% of total,120+,Both sexes,0.0
2020,% of total,0-14,Both sexes,481568.97
2020,% of total,0-18,Both sexes,623310.55
2020,% of total,15-29,Both sexes,606202.92
2020,% of total,15-49,Both sexes,1575631.46
2020,% of total,15-64,Both sexes,2331831.29
2020,% of total,65+,Both sexes,616916.09
2020,% of total,75+,Both sexes,232410.25
2020,% of total,85+,Both sexes,49351.73
2020,% of total,100+,Both sexes,178.44
2020,% of total,0-14,Both sexes,14.04
2020,% of total,0-18,Both sexes,18.17
2020,% of total,15-29,Both sexes,17.67
2020,% of total,15-49,Both sexes,45.93
2020,% of total,15-64,Both sexes,67.98
2020,% of total,65+,Both sexes,17.98
2020,% of total,75+,Both sexes,6.78
2020,% of total,85+,Both sexes,1.44
2020,% of total,100+,Both sexes,0.01
2025,Number,Total,Both sexes,3269526.46
2025,Number,0-4,Both sexes,133214.28
2025,Number,5-9,Both sexes,143022.18
2025,Number,10-14,Both sexes,155594.32
2025,Number,15-19,Both sexes,172127.24
2025,Number,20-24,Both sexes,159922.25
2025,Number,25-29,Both sexes,185213.08
2025,Number,30-34,Both sexes,194146.16
2025,Number,35-39,Both sexes,220196.28
2025,Number,40-44,Both sexes,234442.56
2025,Number,45-49,Both sexes,234797.14
2025,Number,50-54,Both sexes,232812.25
2025,Number,55-59,Both sexes,235373.58
2025,Number,60-64,Both sexes,254390.2
2025,Number,65-69,Both sexes,239195.16
2025,Number,70-74,Both sexes,199277.81
2025,Number,75-79,Both sexes,135243.77
2025,Number,80-84,Both sexes,71693.48
2025,Number,85-89,Both sexes,49591.19
2025,Number,90-94,Both sexes,16258.46
2025,Number,95-99,Both sexes,2799.11
2025,Number,100-104,Both sexes,202.64
2025,Number,105-109,Both sexes,12.8
2025,Number,110-114,Both sexes,0.52
2025,Number,115-119,Both sexes,0.0
2025,Number,120+,Both sexes,0.0
2025,% of total,Total,Both sexes,100.0
2025,% of total,0-4,Both sexes,4.07
2025,% of total,5-9,Both sexes,4.37
2025,% of total,10-14,Both sexes,4.76
2025,% of total,15-19,Both sexes,5.26
2025,% of total,20-24,Both sexes,4.89
2025,% of total,25-29,Both sexes,5.66
2025,% of total,30-34,Both sexes,5.94
2025,% of total,35-39,Both sexes,6.73
2025,% of total,40-44,Both sexes,7.17
2025,% of total,45-49,Both sexes,7.18
2025,% of total,50-54,Both sexes,7.12
2025,% of total,55-59,Both sexes,7.2
2025,% of total,60-64,Both sexes,7.78
2025,% of total,65-69,Both sexes,7.32
2025,% of total,70-74,Both sexes,6.1
2025,% of total,75-79,Both sexes,4.14
2025,% of total,80-84,Both sexes,2.19
2025,% of total,85-89,Both sexes,1.52
2025,% of total,90-94,Both sexes,0.5
2025,% of total,95-99,Both sexes,0.09
2025,% of total,100-104,Both sexes,0.01
2025,% of total,105-109,Both sexes,0.0
2025,% of total,110-114,Both sexes,0.0
2025,% of total,115-119,Both sexes,0.0
2025,% of total,120+,Both sexes,0.0
2025,% of total,0-14,Both sexes,431830.78
2025,% of total,0-18,Both sexes,571030.0
2025,% of total,15-29,Both sexes,517262.57
2025,% of total,15-49,Both sexes,1400844.72
2025,% of total,15-64,Both sexes,2123420.75
2025,% of total,65+,Both sexes,714274.93
2025,% of total,75+,Both sexes,275801.96
2025,% of total,85+,Both sexes,68864.72
2025,% of total,100+,Both sexes,215.96
2025,% of total,0-14,Both sexes,13.21
2025,% of total,0-18,Both sexes,17.47
2025,% of total,15-29,Both sexes,15.82
2025,% of total,15-49,Both sexes,42.85
2025,% of total,15-64,Both sexes,64.95
2025,% of total,65+,Both sexes,21.85
2025,% of total,75+,Both sexes,8.44
2025,% of total,85+,Both sexes,2.11
2025,% of total,100+,Both sexes,0.01
2030,Number,Total,Both sexes,3097083.89
2030,Number,0-4,Both sexes,116752.27
2030,Number,5-9,Both sexes,130006.74
2030,Number,10-14,Both sexes,140970.97
2030,Number,15-19,Both sexes,150812.87
2030,Number,20-24,Both sexes,153773.24
2030,Number,25-29,Both sexes,140117.63
2030,Number,30-34,Both sexes,168543.51
2030,Number,35-39,Both sexes,181561.56
2030,Number,40-44,Both sexes,208350.45
2030,Number,45-49,Both sexes,224334.48
2030,Number,50-54,Both sexes,227351.48
2030,Number,55-59,Both sexes,226900.62
2030,Number,60-64,Both sexes,228863.35
2030,Number,65-69,Both sexes,241691.71
2030,Number,70-74,Both sexes,216615.3
2030,Number,75-79,Both sexes,167173.09
2030,Number,80-84,Both sexes,101165.28
2030,Number,85-89,Both sexes,43898.43
2030,Number,90-94,Both sexes,22740.2
2030,Number,95-99,Both sexes,4932.37
2030,Number,100-104,Both sexes,508.74
2030,Number,105-109,Both sexes,19.01
2030,Number,110-114,Both sexes,0.55
2030,Number,115-119,Both sexes,0.01
2030,Number,120+,Both sexes,0.0
2030,% of total,Total,Both sexes,100.0
2030,% of total,0-4,Both sexes,3.77
2030,% of total,5-9,Both sexes,4.2
2030,% of total,10-14,Both sexes,4.55
2030,% of total,15-19,Both sexes,4.87
2030,% of total,20-24,Both sexes,4.97
2030,% of total,25-29,Both sexes,4.52
2030,% of total,30-34,Both sexes,5.44
2030,% of total,35-39,Both sexes,5.86
2030,% of total,40-44,Both sexes,6.73
2030,% of total,45-49,Both sexes,7.24
2030,% of total,50-54,Both sexes,7.34
2030,% of total,55-59,Both sexes,7.33
2030,% of total,60-64,Both sexes,7.39
2030,% of total,65-69,Both sexes,7.8
2030,% of total,70-74,Both sexes,6.99
2030,% of total,75-79,Both sexes,5.4
2030,% of total,80-84,Both sexes,3.27
2030,% of total,85-89,Both sexes,1.42
2030,% of total,90-94,Both sexes,0.73
2030,% of total,95-99,Both sexes,0.16
2030,% of total,100-104,Both sexes,0.02
2030,% of total,105-109,Both sexes,0.0
2030,% of total,110-114,Both sexes,0.0
2030,% of total,115-119,Both sexes,0.0
2030,% of total,120+,Both sexes,0.0
2030,% of total,0-14,Both sexes,387729.98
2030,% of total,0-18,Both sexes,506903.59
2030,% of total,15-29,Both sexes,444703.74
2030,% of total,15-49,Both sexes,1227493.74
2030,% of total,15-64,Both sexes,1910609.19
2030,% of total,65+,Both sexes,798744.71
2030,% of total,75+,Both sexes,340437.69
2030,% of total,85+,Both sexes,72099.33
2030,% of total,100+,Both sexes,528.31
2030,% of total,0-14,Both sexes,12.52
2030,% of total,0-18,Both sexes,16.37
2030,% of total,15-29,Both sexes,14.36
2030,% of total,15-49,Both sexes,39.63
2030,% of total,15-64,Both sexes,61.69
2030,% of total,65+,Both sexes,25.79
2030,% of total,75+,Both sexes,10.99
2030,% of total,85+,Both sexes,2.33
2030,% of total,100+,Both sexes,0.02
2035,Number,Total,Both sexes,2912260.0
2035,Number,0-4,Both sexes,102244.06
2035,Number,5-9,Both sexes,114005.81
2035,Number,10-14,Both sexes,128059.42
2035,Number,15-19,Both sexes,136697.61
2035,Number,20-24,Both sexes,134518.71
2035,Number,25-29,Both sexes,134077.44
2035,Number,30-34,Both sexes,128486.8
2035,Number,35-39,Both sexes,158064.08
2035,Number,40-44,Both sexes,172499.94
2035,Number,45-49,Both sexes,199585.08
2035,Number,50-54,Both sexes,217107.79
2035,Number,55-59,Both sexes,221477.68
2035,Number,60-64,Both sexes,220921.33
2035,Number,65-69,Both sexes,218471.04
2035,Number,70-74,Both sexes,220252.7
2035,Number,75-79,Both sexes,183860.06
2035,Number,80-84,Both sexes,127465.74
2035,Number,85-89,Both sexes,64773.18
2035,Number,90-94,Both sexes,21199.63
2035,Number,95-99,Both sexes,7449.97
2035,Number,100-104,Both sexes,986.55
2035,Number,105-109,Both sexes,54.44
2035,Number,110-114,Both sexes,0.93
2035,Number,115-119,Both sexes,0.01
2035,Number,120+,Both sexes,0.0
2035,% of total,Total,Both sexes,100.0
2035,% of total,0-4,Both sexes,3.51
2035,% of total,5-9,Both sexes,3.91
2035,% of total,10-14,Both sexes,4.4
2035,% of total,15-19,Both sexes,4.69
2035,% of total,20-24,Both sexes,4.62
2035,% of total,25-29,Both sexes,4.6
2035,% of total,30-34,Both sexes,4.41
2035,% of total,35-39,Both sexes,5.43
2035,% of total,40-44,Both sexes,5.92
2035,% of total,45-49,Both sexes,6.85
2035,% of total,50-54,Both sexes,7.45
2035,% of total,55-59,Both sexes,7.61
2035,% of total,60-64,Both sexes,7.59
2035,% of total,65-69,Both sexes,7.5
2035,% of total,70-74,Both sexes,7.56
2035,% of total,75-79,Both sexes,6.31
2035,% of total,80-84,Both sexes,4.38
2035,% of total,85-89,Both sexes,2.22
2035,% of total,90-94,Both sexes,0.73
2035,% of total,95-99,Both sexes,0.26
2035,% of total,100-104,Both sexes,0.03
2035,% of total,105-109,Both sexes,0.0
2035,% of total,110-114,Both sexes,0.0
2035,% of total,115-119,Both sexes,0.0
2035,% of total,120+,Both sexes,0.0
2035,% of total,0-14,Both sexes,344309.29
2035,% of total,0-18,Both sexes,453686.83
2035,% of total,15-29,Both sexes,405293.76
2035,% of total,15-49,Both sexes,1063929.66
2035,% of total,15-64,Both sexes,1723436.46
2035,% of total,65+,Both sexes,844514.24
2035,% of total,75+,Both sexes,405790.51
2035,% of total,85+,Both sexes,94464.7
2035,% of total,100+,Both sexes,1041.92
2035,% of total,0-14,Both sexes,11.82
2035,% of total,0-18,Both sexes,15.58
2035,% of total,15-29,Both sexes,13.92
2035,% of total,15-49,Both sexes,36.53
2035,% of total,15-64,Both sexes,59.18
2035,% of total,65+,Both sexes,29.0
2035,% of total,75+,Both sexes,13.93
2035,% of total,85+,Both sexes,3.24
2035,% of total,100+,Both sexes,0.04
2040,Number,Total,Both sexes,2717957.73
2040,Number,0-4,Both sexes,91336.91
2040,Number,5-9,Both sexes,99891.25
2040,Number,10-14,Both sexes,112358.89
2040,Number,15-19,Both sexes,124063.16
2040,Number,20-24,Both sexes,122059.02
2040,Number,25-29,Both sexes,117398.0
2040,Number,30-34,Both sexes,122407.36
2040,Number,35-39,Both sexes,121328.15
2040,Number,40-44,Both sexes,150501.48
2040,Number,45-49,Both sexes,165820.11
2040,Number,50-54,Both sexes,193411.4
2040,Number,55-59,Both sexes,211527.66
2040,Number,60-64,Both sexes,215748.85
2040,Number,65-69,Both sexes,211538.7
2040,Number,70-74,Both sexes,200469.86
2040,Number,75-79,Both sexes,188975.74
2040,Number,80-84,Both sexes,142668.75
2040,Number,85-89,Both sexes,84066.88
2040,Number,90-94,Both sexes,33265.31
2040,Number,95-99,Both sexes,7387.63
2040,Number,100-104,Both sexes,1615.38
2040,Number,105-109,Both sexes,114.33
2040,Number,110-114,Both sexes,2.88
2040,Number,115-119,Both sexes,0.02
2040,Number,120+,Both sexes,0.0
2040,% of total,Total,Both sexes,100.0
2040,% of total,0-4,Both sexes,3.36
2040,% of total,5-9,Both sexes,3.68
2040,% of total,10-14,Both sexes,4.13
2040,% of total,15-19,Both sexes,4.56
2040,% of total,20-24,Both sexes,4.49
2040,% of total,25-29,Both sexes,4.32
2040,% of total,30-34,Both sexes,4.5
2040,% of total,35-39,Both sexes,4.46
2040,% of total,40-44,Both sexes,5.54
2040,% of total,45-49,Both sexes,6.1
2040,% of total,50-54,Both sexes,7.12
2040,% of total,55-59,Both sexes,7.78
2040,% of total,60-64,Both sexes,7.94
2040,% of total,65-69,Both sexes,7.78
2040,% of total,70-74,Both sexes,7.38
2040,% of total,75-79,Both sexes,6.95
2040,% of total,80-84,Both sexes,5.25
2040,% of total,85-89,Both sexes,3.09
2040,% of total,90-94,Both sexes,1.22
2040,% of total,95-99,Both sexes,0.27
2040,% of total,100-104,Both sexes,0.06
2040,% of total,105-109,Both sexes,0.0
2040,% of total,110-114,Both sexes,0.0
2040,% of total,115-119,Both sexes,0.0
2040,% of total,120+,Both sexes,0.0
2040,% of total,0-14,Both sexes,303587.05
2040,% of total,0-18,Both sexes,402365.82
2040,% of total,15-29,Both sexes,363520.19
2040,% of total,15-49,Both sexes,923577.29
2040,% of total,15-64,Both sexes,1544265.21
2040,% of total,65+,Both sexes,870105.47
2040,% of total,75+,Both sexes,458096.91
2040,% of total,85+,Both sexes,126452.43
2040,% of total,100+,Both sexes,1732.61
2040,% of total,0-14,Both sexes,11.17
2040,% of total,0-18,Both sexes,14.8
2040,% of total,15-29,Both sexes,13.37
2040,% of total,15-49,Both sexes,33.98
2040,% of total,15-64,Both sexes,56.82
2040,% of total,65+,Both sexes,32.01
2040,% of total,75+,Both sexes,16.85
2040,% of total,85+,Both sexes,4.65
2040,% of total,100+,Both sexes,0.06
2045,Number,Total,Both sexes,2518462.83
2045,Number,0-4,Both sexes,83042.03
2045,Number,5-9,Both sexes,89240.14
2045,Number,10-14,Both sexes,98520.77
2045,Number,15-19,Both sexes,108917.66
2045,Number,20-24,Both sexes,110645.5
2045,Number,25-29,Both sexes,106449.13
2045,Number,30-34,Both sexes,107361.45
2045,Number,35-39,Both sexes,115245.68
2045,Number,40-44,Both sexes,116234.44
2045,Number,45-49,Both sexes,144978.36
2045,Number,50-54,Both sexes,161252.4
2045,Number,55-59,Both sexes,188794.86
2045,Number,60-64,Both sexes,206299.37
2045,Number,65-69,Both sexes,207053.68
2045,Number,70-74,Both sexes,195373.66
2045,Number,75-79,Both sexes,173872.43
2045,Number,80-84,Both sexes,149056.97
2045,Number,85-89,Both sexes,96646.71
2045,Number,90-94,Both sexes,45021.33
2045,Number,95-99,Both sexes,12538.01
2045,Number,100-104,Both sexes,1711.02
2045,Number,105-109,Both sexes,200.84
2045,Number,110-114,Both sexes,6.31
2045,Number,115-119,Both sexes,0.07
2045,Number,120+,Both sexes,0.0
2045,% of total,Total,Both sexes,100.0
2045,% of total,0-4,Both sexes,3.3
2045,% of total,5-9,Both sexes,3.54
2045,% of total,10-14,Both sexes,3.91
2045,% of total,15-19,Both sexes,4.32
2045,% of total,20-24,Both sexes,4.39
2045,% of total,25-29,Both sexes,4.23
2045,% of total,30-34,Both sexes,4.26
2045,% of total,35-39,Both sexes,4.58
2045,% of total,40-44,Both sexes,4.62
2045,% of total,45-49,Both sexes,5.76
2045,% of total,50-54,Both sexes,6.4
2045,% of total,55-59,Both sexes,7.5
2045,% of total,60-64,Both sexes,8.19
2045,% of total,65-69,Both sexes,8.22
2045,% of total,70-74,Both sexes,7.76
2045,% of total,75-79,Both sexes,6.9
2045,% of total,80-84,Both sexes,5.92
2045,% of total,85-89,Both sexes,3.84
2045,% of total,90-94,Both sexes,1.79
2045,% of total,95-99,Both sexes,0.5
2045,% of total,100-104,Both sexes,0.07
2045,% of total,105-109,Both sexes,0.01
2045,% of total,110-114,Both sexes,0.0
2045,% of total,115-119,Both sexes,0.0
2045,% of total,120+,Both sexes,0.0
2045,% of total,0-14,Both sexes,270802.94
2045,% of total,0-18,Both sexes,357437.99
2045,% of total,15-29,Both sexes,326012.29
2045,% of total,15-49,Both sexes,809832.21
2045,% of total,15-64,Both sexes,1366178.85
2045,% of total,65+,Both sexes,881481.04
2045,% of total,75+,Both sexes,479053.69
2045,% of total,85+,Both sexes,156124.3
2045,% of total,100+,Both sexes,1918.25
2045,% of total,0-14,Both sexes,10.75
2045,% of total,0-18,Both sexes,14.19
2045,% of total,15-29,Both sexes,12.94
2045,% of total,15-49,Both sexes,32.16
2045,% of total,15-64,Both sexes,54.25
2045,% of total,65+,Both sexes,35.0
2045,% of total,75+,Both sexes,19.02
2045,% of total,85+,Both sexes,6.2
2045,% of total,100+,Both sexes,0.08
2050,Number,Total,Both sexes,2318700.67
2050,Number,0-4,Both sexes,75514.93
2050,Number,5-9,Both sexes,81099.46
2050,Number,10-14,Both sexes,88026.53
2050,Number,15-19,Both sexes,95572.11
2050,Number,20-24,Both sexes,97216.95
2050,Number,25-29,Both sexes,96425.27
2050,Number,30-34,Both sexes,97256.87
2050,Number,35-39,Both sexes,101196.15
2050,Number,40-44,Both sexes,110159.11
2050,Number,45-49,Both sexes,112554.52
2050,Number,50-54,Both sexes,141282.64
2050,Number,55-59,Both sexes,157969.95
2050,Number,60-64,Both sexes,184596.6
2050,Number,65-69,Both sexes,198504.56
2050,Number,70-74,Both sexes,192220.98
2050,Number,75-79,Both sexes,171318.47
2050,Number,80-84,Both sexes,139313.82
2050,Number,85-89,Both sexes,103447.9
2050,Number,90-94,Both sexes,53718.05
2050,Number,95-99,Both sexes,17901.92
2050,Number,100-104,Both sexes,3167.19
2050,Number,105-109,Both sexes,225.0
2050,Number,110-114,Both sexes,11.52
2050,Number,115-119,Both sexes,0.16
2050,Number,120+,Both sexes,0.0
2050,% of total,Total,Both sexes,100.0
2050,% of total,0-4,Both sexes,3.26
2050,% of total,5-9,Both sexes,3.5
2050,% of total,10-14,Both sexes,3.8
2050,% of total,15-19,Both sexes,4.12
2050,% of total,20-24,Both sexes,4.19
2050,% of total,25-29,Both sexes,4.16
2050,% of total,30-34,Both sexes,4.19
2050,% of total,35-39,Both sexes,4.36
2050,% of total,40-44,Both sexes,4.75
2050,% of total,45-49,Both sexes,4.85
2050,% of total,50-54,Both sexes,6.09
2050,% of total,55-59,Both sexes,6.81
2050,% of total,60-64,Both sexes,7.96
2050,% of total,65-69,Both sexes,8.56
2050,% of total,70-74,Both sexes,8.29
2050,% of total,75-79,Both sexes,7.39
2050,% of total,80-84,Both sexes,6.01
2050,% of total,85-89,Both sexes,4.46
2050,% of total,90-94,Both sexes,2.32
2050,% of total,95-99,Both sexes,0.77
2050,% of total,100-104,Both sexes,0.14
2050,% of total,105-109,Both sexes,0.01
2050,% of total,110-114,Both sexes,0.0
2050,% of total,115-119,Both sexes,0.0
2050,% of total,120+,Both sexes,0.0
2050,% of total,0-14,Both sexes,244640.93
2050,% of total,0-18,Both sexes,320688.38
2050,% of total,15-29,Both sexes,289214.33
2050,% of total,15-49,Both sexes,710380.99
2050,% of total,15-64,Both sexes,1194230.17
2050,% of total,65+,Both sexes,879829.57
2050,% of total,75+,Both sexes,489104.03
2050,% of total,85+,Both sexes,178471.74
2050,% of total,100+,Both sexes,3403.87
2050,% of total,0-14,Both sexes,10.55
2050,% of total,0-18,Both sexes,13.83
2050,% of total,15-29,Both sexes,12.47
2050,% of total,15-49,Both sexes,30.64
2050,% of total,15-64,Both sexes,51.5
2050,% of total,65+,Both sexes,37.94
2050,% of total,75+,Both sexes,21.09
2050,% of total,85+,Both sexes,7.7
2050,% of total,100+,Both sexes,0.15
2055,Number,Total,Both sexes,2123402.2
2055,Number,0-4,Both sexes,68410.55
2055,Number,5-9,Both sexes,73713.6
2055,Number,10-14,Both sexes,79956.88
2055,Number,15-19,Both sexes,85408.87
2055,Number,20-24,Both sexes,85383.67
2055,Number,25-29,Both sexes,84817.37
2055,Number,30-34,Both sexes,88064.28
2055,Number,35-39,Both sexes,91625.61
2055,Number,40-44,Both sexes,96826.2
2055,Number,45-49,Both sexes,106488.77
2055,Number,50-54,Both sexes,110217.64
2055,Number,55-59,Both sexes,138705.65
2055,Number,60-64,Both sexes,155066.87
2055,Number,65-69,Both sexes,178225.37
2055,Number,70-74,Both sexes,185199.11
2055,Number,75-79,Both sexes,170022.4
2055,Number,80-84,Both sexes,139464.62
2055,Number,85-89,Both sexes,98824.03
2055,Number,90-94,Both sexes,59369.78
2055,Number,95-99,Both sexes,22362.5
2055,Number,100-104,Both sexes,4783.57
2055,Number,105-109,Both sexes,451.25
2055,Number,110-114,Both sexes,13.29
2055,Number,115-119,Both sexes,0.3
2055,Number,120+,Both sexes,0.0
2055,% of total,Total,Both sexes,100.0
2055,% of total,0-4,Both sexes,3.22
2055,% of total,5-9,Both sexes,3.47
2055,% of total,10-14,Both sexes,3.77
2055,% of total,15-19,Both sexes,4.02
2055,% of total,20-24,Both sexes,4.02
2055,% of total,25-29,Both sexes,3.99
2055,% of total,30-34,Both sexes,4.15
2055,% of total,35-39,Both sexes,4.32
2055,% of total,40-44,Both sexes,4.56
2055,% of total,45-49,Both sexes,5.02
2055,% of total,50-54,Both sexes,5.19
2055,% of total,55-59,Both sexes,6.53
2055,% of total,60-64,Both sexes,7.3
2055,% of total,65-69,Both sexes,8.39
2055,% of total,70-74,Both sexes,8.72
2055,% of total,75-79,Both sexes,8.01
2055,% of total,80-84,Both sexes,6.57
2055,% of total,85-89,Both sexes,4.65
2055,% of total,90-94,Both sexes,2.8
2055,% of total,95-99,Both sexes,1.05
2055,% of total,100-104,Both sexes,0.23
2055,% of total,105-109,Both sexes,0.02
2055,% of total,110-114,Both sexes,0.0
2055,% of total,115-119,Both sexes,0.0
2055,% of total,120+,Both sexes,0.0
2055,% of total,0-14,Both sexes,222081.03
2055,% of total,0-18,Both sexes,290210.23
2055,% of total,15-29,Both sexes,255609.91
2055,% of total,15-49,Both sexes,638614.77
2055,% of total,15-64,Both sexes,1042604.93
2055,% of total,65+,Both sexes,858716.24
2055,% of total,75+,Both sexes,495291.75
2055,% of total,85+,Both sexes,185804.72
2055,% of total,100+,Both sexes,5248.42
2055,% of total,0-14,Both sexes,10.46
2055,% of total,0-18,Both sexes,13.67
2055,% of total,15-29,Both sexes,12.04
2055,% of total,15-49,Both sexes,30.08
2055,% of total,15-64,Both sexes,49.1
2055,% of total,65+,Both sexes,40.44
2055,% of total,75+,Both sexes,23.33
2055,% of total,85+,Both sexes,8.75
2055,% of total,100+,Both sexes,0.25
2060,Number,Total,Both sexes,1935400.33
2060,Number,0-4,Both sexes,61553.67
2060,Number,5-9,Both sexes,66759.13
2060,Number,10-14,Both sexes,72642.52
2060,Number,15-19,Both sexes,77551.04
2060,Number,20-24,Both sexes,76336.43
2060,Number,25-29,Both sexes,74585.31
2060,Number,30-34,Both sexes,77549.33
2060,Number,35-39,Both sexes,82943.6
2060,Number,40-44,Both sexes,87649.69
2060,Number,45-49,Both sexes,93699.44
2060,Number,50-54,Both sexes,104160.04
2060,Number,55-59,Both sexes,108725.98
2060,Number,60-64,Both sexes,136471.03
2060,Number,65-69,Both sexes,150376.2
2060,Number,70-74,Both sexes,167059.03
2060,Number,75-79,Both sexes,165104.19
2060,Number,80-84,Both sexes,140113.55
2060,Number,85-89,Both sexes,101142.95
2060,Number,90-94,Both sexes,58310.55
2060,Number,95-99,Both sexes,25662.47
2060,Number,100-104,Both sexes,6262.16
2060,Number,105-109,Both sexes,713.62
2060,Number,110-114,Both sexes,28.05
2060,Number,115-119,Both sexes,0.35
2060,Number,120+,Both sexes,0.0
2060,% of total,Total,Both sexes,100.0
2060,% of total,0-4,Both sexes,3.18
2060,% of total,5-9,Both sexes,3.45
2060,% of total,10-14,Both sexes,3.75
2060,% of total,15-19,Both sexes,4.01
2060,% of total,20-24,Both sexes,3.94
2060,% of total,25-29,Both sexes,3.85
2060,% of total,30-34,Both sexes,4.01
2060,% of total,35-39,Both sexes,4.29
2060,% of total,40-44,Both sexes,4.53
2060,% of total,45-49,Both sexes,4.84
2060,% of total,50-54,Both sexes,5.38
2060,% of total,55-59,Both sexes,5.62
2060,% of total,60-64,Both sexes,7.05
2060,% of total,65-69,Both sexes,7.77
2060,% of total,70-74,Both sexes,8.63
2060,% of total,75-79,Both sexes,8.53
2060,% of total,80-84,Both sexes,7.24
2060,% of total,85-89,Both sexes,5.23
2060,% of total,90-94,Both sexes,3.01
2060,% of total,95-99,Both sexes,1.33
2060,% of total,100-104,Both sexes,0.32
2060,% of total,105-109,Both sexes,0.04
2060,% of total,110-114,Both sexes,0.0
2060,% of total,115-119,Both sexes,0.0
2060,% of total,120+,Both sexes,0.0
2060,% of total,0-14,Both sexes,200955.32
2060,% of total,0-18,Both sexes,262861.39
2060,% of total,15-29,Both sexes,228472.78
2060,% of total,15-49,Both sexes,570314.83
2060,% of total,15-64,Both sexes,919671.89
2060,% of total,65+,Both sexes,814773.12
2060,% of total,75+,Both sexes,497337.89
2060,% of total,85+,Both sexes,192120.16
2060,% of total,100+,Both sexes,7004.18
2060,% of total,0-14,Both sexes,10.38
2060,% of total,0-18,Both sexes,13.58
2060,% of total,15-29,Both sexes,11.8
2060,% of total,15-49,Both sexes,29.47
2060,% of total,15-64,Both sexes,47.52
2060,% of total,65+,Both sexes,42.1
2060,% of total,75+,Both sexes,25.7
2060,% of total,85+,Both sexes,9.93
2060,% of total,100+,Both sexes,0.36
2065,Number,Total,Both sexes,1756780.2
2065,Number,0-4,Both sexes,55148.16
2065,Number,5-9,Both sexes,60070.13
2065,Number,10-14,Both sexes,65776.73
2065,Number,15-19,Both sexes,70437.14
2065,Number,20-24,Both sexes,69294.4
2065,Number,25-29,Both sexes,66708.93
2065,Number,30-34,Both sexes,68283.48
2065,Number,35-39,Both sexes,73123.1
2065,Number,40-44,Both sexes,79346.2
2065,Number,45-49,Both sexes,84825.07
2065,Number,50-54,Both sexes,91768.84
2065,Number,55-59,Both sexes,102700.34
2065,Number,60-64,Both sexes,107549.49
2065,Number,65-69,Both sexes,132712.75
2065,Number,70-74,Both sexes,141707.01
2065,Number,75-79,Both sexes,150032.55
2065,Number,80-84,Both sexes,137683.75
2065,Number,85-89,Both sexes,103478.94
2065,Number,90-94,Both sexes,61546.2
2065,Number,95-99,Both sexes,26086.34
2065,Number,100-104,Both sexes,7479.79
2065,Number,105-109,Both sexes,974.59
2065,Number,110-114,Both sexes,45.52
2065,Number,115-119,Both sexes,0.75
2065,Number,120+,Both sexes,0.0
2065,% of total,Total,Both sexes,100.0
2065,% of total,0-4,Both sexes,3.14
2065,% of total,5-9,Both sexes,3.42
2065,% of total,10-14,Both sexes,3.74
2065,% of total,15-19,Both sexes,4.01
2065,% of total,20-24,Both sexes,3.94
2065,% of total,25-29,Both sexes,3.8
2065,% of total,30-34,Both sexes,3.89
2065,% of total,35-39,Both sexes,4.16
2065,% of total,40-44,Both sexes,4.52
2065,% of total,45-49,Both sexes,4.83
2065,% of total,50-54,Both sexes,5.22
2065,% of total,55-59,Both sexes,5.85
2065,% of total,60-64,Both sexes,6.12
2065,% of total,65-69,Both sexes,7.55
2065,% of total,70-74,Both sexes,8.07
2065,% of total,75-79,Both sexes,8.54
2065,% of total,80-84,Both sexes,7.84
2065,% of total,85-89,Both sexes,5.89
2065,% of total,90-94,Both sexes,3.5
2065,% of total,95-99,Both sexes,1.48
2065,% of total,100-104,Both sexes,0.43
2065,% of total,105-109,Both sexes,0.06
2065,% of total,110-114,Both sexes,0.0
2065,% of total,115-119,Both sexes,0.0
2065,% of total,120+,Both sexes,0.0
2065,% of total,0-14,Both sexes,180995.02
2065,% of total,0-18,Both sexes,237217.08
2065,% of total,15-29,Both sexes,206440.46
2065,% of total,15-49,Both sexes,512018.32
2065,% of total,15-64,Both sexes,814036.99
2065,% of total,65+,Both sexes,761748.18
2065,% of total,75+,Both sexes,487328.42
2065,% of total,85+,Both sexes,199612.12
2065,% of total,100+,Both sexes,8500.65
2065,% of total,0-14,Both sexes,10.3
2065,% of total,0-18,Both sexes,13.5
2065,% of total,15-29,Both sexes,11.75
2065,% of total,15-49,Both sexes,29.15
2065,% of total,15-64,Both sexes,46.34
2065,% of total,65+,Both sexes,43.36
2065,% of total,75+,Both sexes,27.74
2065,% of total,85+,Both sexes,11.36
2065,% of total,100+,Both sexes,0.48
2070,Number,Total,Both sexes,1588914.91
2070,Number,0-4,Both sexes,49664.82
2070,Number,5-9,Both sexes,53832.89
2070,Number,10-14,Both sexes,59194.73
2070,Number,15-19,Both sexes,63774.53
2070,Number,20-24,Both sexes,62924.54
2070,Number,25-29,Both sexes,60535.5
2070,Number,30-34,Both sexes,61103.09
2070,Number,35-39,Both sexes,64468.84
2070,Number,40-44,Both sexes,70033.36
2070,Number,45-49,Both sexes,76810.22
2070,Number,50-54,Both sexes,83109.87
2070,Number,55-59,Both sexes,90626.65
2070,Number,60-64,Both sexes,101615.43
2070,Number,65-69,Both sexes,105181.94
2070,Number,70-74,Both sexes,125513.88
2070,Number,75-79,Both sexes,128249.82
2070,Number,80-84,Both sexes,126471.53
2070,Number,85-89,Both sexes,103471.07
2070,Number,90-94,Both sexes,64554.48
2070,Number,95-99,Both sexes,28626.75
2070,Number,100-104,Both sexes,7881.59
2070,Number,105-109,Both sexes,1204.31
2070,Number,110-114,Both sexes,63.83
2070,Number,115-119,Both sexes,1.22
2070,Number,120+,Both sexes,0.01
2070,% of total,Total,Both sexes,100.0
2070,% of total,0-4,Both sexes,3.13
2070,% of total,5-9,Both sexes,3.39
2070,% of total,10-14,Both sexes,3.73
2070,% of total,15-19,Both sexes,4.01
2070,% of total,20-24,Both sexes,3.96
2070,% of total,25-29,Both sexes,3.81
2070,% of total,30-34,Both sexes,3.85
2070,% of total,35-39,Both sexes,4.06
2070,% of total,40-44,Both sexes,4.41
2070,% of total,45-49,Both sexes,4.83
2070,% of total,50-54,Both sexes,5.23
2070,% of total,55-59,Both sexes,5.7
2070,% of total,60-64,Both sexes,6.4
2070,% of total,65-69,Both sexes,6.62
2070,% of total,70-74,Both sexes,7.9
2070,% of total,75-79,Both sexes,8.07
2070,% of total,80-84,Both sexes,7.96
2070,% of total,85-89,Both sexes,6.51
2070,% of total,90-94,Both sexes,4.06
2070,% of total,95-99,Both sexes,1.8
2070,% of total,100-104,Both sexes,0.5
2070,% of total,105-109,Both sexes,0.08
2070,% of total,110-114,Both sexes,0.0
2070,% of total,115-119,Both sexes,0.0
2070,% of total,120+,Both sexes,0.0
2070,% of total,0-14,Both sexes,162692.44
2070,% of total,0-18,Both sexes,213571.73
2070,% of total,15-29,Both sexes,187234.58
2070,% of total,15-49,Both sexes,459650.09
2070,% of total,15-64,Both sexes,735002.04
2070,% of total,65+,Both sexes,691220.43
2070,% of total,75+,Both sexes,460524.61
2070,% of total,85+,Both sexes,205803.27
2070,% of total,100+,Both sexes,9150.97
2070,% of total,0-14,Both sexes,10.24
2070,% of total,0-18,Both sexes,13.44
2070,% of total,15-29,Both sexes,11.78
2070,% of total,15-49,Both sexes,28.93
2070,% of total,15-64,Both sexes,46.26
2070,% of total,65+,Both sexes,43.5
2070,% of total,75+,Both sexes,28.98
2070,% of total,85+,Both sexes,12.95
2070,% of total,100+,Both sexes,0.58
2018,Number,Total,M,100.0
2018,Number,0-4,M,4.5
2018,Number,5-9,M,5.13
2018,Number,10-14,M,5.3
2018,Number,15-19,M,5.7
2018,Number,20-24,M,7.27
2018,Number,25-29,M,6.74
2018,Number,30-34,M,7.5
2018,Number,35-39,M,7.49
2018,Number,40-44,M,7.32
2018,Number,45-49,M,7.02
2018,Number,50-54,M,7.39
2018,Number,55-59,M,7.56
2018,Number,60-64,M,6.89
2018,Number,65-69,M,5.51
2018,Number,70-74,M,3.47
2018,Number,75-79,M,2.61
2018,Number,80-84,M,1.76
2018,Number,85-89,M,0.68
2018,Number,90-94,M,0.15
2018,Number,95-99,M,0.02
2018,Number,100-104,M,0.0
2018,Number,105-109,M,0.0
2018,Number,110-114,M,0.0
2018,Number,115-119,M,0.0
2018,Number,120+,M,0.0
2018,% of total,Total,M,1.0
2018,% of total,0-4,M,1.0
2018,% of total,5-9,M,1.0
2018,% of total,10-14,M,1.0
2018,% of total,15-19,M,1.0
2018,% of total,20-24,M,1.0
2018,% of total,25-29,M,1.0
2018,% of total,30-34,M,1.0
2018,% of total,35-39,M,1.0
2018,% of total,40-44,M,1.0
2018,% of total,45-49,M,1.0
2018,% of total,50-54,M,1.0
2018,% of total,55-59,M,1.0
2018,% of total,60-64,M,1.0
2018,% of total,65-69,M,1.0
2018,% of total,70-74,M,1.0
2018,% of total,75-79,M,1.0
2018,% of total,80-84,M,1.0
2018,% of total,85-89,M,1.0
2018,% of total,90-94,M,1.0
2018,% of total,95-99,M,1.0
2018,% of total,100-104,M,1.0
2018,% of total,105-109,M,1.0
2018,% of total,110-114,M,1.0
2018,% of total,115-119,M,1.0
2018,% of total,120+,M,0.0
2020,Number,Total,M,100.0
2020,Number,0-4,M,4.52
2020,Number,5-9,M,4.83
2020,Number,10-14,M,5.43
2020,Number,15-19,M,5.47
2020,Number,20-24,M,6.46
2020,Number,25-29,M,6.47
2020,Number,30-34,M,7.14
2020,Number,35-39,M,7.46
2020,Number,40-44,M,7.34
2020,Number,45-49,M,7.16
2020,Number,50-54,M,7.16
2020,Number,55-59,M,7.65
2020,Number,60-64,M,7.19
2020,Number,65-69,M,6.12
2020,Number,70-74,M,4.24
2020,Number,75-79,M,2.4
2020,Number,80-84,M,1.93
2020,Number,85-89,M,0.81
2020,Number,90-94,M,0.21
2020,Number,95-99,M,0.02
2020,Number,100-104,M,0.0
2020,Number,105-109,M,0.0
2020,Number,110-114,M,0.0
2020,Number,115-119,M,0.0
2020,Number,120+,M,0.0
2020,% of total,Total,M,0.98
2020,% of total,0-4,M,0.92
2020,% of total,5-9,M,1.0
2020,% of total,10-14,M,0.94
2020,% of total,15-19,M,0.87
2020,% of total,20-24,M,0.94
2020,% of total,25-29,M,0.93
2020,% of total,30-34,M,0.97
2020,% of total,35-39,M,0.98
2020,% of total,40-44,M,1.0
2020,% of total,45-49,M,0.95
2020,% of total,50-54,M,0.99
2020,% of total,55-59,M,1.02
2020,% of total,60-64,M,1.09
2020,% of total,65-69,M,1.2
2020,% of total,70-74,M,0.9
2020,% of total,75-79,M,1.07
2020,% of total,80-84,M,1.16
2020,% of total,85-89,M,1.37
2020,% of total,90-94,M,1.34
2020,% of total,95-99,M,0.72
2020,% of total,100-104,M,1.22
2020,% of total,105-109,M,0.0
2020,% of total,110-114,M,0.0
2020,% of total,115-119,M,0.0
2020,% of total,120+,M,6.89
2025,Number,Total,M,100.0
2025,Number,0-4,M,4.33
2025,Number,5-9,M,4.67
2025,Number,10-14,M,5.03
2025,Number,15-19,M,5.56
2025,Number,20-24,M,5.1
2025,Number,25-29,M,5.78
2025,Number,30-34,M,6.03
2025,Number,35-39,M,6.85
2025,Number,40-44,M,7.3
2025,Number,45-49,M,7.33
2025,Number,50-54,M,7.25
2025,Number,55-59,M,7.3
2025,Number,60-64,M,7.76
2025,Number,65-69,M,7.12
2025,Number,70-74,M,5.7
2025,Number,75-79,M,3.57
2025,Number,80-84,M,1.76
2025,Number,85-89,M,1.14
2025,Number,90-94,M,0.36
2025,Number,95-99,M,0.06
2025,Number,100-104,M,0.0
2025,Number,105-109,M,0.0
2025,Number,110-114,M,0.0
2025,Number,115-119,M,0.0
2025,Number,120+,M,0.0
2025,% of total,Total,M,0.89
2025,% of total,0-4,M,0.84
2025,% of total,5-9,M,0.88
2025,% of total,10-14,M,0.9
2025,% of total,15-19,M,0.65
2025,% of total,20-24,M,0.79
2025,% of total,25-29,M,0.74
2025,% of total,30-34,M,0.84
2025,% of total,35-39,M,0.92
2025,% of total,40-44,M,0.96
2025,% of total,45-49,M,0.91
2025,% of total,50-54,M,0.89
2025,% of total,55-59,M,1.04
2025,% of total,60-64,M,1.19
2025,% of total,65-69,M,1.52
2025,% of total,70-74,M,1.27
2025,% of total,75-79,M,0.92
2025,% of total,80-84,M,1.55
2025,% of total,85-89,M,2.22
2025,% of total,90-94,M,3.63
2025,% of total,95-99,M,0.78
2025,% of total,100-104,M,1.3
2025,% of total,105-109,M,0.0
2025,% of total,110-114,M,0.0
2025,% of total,115-119,M,0.0
2025,% of total,120+,M,199277.81
2030,Number,Total,M,100.0
2030,Number,0-4,M,4.05
2030,Number,5-9,M,4.5
2030,Number,10-14,M,4.88
2030,Number,15-19,M,5.17
2030,Number,20-24,M,5.2
2030,Number,25-29,M,4.64
2030,Number,30-34,M,5.45
2030,Number,35-39,M,5.85
2030,Number,40-44,M,6.74
2030,Number,45-49,M,7.3
2030,Number,50-54,M,7.44
2030,Number,55-59,M,7.43
2030,Number,60-64,M,7.48
2030,Number,65-69,M,7.75
2030,Number,70-74,M,6.72
2030,Number,75-79,M,4.91
2030,Number,80-84,M,2.72
2030,Number,85-89,M,1.09
2030,Number,90-94,M,0.54
2030,Number,95-99,M,0.12
2030,Number,100-104,M,0.01
2030,Number,105-109,M,0.0
2030,Number,110-114,M,0.0
2030,Number,115-119,M,0.0
2030,Number,120+,M,0.0
2030,% of total,Total,M,0.78
2030,% of total,0-4,M,0.76
2030,% of total,5-9,M,0.8
2030,% of total,10-14,M,0.79
2030,% of total,15-19,M,0.62
2030,% of total,20-24,M,0.6
2030,% of total,25-29,M,0.63
2030,% of total,30-34,M,0.68
2030,% of total,35-39,M,0.8
2030,% of total,40-44,M,0.9
2030,% of total,45-49,M,0.87
2030,% of total,50-54,M,0.85
2030,% of total,55-59,M,0.94
2030,% of total,60-64,M,1.22
2030,% of total,65-69,M,1.68
2030,% of total,70-74,M,1.63
2030,% of total,75-79,M,1.34
2030,% of total,80-84,M,1.39
2030,% of total,85-89,M,3.17
2030,% of total,90-94,M,6.43
2030,% of total,95-99,M,2.38
2030,% of total,100-104,M,1.74
2030,% of total,105-109,M,0.0
2030,% of total,110-114,M,0.0
2030,% of total,115-119,M,0.0
2030,% of total,120+,M,8.44
2035,Number,Total,M,100.0
2035,Number,0-4,M,3.81
2035,Number,5-9,M,4.23
2035,Number,10-14,M,4.73
2035,Number,15-19,M,5.05
2035,Number,20-24,M,4.86
2035,Number,25-29,M,4.74
2035,Number,30-34,M,4.45
2035,Number,35-39,M,5.34
2035,Number,40-44,M,5.83
2035,Number,45-49,M,6.8
2035,Number,50-54,M,7.47
2035,Number,55-59,M,7.68
2035,Number,60-64,M,7.69
2035,Number,65-69,M,7.57
2035,Number,70-74,M,7.42
2035,Number,75-79,M,5.91
2035,Number,80-84,M,3.85
2035,Number,85-89,M,1.79
2035,Number,90-94,M,0.55
2035,Number,95-99,M,0.19
2035,Number,100-104,M,0.03
2035,Number,105-109,M,0.0
2035,Number,110-114,M,0.0
2035,Number,115-119,M,0.0
2035,Number,120+,M,0.0
2035,% of total,Total,M,0.68
2035,% of total,0-4,M,0.66
2035,% of total,5-9,M,0.72
2035,% of total,10-14,M,0.71
2035,% of total,15-19,M,0.54
2035,% of total,20-24,M,0.57
2035,% of total,25-29,M,0.48
2035,% of total,30-34,M,0.58
2035,% of total,35-39,M,0.64
2035,% of total,40-44,M,0.78
2035,% of total,45-49,M,0.81
2035,% of total,50-54,M,0.82
2035,% of total,55-59,M,0.9
2035,% of total,60-64,M,1.11
2035,% of total,65-69,M,1.73
2035,% of total,70-74,M,1.83
2035,% of total,75-79,M,1.77
2035,% of total,80-84,M,2.12
2035,% of total,85-89,M,3.0
2035,% of total,90-94,M,9.89
2035,% of total,95-99,M,4.58
2035,% of total,100-104,M,5.75
2035,% of total,105-109,M,0.0
2035,% of total,110-114,M,0.0
2035,% of total,115-119,M,0.0
2035,% of total,120+,M,0.0
2040,Number,Total,M,100.0
2040,Number,0-4,M,3.68
2040,Number,5-9,M,4.01
2040,Number,10-14,M,4.49
2040,Number,15-19,M,4.93
2040,Number,20-24,M,4.79
2040,Number,25-29,M,4.46
2040,Number,30-34,M,4.54
2040,Number,35-39,M,4.43
2040,Number,40-44,M,5.37
2040,Number,45-49,M,5.95
2040,Number,50-54,M,7.02
2040,Number,55-59,M,7.77
2040,Number,60-64,M,8.01
2040,Number,65-69,M,7.86
2040,Number,70-74,M,7.36
2040,Number,75-79,M,6.67
2040,Number,80-84,M,4.78
2040,Number,85-89,M,2.64
2040,Number,90-94,M,0.97
2040,Number,95-99,M,0.21
2040,Number,100-104,M,0.05
2040,Number,105-109,M,0.0
2040,Number,110-114,M,0.0
2040,Number,115-119,M,0.0
2040,Number,120+,M,0.0
2040,% of total,Total,M,0.61
2040,% of total,0-4,M,0.58
2040,% of total,5-9,M,0.63
2040,% of total,10-14,M,0.65
2040,% of total,15-19,M,0.49
2040,% of total,20-24,M,0.49
2040,% of total,25-29,M,0.45
2040,% of total,30-34,M,0.44
2040,% of total,35-39,M,0.55
2040,% of total,40-44,M,0.63
2040,% of total,45-49,M,0.71
2040,% of total,50-54,M,0.77
2040,% of total,55-59,M,0.87
2040,% of total,60-64,M,1.06
2040,% of total,65-69,M,1.58
2040,% of total,70-74,M,1.91
2040,% of total,75-79,M,2.02
2040,% of total,80-84,M,2.89
2040,% of total,85-89,M,4.87
2040,% of total,90-94,M,9.95
2040,% of total,95-99,M,7.57
2040,% of total,100-104,M,11.84
2040,% of total,105-109,M,0.0
2040,% of total,110-114,M,0.0
2040,% of total,115-119,M,0.0
2040,% of total,120+,M,4.62
2045,Number,Total,M,100.0
2045,Number,0-4,M,3.64
2045,Number,5-9,M,3.9
2045,Number,10-14,M,4.28
2045,Number,15-19,M,4.71
2045,Number,20-24,M,4.7
2045,Number,25-29,M,4.42
2045,Number,30-34,M,4.32
2045,Number,35-39,M,4.54
2045,Number,40-44,M,4.52
2045,Number,45-49,M,5.54
2045,Number,50-54,M,6.21
2045,Number,55-59,M,7.37
2045,Number,60-64,M,8.17
2045,Number,65-69,M,8.27
2045,Number,70-74,M,7.77
2045,Number,75-79,M,6.75
2045,Number,80-84,M,5.53
2045,Number,85-89,M,3.4
2045,Number,90-94,M,1.5
2045,Number,95-99,M,0.4
2045,Number,100-104,M,0.06
2045,Number,105-109,M,0.01
2045,Number,110-114,M,0.0
2045,Number,115-119,M,0.0
2045,Number,120+,M,0.0
2045,% of total,Total,M,0.55
2045,% of total,0-4,M,0.52
2045,% of total,5-9,M,0.55
2045,% of total,10-14,M,0.57
2045,% of total,15-19,M,0.44
2045,% of total,20-24,M,0.45
2045,% of total,25-29,M,0.39
2045,% of total,30-34,M,0.41
2045,% of total,35-39,M,0.42
2045,% of total,40-44,M,0.54
2045,% of total,45-49,M,0.58
2045,% of total,50-54,M,0.67
2045,% of total,55-59,M,0.81
2045,% of total,60-64,M,1.03
2045,% of total,65-69,M,1.53
2045,% of total,70-74,M,1.77
2045,% of total,75-79,M,2.15
2045,% of total,80-84,M,3.41
2045,% of total,85-89,M,6.94
2045,% of total,90-94,M,17.36
2045,% of total,95-99,M,8.06
2045,% of total,100-104,M,20.69
2045,% of total,105-109,M,0.0
2045,% of total,110-114,M,0.0
2045,% of total,115-119,M,0.0
2045,% of total,120+,M,215748.85
2050,Number,Total,M,100.0
2050,Number,0-4,M,3.63
2050,Number,5-9,M,3.88
2050,Number,10-14,M,4.19
2050,Number,15-19,M,4.52
2050,Number,20-24,M,4.51
2050,Number,25-29,M,4.36
2050,Number,30-34,M,4.3
2050,Number,35-39,M,4.34
2050,Number,40-44,M,4.64
2050,Number,45-49,M,4.72
2050,Number,50-54,M,5.84
2050,Number,55-59,M,6.59
2050,Number,60-64,M,7.83
2050,Number,65-69,M,8.52
2050,Number,70-74,M,8.27
2050,Number,75-79,M,7.26
2050,Number,80-84,M,5.74
2050,Number,85-89,M,4.06
2050,Number,90-94,M,2.02
2050,Number,95-99,M,0.66
2050,Number,100-104,M,0.11
2050,Number,105-109,M,0.01
2050,Number,110-114,M,0.0
2050,Number,115-119,M,0.0
2050,Number,120+,M,0.0
2050,% of total,Total,M,0.5
2050,% of total,0-4,M,0.47
2050,% of total,5-9,M,0.49
2050,% of total,10-14,M,0.5
2050,% of total,15-19,M,0.39
2050,% of total,20-24,M,0.4
2050,% of total,25-29,M,0.36
2050,% of total,30-34,M,0.36
2050,% of total,35-39,M,0.4
2050,% of total,40-44,M,0.42
2050,% of total,45-49,M,0.49
2050,% of total,50-54,M,0.54
2050,% of total,55-59,M,0.71
2050,% of total,60-64,M,0.97
2050,% of total,65-69,M,1.49
2050,% of total,70-74,M,1.74
2050,% of total,75-79,M,2.03
2050,% of total,80-84,M,3.73
2050,% of total,85-89,M,8.49
2050,% of total,90-94,M,25.99
2050,% of total,95-99,M,15.19
2050,% of total,100-104,M,23.04
2050,% of total,105-109,M,0.0
2050,% of total,110-114,M,0.0
2050,% of total,115-119,M,0.0
2050,% of total,120+,M,56.82
2055,Number,Total,M,100.0
2055,Number,0-4,M,3.62
2055,Number,5-9,M,3.88
2055,Number,10-14,M,4.19
2055,Number,15-19,M,4.45
2055,Number,20-24,M,4.36
2055,Number,25-29,M,4.21
2055,Number,30-34,M,4.25
2055,Number,35-39,M,4.34
2055,Number,40-44,M,4.47
2055,Number,45-49,M,4.86
2055,Number,50-54,M,5.03
2055,Number,55-59,M,6.25
2055,Number,60-64,M,7.08
2055,Number,65-69,M,8.24
2055,Number,70-74,M,8.62
2055,Number,75-79,M,7.85
2055,Number,80-84,M,6.31
2055,Number,85-89,M,4.34
2055,Number,90-94,M,2.5
2055,Number,95-99,M,0.93
2055,Number,100-104,M,0.2
2055,Number,105-109,M,0.02
2055,Number,110-114,M,0.0
2055,Number,115-119,M,0.0
2055,Number,120+,M,0.0
2055,% of total,Total,M,0.46
2055,% of total,0-4,M,0.43
2055,% of total,5-9,M,0.45
2055,% of total,10-14,M,0.44
2055,% of total,15-19,M,0.34
2055,% of total,20-24,M,0.35
2055,% of total,25-29,M,0.32
2055,% of total,30-34,M,0.33
2055,% of total,35-39,M,0.35
2055,% of total,40-44,M,0.39
2055,% of total,45-49,M,0.39
2055,% of total,50-54,M,0.47
2055,% of total,55-59,M,0.58
2055,% of total,60-64,M,0.85
2055,% of total,65-69,M,1.41
2055,% of total,70-74,M,1.71
2055,% of total,75-79,M,2.03
2055,% of total,80-84,M,3.61
2055,% of total,85-89,M,9.58
2055,% of total,90-94,M,33.19
2055,% of total,95-99,M,23.89
2055,% of total,100-104,M,46.54
2055,% of total,105-109,M,0.0
2055,% of total,110-114,M,0.0
2055,% of total,115-119,M,0.0
2055,% of total,120+,M,0.07
2060,Number,Total,M,100.0
2060,Number,0-4,M,3.61
2060,Number,5-9,M,3.89
2060,Number,10-14,M,4.21
2060,Number,15-19,M,4.47
2060,Number,20-24,M,4.31
2060,Number,25-29,M,4.09
2060,Number,30-34,M,4.13
2060,Number,35-39,M,4.31
2060,Number,40-44,M,4.49
2060,Number,45-49,M,4.71
2060,Number,50-54,M,5.19
2060,Number,55-59,M,5.44
2060,Number,60-64,M,6.76
2060,Number,65-69,M,7.53
2060,Number,70-74,M,8.42
2060,Number,75-79,M,8.29
2060,Number,80-84,M,6.95
2060,Number,85-89,M,4.9
2060,Number,90-94,M,2.76
2060,Number,95-99,M,1.19
2060,Number,100-104,M,0.29
2060,Number,105-109,M,0.03
2060,Number,110-114,M,0.0
2060,Number,115-119,M,0.0
2060,Number,120+,M,0.0
2060,% of total,Total,M,0.41
2060,% of total,0-4,M,0.39
2060,% of total,5-9,M,0.41
2060,% of total,10-14,M,0.4
2060,% of total,15-19,M,0.3
2060,% of total,20-24,M,0.31
2060,% of total,25-29,M,0.28
2060,% of total,30-34,M,0.3
2060,% of total,35-39,M,0.31
2060,% of total,40-44,M,0.34
2060,% of total,45-49,M,0.36
2060,% of total,50-54,M,0.37
2060,% of total,55-59,M,0.5
2060,% of total,60-64,M,0.7
2060,% of total,65-69,M,1.24
2060,% of total,70-74,M,1.63
2060,% of total,75-79,M,2.02
2060,% of total,80-84,M,3.69
2060,% of total,85-89,M,9.54
2060,% of total,90-94,M,38.73
2060,% of total,95-99,M,31.72
2060,% of total,100-104,M,75.86
2060,% of total,105-109,M,0.0
2060,% of total,110-114,M,0.0
2060,% of total,115-119,M,0.0
2060,% of total,120+,M,3.8
2065,Number,Total,M,100.0
2065,Number,0-4,M,3.59
2065,Number,5-9,M,3.89
2065,Number,10-14,M,4.24
2065,Number,15-19,M,4.5
2065,Number,20-24,M,4.34
2065,Number,25-29,M,4.06
2065,Number,30-34,M,4.04
2065,Number,35-39,M,4.21
2065,Number,40-44,M,4.48
2065,Number,45-49,M,4.75
2065,Number,50-54,M,5.06
2065,Number,55-59,M,5.64
2065,Number,60-64,M,5.96
2065,Number,65-69,M,7.25
2065,Number,70-74,M,7.78
2065,Number,75-79,M,8.2
2065,Number,80-84,M,7.46
2065,Number,85-89,M,5.52
2065,Number,90-94,M,3.22
2065,Number,95-99,M,1.36
2065,Number,100-104,M,0.39
2065,Number,105-109,M,0.05
2065,Number,110-114,M,0.0
2065,Number,115-119,M,0.0
2065,Number,120+,M,0.0
2065,% of total,Total,M,0.37
2065,% of total,0-4,M,0.35
2065,% of total,5-9,M,0.37
2065,% of total,10-14,M,0.36
2065,% of total,15-19,M,0.28
2065,% of total,20-24,M,0.28
2065,% of total,25-29,M,0.25
2065,% of total,30-34,M,0.26
2065,% of total,35-39,M,0.28
2065,% of total,40-44,M,0.31
2065,% of total,45-49,M,0.32
2065,% of total,50-54,M,0.34
2065,% of total,55-59,M,0.4
2065,% of total,60-64,M,0.61
2065,% of total,65-69,M,1.03
2065,% of total,70-74,M,1.45
2065,% of total,75-79,M,1.95
2065,% of total,80-84,M,3.74
2065,% of total,85-89,M,10.03
2065,% of total,90-94,M,39.81
2065,% of total,95-99,M,38.31
2065,% of total,100-104,M,104.04
2065,% of total,105-109,M,0.0
2065,% of total,110-114,M,0.0
2065,% of total,115-119,M,0.0
2065,% of total,120+,M,110217.64
2070,Number,Total,M,100.0
2070,Number,0-4,M,3.6
2070,Number,5-9,M,3.88
2070,Number,10-14,M,4.24
2070,Number,15-19,M,4.54
2070,Number,20-24,M,4.39
2070,Number,25-29,M,4.1
2070,Number,30-34,M,4.02
2070,Number,35-39,M,4.13
2070,Number,40-44,M,4.39
2070,Number,45-49,M,4.75
2070,Number,50-54,M,5.11
2070,Number,55-59,M,5.52
2070,Number,60-64,M,6.19
2070,Number,65-69,M,6.46
2070,Number,70-74,M,7.55
2070,Number,75-79,M,7.66
2070,Number,80-84,M,7.49
2070,Number,85-89,M,6.05
2070,Number,90-94,M,3.73
2070,Number,95-99,M,1.66
2070,Number,100-104,M,0.46
2070,Number,105-109,M,0.07
2070,Number,110-114,M,0.0
2070,Number,115-119,M,0.0
2070,Number,120+,M,0.0
2070,% of total,Total,M,0.33
2070,% of total,0-4,M,0.31
2070,% of total,5-9,M,0.33
2070,% of total,10-14,M,0.33
2070,% of total,15-19,M,0.25
2070,% of total,20-24,M,0.25
2070,% of total,25-29,M,0.22
2070,% of total,30-34,M,0.23
2070,% of total,35-39,M,0.25
2070,% of total,40-44,M,0.28
2070,% of total,45-49,M,0.29
2070,% of total,50-54,M,0.3
2070,% of total,55-59,M,0.37
2070,% of total,60-64,M,0.49
2070,% of total,65-69,M,0.9
2070,% of total,70-74,M,1.22
2070,% of total,75-79,M,1.76
2070,% of total,80-84,M,3.68
2070,% of total,85-89,M,10.42
2070,% of total,90-94,M,43.4
2070,% of total,95-99,M,40.66
2070,% of total,100-104,M,0.0
2070,% of total,105-109,M,0.0
2070,% of total,110-114,M,0.0
2070,% of total,115-119,M,0.0
