Year,SERIES,UNIT_MEASURE,Education level,Sex,COMPOSITE_BREAKDOWN,Value
2018,Proportion of children and young people achieving a minimum proficiency level in reading and mathematics,Percent,Lower secondary education,Both sexes,Mathematics,42.4365892249964
2018,Proportion of children and young people achieving a minimum proficiency level in reading and mathematics,Percent,Lower secondary education,Both sexes,Reading,46.324932261413
2018,Proportion of children and young people achieving a minimum proficiency level in reading and mathematics,Percent,Lower secondary education,Female,Mathematics,42.5678637665707
2018,Proportion of children and young people achieving a minimum proficiency level in reading and mathematics,Percent,Lower secondary education,Female,Reading,54.7666227762361
2018,Proportion of children and young people achieving a minimum proficiency level in reading and mathematics,Percent,Lower secondary education,Male,Mathematics,42.311625596573
2018,Proportion of children and young people achieving a minimum proficiency level in reading and mathematics,Percent,Lower secondary education,Male,Reading,38.2890689164767
