Year,UNIT_MEASURE,AGE,Sex,Activity rates,Value
2013,Number,All,Both sexes,Total illiterate,89794.0
2013,Number,All,M,Total illiterate,12237.0
2013,Number,All,F,Total illiterate,77557.0
2013,Number, 10-14,Both sexes,% of total for age group,579.0
2013,Number, 10-14,M,% of total for age group,318.0
2013,Number, 10-14,F,% of total for age group,261.0
2013,_%, 10-14,M,% of total for age group,54.92227979
2013,_%, 10-14,F,% of total for age group,45.07772021
2013,Number, 15-19,Both sexes,% of total for age group,763.0
2013,Number, 15-19,M,% of total for age group,408.0
2013,Number, 15-19,F,% of total for age group,355.0
2013,_%, 15-19,M,% of total for age group,53.47313237
2013,_%, 15-19,F,% of total for age group,46.52686763
2013,Number, 20-24,Both sexes,% of total for age group,825.0
2013,Number, 20-24,M,% of total for age group,419.0
2013,Number, 20-24,F,% of total for age group,406.0
2013,_%, 20-24,M,% of total for age group,50.78787879
2013,_%, 20-24,F,% of total for age group,49.21212121
2013,Number, 25-29,Both sexes,% of total for age group,1025.0
2013,Number, 25-29,M,% of total for age group,539.0
2013,Number, 25-29,F,% of total for age group,486.0
2013,_%, 25-29,M,% of total for age group,52.58536585
2013,_%, 25-29,F,% of total for age group,47.41463415
2013,Number, 30-34,Both sexes,% of total for age group,1082.0
2013,Number, 30-34,M,% of total for age group,551.0
2013,Number, 30-34,F,% of total for age group,531.0
2013,_%, 30-34,M,% of total for age group,50.92421442
2013,_%, 30-34,F,% of total for age group,49.07578558
2013,Number, 35-39,Both sexes,% of total for age group,1032.0
2013,Number, 35-39,M,% of total for age group,525.0
2013,Number, 35-39,F,% of total for age group,507.0
2013,_%, 35-39,M,% of total for age group,50.87209302
2013,_%, 35-39,F,% of total for age group,49.12790698
2013,Number,40-44,Both sexes,% of total for age group,1143.0
2013,Number,40-44,M,% of total for age group,519.0
2013,Number,40-44,F,% of total for age group,624.0
2013,_%,40-44,M,% of total for age group,45.40682415
2013,_%,40-44,F,% of total for age group,54.59317585
2013,Number, 45-49,Both sexes,% of total for age group,1533.0
2013,Number, 45-49,M,% of total for age group,632.0
2013,Number, 45-49,F,% of total for age group,901.0
2013,_%, 45-49,M,% of total for age group,41.22635356
2013,_%, 45-49,F,% of total for age group,58.77364644
2013,Number, 50-54,Both sexes,% of total for age group,2532.0
2013,Number, 50-54,M,% of total for age group,679.0
2013,Number, 50-54,F,% of total for age group,1853.0
2013,_%, 50-54,M,% of total for age group,26.81674566
2013,_%, 50-54,F,% of total for age group,73.18325434
2013,Number, 55-59,Both sexes,% of total for age group,4132.0
2013,Number, 55-59,M,% of total for age group,764.0
2013,Number, 55-59,F,% of total for age group,3368.0
2013,_%, 55-59,M,% of total for age group,18.48983543
2013,_%, 55-59,F,% of total for age group,81.51016457
2013,Number, 60-64,Both sexes,% of total for age group,6736.0
2013,Number, 60-64,M,% of total for age group,771.0
2013,Number, 60-64,F,% of total for age group,5965.0
2013,_%, 60-64,M,% of total for age group,11.445962
2013,_%, 60-64,F,% of total for age group,88.554038
2013,Number, 65-69,Both sexes,% of total for age group,9306.0
2013,Number, 65-69,M,% of total for age group,863.0
2013,Number, 65-69,F,% of total for age group,8443.0
2013,_%, 65-69,M,% of total for age group,9.273586933
2013,_%, 65-69,F,% of total for age group,90.72641307
2013,Number, 70-74,Both sexes,% of total for age group,16476.0
2013,Number, 70-74,M,% of total for age group,1311.0
2013,Number, 70-74,F,% of total for age group,15165.0
2013,_%, 70-74,M,% of total for age group,7.957028405
2013,_%, 70-74,F,% of total for age group,92.0429716
2013,Number, 75+,Both sexes,% of total for age group,42630.0
2013,Number, 75+,M,% of total for age group,3938.0
2013,Number, 75+,F,% of total for age group,38692.0
2013,_%, 75+,M,% of total for age group,9.237626085
2013,_%, 75+,F,% of total for age group,90.76237392
