Year,UNIT_MEASURE,Age,Sex,ACTIVITY_RATES,Value
2006,% of total,15+,Both sexes,Active (Labour Force) as % of working age population,43.1
2006,% of total,15 - 24,Both sexes,Active (Labour Force) as % of working age population,33.4
2006,% of total,25 - 49,Both sexes,Active (Labour Force) as % of working age population,66.0
2006,% of total,50 - 64,Both sexes,Active (Labour Force) as % of working age population,36.6
2006,% of total,65+,Both sexes,Active (Labour Force) as % of working age population,5.7
2006,% of total,15 - 64,Both sexes,Active (Labour Force) as % of working age population,51.3
2006,% of total,15+,M,Active (Labour Force) as % of working age population,56.2
2006,% of total,15 - 24,M,Active (Labour Force) as % of working age population,40.1
2006,% of total,25 - 49,M,Active (Labour Force) as % of working age population,81.9
2006,% of total,50 - 64,M,Active (Labour Force) as % of working age population,53.4
2006,% of total,65+,M,Active (Labour Force) as % of working age population,8.0
2006,% of total,15 - 64,M,Active (Labour Force) as % of working age population,65.5
2006,% of total,15+,F,Active (Labour Force) as % of working age population,30.8
2006,% of total,15 - 24,F,Active (Labour Force) as % of working age population,26.3
2006,% of total,25 - 49,F,Active (Labour Force) as % of working age population,50.0
2006,% of total,50 - 64,F,Active (Labour Force) as % of working age population,22.1
2006,% of total,65+,F,Active (Labour Force) as % of working age population,4.0
2006,% of total,15 - 64,F,Active (Labour Force) as % of working age population,37.4
2006,% of total,15+,Both sexes,Employed as % of working age population,29.7
2006,% of total,15 - 24,Both sexes,Employed as % of working age population,12.6
2006,% of total,25 - 49,Both sexes,Employed as % of working age population,46.5
2006,% of total,50 - 64,Both sexes,Employed as % of working age population,30.6
2006,% of total,65+,Both sexes,Employed as % of working age population,5.5
2006,% of total,15 - 64,Both sexes,Employed as % of working age population,35.0
2006,% of total,15+,M,Employed as % of working age population,39.9
2006,% of total,15 - 24,M,Employed as % of working age population,16.0
2006,% of total,25 - 49,M,Employed as % of working age population,60.0
2006,% of total,50 - 64,M,Employed as % of working age population,44.3
2006,% of total,65+,M,Employed as % of working age population,7.5
2006,% of total,15 - 64,M,Employed as % of working age population,46.1
2006,% of total,15+,F,Employed as % of working age population,20.0
2006,% of total,15 - 24,F,Employed as % of working age population,9.0
2006,% of total,25 - 49,F,Employed as % of working age population,33.0
2006,% of total,50 - 64,F,Employed as % of working age population,18.7
2006,% of total,65+,F,Employed as % of working age population,4.0
2006,% of total,15 - 64,F,Employed as % of working age population,24.0
2006,% of total,15+,Both sexes,Unemployed as % of working age population,13.4
2006,% of total,15 - 24,Both sexes,Unemployed as % of working age population,20.8
2006,% of total,25 - 49,Both sexes,Unemployed as % of working age population,19.5
2006,% of total,50 - 64,Both sexes,Unemployed as % of working age population,6.0
2006,% of total,65+,Both sexes,Unemployed as % of working age population,0.2
2006,% of total,15 - 64,Both sexes,Unemployed as % of working age population,16.3
2006,% of total,15+,M,Unemployed as % of working age population,16.2
2006,% of total,15 - 24,M,Unemployed as % of working age population,24.1
2006,% of total,25 - 49,M,Unemployed as % of working age population,21.9
2006,% of total,50 - 64,M,Unemployed as % of working age population,9.1
2006,% of total,65+,M,Unemployed as % of working age population,0.5
2006,% of total,15 - 64,M,Unemployed as % of working age population,19.3
2006,% of total,15+,F,Unemployed as % of working age population,10.7
2006,% of total,15 - 24,F,Unemployed as % of working age population,17.3
2006,% of total,25 - 49,F,Unemployed as % of working age population,17.0
2006,% of total,50 - 64,F,Unemployed as % of working age population,3.4
2006,% of total,65+,F,Unemployed as % of working age population,0.0
2006,% of total,15+,Both sexes,Unemployed as % of working age population,13.3
2006,% of total,15+,Both sexes,Unemployed as % of labour force,31.1
2006,% of total,15 - 24,Both sexes,Unemployed as % of labour force,62.3
2006,% of total,25 - 49,Both sexes,Unemployed as % of labour force,29.5
2006,% of total,50 - 64,Both sexes,Unemployed as % of labour force,16.4
2006,% of total,65+,Both sexes,Unemployed as % of labour force,0.0
2006,% of total,15 - 64,Both sexes,Unemployed as % of labour force,31.8
2006,% of total,15+,M,Unemployed as % of labour force,28.9
2006,% of total,15 - 24,M,Unemployed as % of labour force,60.2
2006,% of total,25 - 49,M,Unemployed as % of labour force,26.7
2006,% of total,50 - 64,M,Unemployed as % of labour force,17.1
2006,% of total,65+,M,Unemployed as % of labour force,0.0
2006,% of total,15 - 64,M,Unemployed as % of labour force,29.5
2006,% of total,15+,F,Unemployed as % of labour force,34.9
2006,% of total,15 - 24,F,Unemployed as % of labour force,65.7
2006,% of total,25 - 49,F,Unemployed as % of labour force,34.0
2006,% of total,50 - 64,F,Unemployed as % of labour force,15.2
2006,% of total,65+,F,Unemployed as % of labour force,0.0
2006,% of total,15 - 64,F,Unemployed as % of labour force,35.7
2006,% of total,15+,Both sexes,Inactive as % of working age population,56.9
2006,% of total,15 - 24,Both sexes,Inactive as % of working age population,66.6
2006,% of total,25 - 49,Both sexes,Inactive as % of working age population,34.0
2006,% of total,50 - 64,Both sexes,Inactive as % of working age population,63.4
2006,% of total,65+,Both sexes,Inactive as % of working age population,94.3
2006,% of total,15 - 64,Both sexes,Inactive as % of working age population,48.7
2006,% of total,15+,M,Inactive as % of working age population,48.7
2006,% of total,15 - 24,M,Inactive as % of working age population,43.8
2006,% of total,25 - 49,M,Inactive as % of working age population,59.9
2006,% of total,50 - 64,M,Inactive as % of working age population,18.1
2006,% of total,65+,M,Inactive as % of working age population,46.6
2006,% of total,15 - 64,M,Inactive as % of working age population,92.0
2006,% of total,15+,F,Inactive as % of working age population,34.5
2006,% of total,15 - 24,F,Inactive as % of working age population,69.2
2006,% of total,25 - 49,F,Inactive as % of working age population,73.7
2006,% of total,50 - 64,F,Inactive as % of working age population,50.0
2006,% of total,65+,F,Inactive as % of working age population,77.9
2006,% of total,15 - 64,F,Inactive as % of working age population,96.0
2006,% of total,15+,F,Inactive as % of working age population,62.6
2007,% of total,15+,Both sexes,Active (Labour Force) as % of working age population,43.9
2007,% of total,15 - 24,Both sexes,Active (Labour Force) as % of working age population,33.4
2007,% of total,25 - 49,Both sexes,Active (Labour Force) as % of working age population,67.0
2007,% of total,50 - 64,Both sexes,Active (Labour Force) as % of working age population,38.9
2007,% of total,65+,Both sexes,Active (Labour Force) as % of working age population,5.9
2007,% of total,15 - 64,Both sexes,Active (Labour Force) as % of working age population,52.2
2007,% of total,15+,M,Active (Labour Force) as % of working age population,57.7
2007,% of total,15 - 24,M,Active (Labour Force) as % of working age population,40.8
2007,% of total,25 - 49,M,Active (Labour Force) as % of working age population,84.0
2007,% of total,50 - 64,M,Active (Labour Force) as % of working age population,55.4
2007,% of total,65+,M,Active (Labour Force) as % of working age population,9.0
2007,% of total,15 - 64,M,Active (Labour Force) as % of working age population,67.0
2007,% of total,15+,F,Active (Labour Force) as % of working age population,31.0
2007,% of total,15 - 24,F,Active (Labour Force) as % of working age population,25.7
2007,% of total,25 - 49,F,Active (Labour Force) as % of working age population,50.2
2007,% of total,50 - 64,F,Active (Labour Force) as % of working age population,23.7
2007,% of total,65+,F,Active (Labour Force) as % of working age population,3.6
2007,% of total,15 - 64,F,Active (Labour Force) as % of working age population,37.8
2007,% of total,15+,Both sexes,Employed as % of working age population,31.2
2007,% of total,15 - 24,Both sexes,Employed as % of working age population,13.9
2007,% of total,25 - 49,Both sexes,Employed as % of working age population,48.8
2007,% of total,50 - 64,Both sexes,Employed as % of working age population,31.9
2007,% of total,65+,Both sexes,Employed as % of working age population,5.7
2007,% of total,15 - 64,Both sexes,Employed as % of working age population,36.8
2007,% of total,15+,M,Employed as % of working age population,42.3
2007,% of total,15 - 24,M,Employed as % of working age population,18.1
2007,% of total,25 - 49,M,Employed as % of working age population,63.6
2007,% of total,50 - 64,M,Employed as % of working age population,45.2
2007,% of total,65+,M,Employed as % of working age population,8.6
2007,% of total,15 - 64,M,Employed as % of working age population,48.7
2007,% of total,15+,F,Employed as % of working age population,20.8
2007,% of total,15 - 24,F,Employed as % of working age population,9.5
2007,% of total,25 - 49,F,Employed as % of working age population,34.2
2007,% of total,50 - 64,F,Employed as % of working age population,19.7
2007,% of total,65+,F,Employed as % of working age population,3.6
2007,% of total,15 - 64,F,Employed as % of working age population,25.0
2007,% of total,15+,Both sexes,Unemployed as % of working age population,12.7
2007,% of total,15 - 24,Both sexes,Unemployed as % of working age population,19.5
2007,% of total,25 - 49,Both sexes,Unemployed as % of working age population,18.2
2007,% of total,50 - 64,Both sexes,Unemployed as % of working age population,6.9
2007,% of total,65+,Both sexes,Unemployed as % of working age population,0.2
2007,% of total,15 - 64,Both sexes,Unemployed as % of working age population,15.5
2007,% of total,15+,M,Unemployed as % of working age population,15.4
2007,% of total,15 - 24,M,Unemployed as % of working age population,22.7
2007,% of total,25 - 49,M,Unemployed as % of working age population,20.4
2007,% of total,50 - 64,M,Unemployed as % of working age population,10.2
2007,% of total,65+,M,Unemployed as % of working age population,0.3
2007,% of total,15 - 64,M,Unemployed as % of working age population,18.3
2007,% of total,15+,F,Unemployed as % of working age population,10.2
2007,% of total,15 - 24,F,Unemployed as % of working age population,16.2
2007,% of total,25 - 49,F,Unemployed as % of working age population,16.0
2007,% of total,50 - 64,F,Unemployed as % of working age population,3.9
2007,% of total,65+,F,Unemployed as % of working age population,0.0
2007,% of total,15+,Both sexes,Unemployed as % of working age population,12.7
2007,% of total,15+,Both sexes,Unemployed as % of labour force,29.0
2007,% of total,15 - 24,Both sexes,Unemployed as % of labour force,58.4
2007,% of total,25 - 49,Both sexes,Unemployed as % of labour force,27.1
2007,% of total,50 - 64,Both sexes,Unemployed as % of labour force,17.8
2007,% of total,65+,Both sexes,Unemployed as % of labour force,0.0
2007,% of total,15 - 64,Both sexes,Unemployed as % of labour force,29.6
2007,% of total,15+,M,Unemployed as % of labour force,26.7
2007,% of total,15 - 24,M,Unemployed as % of labour force,55.6
2007,% of total,25 - 49,M,Unemployed as % of labour force,24.3
2007,% of total,50 - 64,M,Unemployed as % of labour force,18.4
2007,% of total,65+,M,Unemployed as % of labour force,0.0
2007,% of total,15 - 64,M,Unemployed as % of labour force,27.3
2007,% of total,15+,F,Unemployed as % of labour force,32.9
2007,% of total,15 - 24,F,Unemployed as % of labour force,63.1
2007,% of total,25 - 49,F,Unemployed as % of labour force,31.9
2007,% of total,50 - 64,F,Unemployed as % of labour force,16.6
2007,% of total,65+,F,Unemployed as % of labour force,0.0
2007,% of total,15 - 64,F,Unemployed as % of labour force,33.7
2007,% of total,15+,Both sexes,Inactive as % of working age population,56.1
2007,% of total,15 - 24,Both sexes,Inactive as % of working age population,66.6
2007,% of total,25 - 49,Both sexes,Inactive as % of working age population,33.0
2007,% of total,50 - 64,Both sexes,Inactive as % of working age population,61.1
2007,% of total,65+,Both sexes,Inactive as % of working age population,94.1
2007,% of total,15 - 64,Both sexes,Inactive as % of working age population,47.8
2007,% of total,15+,M,Inactive as % of working age population,42.3
2007,% of total,15 - 24,M,Inactive as % of working age population,59.2
2007,% of total,25 - 49,M,Inactive as % of working age population,16.0
2007,% of total,50 - 64,M,Inactive as % of working age population,44.6
2007,% of total,65+,M,Inactive as % of working age population,91.0
2007,% of total,15 - 64,M,Inactive as % of working age population,33.0
2007,% of total,15+,F,Inactive as % of working age population,69.0
2007,% of total,15 - 24,F,Inactive as % of working age population,74.3
2007,% of total,25 - 49,F,Inactive as % of working age population,49.8
2007,% of total,50 - 64,F,Inactive as % of working age population,76.3
2007,% of total,65+,F,Inactive as % of working age population,96.4
2007,% of total,15 - 64,F,Inactive as % of working age population,62.2
2008,% of total,15+,Both sexes,Active (Labour Force) as % of working age population,43.9
2008,% of total,15 - 24,Both sexes,Active (Labour Force) as % of working age population,33.2
2008,% of total,25 - 49,Both sexes,Active (Labour Force) as % of working age population,68.6
2008,% of total,50 - 64,Both sexes,Active (Labour Force) as % of working age population,40.5
2008,% of total,65+,Both sexes,Active (Labour Force) as % of working age population,5.4
2008,% of total,15 - 64,Both sexes,Active (Labour Force) as % of working age population,53.5
2008,% of total,15+,M,Active (Labour Force) as % of working age population,57.1
2008,% of total,15 - 24,M,Active (Labour Force) as % of working age population,40.0
2008,% of total,25 - 49,M,Active (Labour Force) as % of working age population,85.1
2008,% of total,50 - 64,M,Active (Labour Force) as % of working age population,57.2
2008,% of total,65+,M,Active (Labour Force) as % of working age population,8.3
2008,% of total,15 - 64,M,Active (Labour Force) as % of working age population,67.7
2008,% of total,15+,F,Active (Labour Force) as % of working age population,31.6
2008,% of total,15 - 24,F,Active (Labour Force) as % of working age population,25.6
2008,% of total,25 - 49,F,Active (Labour Force) as % of working age population,52.4
2008,% of total,50 - 64,F,Active (Labour Force) as % of working age population,25.7
2008,% of total,65+,F,Active (Labour Force) as % of working age population,3.2
2008,% of total,15 - 64,F,Active (Labour Force) as % of working age population,39.5
2008,% of total,15+,Both sexes,Employed as % of working age population,33.6
2008,% of total,15 - 24,Both sexes,Employed as % of working age population,17.4
2008,% of total,25 - 49,Both sexes,Employed as % of working age population,53.4
2008,% of total,50 - 64,Both sexes,Employed as % of working age population,34.4
2008,% of total,65+,Both sexes,Employed as % of working age population,5.4
2008,% of total,15 - 64,Both sexes,Employed as % of working age population,40.7
2008,% of total,15+,M,Employed as % of working age population,44.9
2008,% of total,15 - 24,M,Employed as % of working age population,22.1
2008,% of total,25 - 49,M,Employed as % of working age population,68.8
2008,% of total,50 - 64,M,Employed as % of working age population,47.9
2008,% of total,65+,M,Employed as % of working age population,8.2
2008,% of total,15 - 64,M,Employed as % of working age population,52.9
2008,% of total,15+,F,Employed as % of working age population,23.1
2008,% of total,15 - 24,F,Employed as % of working age population,12.2
2008,% of total,25 - 49,F,Employed as % of working age population,38.4
2008,% of total,50 - 64,F,Employed as % of working age population,22.4
2008,% of total,65+,F,Employed as % of working age population,3.2
2008,% of total,15 - 64,F,Employed as % of working age population,28.7
2008,% of total,15+,Both sexes,Unemployed as % of working age population,10.3
2008,% of total,15 - 24,Both sexes,Unemployed as % of working age population,15.8
2008,% of total,25 - 49,Both sexes,Unemployed as % of working age population,15.1
2008,% of total,50 - 64,Both sexes,Unemployed as % of working age population,6.2
2008,% of total,65+,Both sexes,Unemployed as % of working age population,0.0
2008,% of total,15 - 64,Both sexes,Unemployed as % of working age population,12.8
2008,% of total,15+,M,Unemployed as % of working age population,12.2
2008,% of total,15 - 24,M,Unemployed as % of working age population,17.9
2008,% of total,25 - 49,M,Unemployed as % of working age population,16.3
2008,% of total,50 - 64,M,Unemployed as % of working age population,9.3
2008,% of total,65+,M,Unemployed as % of working age population,0.1
2008,% of total,15 - 64,M,Unemployed as % of working age population,14.9
2008,% of total,15+,F,Unemployed as % of working age population,8.5
2008,% of total,15 - 24,F,Unemployed as % of working age population,13.4
2008,% of total,25 - 49,F,Unemployed as % of working age population,14.0
2008,% of total,50 - 64,F,Unemployed as % of working age population,3.3
2008,% of total,65+,F,Unemployed as % of working age population,0.0
2008,% of total,15+,Both sexes,Unemployed as % of working age population,10.8
2008,% of total,15+,Both sexes,Unemployed as % of labour force,23.4
2008,% of total,15 - 24,Both sexes,Unemployed as % of labour force,47.5
2008,% of total,25 - 49,Both sexes,Unemployed as % of labour force,22.1
2008,% of total,50 - 64,Both sexes,Unemployed as % of labour force,15.2
2008,% of total,65+,Both sexes,Unemployed as % of labour force,0.0
2008,% of total,15 - 64,Both sexes,Unemployed as % of labour force,24.0
2008,% of total,15+,M,Unemployed as % of labour force,21.4
2008,% of total,15 - 24,M,Unemployed as % of labour force,44.8
2008,% of total,25 - 49,M,Unemployed as % of labour force,19.2
2008,% of total,50 - 64,M,Unemployed as % of labour force,16.3
2008,% of total,65+,M,Unemployed as % of labour force,0.0
2008,% of total,15 - 64,M,Unemployed as % of labour force,21.9
2008,% of total,15+,F,Unemployed as % of labour force,26.8
2008,% of total,15 - 24,F,Unemployed as % of labour force,52.3
2008,% of total,25 - 49,F,Unemployed as % of labour force,26.7
2008,% of total,50 - 64,F,Unemployed as % of labour force,13.0
2008,% of total,65+,F,Unemployed as % of labour force,0.0
2008,% of total,15 - 64,F,Unemployed as % of labour force,27.4
2008,% of total,15+,Both sexes,Inactive as % of working age population,56.1
2008,% of total,15 - 24,Both sexes,Inactive as % of working age population,66.8
2008,% of total,25 - 49,Both sexes,Inactive as % of working age population,31.4
2008,% of total,50 - 64,Both sexes,Inactive as % of working age population,59.5
2008,% of total,65+,Both sexes,Inactive as % of working age population,94.6
2008,% of total,15 - 64,Both sexes,Inactive as % of working age population,46.5
2008,% of total,15+,M,Inactive as % of working age population,42.9
2008,% of total,15 - 24,M,Inactive as % of working age population,60.0
2008,% of total,25 - 49,M,Inactive as % of working age population,14.9
2008,% of total,50 - 64,M,Inactive as % of working age population,42.8
2008,% of total,65+,M,Inactive as % of working age population,91.7
2008,% of total,15 - 64,M,Inactive as % of working age population,32.3
2008,% of total,15+,F,Inactive as % of working age population,68.4
2008,% of total,15 - 24,F,Inactive as % of working age population,74.4
2008,% of total,25 - 49,F,Inactive as % of working age population,47.6
2008,% of total,50 - 64,F,Inactive as % of working age population,74.3
2008,% of total,65+,F,Inactive as % of working age population,96.8
2008,% of total,15 - 64,F,Inactive as % of working age population,60.5
2009,% of total,15+,Both sexes,Active (Labour Force) as % of working age population,43.6
2009,% of total,15 - 24,Both sexes,Active (Labour Force) as % of working age population,32.6
2009,% of total,25 - 49,Both sexes,Active (Labour Force) as % of working age population,69.1
2009,% of total,50 - 64,Both sexes,Active (Labour Force) as % of working age population,40.8
2009,% of total,65+,Both sexes,Active (Labour Force) as % of working age population,4.2
2009,% of total,15 - 64,Both sexes,Active (Labour Force) as % of working age population,53.2
2009,% of total,15+,M,Active (Labour Force) as % of working age population,56.2
2009,% of total,15 - 24,M,Active (Labour Force) as % of working age population,40.4
2009,% of total,25 - 49,M,Active (Labour Force) as % of working age population,85.2
2009,% of total,50 - 64,M,Active (Labour Force) as % of working age population,55.3
2009,% of total,65+,M,Active (Labour Force) as % of working age population,5.6
2009,% of total,15 - 64,M,Active (Labour Force) as % of working age population,67.0
2009,% of total,15+,F,Active (Labour Force) as % of working age population,31.9
2009,% of total,15 - 24,F,Active (Labour Force) as % of working age population,24.3
2009,% of total,25 - 49,F,Active (Labour Force) as % of working age population,53.2
2009,% of total,50 - 64,F,Active (Labour Force) as % of working age population,27.6
2009,% of total,65+,F,Active (Labour Force) as % of working age population,3.1
2009,% of total,15 - 64,F,Active (Labour Force) as % of working age population,39.7
2009,% of total,15+,Both sexes,Employed as % of working age population,33.1
2009,% of total,15 - 24,Both sexes,Employed as % of working age population,16.7
2009,% of total,25 - 49,Both sexes,Employed as % of working age population,53.5
2009,% of total,50 - 64,Both sexes,Employed as % of working age population,34.0
2009,% of total,65+,Both sexes,Employed as % of working age population,4.2
2009,% of total,15 - 64,Both sexes,Employed as % of working age population,40.1
2009,% of total,15+,M,Employed as % of working age population,43.2
2009,% of total,15 - 24,M,Employed as % of working age population,21.7
2009,% of total,25 - 49,M,Employed as % of working age population,67.4
2009,% of total,50 - 64,M,Employed as % of working age population,45.4
2009,% of total,65+,M,Employed as % of working age population,5.6
2009,% of total,15 - 64,M,Employed as % of working age population,51.3
2009,% of total,15+,F,Employed as % of working age population,23.7
2009,% of total,15 - 24,F,Employed as % of working age population,11.5
2009,% of total,25 - 49,F,Employed as % of working age population,39.9
2009,% of total,50 - 64,F,Employed as % of working age population,23.6
2009,% of total,65+,F,Employed as % of working age population,3.1
2009,% of total,15 - 64,F,Employed as % of working age population,29.3
2009,% of total,15+,Both sexes,Unemployed as % of working age population,10.5
2009,% of total,15 - 24,Both sexes,Unemployed as % of working age population,15.9
2009,% of total,25 - 49,Both sexes,Unemployed as % of working age population,15.6
2009,% of total,50 - 64,Both sexes,Unemployed as % of working age population,6.8
2009,% of total,65+,Both sexes,Unemployed as % of working age population,0.0
2009,% of total,15 - 64,Both sexes,Unemployed as % of working age population,13.0
2009,% of total,15+,M,Unemployed as % of working age population,13.0
2009,% of total,15 - 24,M,Unemployed as % of working age population,18.8
2009,% of total,25 - 49,M,Unemployed as % of working age population,17.8
2009,% of total,50 - 64,M,Unemployed as % of working age population,9.9
2009,% of total,65+,M,Unemployed as % of working age population,0.0
2009,% of total,15 - 64,M,Unemployed as % of working age population,15.8
2009,% of total,15+,F,Unemployed as % of working age population,8.2
2009,% of total,15 - 24,F,Unemployed as % of working age population,12.8
2009,% of total,25 - 49,F,Unemployed as % of working age population,13.4
2009,% of total,50 - 64,F,Unemployed as % of working age population,4.0
2009,% of total,65+,F,Unemployed as % of working age population,0.0
2009,% of total,15+,Both sexes,Unemployed as % of working age population,10.4
2009,% of total,15+,Both sexes,Unemployed as % of labour force,24.1
2009,% of total,15 - 24,Both sexes,Unemployed as % of labour force,48.7
2009,% of total,25 - 49,Both sexes,Unemployed as % of labour force,22.5
2009,% of total,50 - 64,Both sexes,Unemployed as % of labour force,16.7
2009,% of total,65+,Both sexes,Unemployed as % of labour force,0.0
2009,% of total,15 - 64,Both sexes,Unemployed as % of labour force,24.5
2009,% of total,15+,M,Unemployed as % of labour force,23.1
2009,% of total,15 - 24,M,Unemployed as % of labour force,46.4
2009,% of total,25 - 49,M,Unemployed as % of labour force,20.9
2009,% of total,50 - 64,M,Unemployed as % of labour force,18.0
2009,% of total,65+,M,Unemployed as % of labour force,0.0
2009,% of total,15 - 64,M,Unemployed as % of labour force,23.5
2009,% of total,15+,F,Unemployed as % of labour force,25.6
2009,% of total,15 - 24,F,Unemployed as % of labour force,52.7
2009,% of total,25 - 49,F,Unemployed as % of labour force,25.1
2009,% of total,50 - 64,F,Unemployed as % of labour force,14.2
2009,% of total,65+,F,Unemployed as % of labour force,0.0
2009,% of total,15 - 64,F,Unemployed as % of labour force,26.2
2009,% of total,15+,Both sexes,Inactive as % of working age population,56.4
2009,% of total,15 - 24,Both sexes,Inactive as % of working age population,67.4
2009,% of total,25 - 49,Both sexes,Inactive as % of working age population,30.9
2009,% of total,50 - 64,Both sexes,Inactive as % of working age population,59.2
2009,% of total,65+,Both sexes,Inactive as % of working age population,95.8
2009,% of total,15 - 64,Both sexes,Inactive as % of working age population,46.8
2009,% of total,15+,M,Inactive as % of working age population,43.8
2009,% of total,15 - 24,M,Inactive as % of working age population,59.6
2009,% of total,25 - 49,M,Inactive as % of working age population,14.8
2009,% of total,50 - 64,M,Inactive as % of working age population,44.7
2009,% of total,65+,M,Inactive as % of working age population,94.4
2009,% of total,15 - 64,M,Inactive as % of working age population,33.0
2009,% of total,15+,F,Inactive as % of working age population,68.1
2009,% of total,15 - 24,F,Inactive as % of working age population,75.7
2009,% of total,25 - 49,F,Inactive as % of working age population,46.8
2009,% of total,50 - 64,F,Inactive as % of working age population,72.4
2009,% of total,65+,F,Inactive as % of working age population,96.9
2009,% of total,15 - 64,F,Inactive as % of working age population,60.3
2010,% of total,15+,Both sexes,Active (Labour Force) as % of working age population,44.6
2010,% of total,15 - 24,Both sexes,Active (Labour Force) as % of working age population,33.0
2010,% of total,25 - 49,Both sexes,Active (Labour Force) as % of working age population,70.6
2010,% of total,50 - 64,Both sexes,Active (Labour Force) as % of working age population,40.5
2010,% of total,65+,Both sexes,Active (Labour Force) as % of working age population,4.6
2010,% of total,15 - 64,Both sexes,Active (Labour Force) as % of working age population,54.0
2010,% of total,15+,M,Active (Labour Force) as % of working age population,56.7
2010,% of total,15 - 24,M,Active (Labour Force) as % of working age population,39.7
2010,% of total,25 - 49,M,Active (Labour Force) as % of working age population,85.3
2010,% of total,50 - 64,M,Active (Labour Force) as % of working age population,54.5
2010,% of total,65+,M,Active (Labour Force) as % of working age population,6.3
2010,% of total,15 - 64,M,Active (Labour Force) as % of working age population,67.1
2010,% of total,15+,F,Active (Labour Force) as % of working age population,33.2
2010,% of total,15 - 24,F,Active (Labour Force) as % of working age population,25.9
2010,% of total,25 - 49,F,Active (Labour Force) as % of working age population,55.6
2010,% of total,50 - 64,F,Active (Labour Force) as % of working age population,28.0
2010,% of total,65+,F,Active (Labour Force) as % of working age population,3.3
2010,% of total,15 - 64,F,Active (Labour Force) as % of working age population,41.1
2010,% of total,15+,Both sexes,Employed as % of working age population,32.5
2010,% of total,15 - 24,Both sexes,Employed as % of working age population,14.0
2010,% of total,25 - 49,Both sexes,Employed as % of working age population,52.5
2010,% of total,50 - 64,Both sexes,Employed as % of working age population,33.3
2010,% of total,65+,Both sexes,Employed as % of working age population,4.6
2010,% of total,15 - 64,Both sexes,Employed as % of working age population,39.0
2010,% of total,15+,M,Employed as % of working age population,42.2
2010,% of total,15 - 24,M,Employed as % of working age population,17.8
2010,% of total,25 - 49,M,Employed as % of working age population,65.6
2010,% of total,50 - 64,M,Employed as % of working age population,44.1
2010,% of total,65+,M,Employed as % of working age population,6.3
2010,% of total,15 - 64,M,Employed as % of working age population,49.6
2010,% of total,15+,F,Employed as % of working age population,23.3
2010,% of total,15 - 24,F,Employed as % of working age population,10.0
2010,% of total,25 - 49,F,Employed as % of working age population,39.2
2010,% of total,50 - 64,F,Employed as % of working age population,23.6
2010,% of total,65+,F,Employed as % of working age population,3.2
2010,% of total,15 - 64,F,Employed as % of working age population,28.6
2010,% of total,15+,Both sexes,Unemployed as % of working age population,12.1
2010,% of total,15 - 24,Both sexes,Unemployed as % of working age population,19.0
2010,% of total,25 - 49,Both sexes,Unemployed as % of working age population,18.1
2010,% of total,50 - 64,Both sexes,Unemployed as % of working age population,7.2
2010,% of total,65+,Both sexes,Unemployed as % of working age population,0.1
2010,% of total,15 - 64,Both sexes,Unemployed as % of working age population,15.0
2010,% of total,15+,M,Unemployed as % of working age population,14.5
2010,% of total,15 - 24,M,Unemployed as % of working age population,21.9
2010,% of total,25 - 49,M,Unemployed as % of working age population,19.7
2010,% of total,50 - 64,M,Unemployed as % of working age population,10.4
2010,% of total,65+,M,Unemployed as % of working age population,0.0
2010,% of total,15 - 64,M,Unemployed as % of working age population,17.5
2010,% of total,15+,F,Unemployed as % of working age population,9.9
2010,% of total,15 - 24,F,Unemployed as % of working age population,15.9
2010,% of total,25 - 49,F,Unemployed as % of working age population,16.4
2010,% of total,50 - 64,F,Unemployed as % of working age population,4.4
2010,% of total,65+,F,Unemployed as % of working age population,0.1
2010,% of total,15+,Both sexes,Unemployed as % of working age population,12.5
2010,% of total,15+,Both sexes,Unemployed as % of labour force,27.2
2010,% of total,15 - 24,Both sexes,Unemployed as % of labour force,57.5
2010,% of total,25 - 49,Both sexes,Unemployed as % of labour force,25.6
2010,% of total,50 - 64,Both sexes,Unemployed as % of labour force,17.8
2010,% of total,65+,Both sexes,Unemployed as % of labour force,0.0
2010,% of total,15 - 64,Both sexes,Unemployed as % of labour force,27.7
2010,% of total,15+,M,Unemployed as % of labour force,25.6
2010,% of total,15 - 24,M,Unemployed as % of labour force,55.1
2010,% of total,25 - 49,M,Unemployed as % of labour force,23.1
2010,% of total,50 - 64,M,Unemployed as % of labour force,19.0
2010,% of total,65+,M,Unemployed as % of labour force,0.0
2010,% of total,15 - 64,M,Unemployed as % of labour force,26.1
2010,% of total,15+,F,Unemployed as % of labour force,29.9
2010,% of total,15 - 24,F,Unemployed as % of labour force,61.3
2010,% of total,25 - 49,F,Unemployed as % of labour force,29.5
2010,% of total,50 - 64,F,Unemployed as % of labour force,15.8
2010,% of total,65+,F,Unemployed as % of labour force,0.0
2010,% of total,15 - 64,F,Unemployed as % of labour force,30.4
2010,% of total,15+,Both sexes,Inactive as % of working age population,55.4
2010,% of total,15 - 24,Both sexes,Inactive as % of working age population,67.0
2010,% of total,25 - 49,Both sexes,Inactive as % of working age population,29.4
2010,% of total,50 - 64,Both sexes,Inactive as % of working age population,59.5
2010,% of total,65+,Both sexes,Inactive as % of working age population,95.4
2010,% of total,15 - 64,Both sexes,Inactive as % of working age population,46.0
2010,% of total,15+,M,Inactive as % of working age population,43.3
2010,% of total,15 - 24,M,Inactive as % of working age population,60.3
2010,% of total,25 - 49,M,Inactive as % of working age population,14.7
2010,% of total,50 - 64,M,Inactive as % of working age population,45.5
2010,% of total,65+,M,Inactive as % of working age population,93.7
2010,% of total,15 - 64,M,Inactive as % of working age population,32.9
2010,% of total,15+,F,Inactive as % of working age population,66.8
2010,% of total,15 - 24,F,Inactive as % of working age population,74.1
2010,% of total,25 - 49,F,Inactive as % of working age population,44.4
2010,% of total,50 - 64,F,Inactive as % of working age population,72.0
2010,% of total,65+,F,Inactive as % of working age population,96.7
2010,% of total,15 - 64,F,Inactive as % of working age population,58.9
2011,% of total,15+,Both sexes,Active (Labour Force) as % of working age population,44.0
2011,% of total,15 - 24,Both sexes,Active (Labour Force) as % of working age population,31.4
2011,% of total,25 - 49,Both sexes,Active (Labour Force) as % of working age population,70.6
2011,% of total,50 - 64,Both sexes,Active (Labour Force) as % of working age population,41.2
2011,% of total,65+,Both sexes,Active (Labour Force) as % of working age population,3.6
2011,% of total,15 - 64,Both sexes,Active (Labour Force) as % of working age population,53.8
2011,% of total,15+,M,Active (Labour Force) as % of working age population,44.0
2011,% of total,15 - 24,M,Active (Labour Force) as % of working age population,31.4
2011,% of total,25 - 49,M,Active (Labour Force) as % of working age population,70.6
2011,% of total,50 - 64,M,Active (Labour Force) as % of working age population,41.2
2011,% of total,65+,M,Active (Labour Force) as % of working age population,3.6
2011,% of total,15 - 64,M,Active (Labour Force) as % of working age population,53.8
2011,% of total,15+,F,Active (Labour Force) as % of working age population,44.0
2011,% of total,15 - 24,F,Active (Labour Force) as % of working age population,31.4
2011,% of total,25 - 49,F,Active (Labour Force) as % of working age population,70.6
2011,% of total,50 - 64,F,Active (Labour Force) as % of working age population,41.2
2011,% of total,65+,F,Active (Labour Force) as % of working age population,3.6
2011,% of total,15 - 64,F,Active (Labour Force) as % of working age population,53.8
2011,% of total,15+,Both sexes,Employed as % of working age population,31.9
2011,% of total,15 - 24,Both sexes,Employed as % of working age population,13.2
2011,% of total,25 - 49,Both sexes,Employed as % of working age population,52.1
2011,% of total,50 - 64,Both sexes,Employed as % of working age population,33.6
2011,% of total,65+,Both sexes,Employed as % of working age population,3.6
2011,% of total,15 - 64,Both sexes,Employed as % of working age population,38.7
2011,% of total,15+,M,Employed as % of working age population,41.3
2011,% of total,15 - 24,M,Employed as % of working age population,16.9
2011,% of total,25 - 49,M,Employed as % of working age population,64.5
2011,% of total,50 - 64,M,Employed as % of working age population,43.7
2011,% of total,65+,M,Employed as % of working age population,4.9
2011,% of total,15 - 64,M,Employed as % of working age population,48.7
2011,% of total,15+,F,Employed as % of working age population,23.0
2011,% of total,15 - 24,F,Employed as % of working age population,9.2
2011,% of total,25 - 49,F,Employed as % of working age population,39.0
2011,% of total,50 - 64,F,Employed as % of working age population,24.6
2011,% of total,65+,F,Employed as % of working age population,2.6
2011,% of total,15 - 64,F,Employed as % of working age population,28.7
2011,% of total,15+,Both sexes,Unemployed as % of working age population,12.1
2011,% of total,15 - 24,Both sexes,Unemployed as % of working age population,18.2
2011,% of total,25 - 49,Both sexes,Unemployed as % of working age population,18.5
2011,% of total,50 - 64,Both sexes,Unemployed as % of working age population,7.7
2011,% of total,65+,Both sexes,Unemployed as % of working age population,0.0
2011,% of total,15 - 64,Both sexes,Unemployed as % of working age population,15.1
2011,% of total,15+,M,Unemployed as % of working age population,2.7
2011,% of total,15 - 24,M,Unemployed as % of working age population,14.5
2011,% of total,25 - 49,M,Unemployed as % of working age population,6.0
2011,% of total,50 - 64,M,Unemployed as % of working age population,-2.5
2011,% of total,65+,M,Unemployed as % of working age population,-1.3
2011,% of total,15 - 64,M,Unemployed as % of working age population,5.0
2011,% of total,15+,F,Unemployed as % of working age population,21.0
2011,% of total,15 - 24,F,Unemployed as % of working age population,22.1
2011,% of total,25 - 49,F,Unemployed as % of working age population,31.6
2011,% of total,50 - 64,F,Unemployed as % of working age population,16.6
2011,% of total,65+,F,Unemployed as % of working age population,1.0
2011,% of total,15+,Both sexes,Unemployed as % of working age population,25.1
2011,% of total,15+,Both sexes,Unemployed as % of labour force,27.6
2011,% of total,15 - 24,Both sexes,Unemployed as % of labour force,57.9
2011,% of total,25 - 49,Both sexes,Unemployed as % of labour force,26.2
2011,% of total,50 - 64,Both sexes,Unemployed as % of labour force,18.6
2011,% of total,65+,Both sexes,Unemployed as % of labour force,0.0
2011,% of total,15 - 64,Both sexes,Unemployed as % of labour force,28.0
2011,% of total,15+,M,Unemployed as % of labour force,26.1
2011,% of total,15 - 24,M,Unemployed as % of labour force,56.4
2011,% of total,25 - 49,M,Unemployed as % of labour force,23.7
2011,% of total,50 - 64,M,Unemployed as % of labour force,19.3
2011,% of total,65+,M,Unemployed as % of labour force,0.0
2011,% of total,15 - 64,M,Unemployed as % of labour force,26.5
2011,% of total,15+,F,Unemployed as % of labour force,29.9
2011,% of total,15 - 24,F,Unemployed as % of labour force,60.5
2011,% of total,25 - 49,F,Unemployed as % of labour force,30.3
2011,% of total,50 - 64,F,Unemployed as % of labour force,17.5
2011,% of total,65+,F,Unemployed as % of labour force,0.0
2011,% of total,15 - 64,F,Unemployed as % of labour force,30.5
2011,% of total,15+,Both sexes,Inactive as % of working age population,56.0
2011,% of total,15 - 24,Both sexes,Inactive as % of working age population,68.6
2011,% of total,25 - 49,Both sexes,Inactive as % of working age population,29.4
2011,% of total,50 - 64,Both sexes,Inactive as % of working age population,58.8
2011,% of total,65+,Both sexes,Inactive as % of working age population,96.4
2011,% of total,15 - 64,Both sexes,Inactive as % of working age population,46.2
2011,% of total,15+,M,Inactive as % of working age population,56.0
2011,% of total,15 - 24,M,Inactive as % of working age population,68.6
2011,% of total,25 - 49,M,Inactive as % of working age population,29.4
2011,% of total,50 - 64,M,Inactive as % of working age population,58.8
2011,% of total,65+,M,Inactive as % of working age population,96.4
2011,% of total,15 - 64,M,Inactive as % of working age population,46.2
2011,% of total,15+,F,Inactive as % of working age population,56.0
2011,% of total,15 - 24,F,Inactive as % of working age population,68.6
2011,% of total,25 - 49,F,Inactive as % of working age population,29.4
2011,% of total,50 - 64,F,Inactive as % of working age population,58.8
2011,% of total,65+,F,Inactive as % of working age population,96.4
2011,% of total,15 - 64,F,Inactive as % of working age population,46.2
2012,% of total,15+,Both sexes,Active (Labour Force) as % of working age population,44.0
2012,% of total,15 - 24,Both sexes,Active (Labour Force) as % of working age population,29.4
2012,% of total,25 - 49,Both sexes,Active (Labour Force) as % of working age population,71.6
2012,% of total,50 - 64,Both sexes,Active (Labour Force) as % of working age population,42.1
2012,% of total,65+,Both sexes,Active (Labour Force) as % of working age population,5.0
2012,% of total,15 - 64,Both sexes,Active (Labour Force) as % of working age population,53.9
2012,% of total,15+,M,Active (Labour Force) as % of working age population,56.4
2012,% of total,15 - 24,M,Active (Labour Force) as % of working age population,37.7
2012,% of total,25 - 49,M,Active (Labour Force) as % of working age population,85.5
2012,% of total,50 - 64,M,Active (Labour Force) as % of working age population,56.2
2012,% of total,65+,M,Active (Labour Force) as % of working age population,7.0
2012,% of total,15 - 64,M,Active (Labour Force) as % of working age population,67.0
2012,% of total,15+,F,Active (Labour Force) as % of working age population,32.6
2012,% of total,15 - 24,F,Active (Labour Force) as % of working age population,20.9
2012,% of total,25 - 49,F,Active (Labour Force) as % of working age population,57.3
2012,% of total,50 - 64,F,Active (Labour Force) as % of working age population,29.2
2012,% of total,65+,F,Active (Labour Force) as % of working age population,3.4
2012,% of total,15 - 64,F,Active (Labour Force) as % of working age population,41.0
2012,% of total,15+,Both sexes,Employed as % of working age population,31.7
2012,% of total,15 - 24,Both sexes,Employed as % of working age population,10.8
2012,% of total,25 - 49,Both sexes,Employed as % of working age population,52.2
2012,% of total,50 - 64,Both sexes,Employed as % of working age population,35.0
2012,% of total,65+,Both sexes,Employed as % of working age population,4.8
2012,% of total,15 - 64,Both sexes,Employed as % of working age population,38.5
2012,% of total,15+,M,Employed as % of working age population,41.5
2012,% of total,15 - 24,M,Employed as % of working age population,14.1
2012,% of total,25 - 49,M,Employed as % of working age population,64.9
2012,% of total,50 - 64,M,Employed as % of working age population,46.3
2012,% of total,65+,M,Employed as % of working age population,6.7
2012,% of total,15 - 64,M,Employed as % of working age population,49.0
2012,% of total,15+,F,Employed as % of working age population,22.6
2012,% of total,15 - 24,F,Employed as % of working age population,7.5
2012,% of total,25 - 49,F,Employed as % of working age population,39.1
2012,% of total,50 - 64,F,Employed as % of working age population,24.6
2012,% of total,65+,F,Employed as % of working age population,3.4
2012,% of total,15 - 64,F,Employed as % of working age population,28.1
2012,% of total,15+,Both sexes,Unemployed as % of working age population,12.3
2012,% of total,15 - 24,Both sexes,Unemployed as % of working age population,18.5
2012,% of total,25 - 49,Both sexes,Unemployed as % of working age population,19.5
2012,% of total,50 - 64,Both sexes,Unemployed as % of working age population,7.1
2012,% of total,65+,Both sexes,Unemployed as % of working age population,0.2
2012,% of total,15 - 64,Both sexes,Unemployed as % of working age population,15.4
2012,% of total,15+,M,Unemployed as % of working age population,14.9
2012,% of total,15 - 24,M,Unemployed as % of working age population,23.6
2012,% of total,25 - 49,M,Unemployed as % of working age population,20.6
2012,% of total,50 - 64,M,Unemployed as % of working age population,9.9
2012,% of total,65+,M,Unemployed as % of working age population,0.4
2012,% of total,15 - 64,M,Unemployed as % of working age population,18.0
2012,% of total,15+,F,Unemployed as % of working age population,10.0
2012,% of total,15 - 24,F,Unemployed as % of working age population,13.4
2012,% of total,25 - 49,F,Unemployed as % of working age population,18.3
2012,% of total,50 - 64,F,Unemployed as % of working age population,4.6
2012,% of total,65+,F,Unemployed as % of working age population,0.0
2012,% of total,15+,Both sexes,Unemployed as % of working age population,12.9
2012,% of total,15+,Both sexes,Unemployed as % of labour force,28.0
2012,% of total,15 - 24,Both sexes,Unemployed as % of labour force,63.1
2012,% of total,25 - 49,Both sexes,Unemployed as % of labour force,27.2
2012,% of total,50 - 64,Both sexes,Unemployed as % of labour force,16.9
2012,% of total,65+,Both sexes,Unemployed as % of labour force,0.0
2012,% of total,15 - 64,Both sexes,Unemployed as % of labour force,28.6
2012,% of total,15+,M,Unemployed as % of labour force,26.4
2012,% of total,15 - 24,M,Unemployed as % of labour force,62.6
2012,% of total,25 - 49,M,Unemployed as % of labour force,24.1
2012,% of total,50 - 64,M,Unemployed as % of labour force,17.5
2012,% of total,65+,M,Unemployed as % of labour force,0.0
2012,% of total,15 - 64,M,Unemployed as % of labour force,26.8
2012,% of total,15+,F,Unemployed as % of labour force,30.7
2012,% of total,15 - 24,F,Unemployed as % of labour force,64.0
2012,% of total,25 - 49,F,Unemployed as % of labour force,31.9
2012,% of total,50 - 64,F,Unemployed as % of labour force,15.7
2012,% of total,65+,F,Unemployed as % of labour force,0.0
2012,% of total,15 - 64,F,Unemployed as % of labour force,31.4
2012,% of total,15+,Both sexes,Inactive as % of working age population,56.0
2012,% of total,15 - 24,Both sexes,Inactive as % of working age population,70.6
2012,% of total,25 - 49,Both sexes,Inactive as % of working age population,28.4
2012,% of total,50 - 64,Both sexes,Inactive as % of working age population,57.9
2012,% of total,65+,Both sexes,Inactive as % of working age population,95.0
2012,% of total,15 - 64,Both sexes,Inactive as % of working age population,46.1
2012,% of total,15+,M,Inactive as % of working age population,43.6
2012,% of total,15 - 24,M,Inactive as % of working age population,62.3
2012,% of total,25 - 49,M,Inactive as % of working age population,14.5
2012,% of total,50 - 64,M,Inactive as % of working age population,43.8
2012,% of total,65+,M,Inactive as % of working age population,93.0
2012,% of total,15 - 64,M,Inactive as % of working age population,33.0
2012,% of total,15+,F,Inactive as % of working age population,67.4
2012,% of total,15 - 24,F,Inactive as % of working age population,79.1
2012,% of total,25 - 49,F,Inactive as % of working age population,42.7
2012,% of total,50 - 64,F,Inactive as % of working age population,70.8
2012,% of total,65+,F,Inactive as % of working age population,96.6
2012,% of total,15 - 64,F,Inactive as % of working age population,59.0
2013,% of total,15+,Both sexes,Active (Labour Force) as % of working age population,44.0
2013,% of total,15 - 24,Both sexes,Active (Labour Force) as % of working age population,43.6
2013,% of total,25 - 49,Both sexes,Active (Labour Force) as % of working age population,28.3
2013,% of total,50 - 64,Both sexes,Active (Labour Force) as % of working age population,71.9
2013,% of total,65+,Both sexes,Active (Labour Force) as % of working age population,42.1
2013,% of total,15 - 64,Both sexes,Active (Labour Force) as % of working age population,4.2
2013,% of total,15+,M,Active (Labour Force) as % of working age population,53.5
2013,% of total,15 - 24,M,Active (Labour Force) as % of working age population,55.3
2013,% of total,25 - 49,M,Active (Labour Force) as % of working age population,36.3
2013,% of total,50 - 64,M,Active (Labour Force) as % of working age population,85.3
2013,% of total,65+,M,Active (Labour Force) as % of working age population,55.5
2013,% of total,15 - 64,M,Active (Labour Force) as % of working age population,6.2
2013,% of total,15+,F,Active (Labour Force) as % of working age population,65.7
2013,% of total,15 - 24,F,Active (Labour Force) as % of working age population,32.5
2013,% of total,25 - 49,F,Active (Labour Force) as % of working age population,19.4
2013,% of total,50 - 64,F,Active (Labour Force) as % of working age population,58.1
2013,% of total,65+,F,Active (Labour Force) as % of working age population,29.6
2013,% of total,15 - 64,F,Active (Labour Force) as % of working age population,2.7
2013,% of total,15+,Both sexes,Employed as % of working age population,41.0
2013,% of total,15 - 24,Both sexes,Employed as % of working age population,31.6
2013,% of total,25 - 49,Both sexes,Employed as % of working age population,11.6
2013,% of total,50 - 64,Both sexes,Employed as % of working age population,52.7
2013,% of total,65+,Both sexes,Employed as % of working age population,34.4
2013,% of total,15 - 64,Both sexes,Employed as % of working age population,4.1
2013,% of total,15+,M,Employed as % of working age population,38.5
2013,% of total,15 - 24,M,Employed as % of working age population,40.6
2013,% of total,25 - 49,M,Employed as % of working age population,14.9
2013,% of total,50 - 64,M,Employed as % of working age population,64.3
2013,% of total,65+,M,Employed as % of working age population,45.1
2013,% of total,15 - 64,M,Employed as % of working age population,6.0
2013,% of total,15+,F,Employed as % of working age population,48.0
2013,% of total,15 - 24,F,Employed as % of working age population,23.0
2013,% of total,25 - 49,F,Employed as % of working age population,7.9
2013,% of total,50 - 64,F,Employed as % of working age population,40.8
2013,% of total,65+,F,Employed as % of working age population,24.4
2013,% of total,15 - 64,F,Employed as % of working age population,2.7
2013,% of total,15+,Both sexes,Unemployed as % of working age population,28.9
2013,% of total,15 - 24,Both sexes,Unemployed as % of working age population,12.0
2013,% of total,25 - 49,Both sexes,Unemployed as % of working age population,16.7
2013,% of total,50 - 64,Both sexes,Unemployed as % of working age population,19.2
2013,% of total,65+,Both sexes,Unemployed as % of working age population,7.7
2013,% of total,15 - 64,Both sexes,Unemployed as % of working age population,0.1
2013,% of total,15+,M,Unemployed as % of working age population,15.0
2013,% of total,15 - 24,M,Unemployed as % of working age population,14.7
2013,% of total,25 - 49,M,Unemployed as % of working age population,21.5
2013,% of total,50 - 64,M,Unemployed as % of working age population,20.9
2013,% of total,65+,M,Unemployed as % of working age population,10.3
2013,% of total,15 - 64,M,Unemployed as % of working age population,0.1
2013,% of total,15+,F,Unemployed as % of working age population,17.8
2013,% of total,15 - 24,F,Unemployed as % of working age population,9.4
2013,% of total,25 - 49,F,Unemployed as % of working age population,11.5
2013,% of total,50 - 64,F,Unemployed as % of working age population,17.3
2013,% of total,65+,F,Unemployed as % of working age population,5.2
2013,% of total,15+,Both sexes,Unemployed as % of working age population,0.0
2013,% of total,15+,Both sexes,Unemployed as % of labour force,12.1
2013,% of total,15 - 24,Both sexes,Unemployed as % of labour force,27.5
2013,% of total,25 - 49,Both sexes,Unemployed as % of labour force,59.1
2013,% of total,50 - 64,Both sexes,Unemployed as % of labour force,26.6
2013,% of total,65+,Both sexes,Unemployed as % of labour force,18.2
2013,% of total,15 - 64,Both sexes,Unemployed as % of labour force,0.0
2013,% of total,15+,M,Unemployed as % of labour force,28.0
2013,% of total,15 - 24,M,Unemployed as % of labour force,26.5
2013,% of total,25 - 49,M,Unemployed as % of labour force,59.1
2013,% of total,50 - 64,M,Unemployed as % of labour force,24.5
2013,% of total,65+,M,Unemployed as % of labour force,18.6
2013,% of total,15 - 64,M,Unemployed as % of labour force,0.0
2013,% of total,15+,F,Unemployed as % of labour force,27.0
2013,% of total,15 - 24,F,Unemployed as % of labour force,29.0
2013,% of total,25 - 49,F,Unemployed as % of labour force,59.2
2013,% of total,50 - 64,F,Unemployed as % of labour force,29.8
2013,% of total,65+,F,Unemployed as % of labour force,17.5
2013,% of total,15 - 64,F,Unemployed as % of labour force,0.0
2013,% of total,15+,Both sexes,Inactive as % of working age population,29.6
2013,% of total,15 - 24,Both sexes,Inactive as % of working age population,56.4
2013,% of total,25 - 49,Both sexes,Inactive as % of working age population,71.7
2013,% of total,50 - 64,Both sexes,Inactive as % of working age population,28.1
2013,% of total,65+,Both sexes,Inactive as % of working age population,57.9
2013,% of total,15 - 64,Both sexes,Inactive as % of working age population,95.8
2013,% of total,15+,M,Inactive as % of working age population,46.5
2013,% of total,15 - 24,M,Inactive as % of working age population,44.7
2013,% of total,25 - 49,M,Inactive as % of working age population,63.7
2013,% of total,50 - 64,M,Inactive as % of working age population,14.7
2013,% of total,65+,M,Inactive as % of working age population,44.5
2013,% of total,15 - 64,M,Inactive as % of working age population,93.8
2013,% of total,15+,F,Inactive as % of working age population,34.3
2013,% of total,15 - 24,F,Inactive as % of working age population,67.5
2013,% of total,25 - 49,F,Inactive as % of working age population,80.6
2013,% of total,50 - 64,F,Inactive as % of working age population,41.9
2013,% of total,65+,F,Inactive as % of working age population,70.4
2013,% of total,15 - 64,F,Inactive as % of working age population,97.3
2013,% of total,15 - 64,F,Inactive as % of working age population,59.0
2014,% of total,15+,Both sexes,Active (Labour Force) as % of working age population,43.7
2014,% of total,15 - 24,Both sexes,Active (Labour Force) as % of working age population,29.3
2014,% of total,25 - 49,Both sexes,Active (Labour Force) as % of working age population,73.2
2014,% of total,50 - 64,Both sexes,Active (Labour Force) as % of working age population,42.1
2014,% of total,65+,Both sexes,Active (Labour Force) as % of working age population,4.7
2014,% of total,15 - 64,Both sexes,Active (Labour Force) as % of working age population,54.2
2014,% of total,15+,M,Active (Labour Force) as % of working age population,55.0
2014,% of total,15 - 24,M,Active (Labour Force) as % of working age population,34.6
2014,% of total,25 - 49,M,Active (Labour Force) as % of working age population,85.9
2014,% of total,50 - 64,M,Active (Labour Force) as % of working age population,56.1
2014,% of total,65+,M,Active (Labour Force) as % of working age population,6.8
2014,% of total,15 - 64,M,Active (Labour Force) as % of working age population,65.9
2014,% of total,15+,F,Active (Labour Force) as % of working age population,33.0
2014,% of total,15 - 24,F,Active (Labour Force) as % of working age population,23.3
2014,% of total,25 - 49,F,Active (Labour Force) as % of working age population,60.0
2014,% of total,50 - 64,F,Active (Labour Force) as % of working age population,29.5
2014,% of total,65+,F,Active (Labour Force) as % of working age population,3.1
2014,% of total,15 - 64,F,Active (Labour Force) as % of working age population,42.4
2014,% of total,15+,Both sexes,Employed as % of working age population,31.7
2014,% of total,15 - 24,Both sexes,Employed as % of working age population,10.9
2014,% of total,25 - 49,Both sexes,Employed as % of working age population,53.3
2014,% of total,50 - 64,Both sexes,Employed as % of working age population,35.3
2014,% of total,65+,Both sexes,Employed as % of working age population,4.5
2014,% of total,15 - 64,Both sexes,Employed as % of working age population,39.0
2014,% of total,15+,M,Employed as % of working age population,41.2
2014,% of total,15 - 24,M,Employed as % of working age population,13.5
2014,% of total,25 - 49,M,Employed as % of working age population,65.3
2014,% of total,50 - 64,M,Employed as % of working age population,47.2
2014,% of total,65+,M,Employed as % of working age population,6.7
2014,% of total,15 - 64,M,Employed as % of working age population,48.9
2014,% of total,15+,F,Employed as % of working age population,22.7
2014,% of total,15 - 24,F,Employed as % of working age population,8.1
2014,% of total,25 - 49,F,Employed as % of working age population,40.8
2014,% of total,50 - 64,F,Employed as % of working age population,24.5
2014,% of total,65+,F,Employed as % of working age population,3.0
2014,% of total,15 - 64,F,Employed as % of working age population,28.9
2014,% of total,15+,Both sexes,Unemployed as % of working age population,12.0
2014,% of total,15 - 24,Both sexes,Unemployed as % of working age population,18.3
2014,% of total,25 - 49,Both sexes,Unemployed as % of working age population,19.9
2014,% of total,50 - 64,Both sexes,Unemployed as % of working age population,6.9
2014,% of total,65+,Both sexes,Unemployed as % of working age population,0.2
2014,% of total,15 - 64,Both sexes,Unemployed as % of working age population,15.2
2014,% of total,15+,M,Unemployed as % of working age population,13.9
2014,% of total,15 - 24,M,Unemployed as % of working age population,21.1
2014,% of total,25 - 49,M,Unemployed as % of working age population,20.5
2014,% of total,50 - 64,M,Unemployed as % of working age population,8.9
2014,% of total,65+,M,Unemployed as % of working age population,0.2
2014,% of total,15 - 64,M,Unemployed as % of working age population,16.9
2014,% of total,15+,F,Unemployed as % of working age population,10.3
2014,% of total,15 - 24,F,Unemployed as % of working age population,15.3
2014,% of total,25 - 49,F,Unemployed as % of working age population,19.2
2014,% of total,50 - 64,F,Unemployed as % of working age population,5.1
2014,% of total,65+,F,Unemployed as % of working age population,0.2
2014,% of total,15+,Both sexes,Unemployed as % of working age population,13.5
2014,% of total,15+,Both sexes,Unemployed as % of labour force,27.5
2014,% of total,15 - 24,Both sexes,Unemployed as % of labour force,62.7
2014,% of total,25 - 49,Both sexes,Unemployed as % of labour force,27.1
2014,% of total,50 - 64,Both sexes,Unemployed as % of labour force,16.3
2014,% of total,65+,Both sexes,Unemployed as % of labour force,0.0
2014,% of total,15 - 64,Both sexes,Unemployed as % of labour force,28.1
2014,% of total,15+,M,Unemployed as % of labour force,25.2
2014,% of total,15 - 24,M,Unemployed as % of labour force,61.0
2014,% of total,25 - 49,M,Unemployed as % of labour force,23.9
2014,% of total,50 - 64,M,Unemployed as % of labour force,15.8
2014,% of total,65+,M,Unemployed as % of labour force,0.0
2014,% of total,15 - 64,M,Unemployed as % of labour force,25.7
2014,% of total,15+,F,Unemployed as % of labour force,31.2
2014,% of total,15 - 24,F,Unemployed as % of labour force,65.4
2014,% of total,25 - 49,F,Unemployed as % of labour force,32.0
2014,% of total,50 - 64,F,Unemployed as % of labour force,17.2
2014,% of total,65+,F,Unemployed as % of labour force,0.0
2014,% of total,15 - 64,F,Unemployed as % of labour force,31.8
2014,% of total,15+,Both sexes,Inactive as % of working age population,56.3
2014,% of total,15 - 24,Both sexes,Inactive as % of working age population,70.7
2014,% of total,25 - 49,Both sexes,Inactive as % of working age population,26.8
2014,% of total,50 - 64,Both sexes,Inactive as % of working age population,57.9
2014,% of total,65+,Both sexes,Inactive as % of working age population,95.3
2014,% of total,15 - 64,Both sexes,Inactive as % of working age population,45.8
2014,% of total,15+,M,Inactive as % of working age population,45.0
2014,% of total,15 - 24,M,Inactive as % of working age population,65.4
2014,% of total,25 - 49,M,Inactive as % of working age population,14.1
2014,% of total,50 - 64,M,Inactive as % of working age population,43.9
2014,% of total,65+,M,Inactive as % of working age population,93.2
2014,% of total,15 - 64,M,Inactive as % of working age population,34.1
2014,% of total,15+,F,Inactive as % of working age population,67.0
2014,% of total,15 - 24,F,Inactive as % of working age population,76.7
2014,% of total,25 - 49,F,Inactive as % of working age population,40.0
2014,% of total,50 - 64,F,Inactive as % of working age population,70.5
2014,% of total,65+,F,Inactive as % of working age population,96.9
2014,% of total,15 - 64,F,Inactive as % of working age population,57.6
2015,% of total,15+,Both sexes,Active (Labour Force) as % of working age population,44.1
2015,% of total,15 - 24,Both sexes,Active (Labour Force) as % of working age population,32.2
2015,% of total,25 - 49,Both sexes,Active (Labour Force) as % of working age population,73.6
2015,% of total,50 - 64,Both sexes,Active (Labour Force) as % of working age population,41.7
2015,% of total,65+,Both sexes,Active (Labour Force) as % of working age population,4.3
2015,% of total,15 - 64,Both sexes,Active (Labour Force) as % of working age population,54.6
2015,% of total,15+,M,Active (Labour Force) as % of working age population,55.1
2015,% of total,15 - 24,M,Active (Labour Force) as % of working age population,38.9
2015,% of total,25 - 49,M,Active (Labour Force) as % of working age population,87.1
2015,% of total,50 - 64,M,Active (Labour Force) as % of working age population,53.7
2015,% of total,65+,M,Active (Labour Force) as % of working age population,6.0
2015,% of total,15 - 64,M,Active (Labour Force) as % of working age population,66.2
2015,% of total,15+,F,Active (Labour Force) as % of working age population,33.5
2015,% of total,15 - 24,F,Active (Labour Force) as % of working age population,24.5
2015,% of total,25 - 49,F,Active (Labour Force) as % of working age population,59.8
2015,% of total,50 - 64,F,Active (Labour Force) as % of working age population,30.5
2015,% of total,65+,F,Active (Labour Force) as % of working age population,3.0
2015,% of total,15 - 64,F,Active (Labour Force) as % of working age population,42.9
2015,% of total,15+,Both sexes,Employed as % of working age population,31.9
2015,% of total,15 - 24,Both sexes,Employed as % of working age population,12.1
2015,% of total,25 - 49,Both sexes,Employed as % of working age population,53.9
2015,% of total,50 - 64,Both sexes,Employed as % of working age population,34.7
2015,% of total,65+,Both sexes,Employed as % of working age population,4.2
2015,% of total,15 - 64,Both sexes,Employed as % of working age population,39.2
2015,% of total,15+,M,Employed as % of working age population,40.9
2015,% of total,15 - 24,M,Employed as % of working age population,15.8
2015,% of total,25 - 49,M,Employed as % of working age population,66.1
2015,% of total,50 - 64,M,Employed as % of working age population,45.0
2015,% of total,65+,M,Employed as % of working age population,5.9
2015,% of total,15 - 64,M,Employed as % of working age population,48.8
2015,% of total,15+,F,Employed as % of working age population,23.2
2015,% of total,15 - 24,F,Employed as % of working age population,8.0
2015,% of total,25 - 49,F,Employed as % of working age population,41.4
2015,% of total,50 - 64,F,Employed as % of working age population,25.1
2015,% of total,65+,F,Employed as % of working age population,3.0
2015,% of total,15 - 64,F,Employed as % of working age population,29.5
2015,% of total,15+,Both sexes,Unemployed as % of working age population,12.2
2015,% of total,15 - 24,Both sexes,Unemployed as % of working age population,20.0
2015,% of total,25 - 49,Both sexes,Unemployed as % of working age population,19.7
2015,% of total,50 - 64,Both sexes,Unemployed as % of working age population,7.0
2015,% of total,65+,Both sexes,Unemployed as % of working age population,0.1
2015,% of total,15 - 64,Both sexes,Unemployed as % of working age population,15.4
2015,% of total,15+,M,Unemployed as % of working age population,14.2
2015,% of total,15 - 24,M,Unemployed as % of working age population,23.2
2015,% of total,25 - 49,M,Unemployed as % of working age population,21.0
2015,% of total,50 - 64,M,Unemployed as % of working age population,8.7
2015,% of total,65+,M,Unemployed as % of working age population,0.2
2015,% of total,15 - 64,M,Unemployed as % of working age population,17.4
2015,% of total,15+,F,Unemployed as % of working age population,10.3
2015,% of total,15 - 24,F,Unemployed as % of working age population,16.5
2015,% of total,25 - 49,F,Unemployed as % of working age population,18.4
2015,% of total,50 - 64,F,Unemployed as % of working age population,5.4
2015,% of total,65+,F,Unemployed as % of working age population,0.0
2015,% of total,15+,Both sexes,Unemployed as % of working age population,13.4
2015,% of total,15+,Both sexes,Unemployed as % of labour force,27.7
2015,% of total,15 - 24,Both sexes,Unemployed as % of labour force,62.3
2015,% of total,25 - 49,Both sexes,Unemployed as % of labour force,26.8
2015,% of total,50 - 64,Both sexes,Unemployed as % of labour force,16.8
2015,% of total,65+,Both sexes,Unemployed as % of labour force,0.0
2015,% of total,15 - 64,Both sexes,Unemployed as % of labour force,28.2
2015,% of total,15+,M,Unemployed as % of labour force,25.8
2015,% of total,15 - 24,M,Unemployed as % of labour force,59.5
2015,% of total,25 - 49,M,Unemployed as % of labour force,24.1
2015,% of total,50 - 64,M,Unemployed as % of labour force,16.3
2015,% of total,65+,M,Unemployed as % of labour force,0.0
2015,% of total,15 - 64,M,Unemployed as % of labour force,26.3
2015,% of total,15+,F,Unemployed as % of labour force,30.7
2015,% of total,15 - 24,F,Unemployed as % of labour force,67.3
2015,% of total,25 - 49,F,Unemployed as % of labour force,30.8
2015,% of total,50 - 64,F,Unemployed as % of labour force,17.8
2015,% of total,65+,F,Unemployed as % of labour force,0.0
2015,% of total,15 - 64,F,Unemployed as % of labour force,31.3
2015,% of total,15+,Both sexes,Inactive as % of working age population,55.9
2015,% of total,15 - 24,Both sexes,Inactive as % of working age population,67.8
2015,% of total,25 - 49,Both sexes,Inactive as % of working age population,26.4
2015,% of total,50 - 64,Both sexes,Inactive as % of working age population,58.3
2015,% of total,65+,Both sexes,Inactive as % of working age population,95.7
2015,% of total,15 - 64,Both sexes,Inactive as % of working age population,45.4
2015,% of total,15+,M,Inactive as % of working age population,44.9
2015,% of total,15 - 24,M,Inactive as % of working age population,61.1
2015,% of total,25 - 49,M,Inactive as % of working age population,12.9
2015,% of total,50 - 64,M,Inactive as % of working age population,46.3
2015,% of total,65+,M,Inactive as % of working age population,94.0
2015,% of total,15 - 64,M,Inactive as % of working age population,33.8
2015,% of total,15+,F,Inactive as % of working age population,66.5
2015,% of total,15 - 24,F,Inactive as % of working age population,75.5
2015,% of total,25 - 49,F,Inactive as % of working age population,40.2
2015,% of total,50 - 64,F,Inactive as % of working age population,69.5
2015,% of total,65+,F,Inactive as % of working age population,97.0
2015,% of total,15 - 64,F,Inactive as % of working age population,57.1
2016,% of total,15+,Both sexes,Active (Labour Force) as % of working age population,43.1
2016,% of total,15 - 24,Both sexes,Active (Labour Force) as % of working age population,30.2
2016,% of total,25 - 49,Both sexes,Active (Labour Force) as % of working age population,73.2
2016,% of total,50 - 64,Both sexes,Active (Labour Force) as % of working age population,43.7
2016,% of total,65+,Both sexes,Active (Labour Force) as % of working age population,4.1
2016,% of total,15 - 64,Both sexes,Active (Labour Force) as % of working age population,54.2
2016,% of total,15+,M,Active (Labour Force) as % of working age population,54.9
2016,% of total,15 - 24,M,Active (Labour Force) as % of working age population,38.1
2016,% of total,25 - 49,M,Active (Labour Force) as % of working age population,86.0
2016,% of total,50 - 64,M,Active (Labour Force) as % of working age population,57.4
2016,% of total,65+,M,Active (Labour Force) as % of working age population,6.0
2016,% of total,15 - 64,M,Active (Labour Force) as % of working age population,66.2
2016,% of total,15+,F,Active (Labour Force) as % of working age population,32.1
2016,% of total,15 - 24,F,Active (Labour Force) as % of working age population,21.3
2016,% of total,25 - 49,F,Active (Labour Force) as % of working age population,60.0
2016,% of total,50 - 64,F,Active (Labour Force) as % of working age population,30.6
2016,% of total,65+,F,Active (Labour Force) as % of working age population,2.7
2016,% of total,15 - 64,F,Active (Labour Force) as % of working age population,41.9
2016,% of total,15+,Both sexes,Employed as % of working age population,32.2
2016,% of total,15 - 24,Both sexes,Employed as % of working age population,13.8
2016,% of total,25 - 49,Both sexes,Employed as % of working age population,54.4
2016,% of total,50 - 64,Both sexes,Employed as % of working age population,36.8
2016,% of total,65+,Both sexes,Employed as % of working age population,3.7
2016,% of total,15 - 64,Both sexes,Employed as % of working age population,40.2
2016,% of total,15+,M,Employed as % of working age population,42.5
2016,% of total,15 - 24,M,Employed as % of working age population,18.3
2016,% of total,25 - 49,M,Employed as % of working age population,67.6
2016,% of total,50 - 64,M,Employed as % of working age population,49.0
2016,% of total,65+,M,Employed as % of working age population,5.4
2016,% of total,15 - 64,M,Employed as % of working age population,51.1
2016,% of total,15+,F,Employed as % of working age population,22.4
2016,% of total,15 - 24,F,Employed as % of working age population,8.7
2016,% of total,25 - 49,F,Employed as % of working age population,40.7
2016,% of total,50 - 64,F,Employed as % of working age population,25.2
2016,% of total,65+,F,Employed as % of working age population,2.6
2016,% of total,15 - 64,F,Employed as % of working age population,29.1
2016,% of total,15+,Both sexes,Unemployed as % of working age population,11.0
2016,% of total,15 - 24,Both sexes,Unemployed as % of working age population,16.4
2016,% of total,25 - 49,Both sexes,Unemployed as % of working age population,18.8
2016,% of total,50 - 64,Both sexes,Unemployed as % of working age population,6.9
2016,% of total,65+,Both sexes,Unemployed as % of working age population,0.4
2016,% of total,15 - 64,Both sexes,Unemployed as % of working age population,14.0
2016,% of total,15+,M,Unemployed as % of working age population,12.4
2016,% of total,15 - 24,M,Unemployed as % of working age population,19.9
2016,% of total,25 - 49,M,Unemployed as % of working age population,18.3
2016,% of total,50 - 64,M,Unemployed as % of working age population,8.4
2016,% of total,65+,M,Unemployed as % of working age population,0.6
2016,% of total,15 - 64,M,Unemployed as % of working age population,15.1
2016,% of total,15+,F,Unemployed as % of working age population,9.6
2016,% of total,15 - 24,F,Unemployed as % of working age population,12.5
2016,% of total,25 - 49,F,Unemployed as % of working age population,19.2
2016,% of total,50 - 64,F,Unemployed as % of working age population,5.4
2016,% of total,65+,F,Unemployed as % of working age population,0.2
2016,% of total,15+,Both sexes,Unemployed as % of working age population,12.8
2016,% of total,15+,Both sexes,Unemployed as % of labour force,25.4
2016,% of total,15 - 24,Both sexes,Unemployed as % of labour force,54.3
2016,% of total,25 - 49,Both sexes,Unemployed as % of labour force,25.7
2016,% of total,50 - 64,Both sexes,Unemployed as % of labour force,15.7
2016,% of total,65+,Both sexes,Unemployed as % of labour force,8.7
2016,% of total,15 - 64,Both sexes,Unemployed as % of labour force,25.8
2016,% of total,15+,M,Unemployed as % of labour force,22.5
2016,% of total,15 - 24,M,Unemployed as % of labour force,52.0
2016,% of total,25 - 49,M,Unemployed as % of labour force,21.3
2016,% of total,50 - 64,M,Unemployed as % of labour force,14.6
2016,% of total,65+,M,Unemployed as % of labour force,9.9
2016,% of total,15 - 64,M,Unemployed as % of labour force,22.8
2016,% of total,15+,F,Unemployed as % of labour force,30.0
2016,% of total,15 - 24,F,Unemployed as % of labour force,58.9
2016,% of total,25 - 49,F,Unemployed as % of labour force,32.1
2016,% of total,50 - 64,F,Unemployed as % of labour force,17.7
2016,% of total,65+,F,Unemployed as % of labour force,0.0
2016,% of total,15 - 64,F,Unemployed as % of labour force,30.6
2016,% of total,15+,Both sexes,Inactive as % of working age population,56.9
2016,% of total,15 - 24,Both sexes,Inactive as % of working age population,69.8
2016,% of total,25 - 49,Both sexes,Inactive as % of working age population,26.8
2016,% of total,50 - 64,Both sexes,Inactive as % of working age population,56.3
2016,% of total,65+,Both sexes,Inactive as % of working age population,95.9
2016,% of total,15 - 64,Both sexes,Inactive as % of working age population,45.8
2016,% of total,15+,M,Inactive as % of working age population,45.1
2016,% of total,15 - 24,M,Inactive as % of working age population,61.9
2016,% of total,25 - 49,M,Inactive as % of working age population,14.0
2016,% of total,50 - 64,M,Inactive as % of working age population,42.6
2016,% of total,65+,M,Inactive as % of working age population,94.0
2016,% of total,15 - 64,M,Inactive as % of working age population,33.8
2016,% of total,15+,F,Inactive as % of working age population,67.9
2016,% of total,15 - 24,F,Inactive as % of working age population,78.7
2016,% of total,25 - 49,F,Inactive as % of working age population,40.0
2016,% of total,50 - 64,F,Inactive as % of working age population,69.4
2016,% of total,65+,F,Inactive as % of working age population,97.3
2016,% of total,15 - 64,F,Inactive as % of working age population,58.1
2017,% of total,15+,Both sexes,Active (Labour Force) as % of working age population,42.6
2017,% of total,15 - 24,Both sexes,Active (Labour Force) as % of working age population,32.5
2017,% of total,25 - 49,Both sexes,Active (Labour Force) as % of working age population,73.5
2017,% of total,50 - 64,Both sexes,Active (Labour Force) as % of working age population,43.6
2017,% of total,65+,Both sexes,Active (Labour Force) as % of working age population,5.2
2017,% of total,15 - 64,Both sexes,Active (Labour Force) as % of working age population,54.5
2017,% of total,15+,M,Active (Labour Force) as % of working age population,53.3
2017,% of total,15 - 24,M,Active (Labour Force) as % of working age population,40.2
2017,% of total,25 - 49,M,Active (Labour Force) as % of working age population,86.5
2017,% of total,50 - 64,M,Active (Labour Force) as % of working age population,56.4
2017,% of total,65+,M,Active (Labour Force) as % of working age population,6.9
2017,% of total,15 - 64,M,Active (Labour Force) as % of working age population,66.1
2017,% of total,15+,F,Active (Labour Force) as % of working age population,32.4
2017,% of total,15 - 24,F,Active (Labour Force) as % of working age population,23.4
2017,% of total,25 - 49,F,Active (Labour Force) as % of working age population,60.3
2017,% of total,50 - 64,F,Active (Labour Force) as % of working age population,31.6
2017,% of total,65+,F,Active (Labour Force) as % of working age population,3.9
2017,% of total,15 - 64,F,Active (Labour Force) as % of working age population,42.7
2017,% of total,15+,Both sexes,Employed as % of working age population,33.9
2017,% of total,15 - 24,Both sexes,Employed as % of working age population,17.6
2017,% of total,25 - 49,Both sexes,Employed as % of working age population,58.1
2017,% of total,50 - 64,Both sexes,Employed as % of working age population,38.2
2017,% of total,65+,Both sexes,Employed as % of working age population,5.1
2017,% of total,15 - 64,Both sexes,Employed as % of working age population,43.0
2017,% of total,15+,M,Employed as % of working age population,43.2
2017,% of total,15 - 24,M,Employed as % of working age population,22.8
2017,% of total,25 - 49,M,Employed as % of working age population,70.5
2017,% of total,50 - 64,M,Employed as % of working age population,49.7
2017,% of total,65+,M,Employed as % of working age population,6.8
2017,% of total,15 - 64,M,Employed as % of working age population,53.3
2017,% of total,15+,F,Employed as % of working age population,24.9
2017,% of total,15 - 24,F,Employed as % of working age population,11.4
2017,% of total,25 - 49,F,Employed as % of working age population,45.6
2017,% of total,50 - 64,F,Employed as % of working age population,27.2
2017,% of total,65+,F,Employed as % of working age population,3.8
2017,% of total,15 - 64,F,Employed as % of working age population,32.5
2017,% of total,15+,Both sexes,Unemployed as % of working age population,8.8
2017,% of total,15 - 24,Both sexes,Unemployed as % of working age population,14.9
2017,% of total,25 - 49,Both sexes,Unemployed as % of working age population,15.3
2017,% of total,50 - 64,Both sexes,Unemployed as % of working age population,5.5
2017,% of total,65+,Both sexes,Unemployed as % of working age population,0.1
2017,% of total,15 - 64,Both sexes,Unemployed as % of working age population,11.5
2017,% of total,15+,M,Unemployed as % of working age population,10.1
2017,% of total,15 - 24,M,Unemployed as % of working age population,17.3
2017,% of total,25 - 49,M,Unemployed as % of working age population,16.0
2017,% of total,50 - 64,M,Unemployed as % of working age population,6.6
2017,% of total,65+,M,Unemployed as % of working age population,0.1
2017,% of total,15 - 64,M,Unemployed as % of working age population,12.8
2017,% of total,15+,F,Unemployed as % of working age population,7.5
2017,% of total,15 - 24,F,Unemployed as % of working age population,12.0
2017,% of total,25 - 49,F,Unemployed as % of working age population,14.7
2017,% of total,50 - 64,F,Unemployed as % of working age population,4.4
2017,% of total,65+,F,Unemployed as % of working age population,0.1
2017,% of total,15+,Both sexes,Unemployed as % of working age population,10.2
2017,% of total,15+,Both sexes,Unemployed as % of labour force,20.5
2017,% of total,15 - 24,Both sexes,Unemployed as % of labour force,45.8
2017,% of total,25 - 49,Both sexes,Unemployed as % of labour force,20.9
2017,% of total,50 - 64,Both sexes,Unemployed as % of labour force,12.5
2017,% of total,65+,Both sexes,Unemployed as % of labour force,0.0
2017,% of total,15 - 64,Both sexes,Unemployed as % of labour force,21.1
2017,% of total,15+,M,Unemployed as % of labour force,18.9
2017,% of total,15 - 24,M,Unemployed as % of labour force,43.1
2017,% of total,25 - 49,M,Unemployed as % of labour force,18.5
2017,% of total,50 - 64,M,Unemployed as % of labour force,11.8
2017,% of total,65+,M,Unemployed as % of labour force,0.0
2017,% of total,15 - 64,M,Unemployed as % of labour force,19.4
2017,% of total,15+,F,Unemployed as % of labour force,23.1
2017,% of total,15 - 24,F,Unemployed as % of labour force,51.4
2017,% of total,25 - 49,F,Unemployed as % of labour force,24.4
2017,% of total,50 - 64,F,Unemployed as % of labour force,13.8
2017,% of total,65+,F,Unemployed as % of labour force,0.0
2017,% of total,15 - 64,F,Unemployed as % of labour force,23.8
2017,% of total,15+,Both sexes,Inactive as % of working age population,57.4
2017,% of total,15 - 24,Both sexes,Inactive as % of working age population,67.5
2017,% of total,25 - 49,Both sexes,Inactive as % of working age population,26.5
2017,% of total,50 - 64,Both sexes,Inactive as % of working age population,56.4
2017,% of total,65+,Both sexes,Inactive as % of working age population,94.8
2017,% of total,15 - 64,Both sexes,Inactive as % of working age population,45.5
2017,% of total,15+,M,Inactive as % of working age population,46.7
2017,% of total,15 - 24,M,Inactive as % of working age population,59.8
2017,% of total,25 - 49,M,Inactive as % of working age population,13.5
2017,% of total,50 - 64,M,Inactive as % of working age population,43.6
2017,% of total,65+,M,Inactive as % of working age population,93.1
2017,% of total,15 - 64,M,Inactive as % of working age population,33.9
2017,% of total,15+,F,Inactive as % of working age population,67.6
2017,% of total,15 - 24,F,Inactive as % of working age population,76.6
2017,% of total,25 - 49,F,Inactive as % of working age population,39.7
2017,% of total,50 - 64,F,Inactive as % of working age population,68.4
2017,% of total,65+,F,Inactive as % of working age population,96.1
2017,% of total,15 - 64,F,Inactive as % of working age population,57.3
2018,% of total,15+,Both sexes,Active (Labour Force) as % of working age population,42.1
2018,% of total,15 - 24,Both sexes,Active (Labour Force) as % of working age population,32.3
2018,% of total,25 - 49,Both sexes,Active (Labour Force) as % of working age population,73.0
2018,% of total,50 - 64,Both sexes,Active (Labour Force) as % of working age population,44.6
2018,% of total,65+,Both sexes,Active (Labour Force) as % of working age population,4.7
2018,% of total,15 - 64,Both sexes,Active (Labour Force) as % of working age population,54.2
2018,% of total,15+,M,Active (Labour Force) as % of working age population,53.2
2018,% of total,15 - 24,M,Active (Labour Force) as % of working age population,40.4
2018,% of total,25 - 49,M,Active (Labour Force) as % of working age population,86.8
2018,% of total,50 - 64,M,Active (Labour Force) as % of working age population,57.3
2018,% of total,65+,M,Active (Labour Force) as % of working age population,6.2
2018,% of total,15 - 64,M,Active (Labour Force) as % of working age population,66.4
2018,% of total,15+,F,Active (Labour Force) as % of working age population,31.4
2018,% of total,15 - 24,F,Active (Labour Force) as % of working age population,23.1
2018,% of total,25 - 49,F,Active (Labour Force) as % of working age population,58.9
2018,% of total,50 - 64,F,Active (Labour Force) as % of working age population,32.3
2018,% of total,65+,F,Active (Labour Force) as % of working age population,3.6
2018,% of total,15 - 64,F,Active (Labour Force) as % of working age population,41.8
2018,% of total,15+,Both sexes,Employed as % of working age population,34.3
2018,% of total,15 - 24,Both sexes,Employed as % of working age population,19.7
2018,% of total,25 - 49,Both sexes,Employed as % of working age population,58.9
2018,% of total,50 - 64,Both sexes,Employed as % of working age population,39.6
2018,% of total,65+,Both sexes,Employed as % of working age population,4.6
2018,% of total,15 - 64,Both sexes,Employed as % of working age population,44.0
2018,% of total,15+,M,Employed as % of working age population,44.1
2018,% of total,15 - 24,M,Employed as % of working age population,26.1
2018,% of total,25 - 49,M,Employed as % of working age population,71.8
2018,% of total,50 - 64,M,Employed as % of working age population,50.7
2018,% of total,65+,M,Employed as % of working age population,6.0
2018,% of total,15 - 64,M,Employed as % of working age population,54.7
2018,% of total,15+,F,Employed as % of working age population,25.0
2018,% of total,15 - 24,F,Employed as % of working age population,12.6
2018,% of total,25 - 49,F,Employed as % of working age population,45.8
2018,% of total,50 - 64,F,Employed as % of working age population,28.9
2018,% of total,65+,F,Employed as % of working age population,3.6
2018,% of total,15 - 64,F,Employed as % of working age population,33.0
2018,% of total,15+,Both sexes,Unemployed as % of working age population,7.8
2018,% of total,15 - 24,Both sexes,Unemployed as % of working age population,12.6
2018,% of total,25 - 49,Both sexes,Unemployed as % of working age population,14.1
2018,% of total,50 - 64,Both sexes,Unemployed as % of working age population,5.0
2018,% of total,65+,Both sexes,Unemployed as % of working age population,0.1
2018,% of total,15 - 64,Both sexes,Unemployed as % of working age population,10.2
2018,% of total,15+,M,Unemployed as % of working age population,9.1
2018,% of total,15 - 24,M,Unemployed as % of working age population,14.3
2018,% of total,25 - 49,M,Unemployed as % of working age population,15.0
2018,% of total,50 - 64,M,Unemployed as % of working age population,6.6
2018,% of total,65+,M,Unemployed as % of working age population,0.2
2018,% of total,15 - 64,M,Unemployed as % of working age population,11.7
2018,% of total,15+,F,Unemployed as % of working age population,6.4
2018,% of total,15 - 24,F,Unemployed as % of working age population,10.5
2018,% of total,25 - 49,F,Unemployed as % of working age population,13.1
2018,% of total,50 - 64,F,Unemployed as % of working age population,3.4
2018,% of total,65+,F,Unemployed as % of working age population,0.0
2018,% of total,15+,Both sexes,Unemployed as % of working age population,8.8
2018,% of total,15+,Both sexes,Unemployed as % of labour force,18.4
2018,% of total,15 - 24,Both sexes,Unemployed as % of labour force,38.8
2018,% of total,25 - 49,Both sexes,Unemployed as % of labour force,19.3
2018,% of total,50 - 64,Both sexes,Unemployed as % of labour force,11.2
2018,% of total,65+,Both sexes,Unemployed as % of labour force,0.0
2018,% of total,15 - 64,Both sexes,Unemployed as % of labour force,18.9
2018,% of total,15+,M,Unemployed as % of labour force,17.2
2018,% of total,15 - 24,M,Unemployed as % of labour force,35.4
2018,% of total,25 - 49,M,Unemployed as % of labour force,17.3
2018,% of total,50 - 64,M,Unemployed as % of labour force,11.5
2018,% of total,65+,M,Unemployed as % of labour force,0.0
2018,% of total,15 - 64,M,Unemployed as % of labour force,17.6
2018,% of total,15+,F,Unemployed as % of labour force,20.3
2018,% of total,15 - 24,F,Unemployed as % of labour force,45.5
2018,% of total,25 - 49,F,Unemployed as % of labour force,22.3
2018,% of total,50 - 64,F,Unemployed as % of labour force,10.6
2018,% of total,65+,F,Unemployed as % of labour force,0.0
2018,% of total,15 - 64,F,Unemployed as % of labour force,21.0
2018,% of total,15+,Both sexes,Inactive as % of working age population,57.9
2018,% of total,15 - 24,Both sexes,Inactive as % of working age population,67.7
2018,% of total,25 - 49,Both sexes,Inactive as % of working age population,27.0
2018,% of total,50 - 64,Both sexes,Inactive as % of working age population,55.4
2018,% of total,65+,Both sexes,Inactive as % of working age population,95.3
2018,% of total,15 - 64,Both sexes,Inactive as % of working age population,45.8
2018,% of total,15+,M,Inactive as % of working age population,46.8
2018,% of total,15 - 24,M,Inactive as % of working age population,59.6
2018,% of total,25 - 49,M,Inactive as % of working age population,13.2
2018,% of total,50 - 64,M,Inactive as % of working age population,42.7
2018,% of total,65+,M,Inactive as % of working age population,93.8
2018,% of total,15 - 64,M,Inactive as % of working age population,33.6
2018,% of total,15+,F,Inactive as % of working age population,68.6
2018,% of total,15 - 24,F,Inactive as % of working age population,76.9
2018,% of total,25 - 49,F,Inactive as % of working age population,41.1
2018,% of total,50 - 64,F,Inactive as % of working age population,67.7
2018,% of total,65+,F,Inactive as % of working age population,96.4
2018,% of total,15 - 64,F,Inactive as % of working age population,58.2
2019,% of total,15+,Both sexes,Active (Labour Force) as % of working age population,42.1
2019,% of total,15 - 24,Both sexes,Active (Labour Force) as % of working age population,35.4
2019,% of total,25 - 49,Both sexes,Active (Labour Force) as % of working age population,73.4
2019,% of total,50 - 64,Both sexes,Active (Labour Force) as % of working age population,46.7
2019,% of total,65+,Both sexes,Active (Labour Force) as % of working age population,6.9
2019,% of total,15 - 64,Both sexes,Active (Labour Force) as % of working age population,55.5
2019,% of total,15+,M,Active (Labour Force) as % of working age population,51.7
2019,% of total,15 - 24,M,Active (Labour Force) as % of working age population,39.8
2019,% of total,25 - 49,M,Active (Labour Force) as % of working age population,85.6
2019,% of total,50 - 64,M,Active (Labour Force) as % of working age population,60.1
2019,% of total,65+,M,Active (Labour Force) as % of working age population,8.8
2019,% of total,15 - 64,M,Active (Labour Force) as % of working age population,66.4
2019,% of total,15+,F,Active (Labour Force) as % of working age population,32.9
2019,% of total,15 - 24,F,Active (Labour Force) as % of working age population,29.9
2019,% of total,25 - 49,F,Active (Labour Force) as % of working age population,61.1
2019,% of total,50 - 64,F,Active (Labour Force) as % of working age population,34.1
2019,% of total,65+,F,Active (Labour Force) as % of working age population,5.3
2019,% of total,15 - 64,F,Active (Labour Force) as % of working age population,44.4
2019,% of total,15+,Both sexes,Employed as % of working age population,35.5
2019,% of total,15 - 24,Both sexes,Employed as % of working age population,23.4
2019,% of total,25 - 49,Both sexes,Employed as % of working age population,60.7
2019,% of total,50 - 64,Both sexes,Employed as % of working age population,42.2
2019,% of total,65+,Both sexes,Employed as % of working age population,6.8
2019,% of total,15 - 64,Both sexes,Employed as % of working age population,46.4
2019,% of total,15+,M,Employed as % of working age population,44.6
2019,% of total,15 - 24,M,Employed as % of working age population,27.4
2019,% of total,25 - 49,M,Employed as % of working age population,73.0
2019,% of total,50 - 64,M,Employed as % of working age population,55.2
2019,% of total,65+,M,Employed as % of working age population,8.7
2019,% of total,15 - 64,M,Employed as % of working age population,57.0
2019,% of total,15+,F,Employed as % of working age population,26.7
2019,% of total,15 - 24,F,Employed as % of working age population,18.6
2019,% of total,25 - 49,F,Employed as % of working age population,48.5
2019,% of total,50 - 64,F,Employed as % of working age population,28.9
2019,% of total,65+,F,Employed as % of working age population,3.6
2019,% of total,15 - 64,F,Employed as % of working age population,33.0
2019,% of total,15+,Both sexes,Unemployed as % of working age population,6.6
2019,% of total,15 - 24,Both sexes,Unemployed as % of working age population,12.0
2019,% of total,25 - 49,Both sexes,Unemployed as % of working age population,12.7
2019,% of total,50 - 64,Both sexes,Unemployed as % of working age population,4.5
2019,% of total,65+,Both sexes,Unemployed as % of working age population,0.1
2019,% of total,15 - 64,Both sexes,Unemployed as % of working age population,9.1
2019,% of total,15+,M,Unemployed as % of working age population,7.1
2019,% of total,15 - 24,M,Unemployed as % of working age population,12.4
2019,% of total,25 - 49,M,Unemployed as % of working age population,12.6
2019,% of total,50 - 64,M,Unemployed as % of working age population,4.9
2019,% of total,65+,M,Unemployed as % of working age population,0.1
2019,% of total,15 - 64,M,Unemployed as % of working age population,9.4
2019,% of total,15+,F,Unemployed as % of working age population,6.2
2019,% of total,15 - 24,F,Unemployed as % of working age population,11.3
2019,% of total,25 - 49,F,Unemployed as % of working age population,12.6
2019,% of total,50 - 64,F,Unemployed as % of working age population,5.2
2019,% of total,65+,F,Unemployed as % of working age population,1.7
2019,% of total,15+,Both sexes,Unemployed as % of working age population,11.4
2019,% of total,15+,Both sexes,Unemployed as % of labour force,15.7
2019,% of total,15 - 24,Both sexes,Unemployed as % of labour force,33.8
2019,% of total,25 - 49,Both sexes,Unemployed as % of labour force,17.2
2019,% of total,50 - 64,Both sexes,Unemployed as % of labour force,9.7
2019,% of total,65+,Both sexes,Unemployed as % of labour force,0.0
2019,% of total,15 - 64,Both sexes,Unemployed as % of labour force,16.4
2019,% of total,15+,M,Unemployed as % of labour force,13.6
2019,% of total,15 - 24,M,Unemployed as % of labour force,31.3
2019,% of total,25 - 49,M,Unemployed as % of labour force,14.7
2019,% of total,50 - 64,M,Unemployed as % of labour force,8.1
2019,% of total,65+,M,Unemployed as % of labour force,0.0
2019,% of total,15 - 64,M,Unemployed as % of labour force,14.2
2019,% of total,15+,F,Unemployed as % of labour force,18.8
2019,% of total,15 - 24,F,Unemployed as % of labour force,37.9
2019,% of total,25 - 49,F,Unemployed as % of labour force,20.7
2019,% of total,50 - 64,F,Unemployed as % of labour force,12.3
2019,% of total,65+,F,Unemployed as % of labour force,0.0
2019,% of total,15 - 64,F,Unemployed as % of labour force,19.7
2019,% of total,15+,Both sexes,Inactive as % of working age population,57.9
2019,% of total,15 - 24,Both sexes,Inactive as % of working age population,64.6
2019,% of total,25 - 49,Both sexes,Inactive as % of working age population,26.6
2019,% of total,50 - 64,Both sexes,Inactive as % of working age population,53.3
2019,% of total,65+,Both sexes,Inactive as % of working age population,93.1
2019,% of total,15 - 64,Both sexes,Inactive as % of working age population,44.5
2019,% of total,15+,M,Inactive as % of working age population,48.3
2019,% of total,15 - 24,M,Inactive as % of working age population,60.2
2019,% of total,25 - 49,M,Inactive as % of working age population,14.4
2019,% of total,50 - 64,M,Inactive as % of working age population,39.9
2019,% of total,65+,M,Inactive as % of working age population,91.2
2019,% of total,15 - 64,M,Inactive as % of working age population,33.6
2019,% of total,15+,F,Inactive as % of working age population,67.1
2019,% of total,15 - 24,F,Inactive as % of working age population,70.1
2019,% of total,25 - 49,F,Inactive as % of working age population,38.9
2019,% of total,50 - 64,F,Inactive as % of working age population,65.9
2019,% of total,65+,F,Inactive as % of working age population,94.7
2019,% of total,15 - 64,F,Inactive as % of working age population,55.6
