Year,SERIES,UNIT_MEASURE,Economic activity,Sex,Value
2006,"Proportion of informal employment, by sector and sex (ILO harmonized estimates)",Percent,"Agriculture, forestry and fishing",Both sexes or no breakdown by sex,89.54726
2007,"Proportion of informal employment, by sector and sex (ILO harmonized estimates)",Percent,"Agriculture, forestry and fishing",Both sexes or no breakdown by sex,90.8656
2008,"Proportion of informal employment, by sector and sex (ILO harmonized estimates)",Percent,"Agriculture, forestry and fishing",Both sexes or no breakdown by sex,91.24082
2009,"Proportion of informal employment, by sector and sex (ILO harmonized estimates)",Percent,"Agriculture, forestry and fishing",Both sexes or no breakdown by sex,91.19395
2010,"Proportion of informal employment, by sector and sex (ILO harmonized estimates)",Percent,"Agriculture, forestry and fishing",Both sexes or no breakdown by sex,90.3971
2011,"Proportion of informal employment, by sector and sex (ILO harmonized estimates)",Percent,"Agriculture, forestry and fishing",Both sexes or no breakdown by sex,90.55731
2012,"Proportion of informal employment, by sector and sex (ILO harmonized estimates)",Percent,"Agriculture, forestry and fishing",Both sexes or no breakdown by sex,90.81431
2013,"Proportion of informal employment, by sector and sex (ILO harmonized estimates)",Percent,"Agriculture, forestry and fishing",Both sexes or no breakdown by sex,90.94156
2014,"Proportion of informal employment, by sector and sex (ILO harmonized estimates)",Percent,"Agriculture, forestry and fishing",Both sexes or no breakdown by sex,89.75101
2015,"Proportion of informal employment, by sector and sex (ILO harmonized estimates)",Percent,"Agriculture, forestry and fishing",Both sexes or no breakdown by sex,89.99401
2016,"Proportion of informal employment, by sector and sex (ILO harmonized estimates)",Percent,"Agriculture, forestry and fishing",Both sexes or no breakdown by sex,89.89365
2017,"Proportion of informal employment, by sector and sex (ILO harmonized estimates)",Percent,"Agriculture, forestry and fishing",Both sexes or no breakdown by sex,90.06844
2018,"Proportion of informal employment, by sector and sex (ILO harmonized estimates)",Percent,"Agriculture, forestry and fishing",Both sexes or no breakdown by sex,88.36454
2019,"Proportion of informal employment, by sector and sex (ILO harmonized estimates)",Percent,"Agriculture, forestry and fishing",Both sexes or no breakdown by sex,91.25178
2006,"Proportion of informal employment, by sector and sex (ILO harmonized estimates)",Percent,Non-agriculture,Both sexes or no breakdown by sex,24.64321
2007,"Proportion of informal employment, by sector and sex (ILO harmonized estimates)",Percent,Non-agriculture,Both sexes or no breakdown by sex,23.75937
2008,"Proportion of informal employment, by sector and sex (ILO harmonized estimates)",Percent,Non-agriculture,Both sexes or no breakdown by sex,21.15373
2009,"Proportion of informal employment, by sector and sex (ILO harmonized estimates)",Percent,Non-agriculture,Both sexes or no breakdown by sex,18.33027
2010,"Proportion of informal employment, by sector and sex (ILO harmonized estimates)",Percent,Non-agriculture,Both sexes or no breakdown by sex,18.12443
2011,"Proportion of informal employment, by sector and sex (ILO harmonized estimates)",Percent,Non-agriculture,Both sexes or no breakdown by sex,16.32869
2012,"Proportion of informal employment, by sector and sex (ILO harmonized estimates)",Percent,Non-agriculture,Both sexes or no breakdown by sex,18.90363
2013,"Proportion of informal employment, by sector and sex (ILO harmonized estimates)",Percent,Non-agriculture,Both sexes or no breakdown by sex,17.68838
2014,"Proportion of informal employment, by sector and sex (ILO harmonized estimates)",Percent,Non-agriculture,Both sexes or no breakdown by sex,16.82241
2015,"Proportion of informal employment, by sector and sex (ILO harmonized estimates)",Percent,Non-agriculture,Both sexes or no breakdown by sex,17.1006
2016,"Proportion of informal employment, by sector and sex (ILO harmonized estimates)",Percent,Non-agriculture,Both sexes or no breakdown by sex,17.47461
2017,"Proportion of informal employment, by sector and sex (ILO harmonized estimates)",Percent,Non-agriculture,Both sexes or no breakdown by sex,19.11034
2018,"Proportion of informal employment, by sector and sex (ILO harmonized estimates)",Percent,Non-agriculture,Both sexes or no breakdown by sex,18.33754
2019,"Proportion of informal employment, by sector and sex (ILO harmonized estimates)",Percent,Non-agriculture,Both sexes or no breakdown by sex,17.14282
2006,"Proportion of informal employment, by sector and sex (ILO harmonized estimates)",Percent,No breakdown,Both sexes or no breakdown by sex,37.97401
2007,"Proportion of informal employment, by sector and sex (ILO harmonized estimates)",Percent,No breakdown,Both sexes or no breakdown by sex,37.05676
2008,"Proportion of informal employment, by sector and sex (ILO harmonized estimates)",Percent,No breakdown,Both sexes or no breakdown by sex,35.5773
2009,"Proportion of informal employment, by sector and sex (ILO harmonized estimates)",Percent,No breakdown,Both sexes or no breakdown by sex,33.79404
2010,"Proportion of informal employment, by sector and sex (ILO harmonized estimates)",Percent,No breakdown,Both sexes or no breakdown by sex,32.35771
2011,"Proportion of informal employment, by sector and sex (ILO harmonized estimates)",Percent,No breakdown,Both sexes or no breakdown by sex,30.88499
2012,"Proportion of informal employment, by sector and sex (ILO harmonized estimates)",Percent,No breakdown,Both sexes or no breakdown by sex,33.68709
2013,"Proportion of informal employment, by sector and sex (ILO harmonized estimates)",Percent,No breakdown,Both sexes or no breakdown by sex,31.50649
2014,"Proportion of informal employment, by sector and sex (ILO harmonized estimates)",Percent,No breakdown,Both sexes or no breakdown by sex,29.27798
2015,"Proportion of informal employment, by sector and sex (ILO harmonized estimates)",Percent,No breakdown,Both sexes or no breakdown by sex,30.1308
2016,"Proportion of informal employment, by sector and sex (ILO harmonized estimates)",Percent,No breakdown,Both sexes or no breakdown by sex,30.47912
2017,"Proportion of informal employment, by sector and sex (ILO harmonized estimates)",Percent,No breakdown,Both sexes or no breakdown by sex,32.50089
2018,"Proportion of informal employment, by sector and sex (ILO harmonized estimates)",Percent,No breakdown,Both sexes or no breakdown by sex,29.34922
2019,"Proportion of informal employment, by sector and sex (ILO harmonized estimates)",Percent,No breakdown,Both sexes or no breakdown by sex,30.45466
2006,"Proportion of informal employment, by sector and sex (ILO harmonized estimates)",Percent,"Agriculture, forestry and fishing",Female,95.62931
2007,"Proportion of informal employment, by sector and sex (ILO harmonized estimates)",Percent,"Agriculture, forestry and fishing",Female,97.29556
2008,"Proportion of informal employment, by sector and sex (ILO harmonized estimates)",Percent,"Agriculture, forestry and fishing",Female,96.10625
2009,"Proportion of informal employment, by sector and sex (ILO harmonized estimates)",Percent,"Agriculture, forestry and fishing",Female,96.27624
2010,"Proportion of informal employment, by sector and sex (ILO harmonized estimates)",Percent,"Agriculture, forestry and fishing",Female,95.90703
2011,"Proportion of informal employment, by sector and sex (ILO harmonized estimates)",Percent,"Agriculture, forestry and fishing",Female,96.64297
2012,"Proportion of informal employment, by sector and sex (ILO harmonized estimates)",Percent,"Agriculture, forestry and fishing",Female,96.13205
2013,"Proportion of informal employment, by sector and sex (ILO harmonized estimates)",Percent,"Agriculture, forestry and fishing",Female,95.96992
2014,"Proportion of informal employment, by sector and sex (ILO harmonized estimates)",Percent,"Agriculture, forestry and fishing",Female,93.96121
2015,"Proportion of informal employment, by sector and sex (ILO harmonized estimates)",Percent,"Agriculture, forestry and fishing",Female,95.00422
2016,"Proportion of informal employment, by sector and sex (ILO harmonized estimates)",Percent,"Agriculture, forestry and fishing",Female,96.69173
2017,"Proportion of informal employment, by sector and sex (ILO harmonized estimates)",Percent,"Agriculture, forestry and fishing",Female,96.09827
2018,"Proportion of informal employment, by sector and sex (ILO harmonized estimates)",Percent,"Agriculture, forestry and fishing",Female,95.64754
2019,"Proportion of informal employment, by sector and sex (ILO harmonized estimates)",Percent,"Agriculture, forestry and fishing",Female,96.74567
2006,"Proportion of informal employment, by sector and sex (ILO harmonized estimates)",Percent,Non-agriculture,Female,18.89549
2007,"Proportion of informal employment, by sector and sex (ILO harmonized estimates)",Percent,Non-agriculture,Female,16.87185
2008,"Proportion of informal employment, by sector and sex (ILO harmonized estimates)",Percent,Non-agriculture,Female,15.72685
2009,"Proportion of informal employment, by sector and sex (ILO harmonized estimates)",Percent,Non-agriculture,Female,12.81741
2010,"Proportion of informal employment, by sector and sex (ILO harmonized estimates)",Percent,Non-agriculture,Female,14.30237
2011,"Proportion of informal employment, by sector and sex (ILO harmonized estimates)",Percent,Non-agriculture,Female,12.00905
2012,"Proportion of informal employment, by sector and sex (ILO harmonized estimates)",Percent,Non-agriculture,Female,13.17889
2013,"Proportion of informal employment, by sector and sex (ILO harmonized estimates)",Percent,Non-agriculture,Female,12.78597
2014,"Proportion of informal employment, by sector and sex (ILO harmonized estimates)",Percent,Non-agriculture,Female,12.49147
2015,"Proportion of informal employment, by sector and sex (ILO harmonized estimates)",Percent,Non-agriculture,Female,13.83979
2016,"Proportion of informal employment, by sector and sex (ILO harmonized estimates)",Percent,Non-agriculture,Female,12.68617
2017,"Proportion of informal employment, by sector and sex (ILO harmonized estimates)",Percent,Non-agriculture,Female,14.72831
2018,"Proportion of informal employment, by sector and sex (ILO harmonized estimates)",Percent,Non-agriculture,Female,14.77003
2019,"Proportion of informal employment, by sector and sex (ILO harmonized estimates)",Percent,Non-agriculture,Female,12.58121
2006,"Proportion of informal employment, by sector and sex (ILO harmonized estimates)",Percent,No breakdown,Female,35.76331
2007,"Proportion of informal employment, by sector and sex (ILO harmonized estimates)",Percent,No breakdown,Female,34.03786
2008,"Proportion of informal employment, by sector and sex (ILO harmonized estimates)",Percent,No breakdown,Female,33.62942
2009,"Proportion of informal employment, by sector and sex (ILO harmonized estimates)",Percent,No breakdown,Female,34.30956
2010,"Proportion of informal employment, by sector and sex (ILO harmonized estimates)",Percent,No breakdown,Female,32.87607
2011,"Proportion of informal employment, by sector and sex (ILO harmonized estimates)",Percent,No breakdown,Female,29.73979
2012,"Proportion of informal employment, by sector and sex (ILO harmonized estimates)",Percent,No breakdown,Female,31.98685
2013,"Proportion of informal employment, by sector and sex (ILO harmonized estimates)",Percent,No breakdown,Female,28.7234
2014,"Proportion of informal employment, by sector and sex (ILO harmonized estimates)",Percent,No breakdown,Female,26.76379
2015,"Proportion of informal employment, by sector and sex (ILO harmonized estimates)",Percent,No breakdown,Female,27.47632
2016,"Proportion of informal employment, by sector and sex (ILO harmonized estimates)",Percent,No breakdown,Female,27.58383
2017,"Proportion of informal employment, by sector and sex (ILO harmonized estimates)",Percent,No breakdown,Female,30.99388
2018,"Proportion of informal employment, by sector and sex (ILO harmonized estimates)",Percent,No breakdown,Female,27.73245
2019,"Proportion of informal employment, by sector and sex (ILO harmonized estimates)",Percent,No breakdown,Female,29.80919
2006,"Proportion of informal employment, by sector and sex (ILO harmonized estimates)",Percent,"Agriculture, forestry and fishing",Male,85.92637
2007,"Proportion of informal employment, by sector and sex (ILO harmonized estimates)",Percent,"Agriculture, forestry and fishing",Male,87.0791
2008,"Proportion of informal employment, by sector and sex (ILO harmonized estimates)",Percent,"Agriculture, forestry and fishing",Male,88.19074
2009,"Proportion of informal employment, by sector and sex (ILO harmonized estimates)",Percent,"Agriculture, forestry and fishing",Male,87.03985
2010,"Proportion of informal employment, by sector and sex (ILO harmonized estimates)",Percent,"Agriculture, forestry and fishing",Male,86.27805
2011,"Proportion of informal employment, by sector and sex (ILO harmonized estimates)",Percent,"Agriculture, forestry and fishing",Male,86.56123
2012,"Proportion of informal employment, by sector and sex (ILO harmonized estimates)",Percent,"Agriculture, forestry and fishing",Male,87.17437
2013,"Proportion of informal employment, by sector and sex (ILO harmonized estimates)",Percent,"Agriculture, forestry and fishing",Male,87.87396
2014,"Proportion of informal employment, by sector and sex (ILO harmonized estimates)",Percent,"Agriculture, forestry and fishing",Male,87.16772
2015,"Proportion of informal employment, by sector and sex (ILO harmonized estimates)",Percent,"Agriculture, forestry and fishing",Male,87.28769
2016,"Proportion of informal employment, by sector and sex (ILO harmonized estimates)",Percent,"Agriculture, forestry and fishing",Male,86.16017
2017,"Proportion of informal employment, by sector and sex (ILO harmonized estimates)",Percent,"Agriculture, forestry and fishing",Male,86.07518
2018,"Proportion of informal employment, by sector and sex (ILO harmonized estimates)",Percent,"Agriculture, forestry and fishing",Male,83.88409
2019,"Proportion of informal employment, by sector and sex (ILO harmonized estimates)",Percent,"Agriculture, forestry and fishing",Male,86.98256
2006,"Proportion of informal employment, by sector and sex (ILO harmonized estimates)",Percent,Non-agriculture,Male,27.63528
2007,"Proportion of informal employment, by sector and sex (ILO harmonized estimates)",Percent,Non-agriculture,Male,27.26836
2008,"Proportion of informal employment, by sector and sex (ILO harmonized estimates)",Percent,Non-agriculture,Male,24.05602
2009,"Proportion of informal employment, by sector and sex (ILO harmonized estimates)",Percent,Non-agriculture,Male,21.29026
2010,"Proportion of informal employment, by sector and sex (ILO harmonized estimates)",Percent,Non-agriculture,Male,20.23733
2011,"Proportion of informal employment, by sector and sex (ILO harmonized estimates)",Percent,Non-agriculture,Male,18.80983
2012,"Proportion of informal employment, by sector and sex (ILO harmonized estimates)",Percent,Non-agriculture,Male,22.10485
2013,"Proportion of informal employment, by sector and sex (ILO harmonized estimates)",Percent,Non-agriculture,Male,20.58875
2014,"Proportion of informal employment, by sector and sex (ILO harmonized estimates)",Percent,Non-agriculture,Male,19.35245
2015,"Proportion of informal employment, by sector and sex (ILO harmonized estimates)",Percent,Non-agriculture,Male,19.08263
2016,"Proportion of informal employment, by sector and sex (ILO harmonized estimates)",Percent,Non-agriculture,Male,20.16743
2017,"Proportion of informal employment, by sector and sex (ILO harmonized estimates)",Percent,Non-agriculture,Male,21.69416
2018,"Proportion of informal employment, by sector and sex (ILO harmonized estimates)",Percent,Non-agriculture,Male,20.45402
2019,"Proportion of informal employment, by sector and sex (ILO harmonized estimates)",Percent,Non-agriculture,Male,19.84486
2006,"Proportion of informal employment, by sector and sex (ILO harmonized estimates)",Percent,No breakdown,Male,39.15751
2007,"Proportion of informal employment, by sector and sex (ILO harmonized estimates)",Percent,No breakdown,Male,38.64039
2008,"Proportion of informal employment, by sector and sex (ILO harmonized estimates)",Percent,No breakdown,Male,36.65426
2009,"Proportion of informal employment, by sector and sex (ILO harmonized estimates)",Percent,No breakdown,Male,33.49041
2010,"Proportion of informal employment, by sector and sex (ILO harmonized estimates)",Percent,No breakdown,Male,32.0531
2011,"Proportion of informal employment, by sector and sex (ILO harmonized estimates)",Percent,No breakdown,Male,31.5605
2012,"Proportion of informal employment, by sector and sex (ILO harmonized estimates)",Percent,No breakdown,Male,34.67903
2013,"Proportion of informal employment, by sector and sex (ILO harmonized estimates)",Percent,No breakdown,Male,33.16267
2014,"Proportion of informal employment, by sector and sex (ILO harmonized estimates)",Percent,No breakdown,Male,30.75914
2015,"Proportion of informal employment, by sector and sex (ILO harmonized estimates)",Percent,No breakdown,Male,31.71107
2016,"Proportion of informal employment, by sector and sex (ILO harmonized estimates)",Percent,No breakdown,Male,32.10042
2017,"Proportion of informal employment, by sector and sex (ILO harmonized estimates)",Percent,No breakdown,Male,33.4094
2018,"Proportion of informal employment, by sector and sex (ILO harmonized estimates)",Percent,No breakdown,Male,30.31391
2019,"Proportion of informal employment, by sector and sex (ILO harmonized estimates)",Percent,No breakdown,Male,30.85654
