Year,UNIT_MEASURE,Spol,Godine,Value
1971,Broj,Oba spola ili bez podjele po spolu,0,78188
1971,Broj,Oba spola ili bez podjele po spolu,1,78436
1971,Broj,Oba spola ili bez podjele po spolu,2,79185
1971,Broj,Oba spola ili bez podjele po spolu,3,83244
1971,Broj,Oba spola ili bez podjele po spolu,4,86452
1971,Broj,Oba spola ili bez podjele po spolu,5,87769
1971,Broj,Oba spola ili bez podjele po spolu,6,87799
1971,Broj,Oba spola ili bez podjele po spolu,7,88629
1971,Broj,Oba spola ili bez podjele po spolu,8,88698
1971,Broj,Oba spola ili bez podjele po spolu,9,89770
1971,Broj,Oba spola ili bez podjele po spolu,10,91769
1971,Broj,Oba spola ili bez podjele po spolu,11,88438
1971,Broj,Oba spola ili bez podjele po spolu,12,91254
1971,Broj,Oba spola ili bez podjele po spolu,13,84816
1971,Broj,Oba spola ili bez podjele po spolu,14,85922
1971,Broj,Oba spola ili bez podjele po spolu,15,85979
1971,Broj,Oba spola ili bez podjele po spolu,16,90521
1971,Broj,Oba spola ili bez podjele po spolu,17,81829
1971,Broj,Oba spola ili bez podjele po spolu,18,86722
1971,Broj,Oba spola ili bez podjele po spolu,19,66336
1971,Broj,Oba spola ili bez podjele po spolu,20,72810
1971,Broj,Oba spola ili bez podjele po spolu,21,69228
1971,Broj,Oba spola ili bez podjele po spolu,22,61911
1971,Broj,Oba spola ili bez podjele po spolu,23,57263
1971,Broj,Oba spola ili bez podjele po spolu,24,58105
1971,Broj,Oba spola ili bez podjele po spolu,25,43515
1971,Broj,Oba spola ili bez podjele po spolu,26,42568
1971,Broj,Oba spola ili bez podjele po spolu,27,42705
1971,Broj,Oba spola ili bez podjele po spolu,28,45326
1971,Broj,Oba spola ili bez podjele po spolu,29,51613
1971,Broj,Oba spola ili bez podjele po spolu,30,55927
1971,Broj,Oba spola ili bez podjele po spolu,31,58757
1971,Broj,Oba spola ili bez podjele po spolu,32,56737
1971,Broj,Oba spola ili bez podjele po spolu,33,59159
1971,Broj,Oba spola ili bez podjele po spolu,34,59230
1971,Broj,Oba spola ili bez podjele po spolu,35,59449
1971,Broj,Oba spola ili bez podjele po spolu,36,58439
1971,Broj,Oba spola ili bez podjele po spolu,37,57138
1971,Broj,Oba spola ili bez podjele po spolu,38,54962
1971,Broj,Oba spola ili bez podjele po spolu,39,50494
1971,Broj,Oba spola ili bez podjele po spolu,40,53335
1971,Broj,Oba spola ili bez podjele po spolu,41,51482
1971,Broj,Oba spola ili bez podjele po spolu,42,51670
1971,Broj,Oba spola ili bez podjele po spolu,43,45131
1971,Broj,Oba spola ili bez podjele po spolu,44,41398
1971,Broj,Oba spola ili bez podjele po spolu,45,38430
1971,Broj,Oba spola ili bez podjele po spolu,46,34889
1971,Broj,Oba spola ili bez podjele po spolu,47,32616
1971,Broj,Oba spola ili bez podjele po spolu,48,32560
1971,Broj,Oba spola ili bez podjele po spolu,49,27746
1971,Broj,Oba spola ili bez podjele po spolu,50,31304
1971,Broj,Oba spola ili bez podjele po spolu,51,27640
1971,Broj,Oba spola ili bez podjele po spolu,52,16290
1971,Broj,Oba spola ili bez podjele po spolu,53,13739
1971,Broj,Oba spola ili bez podjele po spolu,54,12867
1971,Broj,Oba spola ili bez podjele po spolu,55,17033
1971,Broj,Oba spola ili bez podjele po spolu,56,26007
1971,Broj,Oba spola ili bez podjele po spolu,57,23600
1971,Broj,Oba spola ili bez podjele po spolu,58,25741
1971,Broj,Oba spola ili bez podjele po spolu,59,22248
1971,Broj,Oba spola ili bez podjele po spolu,60,27390
1971,Broj,Oba spola ili bez podjele po spolu,61,23213
1971,Broj,Oba spola ili bez podjele po spolu,62,20179
1971,Broj,Oba spola ili bez podjele po spolu,63,21543
1971,Broj,Oba spola ili bez podjele po spolu,64,20402
1971,Broj,Oba spola ili bez podjele po spolu,65,19860
1971,Broj,Oba spola ili bez podjele po spolu,66,17912
1971,Broj,Oba spola ili bez podjele po spolu,67,15368
1971,Broj,Oba spola ili bez podjele po spolu,68,14263
1971,Broj,Oba spola ili bez podjele po spolu,69,12405
1971,Broj,Oba spola ili bez podjele po spolu,70,20948
1971,Broj,Oba spola ili bez podjele po spolu,71,11331
1971,Broj,Oba spola ili bez podjele po spolu,72,7947
1971,Broj,Oba spola ili bez podjele po spolu,73,6982
1971,Broj,Oba spola ili bez podjele po spolu,74,6341
1971,Broj,Oba spola ili bez podjele po spolu,75,6359
1971,Broj,Oba spola ili bez podjele po spolu,76,5014
1971,Broj,Oba spola ili bez podjele po spolu,77,4151
1971,Broj,Oba spola ili bez podjele po spolu,78,4413
1971,Broj,Oba spola ili bez podjele po spolu,79,3113
1971,Broj,Oba spola ili bez podjele po spolu,80,3754
1971,Broj,Oba spola ili bez podjele po spolu,81,2432
1971,Broj,Oba spola ili bez podjele po spolu,82,2709
1971,Broj,Oba spola ili bez podjele po spolu,83,1765
1971,Broj,Oba spola ili bez podjele po spolu,84,1492
1971,Broj,Oba spola ili bez podjele po spolu,85,1675
1971,Broj,Oba spola ili bez podjele po spolu,86,1205
1971,Broj,Oba spola ili bez podjele po spolu,87,808
1971,Broj,Oba spola ili bez podjele po spolu,88,784
1971,Broj,Oba spola ili bez podjele po spolu,89,640
1971,Broj,Oba spola ili bez podjele po spolu,90,823
1971,Broj,Oba spola ili bez podjele po spolu,91,417
1971,Broj,Oba spola ili bez podjele po spolu,92,287
1971,Broj,Oba spola ili bez podjele po spolu,93,196
1971,Broj,Oba spola ili bez podjele po spolu,94,215
1971,Broj,Oba spola ili bez podjele po spolu,95,249
1971,Broj,Oba spola ili bez podjele po spolu,96,153
1971,Broj,Oba spola ili bez podjele po spolu,97,132
1971,Broj,Oba spola ili bez podjele po spolu,98,105
1971,Broj,Oba spola ili bez podjele po spolu,99,33
1971,Broj,Oba spola ili bez podjele po spolu,100,62
1971,Broj,Oba spola ili bez podjele po spolu,101,0
1971,Broj,Oba spola ili bez podjele po spolu,102,0
1971,Broj,Oba spola ili bez podjele po spolu,103,0
1971,Broj,Oba spola ili bez podjele po spolu,104,0
1971,Broj,Oba spola ili bez podjele po spolu,105,0
1971,Broj,Oba spola ili bez podjele po spolu,106,0
1971,Broj,Oba spola ili bez podjele po spolu,107,0
1971,Broj,Oba spola ili bez podjele po spolu,108,0
1971,Broj,Oba spola ili bez podjele po spolu,109,0
1971,Broj,Oba spola ili bez podjele po spolu,110,0
1971,Broj,Oba spola ili bez podjele po spolu,111,0
1971,Broj,Oba spola ili bez podjele po spolu,112,0
1971,Broj,Oba spola ili bez podjele po spolu,113,0
1971,Broj,Oba spola ili bez podjele po spolu,114,0
1971,Broj,Oba spola ili bez podjele po spolu,115,0
1971,Broj,Oba spola ili bez podjele po spolu,116,0
1971,Broj,Oba spola ili bez podjele po spolu,117,0
1971,Broj,Oba spola ili bez podjele po spolu,118,0
1971,Broj,Oba spola ili bez podjele po spolu,119,0
1971,Broj,Oba spola ili bez podjele po spolu,120,0
1971,Broj,Oba spola ili bez podjele po spolu,Unknown,14223
1971,Broj,Oba spola ili bez podjele po spolu,Total,3746111
1981,Broj,Oba spola ili bez podjele po spolu,0,71881
1981,Broj,Oba spola ili bez podjele po spolu,1,69965
1981,Broj,Oba spola ili bez podjele po spolu,2,67249
1981,Broj,Oba spola ili bez podjele po spolu,3,68657
1981,Broj,Oba spola ili bez podjele po spolu,4,70968
1981,Broj,Oba spola ili bez podjele po spolu,5,71951
1981,Broj,Oba spola ili bez podjele po spolu,6,71141
1981,Broj,Oba spola ili bez podjele po spolu,7,71151
1981,Broj,Oba spola ili bez podjele po spolu,8,73640
1981,Broj,Oba spola ili bez podjele po spolu,9,74972
1981,Broj,Oba spola ili bez podjele po spolu,10,72003
1981,Broj,Oba spola ili bez podjele po spolu,11,74982
1981,Broj,Oba spola ili bez podjele po spolu,12,77107
1981,Broj,Oba spola ili bez podjele po spolu,13,80150
1981,Broj,Oba spola ili bez podjele po spolu,14,83627
1981,Broj,Oba spola ili bez podjele po spolu,15,85479
1981,Broj,Oba spola ili bez podjele po spolu,16,84935
1981,Broj,Oba spola ili bez podjele po spolu,17,85902
1981,Broj,Oba spola ili bez podjele po spolu,18,85978
1981,Broj,Oba spola ili bez podjele po spolu,19,86377
1981,Broj,Oba spola ili bez podjele po spolu,20,86257
1981,Broj,Oba spola ili bez podjele po spolu,21,80015
1981,Broj,Oba spola ili bez podjele po spolu,22,80476
1981,Broj,Oba spola ili bez podjele po spolu,23,73088
1981,Broj,Oba spola ili bez podjele po spolu,24,72440
1981,Broj,Oba spola ili bez podjele po spolu,25,70240
1981,Broj,Oba spola ili bez podjele po spolu,26,73331
1981,Broj,Oba spola ili bez podjele po spolu,27,65100
1981,Broj,Oba spola ili bez podjele po spolu,28,69395
1981,Broj,Oba spola ili bez podjele po spolu,29,52038
1981,Broj,Oba spola ili bez podjele po spolu,30,57265
1981,Broj,Oba spola ili bez podjele po spolu,31,55625
1981,Broj,Oba spola ili bez podjele po spolu,32,50152
1981,Broj,Oba spola ili bez podjele po spolu,33,46632
1981,Broj,Oba spola ili bez podjele po spolu,34,49504
1981,Broj,Oba spola ili bez podjele po spolu,35,36693
1981,Broj,Oba spola ili bez podjele po spolu,36,36263
1981,Broj,Oba spola ili bez podjele po spolu,37,37126
1981,Broj,Oba spola ili bez podjele po spolu,38,39913
1981,Broj,Oba spola ili bez podjele po spolu,39,45793
1981,Broj,Oba spola ili bez podjele po spolu,40,49958
1981,Broj,Oba spola ili bez podjele po spolu,41,52693
1981,Broj,Oba spola ili bez podjele po spolu,42,50845
1981,Broj,Oba spola ili bez podjele po spolu,43,53135
1981,Broj,Oba spola ili bez podjele po spolu,44,53909
1981,Broj,Oba spola ili bez podjele po spolu,45,53870
1981,Broj,Oba spola ili bez podjele po spolu,46,53207
1981,Broj,Oba spola ili bez podjele po spolu,47,51809
1981,Broj,Oba spola ili bez podjele po spolu,48,50023
1981,Broj,Oba spola ili bez podjele po spolu,49,46034
1981,Broj,Oba spola ili bez podjele po spolu,50,48966
1981,Broj,Oba spola ili bez podjele po spolu,51,46995
1981,Broj,Oba spola ili bez podjele po spolu,52,47799
1981,Broj,Oba spola ili bez podjele po spolu,53,42166
1981,Broj,Oba spola ili bez podjele po spolu,54,38248
1981,Broj,Oba spola ili bez podjele po spolu,55,35727
1981,Broj,Oba spola ili bez podjele po spolu,56,32192
1981,Broj,Oba spola ili bez podjele po spolu,57,29910
1981,Broj,Oba spola ili bez podjele po spolu,58,29938
1981,Broj,Oba spola ili bez podjele po spolu,59,24809
1981,Broj,Oba spola ili bez podjele po spolu,60,28495
1981,Broj,Oba spola ili bez podjele po spolu,61,24597
1981,Broj,Oba spola ili bez podjele po spolu,62,13866
1981,Broj,Oba spola ili bez podjele po spolu,63,11860
1981,Broj,Oba spola ili bez podjele po spolu,64,10839
1981,Broj,Oba spola ili bez podjele po spolu,65,14108
1981,Broj,Oba spola ili bez podjele po spolu,66,21522
1981,Broj,Oba spola ili bez podjele po spolu,67,19181
1981,Broj,Oba spola ili bez podjele po spolu,68,20595
1981,Broj,Oba spola ili bez podjele po spolu,69,16691
1981,Broj,Oba spola ili bez podjele po spolu,70,20293
1981,Broj,Oba spola ili bez podjele po spolu,71,16267
1981,Broj,Oba spola ili bez podjele po spolu,72,13683
1981,Broj,Oba spola ili bez podjele po spolu,73,14215
1981,Broj,Oba spola ili bez podjele po spolu,74,13034
1981,Broj,Oba spola ili bez podjele po spolu,75,12425
1981,Broj,Oba spola ili bez podjele po spolu,76,10471
1981,Broj,Oba spola ili bez podjele po spolu,77,8492
1981,Broj,Oba spola ili bez podjele po spolu,78,7556
1981,Broj,Oba spola ili bez podjele po spolu,79,5602
1981,Broj,Oba spola ili bez podjele po spolu,80,11337
1981,Broj,Oba spola ili bez podjele po spolu,81,4313
1981,Broj,Oba spola ili bez podjele po spolu,82,3108
1981,Broj,Oba spola ili bez podjele po spolu,83,2576
1981,Broj,Oba spola ili bez podjele po spolu,84,2235
1981,Broj,Oba spola ili bez podjele po spolu,85,2047
1981,Broj,Oba spola ili bez podjele po spolu,86,1471
1981,Broj,Oba spola ili bez podjele po spolu,87,1161
1981,Broj,Oba spola ili bez podjele po spolu,88,1460
1981,Broj,Oba spola ili bez podjele po spolu,89,742
1981,Broj,Oba spola ili bez podjele po spolu,90,909
1981,Broj,Oba spola ili bez podjele po spolu,91,475
1981,Broj,Oba spola ili bez podjele po spolu,92,527
1981,Broj,Oba spola ili bez podjele po spolu,93,334
1981,Broj,Oba spola ili bez podjele po spolu,94,363
1981,Broj,Oba spola ili bez podjele po spolu,95,300
1981,Broj,Oba spola ili bez podjele po spolu,96,219
1981,Broj,Oba spola ili bez podjele po spolu,97,195
1981,Broj,Oba spola ili bez podjele po spolu,98,183
1981,Broj,Oba spola ili bez podjele po spolu,99,103
1981,Broj,Oba spola ili bez podjele po spolu,100,106
1981,Broj,Oba spola ili bez podjele po spolu,101,0
1981,Broj,Oba spola ili bez podjele po spolu,102,0
1981,Broj,Oba spola ili bez podjele po spolu,103,0
1981,Broj,Oba spola ili bez podjele po spolu,104,0
1981,Broj,Oba spola ili bez podjele po spolu,105,0
1981,Broj,Oba spola ili bez podjele po spolu,106,0
1981,Broj,Oba spola ili bez podjele po spolu,107,0
1981,Broj,Oba spola ili bez podjele po spolu,108,0
1981,Broj,Oba spola ili bez podjele po spolu,109,0
1981,Broj,Oba spola ili bez podjele po spolu,110,0
1981,Broj,Oba spola ili bez podjele po spolu,111,0
1981,Broj,Oba spola ili bez podjele po spolu,112,0
1981,Broj,Oba spola ili bez podjele po spolu,113,0
1981,Broj,Oba spola ili bez podjele po spolu,114,0
1981,Broj,Oba spola ili bez podjele po spolu,115,0
1981,Broj,Oba spola ili bez podjele po spolu,116,0
1981,Broj,Oba spola ili bez podjele po spolu,117,0
1981,Broj,Oba spola ili bez podjele po spolu,118,0
1981,Broj,Oba spola ili bez podjele po spolu,119,0
1981,Broj,Oba spola ili bez podjele po spolu,120,0
1981,Broj,Oba spola ili bez podjele po spolu,Unknown,5666
1981,Broj,Oba spola ili bez podjele po spolu,Total,3941316
