Year,UNIT_MEASURE,Spol,ADMIN_AREA,Vitalna statistika,Value
1996,Broj,Oba spola,BiH,Živorođeni,46594
1997,Broj,Oba spola,BiH,Živorođeni,48397
1998,Broj,Oba spola,BiH,Živorođeni,45007
1999,Broj,Oba spola,BiH,Živorođeni,42464
2000,Broj,Oba spola,BiH,Živorođeni,39563
2001,Broj,Oba spola,BiH,Živorođeni,37717
2002,Broj,Oba spola,BiH,Živorođeni,35587
2003,Broj,Oba spola,BiH,Živorođeni,35234
2004,Broj,Oba spola,BiH,Živorođeni,35151
2005,Broj,Oba spola,BiH,Živorođeni,34627
2006,Broj,Oba spola,BiH,Živorođeni,34033
2007,Broj,Oba spola,BiH,Živorođeni,33835
2008,Broj,Oba spola,BiH,Živorođeni,34176
2009,Broj,Oba spola,BiH,Živorođeni,34550
2010,Broj,Oba spola,BiH,Živorođeni,33528
2011,Broj,Oba spola,BiH,Živorođeni,31811
2012,Broj,Oba spola,BiH,Živorođeni,32547
2013,Broj,Oba spola,BiH,Živorođeni,30684
2014,Broj,Oba spola,BiH,Živorođeni,30268
2015,Broj,Oba spola,BiH,Živorođeni,29770
2016,Broj,Oba spola,BiH,Živorođeni,30183
2017,Broj,Oba spola,BiH,Živorođeni,30200
2018,Broj,Oba spola,BiH,Živorođeni,29467
2019,Broj,Oba spola,BiH,Živorođeni,28360
1996,Broj,M,BiH,Živorođeni,24398
1997,Broj,M,BiH,Živorođeni,25297
1998,Broj,M,BiH,Živorođeni,23425
1999,Broj,M,BiH,Živorođeni,21636
2000,Broj,M,BiH,Živorođeni,20407
2001,Broj,M,BiH,Živorođeni,19400
2002,Broj,M,BiH,Živorođeni,18297
2003,Broj,M,BiH,Živorođeni,18330
2004,Broj,M,BiH,Živorođeni,18133
2005,Broj,M,BiH,Živorođeni,17797
2006,Broj,M,BiH,Živorođeni,17547
2007,Broj,M,BiH,Živorođeni,17534
2008,Broj,M,BiH,Živorođeni,17585
2009,Broj,M,BiH,Živorođeni,18001
2010,Broj,M,BiH,Živorođeni,17277
2011,Broj,M,BiH,Živorođeni,16531
2012,Broj,M,BiH,Živorođeni,16790
2013,Broj,M,BiH,Živorođeni,15835
2014,Broj,M,BiH,Živorođeni,15597
2015,Broj,M,BiH,Živorođeni,15308
2016,Broj,M,BiH,Živorođeni,15716
2017,Broj,M,BiH,Živorođeni,15674
2018,Broj,M,BiH,Živorođeni,15268
2019,Broj,M,BiH,Živorođeni,14806
1996,Broj,Ž,BiH,Živorođeni,22196
1997,Broj,Ž,BiH,Živorođeni,23100
1998,Broj,Ž,BiH,Živorođeni,21582
1999,Broj,Ž,BiH,Živorođeni,20828
2000,Broj,Ž,BiH,Živorođeni,19156
2001,Broj,Ž,BiH,Živorođeni,18317
2002,Broj,Ž,BiH,Živorođeni,17290
2003,Broj,Ž,BiH,Živorođeni,16904
2004,Broj,Ž,BiH,Živorođeni,17018
2005,Broj,Ž,BiH,Živorođeni,16830
2006,Broj,Ž,BiH,Živorođeni,16486
2007,Broj,Ž,BiH,Živorođeni,16301
2008,Broj,Ž,BiH,Živorođeni,16591
2009,Broj,Ž,BiH,Živorođeni,16549
2010,Broj,Ž,BiH,Živorođeni,16251
2011,Broj,Ž,BiH,Živorođeni,15280
2012,Broj,Ž,BiH,Živorođeni,15757
2013,Broj,Ž,BiH,Živorođeni,14849
2014,Broj,Ž,BiH,Živorođeni,14671
2015,Broj,Ž,BiH,Živorođeni,14462
2016,Broj,Ž,BiH,Živorođeni,14467
2017,Broj,Ž,BiH,Živorođeni,14526
2018,Broj,Ž,BiH,Živorođeni,14199
2019,Broj,Ž,BiH,Živorođeni,13554
1996,Broj,Oba spola,BiH,Smrtni slučajevi,25152
1997,Broj,Oba spola,BiH,Smrtni slučajevi,27875
1998,Broj,Oba spola,BiH,Smrtni slučajevi,28679
1999,Broj,Oba spola,BiH,Smrtni slučajevi,28637
2000,Broj,Oba spola,BiH,Smrtni slučajevi,30482
2001,Broj,Oba spola,BiH,Smrtni slučajevi,30325
2002,Broj,Oba spola,BiH,Smrtni slučajevi,30155
2003,Broj,Oba spola,BiH,Smrtni slučajevi,31757
2004,Broj,Oba spola,BiH,Smrtni slučajevi,32616
2005,Broj,Oba spola,BiH,Smrtni slučajevi,34402
2006,Broj,Oba spola,BiH,Smrtni slučajevi,33221
2007,Broj,Oba spola,BiH,Smrtni slučajevi,35044
2008,Broj,Oba spola,BiH,Smrtni slučajevi,34026
2009,Broj,Oba spola,BiH,Smrtni slučajevi,34904
2010,Broj,Oba spola,BiH,Smrtni slučajevi,35118
2011,Broj,Oba spola,BiH,Smrtni slučajevi,35028
2012,Broj,Oba spola,BiH,Smrtni slučajevi,35817
2013,Broj,Oba spola,BiH,Smrtni slučajevi,35662
2014,Broj,Oba spola,BiH,Smrtni slučajevi,35980
2015,Broj,Oba spola,BiH,Smrtni slučajevi,38150
2016,Broj,Oba spola,BiH,Smrtni slučajevi,36571
2017,Broj,Oba spola,BiH,Smrtni slučajevi,37979
2018,Broj,Oba spola,BiH,Smrtni slučajevi,37744
2019,Broj,Oba spola,BiH,Smrtni slučajevi,38829
1996,Broj,M,BiH,Smrtni slučajevi,13952
1997,Broj,M,BiH,Smrtni slučajevi,15184
1998,Broj,M,BiH,Smrtni slučajevi,15303
1999,Broj,M,BiH,Smrtni slučajevi,15161
2000,Broj,M,BiH,Smrtni slučajevi,16058
2001,Broj,M,BiH,Smrtni slučajevi,16202
2002,Broj,M,BiH,Smrtni slučajevi,15647
2003,Broj,M,BiH,Smrtni slučajevi,16590
2004,Broj,M,BiH,Smrtni slučajevi,16780
2005,Broj,M,BiH,Smrtni slučajevi,18018
2006,Broj,M,BiH,Smrtni slučajevi,17308
2007,Broj,M,BiH,Smrtni slučajevi,18154
2008,Broj,M,BiH,Smrtni slučajevi,17687
2009,Broj,M,BiH,Smrtni slučajevi,17884
2010,Broj,M,BiH,Smrtni slučajevi,17900
2011,Broj,M,BiH,Smrtni slučajevi,17965
2012,Broj,M,BiH,Smrtni slučajevi,18436
2013,Broj,M,BiH,Smrtni slučajevi,18217
2014,Broj,M,BiH,Smrtni slučajevi,18360
2015,Broj,M,BiH,Smrtni slučajevi,19219
2016,Broj,M,BiH,Smrtni slučajevi,18542
2017,Broj,M,BiH,Smrtni slučajevi,19186
2018,Broj,M,BiH,Smrtni slučajevi,19007
2019,Broj,M,BiH,Smrtni slučajevi,19042
1996,Broj,Ž,BiH,Smrtni slučajevi,11200
1997,Broj,Ž,BiH,Smrtni slučajevi,12691
1998,Broj,Ž,BiH,Smrtni slučajevi,13376
1999,Broj,Ž,BiH,Smrtni slučajevi,13476
2000,Broj,Ž,BiH,Smrtni slučajevi,14424
2001,Broj,Ž,BiH,Smrtni slučajevi,14123
2002,Broj,Ž,BiH,Smrtni slučajevi,14508
2003,Broj,Ž,BiH,Smrtni slučajevi,15167
2004,Broj,Ž,BiH,Smrtni slučajevi,15836
2005,Broj,Ž,BiH,Smrtni slučajevi,16384
2006,Broj,Ž,BiH,Smrtni slučajevi,15913
2007,Broj,Ž,BiH,Smrtni slučajevi,16890
2008,Broj,Ž,BiH,Smrtni slučajevi,16339
2009,Broj,Ž,BiH,Smrtni slučajevi,17020
2010,Broj,Ž,BiH,Smrtni slučajevi,17218
2011,Broj,Ž,BiH,Smrtni slučajevi,17063
2012,Broj,Ž,BiH,Smrtni slučajevi,17381
2013,Broj,Ž,BiH,Smrtni slučajevi,17445
2014,Broj,Ž,BiH,Smrtni slučajevi,17620
2015,Broj,Ž,BiH,Smrtni slučajevi,18931
2016,Broj,Ž,BiH,Smrtni slučajevi,18029
2017,Broj,Ž,BiH,Smrtni slučajevi,18793
2018,Broj,Ž,BiH,Smrtni slučajevi,18737
2019,Broj,Ž,BiH,Smrtni slučajevi,19787
1996,Broj,Oba spola,BiH,Prirodno kretanje,21442
1997,Broj,Oba spola,BiH,Prirodno kretanje,20522
1998,Broj,Oba spola,BiH,Prirodno kretanje,16328
1999,Broj,Oba spola,BiH,Prirodno kretanje,13827
2000,Broj,Oba spola,BiH,Prirodno kretanje,9081
2001,Broj,Oba spola,BiH,Prirodno kretanje,7392
2002,Broj,Oba spola,BiH,Prirodno kretanje,5432
2003,Broj,Oba spola,BiH,Prirodno kretanje,3477
2004,Broj,Oba spola,BiH,Prirodno kretanje,2535
2005,Broj,Oba spola,BiH,Prirodno kretanje,225
2006,Broj,Oba spola,BiH,Prirodno kretanje,812
2007,Broj,Oba spola,BiH,Prirodno kretanje,-1209
2008,Broj,Oba spola,BiH,Prirodno kretanje,150
2009,Broj,Oba spola,BiH,Prirodno kretanje,-354
2010,Broj,Oba spola,BiH,Prirodno kretanje,-1590
2011,Broj,Oba spola,BiH,Prirodno kretanje,-3217
2012,Broj,Oba spola,BiH,Prirodno kretanje,-3270
2013,Broj,Oba spola,BiH,Prirodno kretanje,-4978
2014,Broj,Oba spola,BiH,Prirodno kretanje,-5712
2015,Broj,Oba spola,BiH,Prirodno kretanje,-8380
2016,Broj,Oba spola,BiH,Prirodno kretanje,-6388
2017,Broj,Oba spola,BiH,Prirodno kretanje,-7779
2018,Broj,Oba spola,BiH,Prirodno kretanje,-8277
2019,Broj,Oba spola,BiH,Prirodno kretanje,-10469
1997,Broj,Oba spola,Federacija BiH,Živorođeni,34304
1998,Broj,Oba spola,Federacija BiH,Živorođeni,31480
1999,Broj,Oba spola,Federacija BiH,Živorođeni,27964
2000,Broj,Oba spola,Federacija BiH,Živorođeni,25372
2001,Broj,Oba spola,Federacija BiH,Živorođeni,24018
2002,Broj,Oba spola,Federacija BiH,Živorođeni,23251
2003,Broj,Oba spola,Federacija BiH,Živorođeni,23168
2004,Broj,Oba spola,Federacija BiH,Živorođeni,22250
2005,Broj,Oba spola,Federacija BiH,Živorođeni,21934
2006,Broj,Oba spola,Federacija BiH,Živorođeni,21602
2007,Broj,Oba spola,Federacija BiH,Živorođeni,21715
2008,Broj,Oba spola,Federacija BiH,Živorođeni,22920
2009,Broj,Oba spola,Federacija BiH,Živorođeni,22913
2010,Broj,Oba spola,Federacija BiH,Živorođeni,22382
2011,Broj,Oba spola,Federacija BiH,Živorođeni,21228
2012,Broj,Oba spola,Federacija BiH,Živorođeni,21472
2013,Broj,Oba spola,Federacija BiH,Živorođeni,20145
2014,Broj,Oba spola,Federacija BiH,Živorođeni,19880
2015,Broj,Oba spola,Federacija BiH,Živorođeni,19358
2016,Broj,Oba spola,Federacija BiH,Živorođeni,19655
2017,Broj,Oba spola,Federacija BiH,Živorođeni,19824
2018,Broj,Oba spola,Federacija BiH,Živorođeni,18899
2019,Broj,Oba spola,Federacija BiH,Živorođeni,18019
1997,Broj,M,Federacija BiH,Živorođeni,17961
1998,Broj,M,Federacija BiH,Živorođeni,16344
1999,Broj,M,Federacija BiH,Živorođeni,14242
2000,Broj,M,Federacija BiH,Živorođeni,13088
2001,Broj,M,Federacija BiH,Živorođeni,12347
2002,Broj,M,Federacija BiH,Živorođeni,11932
2003,Broj,M,Federacija BiH,Živorođeni,12083
2004,Broj,M,Federacija BiH,Živorođeni,11476
2005,Broj,M,Federacija BiH,Živorođeni,11287
2006,Broj,M,Federacija BiH,Živorođeni,11207
2007,Broj,M,Federacija BiH,Živorođeni,11293
2008,Broj,M,Federacija BiH,Živorođeni,11730
2009,Broj,M,Federacija BiH,Živorođeni,11876
2010,Broj,M,Federacija BiH,Živorođeni,11561
2011,Broj,M,Federacija BiH,Živorođeni,11014
2012,Broj,M,Federacija BiH,Živorođeni,11154
2013,Broj,M,Federacija BiH,Živorođeni,10391
2014,Broj,M,Federacija BiH,Živorođeni,10185
2015,Broj,M,Federacija BiH,Živorođeni,9884
2016,Broj,M,Federacija BiH,Živorođeni,10214
2017,Broj,M,Federacija BiH,Živorođeni,10247
2018,Broj,M,Federacija BiH,Živorođeni,9742
2019,Broj,M,Federacija BiH,Živorođeni,9342
1997,Broj,Ž,Federacija BiH,Živorođeni,16343
1998,Broj,Ž,Federacija BiH,Živorođeni,15136
1999,Broj,Ž,Federacija BiH,Živorođeni,13722
2000,Broj,Ž,Federacija BiH,Živorođeni,12284
2001,Broj,Ž,Federacija BiH,Živorođeni,11671
2002,Broj,Ž,Federacija BiH,Živorođeni,11319
2003,Broj,Ž,Federacija BiH,Živorođeni,11085
2004,Broj,Ž,Federacija BiH,Živorođeni,10774
2005,Broj,Ž,Federacija BiH,Živorođeni,10647
2006,Broj,Ž,Federacija BiH,Živorođeni,10395
2007,Broj,Ž,Federacija BiH,Živorođeni,10422
2008,Broj,Ž,Federacija BiH,Živorođeni,11190
2009,Broj,Ž,Federacija BiH,Živorođeni,11037
2010,Broj,Ž,Federacija BiH,Živorođeni,10821
2011,Broj,Ž,Federacija BiH,Živorođeni,10214
2012,Broj,Ž,Federacija BiH,Živorođeni,10318
2013,Broj,Ž,Federacija BiH,Živorođeni,9754
2014,Broj,Ž,Federacija BiH,Živorođeni,9695
2015,Broj,Ž,Federacija BiH,Živorođeni,9474
2016,Broj,Ž,Federacija BiH,Živorođeni,9441
2017,Broj,Ž,Federacija BiH,Živorođeni,9577
2018,Broj,Ž,Federacija BiH,Živorođeni,9157
2019,Broj,Ž,Federacija BiH,Živorođeni,8677
1997,Broj,Oba spola,Federacija BiH,Smrtni slučajevi,14703
1998,Broj,Oba spola,Federacija BiH,Smrtni slučajevi,15311
1999,Broj,Oba spola,Federacija BiH,Smrtni slučajevi,15516
2000,Broj,Oba spola,Federacija BiH,Smrtni slučajevi,16985
2001,Broj,Oba spola,Federacija BiH,Smrtni slučajevi,16756
2002,Broj,Oba spola,Federacija BiH,Smrtni slučajevi,16988
2003,Broj,Oba spola,Federacija BiH,Smrtni slučajevi,18049
2004,Broj,Oba spola,Federacija BiH,Smrtni slučajevi,18122
2005,Broj,Oba spola,Federacija BiH,Smrtni slučajevi,19099
2006,Broj,Oba spola,Federacija BiH,Smrtni slučajevi,18497
2007,Broj,Oba spola,Federacija BiH,Smrtni slučajevi,19280
2008,Broj,Oba spola,Federacija BiH,Smrtni slučajevi,19306
2009,Broj,Oba spola,Federacija BiH,Smrtni slučajevi,19829
2010,Broj,Oba spola,Federacija BiH,Smrtni slučajevi,20256
2011,Broj,Oba spola,Federacija BiH,Smrtni slučajevi,19979
2012,Broj,Oba spola,Federacija BiH,Smrtni slučajevi,20621
2013,Broj,Oba spola,Federacija BiH,Smrtni slučajevi,20269
2014,Broj,Oba spola,Federacija BiH,Smrtni slučajevi,20030
2015,Broj,Oba spola,Federacija BiH,Smrtni slučajevi,21474
2016,Broj,Oba spola,Federacija BiH,Smrtni slučajevi,21105
2017,Broj,Oba spola,Federacija BiH,Smrtni slučajevi,21689
2018,Broj,Oba spola,Federacija BiH,Smrtni slučajevi,21442
2019,Broj,Oba spola,Federacija BiH,Smrtni slučajevi,22024
1997,Broj,M,Federacija BiH,Smrtni slučajevi,7908
1998,Broj,M,Federacija BiH,Smrtni slučajevi,8216
1999,Broj,M,Federacija BiH,Smrtni slučajevi,8194
2000,Broj,M,Federacija BiH,Smrtni slučajevi,8917
2001,Broj,M,Federacija BiH,Smrtni slučajevi,8830
2002,Broj,M,Federacija BiH,Smrtni slučajevi,8757
2003,Broj,M,Federacija BiH,Smrtni slučajevi,9344
2004,Broj,M,Federacija BiH,Smrtni slučajevi,9258
2005,Broj,M,Federacija BiH,Smrtni slučajevi,9934
2006,Broj,M,Federacija BiH,Smrtni slučajevi,9538
2007,Broj,M,Federacija BiH,Smrtni slučajevi,9921
2008,Broj,M,Federacija BiH,Smrtni slučajevi,9982
2009,Broj,M,Federacija BiH,Smrtni slučajevi,10077
2010,Broj,M,Federacija BiH,Smrtni slučajevi,10220
2011,Broj,M,Federacija BiH,Smrtni slučajevi,10234
2012,Broj,M,Federacija BiH,Smrtni slučajevi,10599
2013,Broj,M,Federacija BiH,Smrtni slučajevi,10250
2014,Broj,M,Federacija BiH,Smrtni slučajevi,10184
2015,Broj,M,Federacija BiH,Smrtni slučajevi,10722
2016,Broj,M,Federacija BiH,Smrtni slučajevi,10538
2017,Broj,M,Federacija BiH,Smrtni slučajevi,10979
2018,Broj,M,Federacija BiH,Smrtni slučajevi,10756
2019,Broj,M,Federacija BiH,Smrtni slučajevi,11140
1997,Broj,Ž,Federacija BiH,Smrtni slučajevi,6795
1998,Broj,Ž,Federacija BiH,Smrtni slučajevi,7095
1999,Broj,Ž,Federacija BiH,Smrtni slučajevi,7322
2000,Broj,Ž,Federacija BiH,Smrtni slučajevi,8068
2001,Broj,Ž,Federacija BiH,Smrtni slučajevi,7926
2002,Broj,Ž,Federacija BiH,Smrtni slučajevi,8231
2003,Broj,Ž,Federacija BiH,Smrtni slučajevi,8705
2004,Broj,Ž,Federacija BiH,Smrtni slučajevi,8864
2005,Broj,Ž,Federacija BiH,Smrtni slučajevi,9165
2006,Broj,Ž,Federacija BiH,Smrtni slučajevi,8959
2007,Broj,Ž,Federacija BiH,Smrtni slučajevi,9359
2008,Broj,Ž,Federacija BiH,Smrtni slučajevi,9324
2009,Broj,Ž,Federacija BiH,Smrtni slučajevi,9752
2010,Broj,Ž,Federacija BiH,Smrtni slučajevi,10036
2011,Broj,Ž,Federacija BiH,Smrtni slučajevi,9745
2012,Broj,Ž,Federacija BiH,Smrtni slučajevi,10022
2013,Broj,Ž,Federacija BiH,Smrtni slučajevi,10019
2014,Broj,Ž,Federacija BiH,Smrtni slučajevi,9846
2015,Broj,Ž,Federacija BiH,Smrtni slučajevi,10752
2016,Broj,Ž,Federacija BiH,Smrtni slučajevi,10567
2017,Broj,Ž,Federacija BiH,Smrtni slučajevi,10710
2018,Broj,Ž,Federacija BiH,Smrtni slučajevi,10686
2019,Broj,Ž,Federacija BiH,Smrtni slučajevi,10884
1997,Broj,Oba spola,Federacija BiH,Prirodno kretanje,19601
1998,Broj,Oba spola,Federacija BiH,Prirodno kretanje,16169
1999,Broj,Oba spola,Federacija BiH,Prirodno kretanje,12448
2000,Broj,Oba spola,Federacija BiH,Prirodno kretanje,8387
2001,Broj,Oba spola,Federacija BiH,Prirodno kretanje,7262
2002,Broj,Oba spola,Federacija BiH,Prirodno kretanje,6263
2003,Broj,Oba spola,Federacija BiH,Prirodno kretanje,5119
2004,Broj,Oba spola,Federacija BiH,Prirodno kretanje,4128
2005,Broj,Oba spola,Federacija BiH,Prirodno kretanje,2835
2006,Broj,Oba spola,Federacija BiH,Prirodno kretanje,3105
2007,Broj,Oba spola,Federacija BiH,Prirodno kretanje,2435
2008,Broj,Oba spola,Federacija BiH,Prirodno kretanje,3614
2009,Broj,Oba spola,Federacija BiH,Prirodno kretanje,3084
2010,Broj,Oba spola,Federacija BiH,Prirodno kretanje,2126
2011,Broj,Oba spola,Federacija BiH,Prirodno kretanje,1249
2012,Broj,Oba spola,Federacija BiH,Prirodno kretanje,851
2013,Broj,Oba spola,Federacija BiH,Prirodno kretanje,-124
2014,Broj,Oba spola,Federacija BiH,Prirodno kretanje,-150
2015,Broj,Oba spola,Federacija BiH,Prirodno kretanje,-2116
2016,Broj,Oba spola,Federacija BiH,Prirodno kretanje,-1450
2017,Broj,Oba spola,Federacija BiH,Prirodno kretanje,-1865
2018,Broj,Oba spola,Federacija BiH,Prirodno kretanje,-2543
2019,Broj,Oba spola,Federacija BiH,Prirodno kretanje,-4005
1996,Broj,Oba spola,Republika Srpska,Živorođeni,12263
1997,Broj,Oba spola,Republika Srpska,Živorođeni,13757
1998,Broj,Oba spola,Republika Srpska,Živorođeni,13527
1999,Broj,Oba spola,Republika Srpska,Živorođeni,14500
2000,Broj,Oba spola,Republika Srpska,Živorođeni,14191
2001,Broj,Oba spola,Republika Srpska,Živorođeni,13699
2002,Broj,Oba spola,Republika Srpska,Živorođeni,12336
2003,Broj,Oba spola,Republika Srpska,Živorođeni,10537
2004,Broj,Oba spola,Republika Srpska,Živorođeni,10628
2005,Broj,Oba spola,Republika Srpska,Živorođeni,10322
2006,Broj,Oba spola,Republika Srpska,Živorođeni,10524
2007,Broj,Oba spola,Republika Srpska,Živorođeni,10110
2008,Broj,Oba spola,Republika Srpska,Živorođeni,10198
2009,Broj,Oba spola,Republika Srpska,Živorođeni,10603
2010,Broj,Oba spola,Republika Srpska,Živorođeni,10147
2011,Broj,Oba spola,Republika Srpska,Živorođeni,9561
2012,Broj,Oba spola,Republika Srpska,Živorođeni,9978
2013,Broj,Oba spola,Republika Srpska,Živorođeni,9510
2014,Broj,Oba spola,Republika Srpska,Živorođeni,9335
2015,Broj,Oba spola,Republika Srpska,Živorođeni,9357
2016,Broj,Oba spola,Republika Srpska,Živorođeni,9452
2017,Broj,Oba spola,Republika Srpska,Živorođeni,9339
2018,Broj,Oba spola,Republika Srpska,Živorođeni,9568
2019,Broj,Oba spola,Republika Srpska,Živorođeni,9274
1996,Broj,M,Republika Srpska,Živorođeni,6368
1997,Broj,M,Republika Srpska,Živorođeni,7176
1998,Broj,M,Republika Srpska,Živorođeni,7081
1999,Broj,M,Republika Srpska,Živorođeni,7394
2000,Broj,M,Republika Srpska,Živorođeni,7319
2001,Broj,M,Republika Srpska,Živorođeni,7053
2002,Broj,M,Republika Srpska,Živorođeni,6365
2003,Broj,M,Republika Srpska,Živorođeni,5450
2004,Broj,M,Republika Srpska,Živorođeni,5515
2005,Broj,M,Republika Srpska,Živorođeni,5302
2006,Broj,M,Republika Srpska,Živorođeni,5351
2007,Broj,M,Republika Srpska,Živorođeni,5203
2008,Broj,M,Republika Srpska,Živorođeni,5262
2009,Broj,M,Republika Srpska,Živorođeni,5577
2010,Broj,M,Republika Srpska,Živorođeni,5184
2011,Broj,M,Republika Srpska,Živorođeni,5008
2012,Broj,M,Republika Srpska,Živorođeni,5089
2013,Broj,M,Republika Srpska,Živorođeni,4907
2014,Broj,M,Republika Srpska,Živorođeni,4846
2015,Broj,M,Republika Srpska,Živorođeni,4842
2016,Broj,M,Republika Srpska,Živorođeni,4931
2017,Broj,M,Republika Srpska,Živorođeni,4886
2018,Broj,M,Republika Srpska,Živorođeni,5001
2019,Broj,M,Republika Srpska,Živorođeni,4907
1996,Broj,Ž,Republika Srpska,Živorođeni,5895
1997,Broj,Ž,Republika Srpska,Živorođeni,6581
1998,Broj,Ž,Republika Srpska,Živorođeni,6446
1999,Broj,Ž,Republika Srpska,Živorođeni,7106
2000,Broj,Ž,Republika Srpska,Živorođeni,6872
2001,Broj,Ž,Republika Srpska,Živorođeni,6646
2002,Broj,Ž,Republika Srpska,Živorođeni,5971
2003,Broj,Ž,Republika Srpska,Živorođeni,5087
2004,Broj,Ž,Republika Srpska,Živorođeni,5113
2005,Broj,Ž,Republika Srpska,Živorođeni,5020
2006,Broj,Ž,Republika Srpska,Živorođeni,5173
2007,Broj,Ž,Republika Srpska,Živorođeni,4907
2008,Broj,Ž,Republika Srpska,Živorođeni,4936
2009,Broj,Ž,Republika Srpska,Živorođeni,5026
2010,Broj,Ž,Republika Srpska,Živorođeni,4963
2011,Broj,Ž,Republika Srpska,Živorođeni,4553
2012,Broj,Ž,Republika Srpska,Živorođeni,4889
2013,Broj,Ž,Republika Srpska,Živorođeni,4603
2014,Broj,Ž,Republika Srpska,Živorođeni,4489
2015,Broj,Ž,Republika Srpska,Živorođeni,4515
2016,Broj,Ž,Republika Srpska,Živorođeni,4521
2017,Broj,Ž,Republika Srpska,Živorođeni,4453
2018,Broj,Ž,Republika Srpska,Živorođeni,4567
2019,Broj,Ž,Republika Srpska,Živorođeni,4367
1996,Broj,Oba spola,Republika Srpska,Smrtni slučajevi,10931
1997,Broj,Oba spola,Republika Srpska,Smrtni slučajevi,11755
1998,Broj,Oba spola,Republika Srpska,Smrtni slučajevi,12123
1999,Broj,Oba spola,Republika Srpska,Smrtni slučajevi,12152
2000,Broj,Oba spola,Republika Srpska,Smrtni slučajevi,12960
2001,Broj,Oba spola,Republika Srpska,Smrtni slučajevi,12932
2002,Broj,Oba spola,Republika Srpska,Smrtni slučajevi,12980
2003,Broj,Oba spola,Republika Srpska,Smrtni slučajevi,12988
2004,Broj,Oba spola,Republika Srpska,Smrtni slučajevi,13082
2005,Broj,Oba spola,Republika Srpska,Smrtni slučajevi,13802
2006,Broj,Oba spola,Republika Srpska,Smrtni slučajevi,13232
2007,Broj,Oba spola,Republika Srpska,Smrtni slučajevi,14146
2008,Broj,Oba spola,Republika Srpska,Smrtni slučajevi,13501
2009,Broj,Oba spola,Republika Srpska,Smrtni slučajevi,13775
2010,Broj,Oba spola,Republika Srpska,Smrtni slučajevi,13517
2011,Broj,Oba spola,Republika Srpska,Smrtni slučajevi,13658
2012,Broj,Oba spola,Republika Srpska,Smrtni slučajevi,13796
2013,Broj,Oba spola,Republika Srpska,Smrtni slučajevi,13978
2014,Broj,Oba spola,Republika Srpska,Smrtni slučajevi,14409
2015,Broj,Oba spola,Republika Srpska,Smrtni slučajevi,15059
2016,Broj,Oba spola,Republika Srpska,Smrtni slučajevi,13970
2017,Broj,Oba spola,Republika Srpska,Smrtni slučajevi,14663
2018,Broj,Oba spola,Republika Srpska,Smrtni slučajevi,14763
2019,Broj,Oba spola,Republika Srpska,Smrtni slučajevi,15081
1996,Broj,M,Republika Srpska,Smrtni slučajevi,6056
1997,Broj,M,Republika Srpska,Smrtni slučajevi,6495
1998,Broj,M,Republika Srpska,Smrtni slučajevi,6418
1999,Broj,M,Republika Srpska,Smrtni slučajevi,6462
2000,Broj,M,Republika Srpska,Smrtni slučajevi,6861
2001,Broj,M,Republika Srpska,Smrtni slučajevi,7026
2002,Broj,M,Republika Srpska,Smrtni slučajevi,6791
2003,Broj,M,Republika Srpska,Smrtni slučajevi,6804
2004,Broj,M,Republika Srpska,Smrtni slučajevi,6735
2005,Broj,M,Republika Srpska,Smrtni slučajevi,7239
2006,Broj,M,Republika Srpska,Smrtni slučajevi,6904
2007,Broj,M,Republika Srpska,Smrtni slučajevi,7302
2008,Broj,M,Republika Srpska,Smrtni slučajevi,7058
2009,Broj,M,Republika Srpska,Smrtni slučajevi,7099
2010,Broj,M,Republika Srpska,Smrtni slučajevi,6935
2011,Broj,M,Republika Srpska,Smrtni slučajevi,7001
2012,Broj,M,Republika Srpska,Smrtni slučajevi,7064
2013,Broj,M,Republika Srpska,Smrtni slučajevi,7237
2014,Broj,M,Republika Srpska,Smrtni slučajevi,7386
2015,Broj,M,Republika Srpska,Smrtni slučajevi,7640
2016,Broj,M,Republika Srpska,Smrtni slučajevi,7198
2017,Broj,M,Republika Srpska,Smrtni slučajevi,7363
2018,Broj,M,Republika Srpska,Smrtni slučajevi,7449
2019,Broj,M,Republika Srpska,Smrtni slučajevi,7753
1996,Broj,Ž,Republika Srpska,Smrtni slučajevi,4875
1997,Broj,Ž,Republika Srpska,Smrtni slučajevi,5260
1998,Broj,Ž,Republika Srpska,Smrtni slučajevi,5705
1999,Broj,Ž,Republika Srpska,Smrtni slučajevi,5690
2000,Broj,Ž,Republika Srpska,Smrtni slučajevi,6099
2001,Broj,Ž,Republika Srpska,Smrtni slučajevi,5906
2002,Broj,Ž,Republika Srpska,Smrtni slučajevi,6189
2003,Broj,Ž,Republika Srpska,Smrtni slučajevi,6184
2004,Broj,Ž,Republika Srpska,Smrtni slučajevi,6347
2005,Broj,Ž,Republika Srpska,Smrtni slučajevi,6563
2006,Broj,Ž,Republika Srpska,Smrtni slučajevi,6328
2007,Broj,Ž,Republika Srpska,Smrtni slučajevi,6844
2008,Broj,Ž,Republika Srpska,Smrtni slučajevi,6443
2009,Broj,Ž,Republika Srpska,Smrtni slučajevi,6676
2010,Broj,Ž,Republika Srpska,Smrtni slučajevi,6582
2011,Broj,Ž,Republika Srpska,Smrtni slučajevi,6657
2012,Broj,Ž,Republika Srpska,Smrtni slučajevi,6732
2013,Broj,Ž,Republika Srpska,Smrtni slučajevi,6741
2014,Broj,Ž,Republika Srpska,Smrtni slučajevi,7023
2015,Broj,Ž,Republika Srpska,Smrtni slučajevi,7419
2016,Broj,Ž,Republika Srpska,Smrtni slučajevi,6772
2017,Broj,Ž,Republika Srpska,Smrtni slučajevi,7300
2018,Broj,Ž,Republika Srpska,Smrtni slučajevi,7314
2019,Broj,Ž,Republika Srpska,Smrtni slučajevi,7328
1996,Broj,Oba spola,Republika Srpska,Prirodno kretanje,1332
1997,Broj,Oba spola,Republika Srpska,Prirodno kretanje,2002
1998,Broj,Oba spola,Republika Srpska,Prirodno kretanje,1404
1999,Broj,Oba spola,Republika Srpska,Prirodno kretanje,2348
2000,Broj,Oba spola,Republika Srpska,Prirodno kretanje,1231
2001,Broj,Oba spola,Republika Srpska,Prirodno kretanje,767
2002,Broj,Oba spola,Republika Srpska,Prirodno kretanje,-644
2003,Broj,Oba spola,Republika Srpska,Prirodno kretanje,-2451
2004,Broj,Oba spola,Republika Srpska,Prirodno kretanje,-2454
2005,Broj,Oba spola,Republika Srpska,Prirodno kretanje,-3480
2006,Broj,Oba spola,Republika Srpska,Prirodno kretanje,-2708
2007,Broj,Oba spola,Republika Srpska,Prirodno kretanje,-4036
2008,Broj,Oba spola,Republika Srpska,Prirodno kretanje,-3303
2009,Broj,Oba spola,Republika Srpska,Prirodno kretanje,-3172
2010,Broj,Oba spola,Republika Srpska,Prirodno kretanje,-3370
2011,Broj,Oba spola,Republika Srpska,Prirodno kretanje,-4097
2012,Broj,Oba spola,Republika Srpska,Prirodno kretanje,-3818
2013,Broj,Oba spola,Republika Srpska,Prirodno kretanje,-4468
2014,Broj,Oba spola,Republika Srpska,Prirodno kretanje,-5074
2015,Broj,Oba spola,Republika Srpska,Prirodno kretanje,-5702
2016,Broj,Oba spola,Republika Srpska,Prirodno kretanje,-4518
2017,Broj,Oba spola,Republika Srpska,Prirodno kretanje,-5324
2018,Broj,Oba spola,Republika Srpska,Prirodno kretanje,-5195
2019,Broj,Oba spola,Republika Srpska,Prirodno kretanje,-5807
2002,Broj,Oba spola,Brčko distrikt BiH,Živorođeni,898
2003,Broj,Oba spola,Brčko distrikt BiH,Živorođeni,987
2004,Broj,Oba spola,Brčko distrikt BiH,Živorođeni,984
2005,Broj,Oba spola,Brčko distrikt BiH,Živorođeni,977
2006,Broj,Oba spola,Brčko distrikt BiH,Živorođeni,912
2007,Broj,Oba spola,Brčko distrikt BiH,Živorođeni,976
2008,Broj,Oba spola,Brčko distrikt BiH,Živorođeni,905
2009,Broj,Oba spola,Brčko distrikt BiH,Živorođeni,933
2010,Broj,Oba spola,Brčko distrikt BiH,Živorođeni,916
2011,Broj,Oba spola,Brčko distrikt BiH,Živorođeni,905
2012,Broj,Oba spola,Brčko distrikt BiH,Živorođeni,964
2013,Broj,Oba spola,Brčko distrikt BiH,Živorođeni,896
2014,Broj,Oba spola,Brčko distrikt BiH,Živorođeni,919
2015,Broj,Oba spola,Brčko distrikt BiH,Živorođeni,932
2016,Broj,Oba spola,Brčko distrikt BiH,Živorođeni,878
2017,Broj,Oba spola,Brčko distrikt BiH,Živorođeni,898
2018,Broj,Oba spola,Brčko distrikt BiH,Živorođeni,861
2019,Broj,Oba spola,Brčko distrikt BiH,Živorođeni,899
2002,Broj,M,Brčko distrikt BiH,Živorođeni,507
2003,Broj,M,Brčko distrikt BiH,Živorođeni,501
2004,Broj,M,Brčko distrikt BiH,Živorođeni,469
2005,Broj,M,Brčko distrikt BiH,Živorođeni,506
2006,Broj,M,Brčko distrikt BiH,Živorođeni,480
2007,Broj,M,Brčko distrikt BiH,Živorođeni,504
2008,Broj,M,Brčko distrikt BiH,Živorođeni,511
2009,Broj,M,Brčko distrikt BiH,Živorođeni,496
2010,Broj,M,Brčko distrikt BiH,Živorođeni,488
2011,Broj,M,Brčko distrikt BiH,Živorođeni,448
2012,Broj,M,Brčko distrikt BiH,Živorođeni,481
2013,Broj,M,Brčko distrikt BiH,Živorođeni,476
2014,Broj,M,Brčko distrikt BiH,Živorođeni,499
2015,Broj,M,Brčko distrikt BiH,Živorođeni,514
2016,Broj,M,Brčko distrikt BiH,Živorođeni,472
2017,Broj,M,Brčko distrikt BiH,Živorođeni,472
2018,Broj,M,Brčko distrikt BiH,Živorođeni,448
2019,Broj,M,Brčko distrikt BiH,Živorođeni,456
2002,Broj,Ž,Brčko distrikt BiH,Živorođeni,391
2003,Broj,Ž,Brčko distrikt BiH,Živorođeni,486
2004,Broj,Ž,Brčko distrikt BiH,Živorođeni,515
2005,Broj,Ž,Brčko distrikt BiH,Živorođeni,471
2006,Broj,Ž,Brčko distrikt BiH,Živorođeni,432
2007,Broj,Ž,Brčko distrikt BiH,Živorođeni,472
2008,Broj,Ž,Brčko distrikt BiH,Živorođeni,394
2009,Broj,Ž,Brčko distrikt BiH,Živorođeni,437
2010,Broj,Ž,Brčko distrikt BiH,Živorođeni,428
2011,Broj,Ž,Brčko distrikt BiH,Živorođeni,457
2012,Broj,Ž,Brčko distrikt BiH,Živorođeni,483
2013,Broj,Ž,Brčko distrikt BiH,Živorođeni,420
2014,Broj,Ž,Brčko distrikt BiH,Živorođeni,420
2015,Broj,Ž,Brčko distrikt BiH,Živorođeni,418
2016,Broj,Ž,Brčko distrikt BiH,Živorođeni,406
2017,Broj,Ž,Brčko distrikt BiH,Živorođeni,426
2018,Broj,Ž,Brčko distrikt BiH,Živorođeni,413
2019,Broj,Ž,Brčko distrikt BiH,Živorođeni,443
2002,Broj,Oba spola,Brčko distrikt BiH,Smrtni slučajevi,676
2003,Broj,Oba spola,Brčko distrikt BiH,Smrtni slučajevi,771
2004,Broj,Oba spola,Brčko distrikt BiH,Smrtni slučajevi,791
2005,Broj,Oba spola,Brčko distrikt BiH,Smrtni slučajevi,830
2006,Broj,Oba spola,Brčko distrikt BiH,Smrtni slučajevi,742
2007,Broj,Oba spola,Brčko distrikt BiH,Smrtni slučajevi,818
2008,Broj,Oba spola,Brčko distrikt BiH,Smrtni slučajevi,890
2009,Broj,Oba spola,Brčko distrikt BiH,Smrtni slučajevi,912
2010,Broj,Oba spola,Brčko distrikt BiH,Smrtni slučajevi,906
2011,Broj,Oba spola,Brčko distrikt BiH,Smrtni slučajevi,954
2012,Broj,Oba spola,Brčko distrikt BiH,Smrtni slučajevi,923
2013,Broj,Oba spola,Brčko distrikt BiH,Smrtni slučajevi,936
2014,Broj,Oba spola,Brčko distrikt BiH,Smrtni slučajevi,1000
2015,Broj,Oba spola,Brčko distrikt BiH,Smrtni slučajevi,1114
2016,Broj,Oba spola,Brčko distrikt BiH,Smrtni slučajevi,990
2017,Broj,Oba spola,Brčko distrikt BiH,Smrtni slučajevi,1101
2018,Broj,Oba spola,Brčko distrikt BiH,Smrtni slučajevi,1032
2019,Broj,Oba spola,Brčko distrikt BiH,Smrtni slučajevi,1132
2002,Broj,M,Brčko distrikt BiH,Smrtni slučajevi,386
2003,Broj,M,Brčko distrikt BiH,Smrtni slučajevi,425
2004,Broj,M,Brčko distrikt BiH,Smrtni slučajevi,407
2005,Broj,M,Brčko distrikt BiH,Smrtni slučajevi,429
2006,Broj,M,Brčko distrikt BiH,Smrtni slučajevi,399
2007,Broj,M,Brčko distrikt BiH,Smrtni slučajevi,427
2008,Broj,M,Brčko distrikt BiH,Smrtni slučajevi,464
2009,Broj,M,Brčko distrikt BiH,Smrtni slučajevi,483
2010,Broj,M,Brčko distrikt BiH,Smrtni slučajevi,493
2011,Broj,M,Brčko distrikt BiH,Smrtni slučajevi,480
2012,Broj,M,Brčko distrikt BiH,Smrtni slučajevi,508
2013,Broj,M,Brčko distrikt BiH,Smrtni slučajevi,474
2014,Broj,M,Brčko distrikt BiH,Smrtni slučajevi,515
2015,Broj,M,Brčko distrikt BiH,Smrtni slučajevi,557
2016,Broj,M,Brčko distrikt BiH,Smrtni slučajevi,508
2017,Broj,M,Brčko distrikt BiH,Smrtni slučajevi,553
2018,Broj,M,Brčko distrikt BiH,Smrtni slučajevi,515
2019,Broj,M,Brčko distrikt BiH,Smrtni slučajevi,565
2002,Broj,Ž,Brčko distrikt BiH,Smrtni slučajevi,290
2003,Broj,Ž,Brčko distrikt BiH,Smrtni slučajevi,346
2004,Broj,Ž,Brčko distrikt BiH,Smrtni slučajevi,384
2005,Broj,Ž,Brčko distrikt BiH,Smrtni slučajevi,401
2006,Broj,Ž,Brčko distrikt BiH,Smrtni slučajevi,343
2007,Broj,Ž,Brčko distrikt BiH,Smrtni slučajevi,391
2008,Broj,Ž,Brčko distrikt BiH,Smrtni slučajevi,426
2009,Broj,Ž,Brčko distrikt BiH,Smrtni slučajevi,429
2010,Broj,Ž,Brčko distrikt BiH,Smrtni slučajevi,413
2011,Broj,Ž,Brčko distrikt BiH,Smrtni slučajevi,474
2012,Broj,Ž,Brčko distrikt BiH,Smrtni slučajevi,415
2013,Broj,Ž,Brčko distrikt BiH,Smrtni slučajevi,462
2014,Broj,Ž,Brčko distrikt BiH,Smrtni slučajevi,485
2015,Broj,Ž,Brčko distrikt BiH,Smrtni slučajevi,557
2016,Broj,Ž,Brčko distrikt BiH,Smrtni slučajevi,482
2017,Broj,Ž,Brčko distrikt BiH,Smrtni slučajevi,548
2018,Broj,Ž,Brčko distrikt BiH,Smrtni slučajevi,517
2019,Broj,Ž,Brčko distrikt BiH,Smrtni slučajevi,567
2002,Broj,Oba spola,Brčko distrikt BiH,Prirodno kretanje,222
2003,Broj,Oba spola,Brčko distrikt BiH,Prirodno kretanje,216
2004,Broj,Oba spola,Brčko distrikt BiH,Prirodno kretanje,193
2005,Broj,Oba spola,Brčko distrikt BiH,Prirodno kretanje,147
2006,Broj,Oba spola,Brčko distrikt BiH,Prirodno kretanje,170
2007,Broj,Oba spola,Brčko distrikt BiH,Prirodno kretanje,158
2008,Broj,Oba spola,Brčko distrikt BiH,Prirodno kretanje,15
2009,Broj,Oba spola,Brčko distrikt BiH,Prirodno kretanje,21
2010,Broj,Oba spola,Brčko distrikt BiH,Prirodno kretanje,10
2011,Broj,Oba spola,Brčko distrikt BiH,Prirodno kretanje,-49
2012,Broj,Oba spola,Brčko distrikt BiH,Prirodno kretanje,41
2013,Broj,Oba spola,Brčko distrikt BiH,Prirodno kretanje,-40
2014,Broj,Oba spola,Brčko distrikt BiH,Prirodno kretanje,-81
2015,Broj,Oba spola,Brčko distrikt BiH,Prirodno kretanje,-182
2016,Broj,Oba spola,Brčko distrikt BiH,Prirodno kretanje,-112
2017,Broj,Oba spola,Brčko distrikt BiH,Prirodno kretanje,-203
2018,Broj,Oba spola,Brčko distrikt BiH,Prirodno kretanje,-171
2019,Broj,Oba spola,Brčko distrikt BiH,Prirodno kretanje,-233
