Year,UNIT_MEASURE,Spol,Godine,Value
1971,Broj,Oba spola,0-4,405505
1971,Broj,Oba spola,0-14,1290369
1971,Broj,Oba spola,5-9,442665
1971,Broj,Oba spola,10-14,442199
1971,Broj,Oba spola,15-19,411387
1971,Broj,Oba spola,15-29,956431
1971,Broj,Oba spola,15-49,1935980
1971,Broj,Oba spola,15-64,2265176
1971,Broj,Oba spola,20-24,319317
1971,Broj,Oba spola,25-29,225727
1971,Broj,Oba spola,30-34,289810
1971,Broj,Oba spola,35-39,280482
1971,Broj,Oba spola,40-44,243016
1971,Broj,Oba spola,45-49,166241
1971,Broj,Oba spola,50-54,101840
1971,Broj,Oba spola,55-59,114629
1971,Broj,Oba spola,60-64,112727
1971,Broj,Oba spola,65-69,79808
1971,Broj,Oba spola,65+,190566
1971,Broj,Oba spola,75+,57209
1971,Broj,Oba spola,85+,7784
1971,Broj,Oba spola,70-74,53549
1971,Broj,Oba spola,75-79,23050
1971,Broj,Oba spola,80-84,12152
1971,Broj,Oba spola,85-89,5112
1971,Broj,Oba spola,90-94,1938
1971,Broj,Oba spola,95-99,672
1971,Broj,Oba spola,100-104,62
1971,Broj,Oba spola,100+,62
1971,Broj,Oba spola,105-109,0
1971,Broj,Oba spola,110-114,0
1971,Broj,Oba spola,115-120,0
1971,Broj,Oba spola,Unknown,14223
1971,Broj,Oba spola,Total,3746111
