Year,SERIES,UNIT_MEASURE,Value
2000,Nadzemna biomasa u šumi po hektaru (tone po hektaru),Tisuće hektara,156.36
2010,Nadzemna biomasa u šumi po hektaru (tone po hektaru),Tisuće hektara,156.36
2015,Nadzemna biomasa u šumi po hektaru (tone po hektaru),Tisuće hektara,156.36
2016,Nadzemna biomasa u šumi po hektaru (tone po hektaru),Tisuće hektara,156.36
2017,Nadzemna biomasa u šumi po hektaru (tone po hektaru),Tisuće hektara,156.36
2018,Nadzemna biomasa u šumi po hektaru (tone po hektaru),Tisuće hektara,156.36
2019,Nadzemna biomasa u šumi po hektaru (tone po hektaru),Tisuće hektara,156.36
2020,Nadzemna biomasa u šumi po hektaru (tone po hektaru),Tisuće hektara,156.36
2010,Neto promjene šumske površine (%),Postotak,-0.04
2015,Neto promjene šumske površine (%),Postotak,0.54
2020,Neto promjene šumske površine (%),Postotak,0.25
2000,Površina šume certificirana prema neovisno potvrđenoj certifikacijskoj shemi (hektari),Tisuće hektara,0.0
2005,Površina šume certificirana prema neovisno potvrđenoj certifikacijskoj shemi (hektari),Tisuće hektara,0.0
2010,Površina šume certificirana prema neovisno potvrđenoj certifikacijskoj shemi (hektari),Tisuće hektara,108.692
2015,Površina šume certificirana prema neovisno potvrđenoj certifikacijskoj shemi (hektari),Tisuće hektara,1496.115
2016,Površina šume certificirana prema neovisno potvrđenoj certifikacijskoj shemi (hektari),Tisuće hektara,1495.526
2017,Površina šume certificirana prema neovisno potvrđenoj certifikacijskoj shemi (hektari),Tisuće hektara,1532.625
2018,Površina šume certificirana prema neovisno potvrđenoj certifikacijskoj shemi (hektari),Tisuće hektara,1654.459
2019,Površina šume certificirana prema neovisno potvrđenoj certifikacijskoj shemi (hektari),Tisuće hektara,1768.071
