Year,UNIT_MEASURE,Godine,Spol,Value
2018,Broj,0-4,Oba spola,3492023.0
2018,Broj,5-9,Oba spola,148947.0
2018,Broj,10-14,Oba spola,171135.0
2018,Broj,15-19,Oba spola,177098.0
2018,Broj,20-24,Oba spola,190602.0
2018,Broj,25-29,Oba spola,242893.0
2018,Broj,30-34,Oba spola,225428.0
2018,Broj,35-39,Oba spola,251233.0
2018,Broj,40-44,Oba spola,252481.0
2018,Broj,45-49,Oba spola,248144.0
2018,Broj,50-54,Oba spola,239073.0
2018,Broj,55-59,Oba spola,255492.0
2018,Broj,60-64,Oba spola,266164.0
2018,Broj,65-69,Oba spola,248062.0
2018,Broj,70-74,Oba spola,206798.0
2018,Broj,75-79,Oba spola,137662.0
2018,Broj,80-84,Oba spola,110151.0
2018,Broj,85-89,Oba spola,79091.0
2018,Broj,90-94,Oba spola,32495.0
2018,Broj,95-99,Oba spola,7766.0
2018,Broj,100-104,Oba spola,1075.0
2018,Broj,105-109,Oba spola,221.0
2018,Broj,110-114,Oba spola,12.0
2018,Broj,115-119,Oba spola,0.0
2018,Broj,120+,Oba spola,0.0
2018,Broj,120+,Oba spola,0.0
2018,_%,Total,Oba spola,100.0
2018,_%,0-4,Oba spola,4.27
2018,_%,5-9,Oba spola,4.9
2018,_%,10-14,Oba spola,5.07
2018,_%,15-19,Oba spola,5.46
2018,_%,20-24,Oba spola,6.96
2018,_%,25-29,Oba spola,6.46
2018,_%,30-34,Oba spola,7.19
2018,_%,35-39,Oba spola,7.23
2018,_%,40-44,Oba spola,7.11
2018,_%,45-49,Oba spola,6.85
2018,_%,50-54,Oba spola,7.32
2018,_%,55-59,Oba spola,7.62
2018,_%,60-64,Oba spola,7.1
2018,_%,65-69,Oba spola,5.92
2018,_%,70-74,Oba spola,3.94
2018,_%,75-79,Oba spola,3.15
2018,_%,80-84,Oba spola,2.26
2018,_%,85-89,Oba spola,0.93
2018,_%,90-94,Oba spola,0.22
2018,_%,95-99,Oba spola,0.03
2018,_%,100-104,Oba spola,0.01
2018,_%,105-109,Oba spola,0.0
2018,_%,110-114,Oba spola,0.0
2018,_%,115-119,Oba spola,0.0
2018,_%,120+,Oba spola,0.0
2018,_%,0-14,Oba spola,497180.0
2018,_%,0-18,Oba spola,647325.0
2018,_%,15-29,Oba spola,658923.0
2018,_%,15-49,Oba spola,1649854.0
2018,_%,15-64,Oba spola,2419572.0
2018,_%,65+,Oba spola,575271.0
2018,_%,75+,Oba spola,230811.0
2018,_%,85+,Oba spola,41569.0
2018,_%,100+,Oba spola,233.0
2018,_%,0-14,Oba spola,14.24
2018,_%,0-18,Oba spola,18.54
2018,_%,15-29,Oba spola,18.87
2018,_%,15-49,Oba spola,47.25
2018,_%,15-64,Oba spola,69.29
2018,_%,65+,Oba spola,16.47
2018,_%,75+,Oba spola,6.61
2018,_%,85+,Oba spola,1.19
2018,_%,100+,Oba spola,0.01
2020,Broj,0-4,Oba spola,3430316.35
2020,Broj,5-9,Oba spola,146421.55
2020,Broj,10-14,Oba spola,157739.47
2020,Broj,15-19,Oba spola,177407.96
2020,Broj,20-24,Oba spola,178593.11
2020,Broj,25-29,Oba spola,213398.66
2020,Broj,30-34,Oba spola,214211.15
2020,Broj,35-39,Oba spola,236476.26
2020,Broj,40-44,Oba spola,247934.84
2020,Broj,45-49,Oba spola,244996.58
2020,Broj,50-54,Oba spola,240020.87
2020,Broj,55-59,Oba spola,241454.3
2020,Broj,60-64,Oba spola,262446.33
2020,Broj,65-69,Oba spola,252299.2
2020,Broj,70-74,Oba spola,221359.6
2020,Broj,75-79,Oba spola,163146.24
2020,Broj,80-84,Oba spola,98627.21
2020,Broj,85-89,Oba spola,84431.3
2020,Broj,90-94,Oba spola,37760.85
2020,Broj,95-99,Oba spola,10118.62
2020,Broj,100-104,Oba spola,1293.83
2020,Broj,105-109,Oba spola,165.38
2020,Broj,110-114,Oba spola,12.82
2020,Broj,115-119,Oba spola,0.24
2020,Broj,120+,Oba spola,0.0
2020,Broj,120+,Oba spola,0.0
2020,_%,Total,Oba spola,100.0
2020,_%,0-4,Oba spola,4.27
2020,_%,5-9,Oba spola,4.6
2020,_%,10-14,Oba spola,5.17
2020,_%,15-19,Oba spola,5.21
2020,_%,20-24,Oba spola,6.22
2020,_%,25-29,Oba spola,6.24
2020,_%,30-34,Oba spola,6.89
2020,_%,35-39,Oba spola,7.23
2020,_%,40-44,Oba spola,7.14
2020,_%,45-49,Oba spola,7.0
2020,_%,50-54,Oba spola,7.04
2020,_%,55-59,Oba spola,7.65
2020,_%,60-64,Oba spola,7.35
2020,_%,65-69,Oba spola,6.45
2020,_%,70-74,Oba spola,4.76
2020,_%,75-79,Oba spola,2.88
2020,_%,80-84,Oba spola,2.46
2020,_%,85-89,Oba spola,1.1
2020,_%,90-94,Oba spola,0.29
2020,_%,95-99,Oba spola,0.04
2020,_%,100-104,Oba spola,0.0
2020,_%,105-109,Oba spola,0.0
2020,_%,110-114,Oba spola,0.0
2020,_%,115-119,Oba spola,0.0
2020,_%,120+,Oba spola,0.0
2020,_%,0-14,Oba spola,481568.97
2020,_%,0-18,Oba spola,623310.55
2020,_%,15-29,Oba spola,606202.92
2020,_%,15-49,Oba spola,1575631.46
2020,_%,15-64,Oba spola,2331831.29
2020,_%,65+,Oba spola,616916.09
2020,_%,75+,Oba spola,232410.25
2020,_%,85+,Oba spola,49351.73
2020,_%,100+,Oba spola,178.44
2020,_%,0-14,Oba spola,14.04
2020,_%,0-18,Oba spola,18.17
2020,_%,15-29,Oba spola,17.67
2020,_%,15-49,Oba spola,45.93
2020,_%,15-64,Oba spola,67.98
2020,_%,65+,Oba spola,17.98
2020,_%,75+,Oba spola,6.78
2020,_%,85+,Oba spola,1.44
2020,_%,100+,Oba spola,0.01
2025,Broj,0-4,Oba spola,3269526.46
2025,Broj,5-9,Oba spola,133214.28
2025,Broj,10-14,Oba spola,143022.18
2025,Broj,15-19,Oba spola,155594.32
2025,Broj,20-24,Oba spola,172127.24
2025,Broj,25-29,Oba spola,159922.25
2025,Broj,30-34,Oba spola,185213.08
2025,Broj,35-39,Oba spola,194146.16
2025,Broj,40-44,Oba spola,220196.28
2025,Broj,45-49,Oba spola,234442.56
2025,Broj,50-54,Oba spola,234797.14
2025,Broj,55-59,Oba spola,232812.25
2025,Broj,60-64,Oba spola,235373.58
2025,Broj,65-69,Oba spola,254390.2
2025,Broj,70-74,Oba spola,239195.16
2025,Broj,75-79,Oba spola,199277.81
2025,Broj,80-84,Oba spola,135243.77
2025,Broj,85-89,Oba spola,71693.48
2025,Broj,90-94,Oba spola,49591.19
2025,Broj,95-99,Oba spola,16258.46
2025,Broj,100-104,Oba spola,2799.11
2025,Broj,105-109,Oba spola,202.64
2025,Broj,110-114,Oba spola,12.8
2025,Broj,115-119,Oba spola,0.52
2025,Broj,120+,Oba spola,0.0
2025,Broj,120+,Oba spola,0.0
2025,_%,Total,Oba spola,100.0
2025,_%,0-4,Oba spola,4.07
2025,_%,5-9,Oba spola,4.37
2025,_%,10-14,Oba spola,4.76
2025,_%,15-19,Oba spola,5.26
2025,_%,20-24,Oba spola,4.89
2025,_%,25-29,Oba spola,5.66
2025,_%,30-34,Oba spola,5.94
2025,_%,35-39,Oba spola,6.73
2025,_%,40-44,Oba spola,7.17
2025,_%,45-49,Oba spola,7.18
2025,_%,50-54,Oba spola,7.12
2025,_%,55-59,Oba spola,7.2
2025,_%,60-64,Oba spola,7.78
2025,_%,65-69,Oba spola,7.32
2025,_%,70-74,Oba spola,6.1
2025,_%,75-79,Oba spola,4.14
2025,_%,80-84,Oba spola,2.19
2025,_%,85-89,Oba spola,1.52
2025,_%,90-94,Oba spola,0.5
2025,_%,95-99,Oba spola,0.09
2025,_%,100-104,Oba spola,0.01
2025,_%,105-109,Oba spola,0.0
2025,_%,110-114,Oba spola,0.0
2025,_%,115-119,Oba spola,0.0
2025,_%,120+,Oba spola,0.0
2025,_%,0-14,Oba spola,431830.78
2025,_%,0-18,Oba spola,571030.0
2025,_%,15-29,Oba spola,517262.57
2025,_%,15-49,Oba spola,1400844.72
2025,_%,15-64,Oba spola,2123420.75
2025,_%,65+,Oba spola,714274.93
2025,_%,75+,Oba spola,275801.96
2025,_%,85+,Oba spola,68864.72
2025,_%,100+,Oba spola,215.96
2025,_%,0-14,Oba spola,13.21
2025,_%,0-18,Oba spola,17.47
2025,_%,15-29,Oba spola,15.82
2025,_%,15-49,Oba spola,42.85
2025,_%,15-64,Oba spola,64.95
2025,_%,65+,Oba spola,21.85
2025,_%,75+,Oba spola,8.44
2025,_%,85+,Oba spola,2.11
2025,_%,100+,Oba spola,0.01
2030,Broj,0-4,Oba spola,3097083.89
2030,Broj,5-9,Oba spola,116752.27
2030,Broj,10-14,Oba spola,130006.74
2030,Broj,15-19,Oba spola,140970.97
2030,Broj,20-24,Oba spola,150812.87
2030,Broj,25-29,Oba spola,153773.24
2030,Broj,30-34,Oba spola,140117.63
2030,Broj,35-39,Oba spola,168543.51
2030,Broj,40-44,Oba spola,181561.56
2030,Broj,45-49,Oba spola,208350.45
2030,Broj,50-54,Oba spola,224334.48
2030,Broj,55-59,Oba spola,227351.48
2030,Broj,60-64,Oba spola,226900.62
2030,Broj,65-69,Oba spola,228863.35
2030,Broj,70-74,Oba spola,241691.71
2030,Broj,75-79,Oba spola,216615.3
2030,Broj,80-84,Oba spola,167173.09
2030,Broj,85-89,Oba spola,101165.28
2030,Broj,90-94,Oba spola,43898.43
2030,Broj,95-99,Oba spola,22740.2
2030,Broj,100-104,Oba spola,4932.37
2030,Broj,105-109,Oba spola,508.74
2030,Broj,110-114,Oba spola,19.01
2030,Broj,115-119,Oba spola,0.55
2030,Broj,120+,Oba spola,0.01
2030,Broj,120+,Oba spola,0.0
2030,_%,Total,Oba spola,100.0
2030,_%,0-4,Oba spola,3.77
2030,_%,5-9,Oba spola,4.2
2030,_%,10-14,Oba spola,4.55
2030,_%,15-19,Oba spola,4.87
2030,_%,20-24,Oba spola,4.97
2030,_%,25-29,Oba spola,4.52
2030,_%,30-34,Oba spola,5.44
2030,_%,35-39,Oba spola,5.86
2030,_%,40-44,Oba spola,6.73
2030,_%,45-49,Oba spola,7.24
2030,_%,50-54,Oba spola,7.34
2030,_%,55-59,Oba spola,7.33
2030,_%,60-64,Oba spola,7.39
2030,_%,65-69,Oba spola,7.8
2030,_%,70-74,Oba spola,6.99
2030,_%,75-79,Oba spola,5.4
2030,_%,80-84,Oba spola,3.27
2030,_%,85-89,Oba spola,1.42
2030,_%,90-94,Oba spola,0.73
2030,_%,95-99,Oba spola,0.16
2030,_%,100-104,Oba spola,0.02
2030,_%,105-109,Oba spola,0.0
2030,_%,110-114,Oba spola,0.0
2030,_%,115-119,Oba spola,0.0
2030,_%,120+,Oba spola,0.0
2030,_%,0-14,Oba spola,387729.98
2030,_%,0-18,Oba spola,506903.59
2030,_%,15-29,Oba spola,444703.74
2030,_%,15-49,Oba spola,1227493.74
2030,_%,15-64,Oba spola,1910609.19
2030,_%,65+,Oba spola,798744.71
2030,_%,75+,Oba spola,340437.69
2030,_%,85+,Oba spola,72099.33
2030,_%,100+,Oba spola,528.31
2030,_%,0-14,Oba spola,12.52
2030,_%,0-18,Oba spola,16.37
2030,_%,15-29,Oba spola,14.36
2030,_%,15-49,Oba spola,39.63
2030,_%,15-64,Oba spola,61.69
2030,_%,65+,Oba spola,25.79
2030,_%,75+,Oba spola,10.99
2030,_%,85+,Oba spola,2.33
2030,_%,100+,Oba spola,0.02
2035,Broj,0-4,Oba spola,2912260.0
2035,Broj,5-9,Oba spola,102244.06
2035,Broj,10-14,Oba spola,114005.81
2035,Broj,15-19,Oba spola,128059.42
2035,Broj,20-24,Oba spola,136697.61
2035,Broj,25-29,Oba spola,134518.71
2035,Broj,30-34,Oba spola,134077.44
2035,Broj,35-39,Oba spola,128486.8
2035,Broj,40-44,Oba spola,158064.08
2035,Broj,45-49,Oba spola,172499.94
2035,Broj,50-54,Oba spola,199585.08
2035,Broj,55-59,Oba spola,217107.79
2035,Broj,60-64,Oba spola,221477.68
2035,Broj,65-69,Oba spola,220921.33
2035,Broj,70-74,Oba spola,218471.04
2035,Broj,75-79,Oba spola,220252.7
2035,Broj,80-84,Oba spola,183860.06
2035,Broj,85-89,Oba spola,127465.74
2035,Broj,90-94,Oba spola,64773.18
2035,Broj,95-99,Oba spola,21199.63
2035,Broj,100-104,Oba spola,7449.97
2035,Broj,105-109,Oba spola,986.55
2035,Broj,110-114,Oba spola,54.44
2035,Broj,115-119,Oba spola,0.93
2035,Broj,120+,Oba spola,0.01
2035,Broj,120+,Oba spola,0.0
2035,_%,Total,Oba spola,100.0
2035,_%,0-4,Oba spola,3.51
2035,_%,5-9,Oba spola,3.91
2035,_%,10-14,Oba spola,4.4
2035,_%,15-19,Oba spola,4.69
2035,_%,20-24,Oba spola,4.62
2035,_%,25-29,Oba spola,4.6
2035,_%,30-34,Oba spola,4.41
2035,_%,35-39,Oba spola,5.43
2035,_%,40-44,Oba spola,5.92
2035,_%,45-49,Oba spola,6.85
2035,_%,50-54,Oba spola,7.45
2035,_%,55-59,Oba spola,7.61
2035,_%,60-64,Oba spola,7.59
2035,_%,65-69,Oba spola,7.5
2035,_%,70-74,Oba spola,7.56
2035,_%,75-79,Oba spola,6.31
2035,_%,80-84,Oba spola,4.38
2035,_%,85-89,Oba spola,2.22
2035,_%,90-94,Oba spola,0.73
2035,_%,95-99,Oba spola,0.26
2035,_%,100-104,Oba spola,0.03
2035,_%,105-109,Oba spola,0.0
2035,_%,110-114,Oba spola,0.0
2035,_%,115-119,Oba spola,0.0
2035,_%,120+,Oba spola,0.0
2035,_%,0-14,Oba spola,344309.29
2035,_%,0-18,Oba spola,453686.83
2035,_%,15-29,Oba spola,405293.76
2035,_%,15-49,Oba spola,1063929.66
2035,_%,15-64,Oba spola,1723436.46
2035,_%,65+,Oba spola,844514.24
2035,_%,75+,Oba spola,405790.51
2035,_%,85+,Oba spola,94464.7
2035,_%,100+,Oba spola,1041.92
2035,_%,0-14,Oba spola,11.82
2035,_%,0-18,Oba spola,15.58
2035,_%,15-29,Oba spola,13.92
2035,_%,15-49,Oba spola,36.53
2035,_%,15-64,Oba spola,59.18
2035,_%,65+,Oba spola,29.0
2035,_%,75+,Oba spola,13.93
2035,_%,85+,Oba spola,3.24
2035,_%,100+,Oba spola,0.04
2040,Broj,0-4,Oba spola,2717957.73
2040,Broj,5-9,Oba spola,91336.91
2040,Broj,10-14,Oba spola,99891.25
2040,Broj,15-19,Oba spola,112358.89
2040,Broj,20-24,Oba spola,124063.16
2040,Broj,25-29,Oba spola,122059.02
2040,Broj,30-34,Oba spola,117398.0
2040,Broj,35-39,Oba spola,122407.36
2040,Broj,40-44,Oba spola,121328.15
2040,Broj,45-49,Oba spola,150501.48
2040,Broj,50-54,Oba spola,165820.11
2040,Broj,55-59,Oba spola,193411.4
2040,Broj,60-64,Oba spola,211527.66
2040,Broj,65-69,Oba spola,215748.85
2040,Broj,70-74,Oba spola,211538.7
2040,Broj,75-79,Oba spola,200469.86
2040,Broj,80-84,Oba spola,188975.74
2040,Broj,85-89,Oba spola,142668.75
2040,Broj,90-94,Oba spola,84066.88
2040,Broj,95-99,Oba spola,33265.31
2040,Broj,100-104,Oba spola,7387.63
2040,Broj,105-109,Oba spola,1615.38
2040,Broj,110-114,Oba spola,114.33
2040,Broj,115-119,Oba spola,2.88
2040,Broj,120+,Oba spola,0.02
2040,Broj,120+,Oba spola,0.0
2040,_%,Total,Oba spola,100.0
2040,_%,0-4,Oba spola,3.36
2040,_%,5-9,Oba spola,3.68
2040,_%,10-14,Oba spola,4.13
2040,_%,15-19,Oba spola,4.56
2040,_%,20-24,Oba spola,4.49
2040,_%,25-29,Oba spola,4.32
2040,_%,30-34,Oba spola,4.5
2040,_%,35-39,Oba spola,4.46
2040,_%,40-44,Oba spola,5.54
2040,_%,45-49,Oba spola,6.1
2040,_%,50-54,Oba spola,7.12
2040,_%,55-59,Oba spola,7.78
2040,_%,60-64,Oba spola,7.94
2040,_%,65-69,Oba spola,7.78
2040,_%,70-74,Oba spola,7.38
2040,_%,75-79,Oba spola,6.95
2040,_%,80-84,Oba spola,5.25
2040,_%,85-89,Oba spola,3.09
2040,_%,90-94,Oba spola,1.22
2040,_%,95-99,Oba spola,0.27
2040,_%,100-104,Oba spola,0.06
2040,_%,105-109,Oba spola,0.0
2040,_%,110-114,Oba spola,0.0
2040,_%,115-119,Oba spola,0.0
2040,_%,120+,Oba spola,0.0
2040,_%,0-14,Oba spola,303587.05
2040,_%,0-18,Oba spola,402365.82
2040,_%,15-29,Oba spola,363520.19
2040,_%,15-49,Oba spola,923577.29
2040,_%,15-64,Oba spola,1544265.21
2040,_%,65+,Oba spola,870105.47
2040,_%,75+,Oba spola,458096.91
2040,_%,85+,Oba spola,126452.43
2040,_%,100+,Oba spola,1732.61
2040,_%,0-14,Oba spola,11.17
2040,_%,0-18,Oba spola,14.8
2040,_%,15-29,Oba spola,13.37
2040,_%,15-49,Oba spola,33.98
2040,_%,15-64,Oba spola,56.82
2040,_%,65+,Oba spola,32.01
2040,_%,75+,Oba spola,16.85
2040,_%,85+,Oba spola,4.65
2040,_%,100+,Oba spola,0.06
2045,Broj,0-4,Oba spola,2518462.83
2045,Broj,5-9,Oba spola,83042.03
2045,Broj,10-14,Oba spola,89240.14
2045,Broj,15-19,Oba spola,98520.77
2045,Broj,20-24,Oba spola,108917.66
2045,Broj,25-29,Oba spola,110645.5
2045,Broj,30-34,Oba spola,106449.13
2045,Broj,35-39,Oba spola,107361.45
2045,Broj,40-44,Oba spola,115245.68
2045,Broj,45-49,Oba spola,116234.44
2045,Broj,50-54,Oba spola,144978.36
2045,Broj,55-59,Oba spola,161252.4
2045,Broj,60-64,Oba spola,188794.86
2045,Broj,65-69,Oba spola,206299.37
2045,Broj,70-74,Oba spola,207053.68
2045,Broj,75-79,Oba spola,195373.66
2045,Broj,80-84,Oba spola,173872.43
2045,Broj,85-89,Oba spola,149056.97
2045,Broj,90-94,Oba spola,96646.71
2045,Broj,95-99,Oba spola,45021.33
2045,Broj,100-104,Oba spola,12538.01
2045,Broj,105-109,Oba spola,1711.02
2045,Broj,110-114,Oba spola,200.84
2045,Broj,115-119,Oba spola,6.31
2045,Broj,120+,Oba spola,0.07
2045,Broj,120+,Oba spola,0.0
2045,_%,Total,Oba spola,100.0
2045,_%,0-4,Oba spola,3.3
2045,_%,5-9,Oba spola,3.54
2045,_%,10-14,Oba spola,3.91
2045,_%,15-19,Oba spola,4.32
2045,_%,20-24,Oba spola,4.39
2045,_%,25-29,Oba spola,4.23
2045,_%,30-34,Oba spola,4.26
2045,_%,35-39,Oba spola,4.58
2045,_%,40-44,Oba spola,4.62
2045,_%,45-49,Oba spola,5.76
2045,_%,50-54,Oba spola,6.4
2045,_%,55-59,Oba spola,7.5
2045,_%,60-64,Oba spola,8.19
2045,_%,65-69,Oba spola,8.22
2045,_%,70-74,Oba spola,7.76
2045,_%,75-79,Oba spola,6.9
2045,_%,80-84,Oba spola,5.92
2045,_%,85-89,Oba spola,3.84
2045,_%,90-94,Oba spola,1.79
2045,_%,95-99,Oba spola,0.5
2045,_%,100-104,Oba spola,0.07
2045,_%,105-109,Oba spola,0.01
2045,_%,110-114,Oba spola,0.0
2045,_%,115-119,Oba spola,0.0
2045,_%,120+,Oba spola,0.0
2045,_%,0-14,Oba spola,270802.94
2045,_%,0-18,Oba spola,357437.99
2045,_%,15-29,Oba spola,326012.29
2045,_%,15-49,Oba spola,809832.21
2045,_%,15-64,Oba spola,1366178.85
2045,_%,65+,Oba spola,881481.04
2045,_%,75+,Oba spola,479053.69
2045,_%,85+,Oba spola,156124.3
2045,_%,100+,Oba spola,1918.25
2045,_%,0-14,Oba spola,10.75
2045,_%,0-18,Oba spola,14.19
2045,_%,15-29,Oba spola,12.94
2045,_%,15-49,Oba spola,32.16
2045,_%,15-64,Oba spola,54.25
2045,_%,65+,Oba spola,35.0
2045,_%,75+,Oba spola,19.02
2045,_%,85+,Oba spola,6.2
2045,_%,100+,Oba spola,0.08
2050,Broj,0-4,Oba spola,2318700.67
2050,Broj,5-9,Oba spola,75514.93
2050,Broj,10-14,Oba spola,81099.46
2050,Broj,15-19,Oba spola,88026.53
2050,Broj,20-24,Oba spola,95572.11
2050,Broj,25-29,Oba spola,97216.95
2050,Broj,30-34,Oba spola,96425.27
2050,Broj,35-39,Oba spola,97256.87
2050,Broj,40-44,Oba spola,101196.15
2050,Broj,45-49,Oba spola,110159.11
2050,Broj,50-54,Oba spola,112554.52
2050,Broj,55-59,Oba spola,141282.64
2050,Broj,60-64,Oba spola,157969.95
2050,Broj,65-69,Oba spola,184596.6
2050,Broj,70-74,Oba spola,198504.56
2050,Broj,75-79,Oba spola,192220.98
2050,Broj,80-84,Oba spola,171318.47
2050,Broj,85-89,Oba spola,139313.82
2050,Broj,90-94,Oba spola,103447.9
2050,Broj,95-99,Oba spola,53718.05
2050,Broj,100-104,Oba spola,17901.92
2050,Broj,105-109,Oba spola,3167.19
2050,Broj,110-114,Oba spola,225.0
2050,Broj,115-119,Oba spola,11.52
2050,Broj,120+,Oba spola,0.16
2050,Broj,120+,Oba spola,0.0
2050,_%,Total,Oba spola,100.0
2050,_%,0-4,Oba spola,3.26
2050,_%,5-9,Oba spola,3.5
2050,_%,10-14,Oba spola,3.8
2050,_%,15-19,Oba spola,4.12
2050,_%,20-24,Oba spola,4.19
2050,_%,25-29,Oba spola,4.16
2050,_%,30-34,Oba spola,4.19
2050,_%,35-39,Oba spola,4.36
2050,_%,40-44,Oba spola,4.75
2050,_%,45-49,Oba spola,4.85
2050,_%,50-54,Oba spola,6.09
2050,_%,55-59,Oba spola,6.81
2050,_%,60-64,Oba spola,7.96
2050,_%,65-69,Oba spola,8.56
2050,_%,70-74,Oba spola,8.29
2050,_%,75-79,Oba spola,7.39
2050,_%,80-84,Oba spola,6.01
2050,_%,85-89,Oba spola,4.46
2050,_%,90-94,Oba spola,2.32
2050,_%,95-99,Oba spola,0.77
2050,_%,100-104,Oba spola,0.14
2050,_%,105-109,Oba spola,0.01
2050,_%,110-114,Oba spola,0.0
2050,_%,115-119,Oba spola,0.0
2050,_%,120+,Oba spola,0.0
2050,_%,0-14,Oba spola,244640.93
2050,_%,0-18,Oba spola,320688.38
2050,_%,15-29,Oba spola,289214.33
2050,_%,15-49,Oba spola,710380.99
2050,_%,15-64,Oba spola,1194230.17
2050,_%,65+,Oba spola,879829.57
2050,_%,75+,Oba spola,489104.03
2050,_%,85+,Oba spola,178471.74
2050,_%,100+,Oba spola,3403.87
2050,_%,0-14,Oba spola,10.55
2050,_%,0-18,Oba spola,13.83
2050,_%,15-29,Oba spola,12.47
2050,_%,15-49,Oba spola,30.64
2050,_%,15-64,Oba spola,51.5
2050,_%,65+,Oba spola,37.94
2050,_%,75+,Oba spola,21.09
2050,_%,85+,Oba spola,7.7
2050,_%,100+,Oba spola,0.15
2055,Broj,0-4,Oba spola,2123402.2
2055,Broj,5-9,Oba spola,68410.55
2055,Broj,10-14,Oba spola,73713.6
2055,Broj,15-19,Oba spola,79956.88
2055,Broj,20-24,Oba spola,85408.87
2055,Broj,25-29,Oba spola,85383.67
2055,Broj,30-34,Oba spola,84817.37
2055,Broj,35-39,Oba spola,88064.28
2055,Broj,40-44,Oba spola,91625.61
2055,Broj,45-49,Oba spola,96826.2
2055,Broj,50-54,Oba spola,106488.77
2055,Broj,55-59,Oba spola,110217.64
2055,Broj,60-64,Oba spola,138705.65
2055,Broj,65-69,Oba spola,155066.87
2055,Broj,70-74,Oba spola,178225.37
2055,Broj,75-79,Oba spola,185199.11
2055,Broj,80-84,Oba spola,170022.4
2055,Broj,85-89,Oba spola,139464.62
2055,Broj,90-94,Oba spola,98824.03
2055,Broj,95-99,Oba spola,59369.78
2055,Broj,100-104,Oba spola,22362.5
2055,Broj,105-109,Oba spola,4783.57
2055,Broj,110-114,Oba spola,451.25
2055,Broj,115-119,Oba spola,13.29
2055,Broj,120+,Oba spola,0.3
2055,Broj,120+,Oba spola,0.0
2055,_%,Total,Oba spola,100.0
2055,_%,0-4,Oba spola,3.22
2055,_%,5-9,Oba spola,3.47
2055,_%,10-14,Oba spola,3.77
2055,_%,15-19,Oba spola,4.02
2055,_%,20-24,Oba spola,4.02
2055,_%,25-29,Oba spola,3.99
2055,_%,30-34,Oba spola,4.15
2055,_%,35-39,Oba spola,4.32
2055,_%,40-44,Oba spola,4.56
2055,_%,45-49,Oba spola,5.02
2055,_%,50-54,Oba spola,5.19
2055,_%,55-59,Oba spola,6.53
2055,_%,60-64,Oba spola,7.3
2055,_%,65-69,Oba spola,8.39
2055,_%,70-74,Oba spola,8.72
2055,_%,75-79,Oba spola,8.01
2055,_%,80-84,Oba spola,6.57
2055,_%,85-89,Oba spola,4.65
2055,_%,90-94,Oba spola,2.8
2055,_%,95-99,Oba spola,1.05
2055,_%,100-104,Oba spola,0.23
2055,_%,105-109,Oba spola,0.02
2055,_%,110-114,Oba spola,0.0
2055,_%,115-119,Oba spola,0.0
2055,_%,120+,Oba spola,0.0
2055,_%,0-14,Oba spola,222081.03
2055,_%,0-18,Oba spola,290210.23
2055,_%,15-29,Oba spola,255609.91
2055,_%,15-49,Oba spola,638614.77
2055,_%,15-64,Oba spola,1042604.93
2055,_%,65+,Oba spola,858716.24
2055,_%,75+,Oba spola,495291.75
2055,_%,85+,Oba spola,185804.72
2055,_%,100+,Oba spola,5248.42
2055,_%,0-14,Oba spola,10.46
2055,_%,0-18,Oba spola,13.67
2055,_%,15-29,Oba spola,12.04
2055,_%,15-49,Oba spola,30.08
2055,_%,15-64,Oba spola,49.1
2055,_%,65+,Oba spola,40.44
2055,_%,75+,Oba spola,23.33
2055,_%,85+,Oba spola,8.75
2055,_%,100+,Oba spola,0.25
2060,Broj,0-4,Oba spola,1935400.33
2060,Broj,5-9,Oba spola,61553.67
2060,Broj,10-14,Oba spola,66759.13
2060,Broj,15-19,Oba spola,72642.52
2060,Broj,20-24,Oba spola,77551.04
2060,Broj,25-29,Oba spola,76336.43
2060,Broj,30-34,Oba spola,74585.31
2060,Broj,35-39,Oba spola,77549.33
2060,Broj,40-44,Oba spola,82943.6
2060,Broj,45-49,Oba spola,87649.69
2060,Broj,50-54,Oba spola,93699.44
2060,Broj,55-59,Oba spola,104160.04
2060,Broj,60-64,Oba spola,108725.98
2060,Broj,65-69,Oba spola,136471.03
2060,Broj,70-74,Oba spola,150376.2
2060,Broj,75-79,Oba spola,167059.03
2060,Broj,80-84,Oba spola,165104.19
2060,Broj,85-89,Oba spola,140113.55
2060,Broj,90-94,Oba spola,101142.95
2060,Broj,95-99,Oba spola,58310.55
2060,Broj,100-104,Oba spola,25662.47
2060,Broj,105-109,Oba spola,6262.16
2060,Broj,110-114,Oba spola,713.62
2060,Broj,115-119,Oba spola,28.05
2060,Broj,120+,Oba spola,0.35
2060,Broj,120+,Oba spola,0.0
2060,_%,Total,Oba spola,100.0
2060,_%,0-4,Oba spola,3.18
2060,_%,5-9,Oba spola,3.45
2060,_%,10-14,Oba spola,3.75
2060,_%,15-19,Oba spola,4.01
2060,_%,20-24,Oba spola,3.94
2060,_%,25-29,Oba spola,3.85
2060,_%,30-34,Oba spola,4.01
2060,_%,35-39,Oba spola,4.29
2060,_%,40-44,Oba spola,4.53
2060,_%,45-49,Oba spola,4.84
2060,_%,50-54,Oba spola,5.38
2060,_%,55-59,Oba spola,5.62
2060,_%,60-64,Oba spola,7.05
2060,_%,65-69,Oba spola,7.77
2060,_%,70-74,Oba spola,8.63
2060,_%,75-79,Oba spola,8.53
2060,_%,80-84,Oba spola,7.24
2060,_%,85-89,Oba spola,5.23
2060,_%,90-94,Oba spola,3.01
2060,_%,95-99,Oba spola,1.33
2060,_%,100-104,Oba spola,0.32
2060,_%,105-109,Oba spola,0.04
2060,_%,110-114,Oba spola,0.0
2060,_%,115-119,Oba spola,0.0
2060,_%,120+,Oba spola,0.0
2060,_%,0-14,Oba spola,200955.32
2060,_%,0-18,Oba spola,262861.39
2060,_%,15-29,Oba spola,228472.78
2060,_%,15-49,Oba spola,570314.83
2060,_%,15-64,Oba spola,919671.89
2060,_%,65+,Oba spola,814773.12
2060,_%,75+,Oba spola,497337.89
2060,_%,85+,Oba spola,192120.16
2060,_%,100+,Oba spola,7004.18
2060,_%,0-14,Oba spola,10.38
2060,_%,0-18,Oba spola,13.58
2060,_%,15-29,Oba spola,11.8
2060,_%,15-49,Oba spola,29.47
2060,_%,15-64,Oba spola,47.52
2060,_%,65+,Oba spola,42.1
2060,_%,75+,Oba spola,25.7
2060,_%,85+,Oba spola,9.93
2060,_%,100+,Oba spola,0.36
2065,Broj,0-4,Oba spola,1756780.2
2065,Broj,5-9,Oba spola,55148.16
2065,Broj,10-14,Oba spola,60070.13
2065,Broj,15-19,Oba spola,65776.73
2065,Broj,20-24,Oba spola,70437.14
2065,Broj,25-29,Oba spola,69294.4
2065,Broj,30-34,Oba spola,66708.93
2065,Broj,35-39,Oba spola,68283.48
2065,Broj,40-44,Oba spola,73123.1
2065,Broj,45-49,Oba spola,79346.2
2065,Broj,50-54,Oba spola,84825.07
2065,Broj,55-59,Oba spola,91768.84
2065,Broj,60-64,Oba spola,102700.34
2065,Broj,65-69,Oba spola,107549.49
2065,Broj,70-74,Oba spola,132712.75
2065,Broj,75-79,Oba spola,141707.01
2065,Broj,80-84,Oba spola,150032.55
2065,Broj,85-89,Oba spola,137683.75
2065,Broj,90-94,Oba spola,103478.94
2065,Broj,95-99,Oba spola,61546.2
2065,Broj,100-104,Oba spola,26086.34
2065,Broj,105-109,Oba spola,7479.79
2065,Broj,110-114,Oba spola,974.59
2065,Broj,115-119,Oba spola,45.52
2065,Broj,120+,Oba spola,0.75
2065,Broj,120+,Oba spola,0.0
2065,_%,Total,Oba spola,100.0
2065,_%,0-4,Oba spola,3.14
2065,_%,5-9,Oba spola,3.42
2065,_%,10-14,Oba spola,3.74
2065,_%,15-19,Oba spola,4.01
2065,_%,20-24,Oba spola,3.94
2065,_%,25-29,Oba spola,3.8
2065,_%,30-34,Oba spola,3.89
2065,_%,35-39,Oba spola,4.16
2065,_%,40-44,Oba spola,4.52
2065,_%,45-49,Oba spola,4.83
2065,_%,50-54,Oba spola,5.22
2065,_%,55-59,Oba spola,5.85
2065,_%,60-64,Oba spola,6.12
2065,_%,65-69,Oba spola,7.55
2065,_%,70-74,Oba spola,8.07
2065,_%,75-79,Oba spola,8.54
2065,_%,80-84,Oba spola,7.84
2065,_%,85-89,Oba spola,5.89
2065,_%,90-94,Oba spola,3.5
2065,_%,95-99,Oba spola,1.48
2065,_%,100-104,Oba spola,0.43
2065,_%,105-109,Oba spola,0.06
2065,_%,110-114,Oba spola,0.0
2065,_%,115-119,Oba spola,0.0
2065,_%,120+,Oba spola,0.0
2065,_%,0-14,Oba spola,180995.02
2065,_%,0-18,Oba spola,237217.08
2065,_%,15-29,Oba spola,206440.46
2065,_%,15-49,Oba spola,512018.32
2065,_%,15-64,Oba spola,814036.99
2065,_%,65+,Oba spola,761748.18
2065,_%,75+,Oba spola,487328.42
2065,_%,85+,Oba spola,199612.12
2065,_%,100+,Oba spola,8500.65
2065,_%,0-14,Oba spola,10.3
2065,_%,0-18,Oba spola,13.5
2065,_%,15-29,Oba spola,11.75
2065,_%,15-49,Oba spola,29.15
2065,_%,15-64,Oba spola,46.34
2065,_%,65+,Oba spola,43.36
2065,_%,75+,Oba spola,27.74
2065,_%,85+,Oba spola,11.36
2065,_%,100+,Oba spola,0.48
2070,Broj,0-4,Oba spola,1588914.91
2070,Broj,5-9,Oba spola,49664.82
2070,Broj,10-14,Oba spola,53832.89
2070,Broj,15-19,Oba spola,59194.73
2070,Broj,20-24,Oba spola,63774.53
2070,Broj,25-29,Oba spola,62924.54
2070,Broj,30-34,Oba spola,60535.5
2070,Broj,35-39,Oba spola,61103.09
2070,Broj,40-44,Oba spola,64468.84
2070,Broj,45-49,Oba spola,70033.36
2070,Broj,50-54,Oba spola,76810.22
2070,Broj,55-59,Oba spola,83109.87
2070,Broj,60-64,Oba spola,90626.65
2070,Broj,65-69,Oba spola,101615.43
2070,Broj,70-74,Oba spola,105181.94
2070,Broj,75-79,Oba spola,125513.88
2070,Broj,80-84,Oba spola,128249.82
2070,Broj,85-89,Oba spola,126471.53
2070,Broj,90-94,Oba spola,103471.07
2070,Broj,95-99,Oba spola,64554.48
2070,Broj,100-104,Oba spola,28626.75
2070,Broj,105-109,Oba spola,7881.59
2070,Broj,110-114,Oba spola,1204.31
2070,Broj,115-119,Oba spola,63.83
2070,Broj,120+,Oba spola,1.22
2070,Broj,120+,Oba spola,0.01
2070,_%,Total,Oba spola,100.0
2070,_%,0-4,Oba spola,3.13
2070,_%,5-9,Oba spola,3.39
2070,_%,10-14,Oba spola,3.73
2070,_%,15-19,Oba spola,4.01
2070,_%,20-24,Oba spola,3.96
2070,_%,25-29,Oba spola,3.81
2070,_%,30-34,Oba spola,3.85
2070,_%,35-39,Oba spola,4.06
2070,_%,40-44,Oba spola,4.41
2070,_%,45-49,Oba spola,4.83
2070,_%,50-54,Oba spola,5.23
2070,_%,55-59,Oba spola,5.7
2070,_%,60-64,Oba spola,6.4
2070,_%,65-69,Oba spola,6.62
2070,_%,70-74,Oba spola,7.9
2070,_%,75-79,Oba spola,8.07
2070,_%,80-84,Oba spola,7.96
2070,_%,85-89,Oba spola,6.51
2070,_%,90-94,Oba spola,4.06
2070,_%,95-99,Oba spola,1.8
2070,_%,100-104,Oba spola,0.5
2070,_%,105-109,Oba spola,0.08
2070,_%,110-114,Oba spola,0.0
2070,_%,115-119,Oba spola,0.0
2070,_%,120+,Oba spola,0.0
2070,_%,0-14,Oba spola,162692.44
2070,_%,0-18,Oba spola,213571.73
2070,_%,15-29,Oba spola,187234.58
2070,_%,15-49,Oba spola,459650.09
2070,_%,15-64,Oba spola,735002.04
2070,_%,65+,Oba spola,691220.43
2070,_%,75+,Oba spola,460524.61
2070,_%,85+,Oba spola,205803.27
2070,_%,100+,Oba spola,9150.97
2070,_%,0-14,Oba spola,10.24
2070,_%,0-18,Oba spola,13.44
2070,_%,15-29,Oba spola,11.78
2070,_%,15-49,Oba spola,28.93
2070,_%,15-64,Oba spola,46.26
2070,_%,65+,Oba spola,43.5
2070,_%,75+,Oba spola,28.98
2070,_%,85+,Oba spola,12.95
2070,_%,100+,Oba spola,0.58
2018,Broj,0-4,Muškarci,1714253.0
2018,Broj,5-9,Muškarci,77060.0
2018,Broj,10-14,Muškarci,87991.0
2018,Broj,15-19,Muškarci,90862.0
2018,Broj,20-24,Muškarci,97735.0
2018,Broj,25-29,Muškarci,124642.0
2018,Broj,30-34,Muškarci,115506.0
2018,Broj,35-39,Muškarci,128613.0
2018,Broj,40-44,Muškarci,128321.0
2018,Broj,45-49,Muškarci,125498.0
2018,Broj,50-54,Muškarci,120314.0
2018,Broj,55-59,Muškarci,126686.0
2018,Broj,60-64,Muškarci,129670.0
2018,Broj,65-69,Muškarci,118083.0
2018,Broj,70-74,Muškarci,94375.0
2018,Broj,75-79,Muškarci,59475.0
2018,Broj,80-84,Muškarci,44663.0
2018,Broj,85-89,Muškarci,30186.0
2018,Broj,90-94,Muškarci,11675.0
2018,Broj,95-99,Muškarci,2542.0
2018,Broj,100-104,Muškarci,271.0
2018,Broj,105-109,Muškarci,81.0
2018,Broj,110-114,Muškarci,4.0
2018,Broj,115-119,Muškarci,0.0
2018,Broj,120+,Muškarci,0.0
2018,Broj,120+,Muškarci,0.0
2018,_%,Total,Muškarci,100.0
2018,_%,0-4,Muškarci,4.5
2018,_%,5-9,Muškarci,5.13
2018,_%,10-14,Muškarci,5.3
2018,_%,15-19,Muškarci,5.7
2018,_%,20-24,Muškarci,7.27
2018,_%,25-29,Muškarci,6.74
2018,_%,30-34,Muškarci,7.5
2018,_%,35-39,Muškarci,7.49
2018,_%,40-44,Muškarci,7.32
2018,_%,45-49,Muškarci,7.02
2018,_%,50-54,Muškarci,7.39
2018,_%,55-59,Muškarci,7.56
2018,_%,60-64,Muškarci,6.89
2018,_%,65-69,Muškarci,5.51
2018,_%,70-74,Muškarci,3.47
2018,_%,75-79,Muškarci,2.61
2018,_%,80-84,Muškarci,1.76
2018,_%,85-89,Muškarci,0.68
2018,_%,90-94,Muškarci,0.15
2018,_%,95-99,Muškarci,0.02
2018,_%,100-104,Muškarci,0.0
2018,_%,105-109,Muškarci,0.0
2018,_%,110-114,Muškarci,0.0
2018,_%,115-119,Muškarci,0.0
2018,_%,120+,Muškarci,0.0
2020,Broj,0-4,Muškarci,1676817.35
2020,Broj,5-9,Muškarci,75744.04
2020,Broj,10-14,Muškarci,81011.49
2020,Broj,15-19,Muškarci,91040.87
2020,Broj,20-24,Muškarci,91652.62
2020,Broj,25-29,Muškarci,108286.86
2020,Broj,30-34,Muškarci,108473.6
2020,Broj,35-39,Muškarci,119686.72
2020,Broj,40-44,Muškarci,125098.53
2020,Broj,45-49,Muškarci,123123.93
2020,Broj,50-54,Muškarci,120061.69
2020,Broj,55-59,Muškarci,119979.54
2020,Broj,60-64,Muškarci,128231.89
2020,Broj,65-69,Muškarci,120620.76
2020,Broj,70-74,Muškarci,102595.16
2020,Broj,75-79,Muškarci,71140.03
2020,Broj,80-84,Muškarci,40179.56
2020,Broj,85-89,Muškarci,32442.48
2020,Broj,90-94,Muškarci,13550.11
2020,Broj,95-99,Muškarci,3471.28
2020,Broj,100-104,Muškarci,363.23
2020,Broj,105-109,Muškarci,58.11
2020,Broj,110-114,Muškarci,4.87
2020,Broj,115-119,Muškarci,0.0
2020,Broj,120+,Muškarci,0.0
2020,Broj,120+,Muškarci,0.0
2020,_%,Total,Muškarci,100.0
2020,_%,0-4,Muškarci,4.52
2020,_%,5-9,Muškarci,4.83
2020,_%,10-14,Muškarci,5.43
2020,_%,15-19,Muškarci,5.47
2020,_%,20-24,Muškarci,6.46
2020,_%,25-29,Muškarci,6.47
2020,_%,30-34,Muškarci,7.14
2020,_%,35-39,Muškarci,7.46
2020,_%,40-44,Muškarci,7.34
2020,_%,45-49,Muškarci,7.16
2020,_%,50-54,Muškarci,7.16
2020,_%,55-59,Muškarci,7.65
2020,_%,60-64,Muškarci,7.19
2020,_%,65-69,Muškarci,6.12
2020,_%,70-74,Muškarci,4.24
2020,_%,75-79,Muškarci,2.4
2020,_%,80-84,Muškarci,1.93
2020,_%,85-89,Muškarci,0.81
2020,_%,90-94,Muškarci,0.21
2020,_%,95-99,Muškarci,0.02
2020,_%,100-104,Muškarci,0.0
2020,_%,105-109,Muškarci,0.0
2020,_%,110-114,Muškarci,0.0
2020,_%,115-119,Muškarci,0.0
2020,_%,120+,Muškarci,0.0
2025,Broj,0-4,Muškarci,1582100.1
2025,Broj,5-9,Muškarci,68574.6
2025,Broj,10-14,Muškarci,73811.81
2025,Broj,15-19,Muškarci,79627.3
2025,Broj,20-24,Muškarci,87929.07
2025,Broj,25-29,Muškarci,80608.87
2025,Broj,30-34,Muškarci,91492.04
2025,Broj,35-39,Muškarci,95451.27
2025,Broj,40-44,Muškarci,108357.86
2025,Broj,45-49,Muškarci,115447.94
2025,Broj,50-54,Muškarci,115904.29
2025,Broj,55-59,Muškarci,114700.67
2025,Broj,60-64,Muškarci,115462.29
2025,Broj,65-69,Muškarci,122833.48
2025,Broj,70-74,Muškarci,112637.79
2025,Broj,75-79,Muškarci,90182.42
2025,Broj,80-84,Muškarci,56511.74
2025,Broj,85-89,Muškarci,27788.38
2025,Broj,90-94,Muškarci,18088.37
2025,Broj,95-99,Muškarci,5637.01
2025,Broj,100-104,Muškarci,984.02
2025,Broj,105-109,Muškarci,63.42
2025,Broj,110-114,Muškarci,5.2
2025,Broj,115-119,Muškarci,0.24
2025,Broj,120+,Muškarci,0.0
2025,Broj,120+,Muškarci,0.0
2025,_%,Total,Muškarci,100.0
2025,_%,0-4,Muškarci,4.33
2025,_%,5-9,Muškarci,4.67
2025,_%,10-14,Muškarci,5.03
2025,_%,15-19,Muškarci,5.56
2025,_%,20-24,Muškarci,5.1
2025,_%,25-29,Muškarci,5.78
2025,_%,30-34,Muškarci,6.03
2025,_%,35-39,Muškarci,6.85
2025,_%,40-44,Muškarci,7.3
2025,_%,45-49,Muškarci,7.33
2025,_%,50-54,Muškarci,7.25
2025,_%,55-59,Muškarci,7.3
2025,_%,60-64,Muškarci,7.76
2025,_%,65-69,Muškarci,7.12
2025,_%,70-74,Muškarci,5.7
2025,_%,75-79,Muškarci,3.57
2025,_%,80-84,Muškarci,1.76
2025,_%,85-89,Muškarci,1.14
2025,_%,90-94,Muškarci,0.36
2025,_%,95-99,Muškarci,0.06
2025,_%,100-104,Muškarci,0.0
2025,_%,105-109,Muškarci,0.0
2025,_%,110-114,Muškarci,0.0
2025,_%,115-119,Muškarci,0.0
2025,_%,120+,Muškarci,0.0
2030,Broj,0-4,Muškarci,1484263.58
2030,Broj,5-9,Muškarci,60095.37
2030,Broj,10-14,Muškarci,66744.5
2030,Broj,15-19,Muškarci,72456.77
2030,Broj,20-24,Muškarci,76786.28
2030,Broj,25-29,Muškarci,77122.07
2030,Broj,30-34,Muškarci,68893.79
2030,Broj,35-39,Muškarci,80870.76
2030,Broj,40-44,Muškarci,86859.11
2030,Broj,45-49,Muškarci,100041.02
2030,Broj,50-54,Muškarci,108422.4
2030,Broj,55-59,Muškarci,110448.13
2030,Broj,60-64,Muškarci,110339.27
2030,Broj,65-69,Muškarci,111040.16
2030,Broj,70-74,Muškarci,114991.8
2030,Broj,75-79,Muškarci,99722.72
2030,Broj,80-84,Muškarci,72804.67
2030,Broj,85-89,Muškarci,40391.95
2030,Broj,90-94,Muškarci,16240.74
2030,Broj,95-99,Muškarci,8049.14
2030,Broj,100-104,Muškarci,1743.26
2030,Broj,105-109,Muškarci,192.45
2030,Broj,110-114,Muškarci,6.94
2030,Broj,115-119,Muškarci,0.26
2030,Broj,120+,Muškarci,0.01
2030,Broj,120+,Muškarci,0.0
2030,_%,Total,Muškarci,100.0
2030,_%,0-4,Muškarci,4.05
2030,_%,5-9,Muškarci,4.5
2030,_%,10-14,Muškarci,4.88
2030,_%,15-19,Muškarci,5.17
2030,_%,20-24,Muškarci,5.2
2030,_%,25-29,Muškarci,4.64
2030,_%,30-34,Muškarci,5.45
2030,_%,35-39,Muškarci,5.85
2030,_%,40-44,Muškarci,6.74
2030,_%,45-49,Muškarci,7.3
2030,_%,50-54,Muškarci,7.44
2030,_%,55-59,Muškarci,7.43
2030,_%,60-64,Muškarci,7.48
2030,_%,65-69,Muškarci,7.75
2030,_%,70-74,Muškarci,6.72
2030,_%,75-79,Muškarci,4.91
2030,_%,80-84,Muškarci,2.72
2030,_%,85-89,Muškarci,1.09
2030,_%,90-94,Muškarci,0.54
2030,_%,95-99,Muškarci,0.12
2030,_%,100-104,Muškarci,0.01
2030,_%,105-109,Muškarci,0.0
2030,_%,110-114,Muškarci,0.0
2030,_%,115-119,Muškarci,0.0
2030,_%,120+,Muškarci,0.0
2035,Broj,0-4,Muškarci,1382448.5
2035,Broj,5-9,Muškarci,52623.2
2035,Broj,10-14,Muškarci,58496.73
2035,Broj,15-19,Muškarci,65455.94
2035,Broj,20-24,Muškarci,69870.83
2035,Broj,25-29,Muškarci,67171.05
2035,Broj,30-34,Muškarci,65463.74
2035,Broj,35-39,Muškarci,61478.71
2035,Broj,40-44,Muškarci,73844.29
2035,Broj,45-49,Muškarci,80576.96
2035,Broj,50-54,Muškarci,94057.93
2035,Broj,55-59,Muškarci,103224.18
2035,Broj,60-64,Muškarci,106183.19
2035,Broj,65-69,Muškarci,106303.73
2035,Broj,70-74,Muškarci,104587.35
2035,Broj,75-79,Muškarci,102612.5
2035,Broj,80-84,Muškarci,81727.25
2035,Broj,85-89,Muškarci,53283.28
2035,Broj,90-94,Muškarci,24779.77
2035,Broj,95-99,Muškarci,7632.33
2035,Broj,100-104,Muškarci,2680.88
2035,Broj,105-109,Muškarci,371.24
2035,Broj,110-114,Muškarci,23.02
2035,Broj,115-119,Muškarci,0.4
2035,Broj,120+,Muškarci,0.01
2035,Broj,120+,Muškarci,0.0
2035,_%,Total,Muškarci,100.0
2035,_%,0-4,Muškarci,3.81
2035,_%,5-9,Muškarci,4.23
2035,_%,10-14,Muškarci,4.73
2035,_%,15-19,Muškarci,5.05
2035,_%,20-24,Muškarci,4.86
2035,_%,25-29,Muškarci,4.74
2035,_%,30-34,Muškarci,4.45
2035,_%,35-39,Muškarci,5.34
2035,_%,40-44,Muškarci,5.83
2035,_%,45-49,Muškarci,6.8
2035,_%,50-54,Muškarci,7.47
2035,_%,55-59,Muškarci,7.68
2035,_%,60-64,Muškarci,7.69
2035,_%,65-69,Muškarci,7.57
2035,_%,70-74,Muškarci,7.42
2035,_%,75-79,Muškarci,5.91
2035,_%,80-84,Muškarci,3.85
2035,_%,85-89,Muškarci,1.79
2035,_%,90-94,Muškarci,0.55
2035,_%,95-99,Muškarci,0.19
2035,_%,100-104,Muškarci,0.03
2035,_%,105-109,Muškarci,0.0
2035,_%,110-114,Muškarci,0.0
2035,_%,115-119,Muškarci,0.0
2035,_%,120+,Muškarci,0.0
2040,Broj,0-4,Muškarci,1278118.72
2040,Broj,5-9,Muškarci,47005.39
2040,Broj,10-14,Muškarci,51227.4
2040,Broj,15-19,Muškarci,57370.72
2040,Broj,20-24,Muškarci,63044.09
2040,Broj,25-29,Muškarci,61175.78
2040,Broj,30-34,Muškarci,57032.31
2040,Broj,35-39,Muškarci,58052.51
2040,Broj,40-44,Muškarci,56629.24
2040,Broj,45-49,Muškarci,68696.57
2040,Broj,50-54,Muškarci,76086.22
2040,Broj,55-59,Muškarci,89687.55
2040,Broj,60-64,Muškarci,99257.34
2040,Broj,65-69,Muškarci,102379.57
2040,Broj,70-74,Muškarci,100505.43
2040,Broj,75-79,Muškarci,94133.25
2040,Broj,80-84,Muškarci,85243.7
2040,Broj,85-89,Muškarci,61050.9
2040,Broj,90-94,Muškarci,33796.18
2040,Broj,95-99,Muškarci,12386.95
2040,Broj,100-104,Muškarci,2695.94
2040,Broj,105-109,Muškarci,612.92
2040,Broj,110-114,Muškarci,47.37
2040,Broj,115-119,Muškarci,1.38
2040,Broj,120+,Muškarci,0.01
2040,Broj,120+,Muškarci,0.0
2040,_%,Total,Muškarci,100.0
2040,_%,0-4,Muškarci,3.68
2040,_%,5-9,Muškarci,4.01
2040,_%,10-14,Muškarci,4.49
2040,_%,15-19,Muškarci,4.93
2040,_%,20-24,Muškarci,4.79
2040,_%,25-29,Muškarci,4.46
2040,_%,30-34,Muškarci,4.54
2040,_%,35-39,Muškarci,4.43
2040,_%,40-44,Muškarci,5.37
2040,_%,45-49,Muškarci,5.95
2040,_%,50-54,Muškarci,7.02
2040,_%,55-59,Muškarci,7.77
2040,_%,60-64,Muškarci,8.01
2040,_%,65-69,Muškarci,7.86
2040,_%,70-74,Muškarci,7.36
2040,_%,75-79,Muškarci,6.67
2040,_%,80-84,Muškarci,4.78
2040,_%,85-89,Muškarci,2.64
2040,_%,90-94,Muškarci,0.97
2040,_%,95-99,Muškarci,0.21
2040,_%,100-104,Muškarci,0.05
2040,_%,105-109,Muškarci,0.0
2040,_%,110-114,Muškarci,0.0
2040,_%,115-119,Muškarci,0.0
2040,_%,120+,Muškarci,0.0
2045,Broj,0-4,Muškarci,1173497.52
2045,Broj,5-9,Muškarci,42733.05
2045,Broj,10-14,Muškarci,45744.3
2045,Broj,15-19,Muškarci,50254.78
2045,Broj,20-24,Muškarci,55269.47
2045,Broj,25-29,Muškarci,55103.76
2045,Broj,30-34,Muškarci,51872.46
2045,Broj,35-39,Muškarci,50640.65
2045,Broj,40-44,Muškarci,53231.91
2045,Broj,45-49,Muškarci,53072.66
2045,Broj,50-54,Muškarci,65046.68
2045,Broj,55-59,Muškarci,72879.9
2045,Broj,60-64,Muškarci,86459.08
2045,Broj,65-69,Muškarci,95869.98
2045,Broj,70-74,Muškarci,97075.84
2045,Broj,75-79,Muškarci,91158.07
2045,Broj,80-84,Muškarci,79240.26
2045,Broj,85-89,Muškarci,64902.14
2045,Broj,90-94,Muškarci,39859.75
2045,Broj,95-99,Muškarci,17640.17
2045,Broj,100-104,Muškarci,4703.99
2045,Broj,105-109,Muškarci,652.91
2045,Broj,110-114,Muškarci,82.76
2045,Broj,115-119,Muškarci,2.92
2045,Broj,120+,Muškarci,0.04
2045,Broj,120+,Muškarci,0.0
2045,_%,Total,Muškarci,100.0
2045,_%,0-4,Muškarci,3.64
2045,_%,5-9,Muškarci,3.9
2045,_%,10-14,Muškarci,4.28
2045,_%,15-19,Muškarci,4.71
2045,_%,20-24,Muškarci,4.7
2045,_%,25-29,Muškarci,4.42
2045,_%,30-34,Muškarci,4.32
2045,_%,35-39,Muškarci,4.54
2045,_%,40-44,Muškarci,4.52
2045,_%,45-49,Muškarci,5.54
2045,_%,50-54,Muškarci,6.21
2045,_%,55-59,Muškarci,7.37
2045,_%,60-64,Muškarci,8.17
2045,_%,65-69,Muškarci,8.27
2045,_%,70-74,Muškarci,7.77
2045,_%,75-79,Muškarci,6.75
2045,_%,80-84,Muškarci,5.53
2045,_%,85-89,Muškarci,3.4
2045,_%,90-94,Muškarci,1.5
2045,_%,95-99,Muškarci,0.4
2045,_%,100-104,Muškarci,0.06
2045,_%,105-109,Muškarci,0.01
2045,_%,110-114,Muškarci,0.0
2045,_%,115-119,Muškarci,0.0
2045,_%,120+,Muškarci,0.0
2050,Broj,0-4,Muškarci,1070800.58
2050,Broj,5-9,Muškarci,38857.03
2050,Broj,10-14,Muškarci,41556.94
2050,Broj,15-19,Muškarci,44865.62
2050,Broj,20-24,Muškarci,48433.07
2050,Broj,25-29,Muškarci,48330.84
2050,Broj,30-34,Muškarci,46652.84
2050,Broj,35-39,Muškarci,45993.01
2050,Broj,40-44,Muškarci,46483.1
2050,Broj,45-49,Muškarci,49721.56
2050,Broj,50-54,Muškarci,50587.98
2050,Broj,55-59,Muškarci,62483.75
2050,Broj,60-64,Muškarci,70596.33
2050,Broj,65-69,Muškarci,83809.81
2050,Broj,70-74,Muškarci,91217.24
2050,Broj,75-79,Muškarci,88594.96
2050,Broj,80-84,Muškarci,77725.5
2050,Broj,85-89,Muškarci,61426.13
2050,Broj,90-94,Muškarci,43501.9
2050,Broj,95-99,Muškarci,21591.81
2050,Broj,100-104,Muškarci,7043.32
2050,Broj,105-109,Muškarci,1230.36
2050,Broj,110-114,Muškarci,92.17
2050,Broj,115-119,Muškarci,5.23
2050,Broj,120+,Muškarci,0.08
2050,Broj,120+,Muškarci,0.0
2050,_%,Total,Muškarci,100.0
2050,_%,0-4,Muškarci,3.63
2050,_%,5-9,Muškarci,3.88
2050,_%,10-14,Muškarci,4.19
2050,_%,15-19,Muškarci,4.52
2050,_%,20-24,Muškarci,4.51
2050,_%,25-29,Muškarci,4.36
2050,_%,30-34,Muškarci,4.3
2050,_%,35-39,Muškarci,4.34
2050,_%,40-44,Muškarci,4.64
2050,_%,45-49,Muškarci,4.72
2050,_%,50-54,Muškarci,5.84
2050,_%,55-59,Muškarci,6.59
2050,_%,60-64,Muškarci,7.83
2050,_%,65-69,Muškarci,8.52
2050,_%,70-74,Muškarci,8.27
2050,_%,75-79,Muškarci,7.26
2050,_%,80-84,Muškarci,5.74
2050,_%,85-89,Muškarci,4.06
2050,_%,90-94,Muškarci,2.02
2050,_%,95-99,Muškarci,0.66
2050,_%,100-104,Muškarci,0.11
2050,_%,105-109,Muškarci,0.01
2050,_%,110-114,Muškarci,0.0
2050,_%,115-119,Muškarci,0.0
2050,_%,120+,Muškarci,0.0
2055,Broj,0-4,Muškarci,972050.87
2055,Broj,5-9,Muškarci,35199.5
2055,Broj,10-14,Muškarci,37761.93
2055,Broj,15-19,Muškarci,40729.74
2055,Broj,20-24,Muškarci,43237.67
2055,Broj,25-29,Muškarci,42380.37
2055,Broj,30-34,Muškarci,40955.29
2055,Broj,35-39,Muškarci,41320.62
2055,Broj,40-44,Muškarci,42176.66
2055,Broj,45-49,Muškarci,43460.58
2055,Broj,50-54,Muškarci,47274.45
2055,Broj,55-59,Muškarci,48899.51
2055,Broj,60-64,Muškarci,60720.63
2055,Broj,65-69,Muškarci,68811.49
2055,Broj,70-74,Muškarci,80112.44
2055,Broj,75-79,Muškarci,83747.42
2055,Broj,80-84,Muškarci,76321.76
2055,Broj,85-89,Muškarci,61315.95
2055,Broj,90-94,Muškarci,42157.95
2055,Broj,95-99,Muškarci,24345.11
2055,Broj,100-104,Muškarci,8994.12
2055,Broj,105-109,Muškarci,1935.46
2055,Broj,110-114,Muškarci,186.15
2055,Broj,115-119,Muškarci,5.93
2055,Broj,120+,Muškarci,0.15
2055,Broj,120+,Muškarci,0.0
2055,_%,Total,Muškarci,100.0
2055,_%,0-4,Muškarci,3.62
2055,_%,5-9,Muškarci,3.88
2055,_%,10-14,Muškarci,4.19
2055,_%,15-19,Muškarci,4.45
2055,_%,20-24,Muškarci,4.36
2055,_%,25-29,Muškarci,4.21
2055,_%,30-34,Muškarci,4.25
2055,_%,35-39,Muškarci,4.34
2055,_%,40-44,Muškarci,4.47
2055,_%,45-49,Muškarci,4.86
2055,_%,50-54,Muškarci,5.03
2055,_%,55-59,Muškarci,6.25
2055,_%,60-64,Muškarci,7.08
2055,_%,65-69,Muškarci,8.24
2055,_%,70-74,Muškarci,8.62
2055,_%,75-79,Muškarci,7.85
2055,_%,80-84,Muškarci,6.31
2055,_%,85-89,Muškarci,4.34
2055,_%,90-94,Muškarci,2.5
2055,_%,95-99,Muškarci,0.93
2055,_%,100-104,Muškarci,0.2
2055,_%,105-109,Muškarci,0.02
2055,_%,110-114,Muškarci,0.0
2055,_%,115-119,Muškarci,0.0
2055,_%,120+,Muškarci,0.0
2060,Broj,0-4,Muškarci,878275.53
2060,Broj,5-9,Muškarci,31669.97
2060,Broj,10-14,Muškarci,34191.84
2060,Broj,15-19,Muškarci,36987.89
2060,Broj,20-24,Muškarci,39231.42
2060,Broj,25-29,Muškarci,37844.08
2060,Broj,30-34,Muškarci,35953.88
2060,Broj,35-39,Muškarci,36312.32
2060,Broj,40-44,Muškarci,37865.44
2060,Broj,45-49,Muškarci,39413.08
2060,Broj,50-54,Muškarci,41369.7
2060,Broj,55-59,Muškarci,45622.73
2060,Broj,60-64,Muškarci,47809.01
2060,Broj,65-69,Muškarci,59391.33
2060,Broj,70-74,Muškarci,66174.08
2060,Broj,75-79,Muškarci,73966.9
2060,Broj,80-84,Muškarci,72796.88
2060,Broj,85-89,Muškarci,61014.45
2060,Broj,90-94,Muškarci,43035.44
2060,Broj,95-99,Muškarci,24244.79
2060,Broj,100-104,Muškarci,10494.65
2060,Broj,105-109,Muškarci,2569.55
2060,Broj,110-114,Muškarci,303.46
2060,Broj,115-119,Muškarci,12.46
2060,Broj,120+,Muškarci,0.17
2060,Broj,120+,Muškarci,0.0
2060,_%,Total,Muškarci,100.0
2060,_%,0-4,Muškarci,3.61
2060,_%,5-9,Muškarci,3.89
2060,_%,10-14,Muškarci,4.21
2060,_%,15-19,Muškarci,4.47
2060,_%,20-24,Muškarci,4.31
2060,_%,25-29,Muškarci,4.09
2060,_%,30-34,Muškarci,4.13
2060,_%,35-39,Muškarci,4.31
2060,_%,40-44,Muškarci,4.49
2060,_%,45-49,Muškarci,4.71
2060,_%,50-54,Muškarci,5.19
2060,_%,55-59,Muškarci,5.44
2060,_%,60-64,Muškarci,6.76
2060,_%,65-69,Muškarci,7.53
2060,_%,70-74,Muškarci,8.42
2060,_%,75-79,Muškarci,8.29
2060,_%,80-84,Muškarci,6.95
2060,_%,85-89,Muškarci,4.9
2060,_%,90-94,Muškarci,2.76
2060,_%,95-99,Muškarci,1.19
2060,_%,100-104,Muškarci,0.29
2060,_%,105-109,Muškarci,0.03
2060,_%,110-114,Muškarci,0.0
2060,_%,115-119,Muškarci,0.0
2060,_%,120+,Muškarci,0.0
2065,Broj,0-4,Muškarci,790550.01
2065,Broj,5-9,Muškarci,28373.21
2065,Broj,10-14,Muškarci,30759.55
2065,Broj,15-19,Muškarci,33479.79
2065,Broj,20-24,Muškarci,35612.66
2065,Broj,25-29,Muškarci,34322.06
2065,Broj,30-34,Muškarci,32112.1
2065,Broj,35-39,Muškarci,31921.72
2065,Broj,40-44,Muškarci,33318.11
2065,Broj,45-49,Muškarci,35378.22
2065,Broj,50-54,Muškarci,37515.32
2065,Broj,55-59,Muškarci,39988.32
2065,Broj,60-64,Muškarci,44579.06
2065,Broj,65-69,Muškarci,47093.34
2065,Broj,70-74,Muškarci,57348.82
2065,Broj,75-79,Muškarci,61497.82
2065,Broj,80-84,Muškarci,64840.95
2065,Broj,85-89,Muškarci,58950.55
2065,Broj,90-94,Muškarci,43636.06
2065,Broj,95-99,Muškarci,25492.98
2065,Broj,100-104,Muškarci,10789.42
2065,Broj,105-109,Muškarci,3102.79
2065,Broj,110-114,Muškarci,416.16
2065,Broj,115-119,Muškarci,20.62
2065,Broj,120+,Muškarci,0.36
2065,Broj,120+,Muškarci,0.0
2065,_%,Total,Muškarci,100.0
2065,_%,0-4,Muškarci,3.59
2065,_%,5-9,Muškarci,3.89
2065,_%,10-14,Muškarci,4.24
2065,_%,15-19,Muškarci,4.5
2065,_%,20-24,Muškarci,4.34
2065,_%,25-29,Muškarci,4.06
2065,_%,30-34,Muškarci,4.04
2065,_%,35-39,Muškarci,4.21
2065,_%,40-44,Muškarci,4.48
2065,_%,45-49,Muškarci,4.75
2065,_%,50-54,Muškarci,5.06
2065,_%,55-59,Muškarci,5.64
2065,_%,60-64,Muškarci,5.96
2065,_%,65-69,Muškarci,7.25
2065,_%,70-74,Muškarci,7.78
2065,_%,75-79,Muškarci,8.2
2065,_%,80-84,Muškarci,7.46
2065,_%,85-89,Muškarci,5.52
2065,_%,90-94,Muškarci,3.22
2065,_%,95-99,Muškarci,1.36
2065,_%,100-104,Muškarci,0.39
2065,_%,105-109,Muškarci,0.05
2065,_%,110-114,Muškarci,0.0
2065,_%,115-119,Muškarci,0.0
2065,_%,120+,Muškarci,0.0
2070,Broj,0-4,Muškarci,709726.72
2070,Broj,5-9,Muškarci,25551.4
2070,Broj,10-14,Muškarci,27559.85
2070,Broj,15-19,Muškarci,30117.98
2070,Broj,20-24,Muškarci,32227.97
2070,Broj,25-29,Muškarci,31144.07
2070,Broj,30-34,Muškarci,29104.2
2070,Broj,35-39,Muškarci,28521.89
2070,Broj,40-44,Muškarci,29332.93
2070,Broj,45-49,Muškarci,31170.43
2070,Broj,50-54,Muškarci,33682.32
2070,Broj,55-59,Muškarci,36277.89
2070,Broj,60-64,Muškarci,39158.91
2070,Broj,65-69,Muškarci,43938.16
2070,Broj,70-74,Muškarci,45821.0
2070,Broj,75-79,Muškarci,53550.4
2070,Broj,80-84,Muškarci,54396.74
2070,Broj,85-89,Muškarci,53135.57
2070,Broj,90-94,Muškarci,42935.65
2070,Broj,95-99,Muškarci,26497.64
2070,Broj,100-104,Muškarci,11762.27
2070,Broj,105-109,Muškarci,3293.66
2070,Broj,110-114,Muškarci,516.42
2070,Broj,115-119,Muškarci,28.76
2070,Broj,120+,Muškarci,0.59
2070,Broj,120+,Muškarci,0.01
2070,_%,Total,Muškarci,100.0
2070,_%,0-4,Muškarci,3.6
2070,_%,5-9,Muškarci,3.88
2070,_%,10-14,Muškarci,4.24
2070,_%,15-19,Muškarci,4.54
2070,_%,20-24,Muškarci,4.39
2070,_%,25-29,Muškarci,4.1
2070,_%,30-34,Muškarci,4.02
2070,_%,35-39,Muškarci,4.13
2070,_%,40-44,Muškarci,4.39
2070,_%,45-49,Muškarci,4.75
2070,_%,50-54,Muškarci,5.11
2070,_%,55-59,Muškarci,5.52
2070,_%,60-64,Muškarci,6.19
2070,_%,65-69,Muškarci,6.46
2070,_%,70-74,Muškarci,7.55
2070,_%,75-79,Muškarci,7.66
2070,_%,80-84,Muškarci,7.49
2070,_%,85-89,Muškarci,6.05
2070,_%,90-94,Muškarci,3.73
2070,_%,95-99,Muškarci,1.66
2070,_%,100-104,Muškarci,0.46
2070,_%,105-109,Muškarci,0.07
2070,_%,110-114,Muškarci,0.0
2070,_%,115-119,Muškarci,0.0
2018,Broj,Total,Žene,1777770.0
2018,Broj,0-4,Žene,71887.0
2018,Broj,5-9,Žene,83144.0
2018,Broj,10-14,Žene,86236.0
2018,Broj,15-19,Žene,92867.0
2018,Broj,20-24,Žene,118251.0
2018,Broj,25-29,Žene,109922.0
2018,Broj,30-34,Žene,122620.0
2018,Broj,35-39,Žene,124160.0
2018,Broj,40-44,Žene,122646.0
2018,Broj,45-49,Žene,118759.0
2018,Broj,50-54,Žene,128806.0
2018,Broj,55-59,Žene,136494.0
2018,Broj,60-64,Žene,129979.0
2018,Broj,65-69,Žene,112423.0
2018,Broj,70-74,Žene,78187.0
2018,Broj,75-79,Žene,65488.0
2018,Broj,80-84,Žene,48905.0
2018,Broj,85-89,Žene,20820.0
2018,Broj,90-94,Žene,5224.0
2018,Broj,95-99,Žene,804.0
2018,Broj,100-104,Žene,140.0
2018,Broj,105-109,Žene,8.0
2018,Broj,110-114,Žene,0.0
2018,Broj,115-119,Žene,0.0
2018,Broj,120+,Žene,0.0
2018,_%,Total,Žene,100.0
2018,_%,0-4,Žene,4.04
2018,_%,5-9,Žene,4.68
2018,_%,10-14,Žene,4.85
2018,_%,15-19,Žene,5.22
2018,_%,20-24,Žene,6.65
2018,_%,25-29,Žene,6.18
2018,_%,30-34,Žene,6.9
2018,_%,35-39,Žene,6.98
2018,_%,40-44,Žene,6.9
2018,_%,45-49,Žene,6.68
2018,_%,50-54,Žene,7.25
2018,_%,55-59,Žene,7.68
2018,_%,60-64,Žene,7.31
2018,_%,65-69,Žene,6.32
2018,_%,70-74,Žene,4.4
2018,_%,75-79,Žene,3.68
2018,_%,80-84,Žene,2.75
2018,_%,85-89,Žene,1.17
2018,_%,90-94,Žene,0.29
2018,_%,95-99,Žene,0.05
2018,_%,100-104,Žene,0.01
2018,_%,105-109,Žene,0.0
2018,_%,110-114,Žene,0.0
2018,_%,115-119,Žene,0.0
2018,_%,120+,Žene,0.0
2020,Broj,Total,Žene,1753499.0
2020,Broj,0-4,Žene,70677.51
2020,Broj,5-9,Žene,76727.98
2020,Broj,10-14,Žene,86367.09
2020,Broj,15-19,Žene,86940.49
2020,Broj,20-24,Žene,105111.8
2020,Broj,25-29,Žene,105737.54
2020,Broj,30-34,Žene,116789.53
2020,Broj,35-39,Žene,122836.31
2020,Broj,40-44,Žene,121872.65
2020,Broj,45-49,Žene,119959.18
2020,Broj,50-54,Žene,121474.77
2020,Broj,55-59,Žene,134214.44
2020,Broj,60-64,Žene,131678.44
2020,Broj,65-69,Žene,118764.45
2020,Broj,70-74,Žene,92006.2
2020,Broj,75-79,Žene,58447.65
2020,Broj,80-84,Žene,51988.82
2020,Broj,85-89,Žene,24210.74
2020,Broj,90-94,Žene,6647.34
2020,Broj,95-99,Žene,930.61
2020,Broj,100-104,Žene,107.27
2020,Broj,105-109,Žene,7.94
2020,Broj,110-114,Žene,0.24
2020,Broj,115-119,Žene,0.0
2020,Broj,120+,Žene,0.0
2020,_%,Total,Žene,100.0
2020,_%,0-4,Žene,4.03
2020,_%,5-9,Žene,4.38
2020,_%,10-14,Žene,4.93
2020,_%,15-19,Žene,4.96
2020,_%,20-24,Žene,5.99
2020,_%,25-29,Žene,6.03
2020,_%,30-34,Žene,6.66
2020,_%,35-39,Žene,7.01
2020,_%,40-44,Žene,6.95
2020,_%,45-49,Žene,6.84
2020,_%,50-54,Žene,6.93
2020,_%,55-59,Žene,7.65
2020,_%,60-64,Žene,7.51
2020,_%,65-69,Žene,6.77
2020,_%,70-74,Žene,5.25
2020,_%,75-79,Žene,3.33
2020,_%,80-84,Žene,2.96
2020,_%,85-89,Žene,1.38
2020,_%,90-94,Žene,0.38
2020,_%,95-99,Žene,0.05
2020,_%,100-104,Žene,0.01
2020,_%,105-109,Žene,0.0
2020,_%,110-114,Žene,0.0
2020,_%,115-119,Žene,0.0
2020,_%,120+,Žene,0.0
2025,Broj,Total,Žene,1687426.36
2025,Broj,0-4,Žene,64639.68
2025,Broj,5-9,Žene,69210.38
2025,Broj,10-14,Žene,75967.02
2025,Broj,15-19,Žene,84198.17
2025,Broj,20-24,Žene,79313.38
2025,Broj,25-29,Žene,93721.04
2025,Broj,30-34,Žene,98694.89
2025,Broj,35-39,Žene,111838.43
2025,Broj,40-44,Žene,118994.62
2025,Broj,45-49,Žene,118892.86
2025,Broj,50-54,Žene,118111.58
2025,Broj,55-59,Žene,119911.28
2025,Broj,60-64,Žene,131556.72
2025,Broj,65-69,Žene,126557.37
2025,Broj,70-74,Žene,109095.38
2025,Broj,75-79,Žene,78732.03
2025,Broj,80-84,Žene,43905.1
2025,Broj,85-89,Žene,31502.82
2025,Broj,90-94,Žene,10621.45
2025,Broj,95-99,Žene,1815.08
2025,Broj,100-104,Žene,139.21
2025,Broj,105-109,Žene,7.6
2025,Broj,110-114,Žene,0.28
2025,Broj,115-119,Žene,0.0
2025,Broj,120+,Žene,0.0
2025,_%,Total,Žene,100.0
2025,_%,0-4,Žene,3.83
2025,_%,5-9,Žene,4.1
2025,_%,10-14,Žene,4.5
2025,_%,15-19,Žene,4.99
2025,_%,20-24,Žene,4.7
2025,_%,25-29,Žene,5.55
2025,_%,30-34,Žene,5.85
2025,_%,35-39,Žene,6.63
2025,_%,40-44,Žene,7.05
2025,_%,45-49,Žene,7.05
2025,_%,50-54,Žene,7.0
2025,_%,55-59,Žene,7.11
2025,_%,60-64,Žene,7.8
2025,_%,65-69,Žene,7.5
2025,_%,70-74,Žene,6.47
2025,_%,75-79,Žene,4.67
2025,_%,80-84,Žene,2.6
2025,_%,85-89,Žene,1.87
2025,_%,90-94,Žene,0.63
2025,_%,95-99,Žene,0.11
2025,_%,100-104,Žene,0.01
2025,_%,105-109,Žene,0.0
2025,_%,110-114,Žene,0.0
2025,_%,115-119,Žene,0.0
2025,_%,120+,Žene,0.0
2030,Broj,Total,Žene,1612820.3
2030,Broj,0-4,Žene,56656.9
2030,Broj,5-9,Žene,63262.24
2030,Broj,10-14,Žene,68514.2
2030,Broj,15-19,Žene,74026.59
2030,Broj,20-24,Žene,76651.17
2030,Broj,25-29,Žene,71223.84
2030,Broj,30-34,Žene,87672.75
2030,Broj,35-39,Žene,94702.45
2030,Broj,40-44,Žene,108309.42
2030,Broj,45-49,Žene,115912.08
2030,Broj,50-54,Žene,116903.35
2030,Broj,55-59,Žene,116561.35
2030,Broj,60-64,Žene,117823.19
2030,Broj,65-69,Žene,126699.92
2030,Broj,70-74,Žene,116892.58
2030,Broj,75-79,Žene,94368.42
2030,Broj,80-84,Žene,60773.33
2030,Broj,85-89,Žene,27657.69
2030,Broj,90-94,Žene,14691.06
2030,Broj,95-99,Žene,3189.11
2030,Broj,100-104,Žene,316.29
2030,Broj,105-109,Žene,12.07
2030,Broj,110-114,Žene,0.29
2030,Broj,115-119,Žene,0.01
2030,Broj,120+,Žene,0.0
2030,_%,Total,Žene,100.0
2030,_%,0-4,Žene,3.51
2030,_%,5-9,Žene,3.92
2030,_%,10-14,Žene,4.25
2030,_%,15-19,Žene,4.59
2030,_%,20-24,Žene,4.75
2030,_%,25-29,Žene,4.42
2030,_%,30-34,Žene,5.44
2030,_%,35-39,Žene,5.87
2030,_%,40-44,Žene,6.72
2030,_%,45-49,Žene,7.19
2030,_%,50-54,Žene,7.25
2030,_%,55-59,Žene,7.23
2030,_%,60-64,Žene,7.31
2030,_%,65-69,Žene,7.86
2030,_%,70-74,Žene,7.25
2030,_%,75-79,Žene,5.85
2030,_%,80-84,Žene,3.77
2030,_%,85-89,Žene,1.71
2030,_%,90-94,Žene,0.91
2030,_%,95-99,Žene,0.2
2030,_%,100-104,Žene,0.02
2030,_%,105-109,Žene,0.0
2030,_%,110-114,Žene,0.0
2030,_%,115-119,Žene,0.0
2030,_%,120+,Žene,0.0
2035,Broj,Total,Žene,1529811.5
2035,Broj,0-4,Žene,49620.86
2035,Broj,5-9,Žene,55509.08
2035,Broj,10-14,Žene,62603.47
2035,Broj,15-19,Žene,66826.77
2035,Broj,20-24,Žene,67347.66
2035,Broj,25-29,Žene,68613.7
2035,Broj,30-34,Žene,67008.1
2035,Broj,35-39,Žene,84219.79
2035,Broj,40-44,Žene,91922.98
2035,Broj,45-49,Žene,105527.15
2035,Broj,50-54,Žene,113883.61
2035,Broj,55-59,Žene,115294.49
2035,Broj,60-64,Žene,114617.6
2035,Broj,65-69,Žene,113883.69
2035,Broj,70-74,Žene,117640.19
2035,Broj,75-79,Žene,102132.81
2035,Broj,80-84,Žene,74182.46
2035,Broj,85-89,Žene,39993.41
2035,Broj,90-94,Žene,13567.3
2035,Broj,95-99,Žene,4769.1
2035,Broj,100-104,Žene,615.31
2035,Broj,105-109,Žene,31.42
2035,Broj,110-114,Žene,0.53
2035,Broj,115-119,Žene,0.01
2035,Broj,120+,Žene,0.0
2035,_%,Total,Žene,100.0
2035,_%,0-4,Žene,3.24
2035,_%,5-9,Žene,3.63
2035,_%,10-14,Žene,4.09
2035,_%,15-19,Žene,4.37
2035,_%,20-24,Žene,4.4
2035,_%,25-29,Žene,4.49
2035,_%,30-34,Žene,4.38
2035,_%,35-39,Žene,5.51
2035,_%,40-44,Žene,6.01
2035,_%,45-49,Žene,6.9
2035,_%,50-54,Žene,7.44
2035,_%,55-59,Žene,7.54
2035,_%,60-64,Žene,7.49
2035,_%,65-69,Žene,7.44
2035,_%,70-74,Žene,7.69
2035,_%,75-79,Žene,6.68
2035,_%,80-84,Žene,4.85
2035,_%,85-89,Žene,2.61
2035,_%,90-94,Žene,0.89
2035,_%,95-99,Žene,0.31
2035,_%,100-104,Žene,0.04
2035,_%,105-109,Žene,0.0
2035,_%,110-114,Žene,0.0
2035,_%,115-119,Žene,0.0
2035,_%,120+,Žene,0.0
2040,Broj,Total,Žene,1439839.01
2040,Broj,0-4,Žene,44331.52
2040,Broj,5-9,Žene,48663.86
2040,Broj,10-14,Žene,54988.17
2040,Broj,15-19,Žene,61019.07
2040,Broj,20-24,Žene,60883.24
2040,Broj,25-29,Žene,60365.69
2040,Broj,30-34,Žene,64354.85
2040,Broj,35-39,Žene,64698.91
2040,Broj,40-44,Žene,81804.91
2040,Broj,45-49,Žene,89733.88
2040,Broj,50-54,Žene,103723.85
2040,Broj,55-59,Žene,112270.32
2040,Broj,60-64,Žene,113369.28
2040,Broj,65-69,Žene,111033.28
2040,Broj,70-74,Žene,106336.61
2040,Broj,75-79,Žene,103732.03
2040,Broj,80-84,Žene,81617.85
2040,Broj,85-89,Žene,50270.69
2040,Broj,90-94,Žene,20878.36
2040,Broj,95-99,Žene,4691.7
2040,Broj,100-104,Žene,1002.46
2040,Broj,105-109,Žene,66.95
2040,Broj,110-114,Žene,1.5
2040,Broj,115-119,Žene,0.01
2040,Broj,120+,Žene,0.0
2040,_%,Total,Žene,100.0
2040,_%,0-4,Žene,3.08
2040,_%,5-9,Žene,3.38
2040,_%,10-14,Žene,3.82
2040,_%,15-19,Žene,4.24
2040,_%,20-24,Žene,4.23
2040,_%,25-29,Žene,4.19
2040,_%,30-34,Žene,4.47
2040,_%,35-39,Žene,4.49
2040,_%,40-44,Žene,5.68
2040,_%,45-49,Žene,6.23
2040,_%,50-54,Žene,7.2
2040,_%,55-59,Žene,7.8
2040,_%,60-64,Žene,7.87
2040,_%,65-69,Žene,7.71
2040,_%,70-74,Žene,7.39
2040,_%,75-79,Žene,7.2
2040,_%,80-84,Žene,5.67
2040,_%,85-89,Žene,3.49
2040,_%,90-94,Žene,1.45
2040,_%,95-99,Žene,0.33
2040,_%,100-104,Žene,0.07
2040,_%,105-109,Žene,0.0
2040,_%,110-114,Žene,0.0
2040,_%,115-119,Žene,0.0
2040,_%,120+,Žene,0.0
2045,Broj,Total,Žene,1344965.31
2045,Broj,0-4,Žene,40308.99
2045,Broj,5-9,Žene,43495.85
2045,Broj,10-14,Žene,48265.99
2045,Broj,15-19,Žene,53648.19
2045,Broj,20-24,Žene,55541.74
2045,Broj,25-29,Žene,54576.67
2045,Broj,30-34,Žene,56720.8
2045,Broj,35-39,Žene,62013.76
2045,Broj,40-44,Žene,63161.78
2045,Broj,45-49,Žene,79931.68
2045,Broj,50-54,Žene,88372.51
2045,Broj,55-59,Žene,102335.78
2045,Broj,60-64,Žene,110429.39
2045,Broj,65-69,Žene,109977.84
2045,Broj,70-74,Žene,104215.59
2045,Broj,75-79,Žene,94632.17
2045,Broj,80-84,Žene,84154.83
2045,Broj,85-89,Žene,56786.96
2045,Broj,90-94,Žene,27381.16
2045,Broj,95-99,Žene,7834.02
2045,Broj,100-104,Žene,1058.11
2045,Broj,105-109,Žene,118.09
2045,Broj,110-114,Žene,3.39
2045,Broj,115-119,Žene,0.03
2045,Broj,120+,Žene,0.0
2045,_%,Total,Žene,100.0
2045,_%,0-4,Žene,3.0
2045,_%,5-9,Žene,3.23
2045,_%,10-14,Žene,3.59
2045,_%,15-19,Žene,3.99
2045,_%,20-24,Žene,4.13
2045,_%,25-29,Žene,4.06
2045,_%,30-34,Žene,4.22
2045,_%,35-39,Žene,4.61
2045,_%,40-44,Žene,4.7
2045,_%,45-49,Žene,5.94
2045,_%,50-54,Žene,6.57
2045,_%,55-59,Žene,7.61
2045,_%,60-64,Žene,8.21
2045,_%,65-69,Žene,8.18
2045,_%,70-74,Žene,7.75
2045,_%,75-79,Žene,7.04
2045,_%,80-84,Žene,6.26
2045,_%,85-89,Žene,4.22
2045,_%,90-94,Žene,2.04
2045,_%,95-99,Žene,0.58
2045,_%,100-104,Žene,0.08
2045,_%,105-109,Žene,0.01
2045,_%,110-114,Žene,0.0
2045,_%,115-119,Žene,0.0
2045,_%,120+,Žene,0.0
2050,Broj,Total,Žene,1247900.08
2050,Broj,0-4,Žene,36657.91
2050,Broj,5-9,Žene,39542.52
2050,Broj,10-14,Žene,43160.91
2050,Broj,15-19,Žene,47139.04
2050,Broj,20-24,Žene,48886.11
2050,Broj,25-29,Žene,49772.43
2050,Broj,30-34,Žene,51263.86
2050,Broj,35-39,Žene,54713.04
2050,Broj,40-44,Žene,60437.55
2050,Broj,45-49,Žene,61966.54
2050,Broj,50-54,Žene,78798.89
2050,Broj,55-59,Žene,87373.62
2050,Broj,60-64,Žene,100786.78
2050,Broj,65-69,Žene,107287.32
2050,Broj,70-74,Žene,103626.02
2050,Broj,75-79,Žene,93592.97
2050,Broj,80-84,Žene,77887.68
2050,Broj,85-89,Žene,59946.0
2050,Broj,90-94,Žene,32126.24
2050,Broj,95-99,Žene,10858.6
2050,Broj,100-104,Žene,1936.83
2050,Broj,105-109,Žene,132.83
2050,Broj,110-114,Žene,6.29
2050,Broj,115-119,Žene,0.08
2050,Broj,120+,Žene,0.0
2050,_%,Total,Žene,100.0
2050,_%,0-4,Žene,2.94
2050,_%,5-9,Žene,3.17
2050,_%,10-14,Žene,3.46
2050,_%,15-19,Žene,3.78
2050,_%,20-24,Žene,3.92
2050,_%,25-29,Žene,3.99
2050,_%,30-34,Žene,4.11
2050,_%,35-39,Žene,4.38
2050,_%,40-44,Žene,4.84
2050,_%,45-49,Žene,4.97
2050,_%,50-54,Žene,6.31
2050,_%,55-59,Žene,7.0
2050,_%,60-64,Žene,8.08
2050,_%,65-69,Žene,8.6
2050,_%,70-74,Žene,8.3
2050,_%,75-79,Žene,7.5
2050,_%,80-84,Žene,6.24
2050,_%,85-89,Žene,4.8
2050,_%,90-94,Žene,2.57
2050,_%,95-99,Žene,0.87
2050,_%,100-104,Žene,0.16
2050,_%,105-109,Žene,0.01
2050,_%,110-114,Žene,0.0
2050,_%,115-119,Žene,0.0
2050,_%,120+,Žene,0.0
2055,Broj,Total,Žene,1151351.32
2055,Broj,0-4,Žene,33211.05
2055,Broj,5-9,Žene,35951.68
2055,Broj,10-14,Žene,39227.14
2055,Broj,15-19,Žene,42171.2
2055,Broj,20-24,Žene,43003.3
2055,Broj,25-29,Žene,43862.08
2055,Broj,30-34,Žene,46743.65
2055,Broj,35-39,Žene,49448.95
2055,Broj,40-44,Žene,53365.61
2055,Broj,45-49,Žene,59214.32
2055,Broj,50-54,Žene,61318.14
2055,Broj,55-59,Žene,77985.02
2055,Broj,60-64,Žene,86255.38
2055,Broj,65-69,Žene,98112.93
2055,Broj,70-74,Žene,101451.69
2055,Broj,75-79,Žene,93700.65
2055,Broj,80-84,Žene,78148.67
2055,Broj,85-89,Žene,56666.08
2055,Broj,90-94,Žene,35024.67
2055,Broj,95-99,Žene,13368.38
2055,Broj,100-104,Žene,2848.11
2055,Broj,105-109,Žene,265.1
2055,Broj,110-114,Žene,7.36
2055,Broj,115-119,Žene,0.15
2055,Broj,120+,Žene,0.0
2055,_%,Total,Žene,100.0
2055,_%,0-4,Žene,2.88
2055,_%,5-9,Žene,3.12
2055,_%,10-14,Žene,3.41
2055,_%,15-19,Žene,3.66
2055,_%,20-24,Žene,3.74
2055,_%,25-29,Žene,3.81
2055,_%,30-34,Žene,4.06
2055,_%,35-39,Žene,4.29
2055,_%,40-44,Žene,4.64
2055,_%,45-49,Žene,5.14
2055,_%,50-54,Žene,5.33
2055,_%,55-59,Žene,6.77
2055,_%,60-64,Žene,7.49
2055,_%,65-69,Žene,8.52
2055,_%,70-74,Žene,8.81
2055,_%,75-79,Žene,8.14
2055,_%,80-84,Žene,6.79
2055,_%,85-89,Žene,4.92
2055,_%,90-94,Žene,3.04
2055,_%,95-99,Žene,1.16
2055,_%,100-104,Žene,0.25
2055,_%,105-109,Žene,0.02
2055,_%,110-114,Žene,0.0
2055,_%,115-119,Žene,0.0
2055,_%,120+,Žene,0.0
2060,Broj,Total,Žene,1057124.8
2060,Broj,0-4,Žene,29883.71
2060,Broj,5-9,Žene,32567.29
2060,Broj,10-14,Žene,35654.63
2060,Broj,15-19,Žene,38319.62
2060,Broj,20-24,Žene,38492.35
2060,Broj,25-29,Žene,38631.43
2060,Broj,30-34,Žene,41237.0
2060,Broj,35-39,Žene,45078.16
2060,Broj,40-44,Žene,48236.61
2060,Broj,45-49,Žene,52329.73
2060,Broj,50-54,Žene,58537.31
2060,Broj,55-59,Žene,60916.97
2060,Broj,60-64,Žene,77079.7
2060,Broj,65-69,Žene,84202.12
2060,Broj,70-74,Žene,93092.13
2060,Broj,75-79,Žene,92307.31
2060,Broj,80-84,Žene,79099.1
2060,Broj,85-89,Žene,58107.51
2060,Broj,90-94,Žene,34065.77
2060,Broj,95-99,Žene,15167.82
2060,Broj,100-104,Žene,3692.61
2060,Broj,105-109,Žene,410.17
2060,Broj,110-114,Žene,15.59
2060,Broj,115-119,Žene,0.18
2060,Broj,120+,Žene,0.0
2060,_%,Total,Žene,100.0
2060,_%,0-4,Žene,2.83
2060,_%,5-9,Žene,3.08
2060,_%,10-14,Žene,3.37
2060,_%,15-19,Žene,3.62
2060,_%,20-24,Žene,3.64
2060,_%,25-29,Žene,3.65
2060,_%,30-34,Žene,3.9
2060,_%,35-39,Žene,4.26
2060,_%,40-44,Žene,4.56
2060,_%,45-49,Žene,4.95
2060,_%,50-54,Žene,5.54
2060,_%,55-59,Žene,5.76
2060,_%,60-64,Žene,7.29
2060,_%,65-69,Žene,7.97
2060,_%,70-74,Žene,8.81
2060,_%,75-79,Žene,8.73
2060,_%,80-84,Žene,7.48
2060,_%,85-89,Žene,5.5
2060,_%,90-94,Žene,3.22
2060,_%,95-99,Žene,1.43
2060,_%,100-104,Žene,0.35
2060,_%,105-109,Žene,0.04
2060,_%,110-114,Žene,0.0
2060,_%,115-119,Žene,0.0
2060,_%,120+,Žene,0.0
2065,Broj,Total,Žene,966230.19
2065,Broj,0-4,Žene,26774.95
2065,Broj,5-9,Žene,29310.58
2065,Broj,10-14,Žene,32296.94
2065,Broj,15-19,Žene,34824.48
2065,Broj,20-24,Žene,34972.34
2065,Broj,25-29,Žene,34596.83
2065,Broj,30-34,Žene,36361.76
2065,Broj,35-39,Žene,39804.99
2065,Broj,40-44,Žene,43967.98
2065,Broj,45-49,Žene,47309.75
2065,Broj,50-54,Žene,51780.51
2065,Broj,55-59,Žene,58121.28
2065,Broj,60-64,Žene,60456.15
2065,Broj,65-69,Žene,75363.93
2065,Broj,70-74,Žene,80209.19
2065,Broj,75-79,Žene,85191.6
2065,Broj,80-84,Žene,78733.19
2065,Broj,85-89,Žene,59842.88
2065,Broj,90-94,Žene,36053.22
2065,Broj,95-99,Žene,15296.92
2065,Broj,100-104,Žene,4377.0
2065,Broj,105-109,Žene,558.43
2065,Broj,110-114,Žene,24.9
2065,Broj,115-119,Žene,0.39
2065,Broj,120+,Žene,0.0
2065,_%,Total,Žene,100.0
2065,_%,0-4,Žene,2.77
2065,_%,5-9,Žene,3.03
2065,_%,10-14,Žene,3.34
2065,_%,15-19,Žene,3.6
2065,_%,20-24,Žene,3.62
2065,_%,25-29,Žene,3.58
2065,_%,30-34,Žene,3.76
2065,_%,35-39,Žene,4.12
2065,_%,40-44,Žene,4.55
2065,_%,45-49,Žene,4.9
2065,_%,50-54,Žene,5.36
2065,_%,55-59,Žene,6.02
2065,_%,60-64,Žene,6.26
2065,_%,65-69,Žene,7.8
2065,_%,70-74,Žene,8.3
2065,_%,75-79,Žene,8.82
2065,_%,80-84,Žene,8.15
2065,_%,85-89,Žene,6.19
2065,_%,90-94,Žene,3.73
2065,_%,95-99,Žene,1.58
2065,_%,100-104,Žene,0.45
2065,_%,105-109,Žene,0.06
2065,_%,110-114,Žene,0.0
2065,_%,115-119,Žene,0.0
2065,_%,120+,Žene,0.0
2070,Broj,Total,Žene,879188.19
2070,Broj,0-4,Žene,24113.42
2070,Broj,5-9,Žene,26273.04
2070,Broj,10-14,Žene,29076.75
2070,Broj,15-19,Žene,31546.56
2070,Broj,20-24,Žene,31780.47
2070,Broj,25-29,Žene,31431.3
2070,Broj,30-34,Žene,32581.2
2070,Broj,35-39,Žene,35135.92
2070,Broj,40-44,Žene,38862.94
2070,Broj,45-49,Žene,43127.9
2070,Broj,50-54,Žene,46831.98
2070,Broj,55-59,Žene,51467.74
2070,Broj,60-64,Žene,57677.27
2070,Broj,65-69,Žene,59360.94
2070,Broj,70-74,Žene,71963.48
2070,Broj,75-79,Žene,73853.08
2070,Broj,80-84,Žene,73335.96
2070,Broj,85-89,Žene,60535.41
2070,Broj,90-94,Žene,38056.84
2070,Broj,95-99,Žene,16864.48
2070,Broj,100-104,Žene,4587.93
2070,Broj,105-109,Žene,687.89
2070,Broj,110-114,Žene,35.07
2070,Broj,115-119,Žene,0.63
2070,Broj,120+,Žene,0.01
2070,_%,Total,Žene,100.0
2070,_%,0-4,Žene,2.74
2070,_%,5-9,Žene,2.99
2070,_%,10-14,Žene,3.31
2070,_%,15-19,Žene,3.59
2070,_%,20-24,Žene,3.61
2070,_%,25-29,Žene,3.58
2070,_%,30-34,Žene,3.71
2070,_%,35-39,Žene,4.0
2070,_%,40-44,Žene,4.42
2070,_%,45-49,Žene,4.91
2070,_%,50-54,Žene,5.33
2070,_%,55-59,Žene,5.85
2070,_%,60-64,Žene,6.56
2070,_%,65-69,Žene,6.75
2070,_%,70-74,Žene,8.19
2070,_%,75-79,Žene,8.4
2070,_%,80-84,Žene,8.34
2070,_%,85-89,Žene,6.89
2070,_%,90-94,Žene,4.33
2070,_%,95-99,Žene,1.92
2070,_%,100-104,Žene,0.52
2070,_%,105-109,Žene,0.08
2070,_%,110-114,Žene,0.0
2070,_%,115-119,Žene,0.0
2070,_%,120+,Žene,0.0
