Year,SERIES,UNIT_MEASURE,Godine,Spol,Value
2015,Rasprostranjenost umjerene ili ozbiljne nesigurnosti hrane kod odrasle populacije,Postotak,15 godina i više,Žene,9.61827
2016,Rasprostranjenost umjerene ili ozbiljne nesigurnosti hrane kod odrasle populacije,Postotak,15 godina i više,Žene,9.06745
2017,Rasprostranjenost umjerene ili ozbiljne nesigurnosti hrane kod odrasle populacije,Postotak,15 godina i više,Žene,7.78605
2018,Rasprostranjenost umjerene ili ozbiljne nesigurnosti hrane kod odrasle populacije,Postotak,15 godina i više,Žene,8.17431
2015,Rasprostranjenost umjerene ili ozbiljne nesigurnosti hrane kod odrasle populacije,Postotak,15 godina i više,Muškarci,9.18687
2016,Rasprostranjenost umjerene ili ozbiljne nesigurnosti hrane kod odrasle populacije,Postotak,15 godina i više,Muškarci,10.96086
2017,Rasprostranjenost umjerene ili ozbiljne nesigurnosti hrane kod odrasle populacije,Postotak,15 godina i više,Muškarci,9.20166
2018,Rasprostranjenost umjerene ili ozbiljne nesigurnosti hrane kod odrasle populacije,Postotak,15 godina i više,Muškarci,9.61538
2015,Rasprostranjenost umjerene ili ozbiljne nesigurnosti hrane kod odrasle populacije,Postotak,Svi dobni rasponi ili nema podjele po godinama,Oba spola,9.59245
2016,Rasprostranjenost umjerene ili ozbiljne nesigurnosti hrane kod odrasle populacije,Postotak,Svi dobni rasponi ili nema podjele po godinama,Oba spola,10.26853
2017,Rasprostranjenost umjerene ili ozbiljne nesigurnosti hrane kod odrasle populacije,Postotak,Svi dobni rasponi ili nema podjele po godinama,Oba spola,8.6838
2018,Rasprostranjenost umjerene ili ozbiljne nesigurnosti hrane kod odrasle populacije,Postotak,Svi dobni rasponi ili nema podjele po godinama,Oba spola,9.18705
2015,Rasprostranjenost ozbiljne nesigurnosti hranom kod populacije,Postotak,15 godina i više,Žene,1.36182
2016,Rasprostranjenost ozbiljne nesigurnosti hranom kod populacije,Postotak,15 godina i više,Žene,1.36499
2017,Rasprostranjenost ozbiljne nesigurnosti hranom kod populacije,Postotak,15 godina i više,Žene,1.00075
2018,Rasprostranjenost ozbiljne nesigurnosti hranom kod populacije,Postotak,15 godina i više,Žene,1.17074
2015,Rasprostranjenost ozbiljne nesigurnosti hranom kod populacije,Postotak,15 godina i više,Muškarci,1.72603
2016,Rasprostranjenost ozbiljne nesigurnosti hranom kod populacije,Postotak,15 godina i više,Muškarci,2.09713
2017,Rasprostranjenost ozbiljne nesigurnosti hranom kod populacije,Postotak,15 godina i više,Muškarci,1.53019
2018,Rasprostranjenost ozbiljne nesigurnosti hranom kod populacije,Postotak,15 godina i više,Muškarci,1.55626
2015,Rasprostranjenost ozbiljne nesigurnosti hranom kod populacije,Postotak,Svi dobni rasponi ili nema podjele po godinama,Oba spola,1.5382
2016,Rasprostranjenost ozbiljne nesigurnosti hranom kod populacije,Postotak,Svi dobni rasponi ili nema podjele po godinama,Oba spola,1.76184
2017,Rasprostranjenost ozbiljne nesigurnosti hranom kod populacije,Postotak,Svi dobni rasponi ili nema podjele po godinama,Oba spola,1.32249
2018,Rasprostranjenost ozbiljne nesigurnosti hranom kod populacije,Postotak,Svi dobni rasponi ili nema podjele po godinama,Oba spola,1.45702
2015,Ukupna populacija u umjerenoj ili ozbiljnoj nesigurnosti hrane (broj),Tisuće,15 godina i više,Žene,143.90642
2016,Ukupna populacija u umjerenoj ili ozbiljnoj nesigurnosti hrane (broj),Tisuće,15 godina i više,Žene,134.20191
2017,Ukupna populacija u umjerenoj ili ozbiljnoj nesigurnosti hrane (broj),Tisuće,15 godina i više,Žene,114.2907
2018,Ukupna populacija u umjerenoj ili ozbiljnoj nesigurnosti hrane (broj),Tisuće,15 godina i više,Žene,119.12529
2015,Ukupna populacija u umjerenoj ili ozbiljnoj nesigurnosti hrane (broj),Tisuće,15 godina i više,Muškarci,130.17484
2016,Ukupna populacija u umjerenoj ili ozbiljnoj nesigurnosti hrane (broj),Tisuće,15 godina i više,Muškarci,153.56874
2017,Ukupna populacija u umjerenoj ili ozbiljnoj nesigurnosti hrane (broj),Tisuće,15 godina i više,Muškarci,127.783
2018,Ukupna populacija u umjerenoj ili ozbiljnoj nesigurnosti hrane (broj),Tisuće,15 godina i više,Muškarci,132.46102
2015,Ukupna populacija u umjerenoj ili ozbiljnoj nesigurnosti hrane (broj),Tisuće,Svi dobni rasponi ili nema podjele po godinama,Oba spola,329.26817
2016,Ukupna populacija u umjerenoj ili ozbiljnoj nesigurnosti hrane (broj),Tisuće,Svi dobni rasponi ili nema podjele po godinama,Oba spola,348.00609
2017,Ukupna populacija u umjerenoj ili ozbiljnoj nesigurnosti hrane (broj),Tisuće,Svi dobni rasponi ili nema podjele po godinama,Oba spola,291.24677
2018,Ukupna populacija u umjerenoj ili ozbiljnoj nesigurnosti hrane (broj),Tisuće,Svi dobni rasponi ili nema podjele po godinama,Oba spola,305.51409
2015,Ukupna populacija u ozbiljnoj nesigurnosti hrane (broj),Tisuće,15 godina i više,Žene,20.37518
2016,Ukupna populacija u ozbiljnoj nesigurnosti hrane (broj),Tisuće,15 godina i više,Žene,20.20242
2017,Ukupna populacija u ozbiljnoj nesigurnosti hrane (broj),Tisuće,15 godina i više,Žene,14.6899
2018,Ukupna populacija u ozbiljnoj nesigurnosti hrane (broj),Tisuće,15 godina i više,Žene,17.06139
2015,Ukupna populacija u ozbiljnoj nesigurnosti hrane (broj),Tisuće,15 godina i više,Muškarci,24.45721
2016,Ukupna populacija u ozbiljnoj nesigurnosti hrane (broj),Tisuće,15 godina i više,Muškarci,29.3821
2017,Ukupna populacija u ozbiljnoj nesigurnosti hrane (broj),Tisuće,15 godina i više,Muškarci,21.2497
2018,Ukupna populacija u ozbiljnoj nesigurnosti hrane (broj),Tisuće,15 godina i više,Muškarci,21.43889
2015,Ukupna populacija u ozbiljnoj nesigurnosti hrane (broj),Tisuće,Svi dobni rasponi ili nema podjele po godinama,Oba spola,52.79993
2016,Ukupna populacija u ozbiljnoj nesigurnosti hrane (broj),Tisuće,Svi dobni rasponi ili nema podjele po godinama,Oba spola,59.70975
2017,Ukupna populacija u ozbiljnoj nesigurnosti hrane (broj),Tisuće,Svi dobni rasponi ili nema podjele po godinama,Oba spola,44.35517
2018,Ukupna populacija u ozbiljnoj nesigurnosti hrane (broj),Tisuće,Svi dobni rasponi ili nema podjele po godinama,Oba spola,48.45317
