Year,UNIT_MEASURE,Spol,ADMIN_AREA,Value
2001,Broj,M,BiH,98.0
2002,Broj,M,BiH,77.0
2003,Broj,M,BiH,91.0
2004,Broj,M,BiH,94.0
2005,Broj,M,BiH,85.0
2006,Broj,M,BiH,83.0
2007,Broj,M,BiH,98.0
2008,Broj,M,BiH,102.0
2009,Broj,M,BiH,80.0
2010,Broj,M,BiH,83.0
2011,Broj,M,BiH,57.0
2012,Broj,M,BiH,64.0
2013,Broj,M,BiH,45.0
2014,Broj,M,BiH,45.0
2015,Broj,M,BiH,56.0
2016,Broj,M,BiH,54.0
2017,Broj,M,BiH,51.0
2018,Broj,M,BiH,49.0
2019,Broj,M,BiH,40.0
2001,Broj,Ž,BiH,95.0
2002,Broj,Ž,BiH,61.0
2003,Broj,Ž,BiH,59.0
2004,Broj,Ž,BiH,74.0
2005,Broj,Ž,BiH,62.0
2006,Broj,Ž,BiH,54.0
2007,Broj,Ž,BiH,76.0
2008,Broj,Ž,BiH,69.0
2009,Broj,Ž,BiH,56.0
2010,Broj,Ž,BiH,60.0
2011,Broj,Ž,BiH,61.0
2012,Broj,Ž,BiH,56.0
2013,Broj,Ž,BiH,57.0
2014,Broj,Ž,BiH,32.0
2015,Broj,Ž,BiH,58.0
2016,Broj,Ž,BiH,56.0
2017,Broj,Ž,BiH,52.0
2018,Broj,Ž,BiH,39.0
2019,Broj,Ž,BiH,42.0
1996,Broj,Oba spola,BiH,271.0
1997,Broj,Oba spola,BiH,240.0
1998,Broj,Oba spola,BiH,202.0
1999,Broj,Oba spola,BiH,224.0
2000,Broj,Oba spola,BiH,159.0
2001,Broj,Oba spola,BiH,193.0
2002,Broj,Oba spola,BiH,138.0
2003,Broj,Oba spola,BiH,150.0
2004,Broj,Oba spola,BiH,168.0
2005,Broj,Oba spola,BiH,147.0
2006,Broj,Oba spola,BiH,137.0
2007,Broj,Oba spola,BiH,174.0
2008,Broj,Oba spola,BiH,171.0
2009,Broj,Oba spola,BiH,136.0
2010,Broj,Oba spola,BiH,143.0
2011,Broj,Oba spola,BiH,118.0
2012,Broj,Oba spola,BiH,120.0
2013,Broj,Oba spola,BiH,102.0
2014,Broj,Oba spola,BiH,77.0
2015,Broj,Oba spola,BiH,114.0
2016,Broj,Oba spola,BiH,110.0
2017,Broj,Oba spola,BiH,103.0
2018,Broj,Oba spola,BiH,88.0
2019,Broj,Oba spola,BiH,82.0
1997,Broj,M,Federacija BiH,98.0
1998,Broj,M,Federacija BiH,76.0
1999,Broj,M,Federacija BiH,88.0
2000,Broj,M,Federacija BiH,59.0
2001,Broj,M,Federacija BiH,60.0
2002,Broj,M,Federacija BiH,60.0
2003,Broj,M,Federacija BiH,72.0
2004,Broj,M,Federacija BiH,70.0
2005,Broj,M,Federacija BiH,69.0
2006,Broj,M,Federacija BiH,62.0
2007,Broj,M,Federacija BiH,73.0
2008,Broj,M,Federacija BiH,79.0
2009,Broj,M,Federacija BiH,52.0
2010,Broj,M,Federacija BiH,55.0
2011,Broj,M,Federacija BiH,39.0
2012,Broj,M,Federacija BiH,36.0
2013,Broj,M,Federacija BiH,27.0
2014,Broj,M,Federacija BiH,32.0
2015,Broj,M,Federacija BiH,48.0
2016,Broj,M,Federacija BiH,54.0
2017,Broj,M,Federacija BiH,41.0
2018,Broj,M,Federacija BiH,37.0
2019,Broj,M,Federacija BiH,36.0
1997,Broj,Ž,Federacija BiH,69.0
1998,Broj,Ž,Federacija BiH,70.0
1999,Broj,Ž,Federacija BiH,66.0
2000,Broj,Ž,Federacija BiH,48.0
2001,Broj,Ž,Federacija BiH,56.0
2002,Broj,Ž,Federacija BiH,38.0
2003,Broj,Ž,Federacija BiH,37.0
2004,Broj,Ž,Federacija BiH,53.0
2005,Broj,Ž,Federacija BiH,41.0
2006,Broj,Ž,Federacija BiH,43.0
2007,Broj,Ž,Federacija BiH,57.0
2008,Broj,Ž,Federacija BiH,50.0
2009,Broj,Ž,Federacija BiH,38.0
2010,Broj,Ž,Federacija BiH,30.0
2011,Broj,Ž,Federacija BiH,37.0
2012,Broj,Ž,Federacija BiH,32.0
2013,Broj,Ž,Federacija BiH,33.0
2014,Broj,Ž,Federacija BiH,21.0
2015,Broj,Ž,Federacija BiH,49.0
2016,Broj,Ž,Federacija BiH,41.0
2017,Broj,Ž,Federacija BiH,43.0
2018,Broj,Ž,Federacija BiH,31.0
2019,Broj,Ž,Federacija BiH,33.0
1997,Broj,Oba spola,Federacija BiH,167.0
1998,Broj,Oba spola,Federacija BiH,146.0
1999,Broj,Oba spola,Federacija BiH,154.0
2000,Broj,Oba spola,Federacija BiH,107.0
2001,Broj,Oba spola,Federacija BiH,116.0
2002,Broj,Oba spola,Federacija BiH,98.0
2003,Broj,Oba spola,Federacija BiH,109.0
2004,Broj,Oba spola,Federacija BiH,123.0
2005,Broj,Oba spola,Federacija BiH,110.0
2006,Broj,Oba spola,Federacija BiH,105.0
2007,Broj,Oba spola,Federacija BiH,130.0
2008,Broj,Oba spola,Federacija BiH,129.0
2009,Broj,Oba spola,Federacija BiH,90.0
2010,Broj,Oba spola,Federacija BiH,85.0
2011,Broj,Oba spola,Federacija BiH,76.0
2012,Broj,Oba spola,Federacija BiH,68.0
2013,Broj,Oba spola,Federacija BiH,60.0
2014,Broj,Oba spola,Federacija BiH,53.0
2015,Broj,Oba spola,Federacija BiH,97.0
2016,Broj,Oba spola,Federacija BiH,95.0
2017,Broj,Oba spola,Federacija BiH,84.0
2018,Broj,Oba spola,Federacija BiH,68.0
2019,Broj,Oba spola,Federacija BiH,69.0
1997,Broj,M,Republika Srpska,38.0
1998,Broj,M,Republika Srpska,19.0
1999,Broj,M,Republika Srpska,39.0
2000,Broj,M,Republika Srpska,27.0
2001,Broj,M,Republika Srpska,38.0
2002,Broj,M,Republika Srpska,17.0
2003,Broj,M,Republika Srpska,17.0
2004,Broj,M,Republika Srpska,19.0
2005,Broj,M,Republika Srpska,20.0
2006,Broj,M,Republika Srpska,20.0
2007,Broj,M,Republika Srpska,23.0
2008,Broj,M,Republika Srpska,20.0
2009,Broj,M,Republika Srpska,21.0
2010,Broj,M,Republika Srpska,23.0
2011,Broj,M,Republika Srpska,12.0
2012,Broj,M,Republika Srpska,24.0
2013,Broj,M,Republika Srpska,17.0
2014,Broj,M,Republika Srpska,13.0
2015,Broj,M,Republika Srpska,8.0
2016,Broj,M,Republika Srpska,5.0
2017,Broj,M,Republika Srpska,10.0
2018,Broj,M,Republika Srpska,11.0
2019,Broj,M,Republika Srpska,4.0
1997,Broj,Ž,Republika Srpska,39.0
1998,Broj,Ž,Republika Srpska,37.0
1999,Broj,Ž,Republika Srpska,31.0
2000,Broj,Ž,Republika Srpska,25.0
2001,Broj,Ž,Republika Srpska,39.0
2002,Broj,Ž,Republika Srpska,23.0
2003,Broj,Ž,Republika Srpska,20.0
2004,Broj,Ž,Republika Srpska,16.0
2005,Broj,Ž,Republika Srpska,20.0
2006,Broj,Ž,Republika Srpska,7.0
2007,Broj,Ž,Republika Srpska,16.0
2008,Broj,Ž,Republika Srpska,14.0
2009,Broj,Ž,Republika Srpska,11.0
2010,Broj,Ž,Republika Srpska,18.0
2011,Broj,Ž,Republika Srpska,17.0
2012,Broj,Ž,Republika Srpska,14.0
2013,Broj,Ž,Republika Srpska,20.0
2014,Broj,Ž,Republika Srpska,9.0
2015,Broj,Ž,Republika Srpska,9.0
2016,Broj,Ž,Republika Srpska,10.0
2017,Broj,Ž,Republika Srpska,7.0
2018,Broj,Ž,Republika Srpska,7.0
2019,Broj,Ž,Republika Srpska,9.0
1997,Broj,Oba spola,Republika Srpska,77.0
1998,Broj,Oba spola,Republika Srpska,56.0
1999,Broj,Oba spola,Republika Srpska,70.0
2000,Broj,Oba spola,Republika Srpska,52.0
2001,Broj,Oba spola,Republika Srpska,77.0
2002,Broj,Oba spola,Republika Srpska,40.0
2003,Broj,Oba spola,Republika Srpska,37.0
2004,Broj,Oba spola,Republika Srpska,35.0
2005,Broj,Oba spola,Republika Srpska,40.0
2006,Broj,Oba spola,Republika Srpska,27.0
2007,Broj,Oba spola,Republika Srpska,39.0
2008,Broj,Oba spola,Republika Srpska,34.0
2009,Broj,Oba spola,Republika Srpska,32.0
2010,Broj,Oba spola,Republika Srpska,41.0
2011,Broj,Oba spola,Republika Srpska,29.0
2012,Broj,Oba spola,Republika Srpska,38.0
2013,Broj,Oba spola,Republika Srpska,37.0
2014,Broj,Oba spola,Republika Srpska,22.0
2015,Broj,Oba spola,Republika Srpska,17.0
2016,Broj,Oba spola,Republika Srpska,15.0
2017,Broj,Oba spola,Republika Srpska,17.0
2018,Broj,Oba spola,Republika Srpska,18.0
2019,Broj,Oba spola,Republika Srpska,13.0
2004,Broj,M,Brčko distrikt BiH,4.0
2006,Broj,M,Brčko distrikt BiH,1.0
2007,Broj,M,Brčko distrikt BiH,1.0
2008,Broj,M,Brčko distrikt BiH,3.0
2009,Broj,M,Brčko distrikt BiH,6.0
2010,Broj,M,Brčko distrikt BiH,4.0
2011,Broj,M,Brčko distrikt BiH,5.0
2012,Broj,M,Brčko distrikt BiH,4.0
2013,Broj,M,Brčko distrikt BiH,1.0
2014,Broj,M,Brčko distrikt BiH,1.0
2004,Broj,Ž,Brčko distrikt BiH,6.0
2005,Broj,Ž,Brčko distrikt BiH,11.0
2006,Broj,Ž,Brčko distrikt BiH,4.0
2007,Broj,Ž,Brčko distrikt BiH,3.0
2008,Broj,Ž,Brčko distrikt BiH,5.0
2009,Broj,Ž,Brčko distrikt BiH,6.0
2010,Broj,Ž,Brčko distrikt BiH,11.0
2011,Broj,Ž,Brčko distrikt BiH,6.0
2012,Broj,Ž,Brčko distrikt BiH,9.0
2013,Broj,Ž,Brčko distrikt BiH,3.0
2014,Broj,Ž,Brčko distrikt BiH,1.0
2004,Broj,Oba spola,Brčko distrikt BiH,10.0
2005,Broj,Oba spola,Brčko distrikt BiH,11.0
2006,Broj,Oba spola,Brčko distrikt BiH,5.0
2007,Broj,Oba spola,Brčko distrikt BiH,4.0
2008,Broj,Oba spola,Brčko distrikt BiH,8.0
2009,Broj,Oba spola,Brčko distrikt BiH,12.0
2010,Broj,Oba spola,Brčko distrikt BiH,15.0
2011,Broj,Oba spola,Brčko distrikt BiH,11.0
2012,Broj,Oba spola,Brčko distrikt BiH,13.0
2013,Broj,Oba spola,Brčko distrikt BiH,4.0
2014,Broj,Oba spola,Brčko distrikt BiH,2.0
