Year,UNIT_MEASURE,Spol,Entitet,Value
2001,Broj,Muškarci,BiH,98.0
2002,Broj,Muškarci,BiH,77.0
2003,Broj,Muškarci,BiH,91.0
2004,Broj,Muškarci,BiH,94.0
2005,Broj,Muškarci,BiH,85.0
2006,Broj,Muškarci,BiH,83.0
2007,Broj,Muškarci,BiH,98.0
2008,Broj,Muškarci,BiH,102.0
2009,Broj,Muškarci,BiH,80.0
2010,Broj,Muškarci,BiH,83.0
2011,Broj,Muškarci,BiH,57.0
2012,Broj,Muškarci,BiH,64.0
2013,Broj,Muškarci,BiH,45.0
2014,Broj,Muškarci,BiH,45.0
2015,Broj,Muškarci,BiH,56.0
2016,Broj,Muškarci,BiH,54.0
2017,Broj,Muškarci,BiH,51.0
2018,Broj,Muškarci,BiH,49.0
2019,Broj,Muškarci,BiH,40.0
2001,Broj,Žene,BiH,95.0
2002,Broj,Žene,BiH,61.0
2003,Broj,Žene,BiH,59.0
2004,Broj,Žene,BiH,74.0
2005,Broj,Žene,BiH,62.0
2006,Broj,Žene,BiH,54.0
2007,Broj,Žene,BiH,76.0
2008,Broj,Žene,BiH,69.0
2009,Broj,Žene,BiH,56.0
2010,Broj,Žene,BiH,60.0
2011,Broj,Žene,BiH,61.0
2012,Broj,Žene,BiH,56.0
2013,Broj,Žene,BiH,57.0
2014,Broj,Žene,BiH,32.0
2015,Broj,Žene,BiH,58.0
2016,Broj,Žene,BiH,56.0
2017,Broj,Žene,BiH,52.0
2018,Broj,Žene,BiH,39.0
2019,Broj,Žene,BiH,42.0
1996,Broj,Oba spola,BiH,271.0
1997,Broj,Oba spola,BiH,240.0
1998,Broj,Oba spola,BiH,202.0
1999,Broj,Oba spola,BiH,224.0
2000,Broj,Oba spola,BiH,159.0
2001,Broj,Oba spola,BiH,193.0
2002,Broj,Oba spola,BiH,138.0
2003,Broj,Oba spola,BiH,150.0
2004,Broj,Oba spola,BiH,168.0
2005,Broj,Oba spola,BiH,147.0
2006,Broj,Oba spola,BiH,137.0
2007,Broj,Oba spola,BiH,174.0
2008,Broj,Oba spola,BiH,171.0
2009,Broj,Oba spola,BiH,136.0
2010,Broj,Oba spola,BiH,143.0
2011,Broj,Oba spola,BiH,118.0
2012,Broj,Oba spola,BiH,120.0
2013,Broj,Oba spola,BiH,102.0
2014,Broj,Oba spola,BiH,77.0
2015,Broj,Oba spola,BiH,114.0
2016,Broj,Oba spola,BiH,110.0
2017,Broj,Oba spola,BiH,103.0
2018,Broj,Oba spola,BiH,88.0
2019,Broj,Oba spola,BiH,82.0
1997,Broj,Muškarci,FBiH,98.0
1998,Broj,Muškarci,FBiH,76.0
1999,Broj,Muškarci,FBiH,88.0
2000,Broj,Muškarci,FBiH,59.0
2001,Broj,Muškarci,FBiH,60.0
2002,Broj,Muškarci,FBiH,60.0
2003,Broj,Muškarci,FBiH,72.0
2004,Broj,Muškarci,FBiH,70.0
2005,Broj,Muškarci,FBiH,69.0
2006,Broj,Muškarci,FBiH,62.0
2007,Broj,Muškarci,FBiH,73.0
2008,Broj,Muškarci,FBiH,79.0
2009,Broj,Muškarci,FBiH,52.0
2010,Broj,Muškarci,FBiH,55.0
2011,Broj,Muškarci,FBiH,39.0
2012,Broj,Muškarci,FBiH,36.0
2013,Broj,Muškarci,FBiH,27.0
2014,Broj,Muškarci,FBiH,32.0
2015,Broj,Muškarci,FBiH,48.0
2016,Broj,Muškarci,FBiH,54.0
2017,Broj,Muškarci,FBiH,41.0
2018,Broj,Muškarci,FBiH,37.0
2019,Broj,Muškarci,FBiH,36.0
1997,Broj,Žene,FBiH,69.0
1998,Broj,Žene,FBiH,70.0
1999,Broj,Žene,FBiH,66.0
2000,Broj,Žene,FBiH,48.0
2001,Broj,Žene,FBiH,56.0
2002,Broj,Žene,FBiH,38.0
2003,Broj,Žene,FBiH,37.0
2004,Broj,Žene,FBiH,53.0
2005,Broj,Žene,FBiH,41.0
2006,Broj,Žene,FBiH,43.0
2007,Broj,Žene,FBiH,57.0
2008,Broj,Žene,FBiH,50.0
2009,Broj,Žene,FBiH,38.0
2010,Broj,Žene,FBiH,30.0
2011,Broj,Žene,FBiH,37.0
2012,Broj,Žene,FBiH,32.0
2013,Broj,Žene,FBiH,33.0
2014,Broj,Žene,FBiH,21.0
2015,Broj,Žene,FBiH,49.0
2016,Broj,Žene,FBiH,41.0
2017,Broj,Žene,FBiH,43.0
2018,Broj,Žene,FBiH,31.0
2019,Broj,Žene,FBiH,33.0
1997,Broj,Oba spola,FBiH,167.0
1998,Broj,Oba spola,FBiH,146.0
1999,Broj,Oba spola,FBiH,154.0
2000,Broj,Oba spola,FBiH,107.0
2001,Broj,Oba spola,FBiH,116.0
2002,Broj,Oba spola,FBiH,98.0
2003,Broj,Oba spola,FBiH,109.0
2004,Broj,Oba spola,FBiH,123.0
2005,Broj,Oba spola,FBiH,110.0
2006,Broj,Oba spola,FBiH,105.0
2007,Broj,Oba spola,FBiH,130.0
2008,Broj,Oba spola,FBiH,129.0
2009,Broj,Oba spola,FBiH,90.0
2010,Broj,Oba spola,FBiH,85.0
2011,Broj,Oba spola,FBiH,76.0
2012,Broj,Oba spola,FBiH,68.0
2013,Broj,Oba spola,FBiH,60.0
2014,Broj,Oba spola,FBiH,53.0
2015,Broj,Oba spola,FBiH,97.0
2016,Broj,Oba spola,FBiH,95.0
2017,Broj,Oba spola,FBiH,84.0
2018,Broj,Oba spola,FBiH,68.0
2019,Broj,Oba spola,FBiH,69.0
1997,Broj,Muškarci,Republika Srpska,38.0
1998,Broj,Muškarci,Republika Srpska,19.0
1999,Broj,Muškarci,Republika Srpska,39.0
2000,Broj,Muškarci,Republika Srpska,27.0
2001,Broj,Muškarci,Republika Srpska,38.0
2002,Broj,Muškarci,Republika Srpska,17.0
2003,Broj,Muškarci,Republika Srpska,17.0
2004,Broj,Muškarci,Republika Srpska,19.0
2005,Broj,Muškarci,Republika Srpska,20.0
2006,Broj,Muškarci,Republika Srpska,20.0
2007,Broj,Muškarci,Republika Srpska,23.0
2008,Broj,Muškarci,Republika Srpska,20.0
2009,Broj,Muškarci,Republika Srpska,21.0
2010,Broj,Muškarci,Republika Srpska,23.0
2011,Broj,Muškarci,Republika Srpska,12.0
2012,Broj,Muškarci,Republika Srpska,24.0
2013,Broj,Muškarci,Republika Srpska,17.0
2014,Broj,Muškarci,Republika Srpska,13.0
2015,Broj,Muškarci,Republika Srpska,8.0
2016,Broj,Muškarci,Republika Srpska,5.0
2017,Broj,Muškarci,Republika Srpska,10.0
2018,Broj,Muškarci,Republika Srpska,11.0
2019,Broj,Muškarci,Republika Srpska,4.0
1997,Broj,Žene,Republika Srpska,39.0
1998,Broj,Žene,Republika Srpska,37.0
1999,Broj,Žene,Republika Srpska,31.0
2000,Broj,Žene,Republika Srpska,25.0
2001,Broj,Žene,Republika Srpska,39.0
2002,Broj,Žene,Republika Srpska,23.0
2003,Broj,Žene,Republika Srpska,20.0
2004,Broj,Žene,Republika Srpska,16.0
2005,Broj,Žene,Republika Srpska,20.0
2006,Broj,Žene,Republika Srpska,7.0
2007,Broj,Žene,Republika Srpska,16.0
2008,Broj,Žene,Republika Srpska,14.0
2009,Broj,Žene,Republika Srpska,11.0
2010,Broj,Žene,Republika Srpska,18.0
2011,Broj,Žene,Republika Srpska,17.0
2012,Broj,Žene,Republika Srpska,14.0
2013,Broj,Žene,Republika Srpska,20.0
2014,Broj,Žene,Republika Srpska,9.0
2015,Broj,Žene,Republika Srpska,9.0
2016,Broj,Žene,Republika Srpska,10.0
2017,Broj,Žene,Republika Srpska,7.0
2018,Broj,Žene,Republika Srpska,7.0
2019,Broj,Žene,Republika Srpska,9.0
1997,Broj,Oba spola,Republika Srpska,77.0
1998,Broj,Oba spola,Republika Srpska,56.0
1999,Broj,Oba spola,Republika Srpska,70.0
2000,Broj,Oba spola,Republika Srpska,52.0
2001,Broj,Oba spola,Republika Srpska,77.0
2002,Broj,Oba spola,Republika Srpska,40.0
2003,Broj,Oba spola,Republika Srpska,37.0
2004,Broj,Oba spola,Republika Srpska,35.0
2005,Broj,Oba spola,Republika Srpska,40.0
2006,Broj,Oba spola,Republika Srpska,27.0
2007,Broj,Oba spola,Republika Srpska,39.0
2008,Broj,Oba spola,Republika Srpska,34.0
2009,Broj,Oba spola,Republika Srpska,32.0
2010,Broj,Oba spola,Republika Srpska,41.0
2011,Broj,Oba spola,Republika Srpska,29.0
2012,Broj,Oba spola,Republika Srpska,38.0
2013,Broj,Oba spola,Republika Srpska,37.0
2014,Broj,Oba spola,Republika Srpska,22.0
2015,Broj,Oba spola,Republika Srpska,17.0
2016,Broj,Oba spola,Republika Srpska,15.0
2017,Broj,Oba spola,Republika Srpska,17.0
2018,Broj,Oba spola,Republika Srpska,18.0
2019,Broj,Oba spola,Republika Srpska,13.0
2004,Broj,Muškarci,Brčko Distrikt BiH,4.0
2006,Broj,Muškarci,Brčko Distrikt BiH,1.0
2007,Broj,Muškarci,Brčko Distrikt BiH,1.0
2008,Broj,Muškarci,Brčko Distrikt BiH,3.0
2009,Broj,Muškarci,Brčko Distrikt BiH,6.0
2010,Broj,Muškarci,Brčko Distrikt BiH,4.0
2011,Broj,Muškarci,Brčko Distrikt BiH,5.0
2012,Broj,Muškarci,Brčko Distrikt BiH,4.0
2013,Broj,Muškarci,Brčko Distrikt BiH,1.0
2014,Broj,Muškarci,Brčko Distrikt BiH,1.0
2004,Broj,Žene,Brčko Distrikt BiH,6.0
2005,Broj,Žene,Brčko Distrikt BiH,11.0
2006,Broj,Žene,Brčko Distrikt BiH,4.0
2007,Broj,Žene,Brčko Distrikt BiH,3.0
2008,Broj,Žene,Brčko Distrikt BiH,5.0
2009,Broj,Žene,Brčko Distrikt BiH,6.0
2010,Broj,Žene,Brčko Distrikt BiH,11.0
2011,Broj,Žene,Brčko Distrikt BiH,6.0
2012,Broj,Žene,Brčko Distrikt BiH,9.0
2013,Broj,Žene,Brčko Distrikt BiH,3.0
2014,Broj,Žene,Brčko Distrikt BiH,1.0
2004,Broj,Oba spola,Brčko Distrikt BiH,10.0
2005,Broj,Oba spola,Brčko Distrikt BiH,11.0
2006,Broj,Oba spola,Brčko Distrikt BiH,5.0
2007,Broj,Oba spola,Brčko Distrikt BiH,4.0
2008,Broj,Oba spola,Brčko Distrikt BiH,8.0
2009,Broj,Oba spola,Brčko Distrikt BiH,12.0
2010,Broj,Oba spola,Brčko Distrikt BiH,15.0
2011,Broj,Oba spola,Brčko Distrikt BiH,11.0
2012,Broj,Oba spola,Brčko Distrikt BiH,13.0
2013,Broj,Oba spola,Brčko Distrikt BiH,4.0
2014,Broj,Oba spola,Brčko Distrikt BiH,2.0
