Year,SERIES,UNIT_MEASURE,Razina obrazovanja,Spol,COMPOSITE_BREAKDOWN,Value
2018,Udio djece i mladih koja postižu najmanju minimalnu razinu dostignuća u čitanju i  matematici,Postotak,Niže srednje obrazovanje,Oba spola,Matematika,42.4365892249964
2018,Udio djece i mladih koja postižu najmanju minimalnu razinu dostignuća u čitanju i  matematici,Postotak,Niže srednje obrazovanje,Oba spola,Čitanje,46.324932261413
2018,Udio djece i mladih koja postižu najmanju minimalnu razinu dostignuća u čitanju i  matematici,Postotak,Niže srednje obrazovanje,Žene,Matematika,42.5678637665707
2018,Udio djece i mladih koja postižu najmanju minimalnu razinu dostignuća u čitanju i  matematici,Postotak,Niže srednje obrazovanje,Žene,Čitanje,54.7666227762361
2018,Udio djece i mladih koja postižu najmanju minimalnu razinu dostignuća u čitanju i  matematici,Postotak,Niže srednje obrazovanje,Muškarci,Matematika,42.311625596573
2018,Udio djece i mladih koja postižu najmanju minimalnu razinu dostignuća u čitanju i  matematici,Postotak,Niže srednje obrazovanje,Muškarci,Čitanje,38.2890689164767
