Year,SERIES,UNIT_MEASURE,Spol,Value
2000,Broj mjesta koje imaju žene u nacionalnim parlamentima,Broj,Žene,3.0
2001,Broj mjesta koje imaju žene u nacionalnim parlamentima,Broj,Žene,3.0
2002,Broj mjesta koje imaju žene u nacionalnim parlamentima,Broj,Žene,7.0
2003,Broj mjesta koje imaju žene u nacionalnim parlamentima,Broj,Žene,7.0
2004,Broj mjesta koje imaju žene u nacionalnim parlamentima,Broj,Žene,7.0
2005,Broj mjesta koje imaju žene u nacionalnim parlamentima,Broj,Žene,7.0
2006,Broj mjesta koje imaju žene u nacionalnim parlamentima,Broj,Žene,7.0
2007,Broj mjesta koje imaju žene u nacionalnim parlamentima,Broj,Žene,6.0
2008,Broj mjesta koje imaju žene u nacionalnim parlamentima,Broj,Žene,5.0
2009,Broj mjesta koje imaju žene u nacionalnim parlamentima,Broj,Žene,5.0
2010,Broj mjesta koje imaju žene u nacionalnim parlamentima,Broj,Žene,8.0
2011,Broj mjesta koje imaju žene u nacionalnim parlamentima,Broj,Žene,7.0
2012,Broj mjesta koje imaju žene u nacionalnim parlamentima,Broj,Žene,9.0
2013,Broj mjesta koje imaju žene u nacionalnim parlamentima,Broj,Žene,9.0
2014,Broj mjesta koje imaju žene u nacionalnim parlamentima,Broj,Žene,9.0
2015,Broj mjesta koje imaju žene u nacionalnim parlamentima,Broj,Žene,9.0
2016,Broj mjesta koje imaju žene u nacionalnim parlamentima,Broj,Žene,9.0
2017,Broj mjesta koje imaju žene u nacionalnim parlamentima,Broj,Žene,9.0
2018,Broj mjesta koje imaju žene u nacionalnim parlamentima,Broj,Žene,9.0
2019,Broj mjesta koje imaju žene u nacionalnim parlamentima,Broj,Žene,9.0
2020,Broj mjesta koje imaju žene u nacionalnim parlamentima,Broj,Žene,9.0
2000,Broj mjesta u nacionalnim parlamentima,Broj,Oba spola,42.0
2001,Broj mjesta u nacionalnim parlamentima,Broj,Oba spola,42.0
2002,Broj mjesta u nacionalnim parlamentima,Broj,Oba spola,42.0
2003,Broj mjesta u nacionalnim parlamentima,Broj,Oba spola,42.0
2004,Broj mjesta u nacionalnim parlamentima,Broj,Oba spola,42.0
2005,Broj mjesta u nacionalnim parlamentima,Broj,Oba spola,42.0
2006,Broj mjesta u nacionalnim parlamentima,Broj,Oba spola,42.0
2007,Broj mjesta u nacionalnim parlamentima,Broj,Oba spola,42.0
2008,Broj mjesta u nacionalnim parlamentima,Broj,Oba spola,42.0
2009,Broj mjesta u nacionalnim parlamentima,Broj,Oba spola,42.0
2010,Broj mjesta u nacionalnim parlamentima,Broj,Oba spola,42.0
2011,Broj mjesta u nacionalnim parlamentima,Broj,Oba spola,42.0
2012,Broj mjesta u nacionalnim parlamentima,Broj,Oba spola,42.0
2013,Broj mjesta u nacionalnim parlamentima,Broj,Oba spola,42.0
2014,Broj mjesta u nacionalnim parlamentima,Broj,Oba spola,42.0
2015,Broj mjesta u nacionalnim parlamentima,Broj,Oba spola,42.0
2016,Broj mjesta u nacionalnim parlamentima,Broj,Oba spola,42.0
2017,Broj mjesta u nacionalnim parlamentima,Broj,Oba spola,42.0
2018,Broj mjesta u nacionalnim parlamentima,Broj,Oba spola,42.0
2019,Broj mjesta u nacionalnim parlamentima,Broj,Oba spola,42.0
2020,Broj mjesta u nacionalnim parlamentima,Broj,Oba spola,42.0
2018,Udio biračkih mjesta koje imaju žene u savjetodavnim tijelima lokalne uprave,Postotak,Žene,18.59
2000,Udio mjesta koje imaju žene u nacionalnim parlamentima (% od ukupnog broja mjesta),Postotak,Žene,7.14
2001,Udio mjesta koje imaju žene u nacionalnim parlamentima (% od ukupnog broja mjesta),Postotak,Žene,7.14
2002,Udio mjesta koje imaju žene u nacionalnim parlamentima (% od ukupnog broja mjesta),Postotak,Žene,16.67
2003,Udio mjesta koje imaju žene u nacionalnim parlamentima (% od ukupnog broja mjesta),Postotak,Žene,16.67
2004,Udio mjesta koje imaju žene u nacionalnim parlamentima (% od ukupnog broja mjesta),Postotak,Žene,16.67
2005,Udio mjesta koje imaju žene u nacionalnim parlamentima (% od ukupnog broja mjesta),Postotak,Žene,16.67
2006,Udio mjesta koje imaju žene u nacionalnim parlamentima (% od ukupnog broja mjesta),Postotak,Žene,16.67
2007,Udio mjesta koje imaju žene u nacionalnim parlamentima (% od ukupnog broja mjesta),Postotak,Žene,14.29
2008,Udio mjesta koje imaju žene u nacionalnim parlamentima (% od ukupnog broja mjesta),Postotak,Žene,11.9
2009,Udio mjesta koje imaju žene u nacionalnim parlamentima (% od ukupnog broja mjesta),Postotak,Žene,11.9
2010,Udio mjesta koje imaju žene u nacionalnim parlamentima (% od ukupnog broja mjesta),Postotak,Žene,19.05
2011,Udio mjesta koje imaju žene u nacionalnim parlamentima (% od ukupnog broja mjesta),Postotak,Žene,16.67
2012,Udio mjesta koje imaju žene u nacionalnim parlamentima (% od ukupnog broja mjesta),Postotak,Žene,21.43
2013,Udio mjesta koje imaju žene u nacionalnim parlamentima (% od ukupnog broja mjesta),Postotak,Žene,21.43
2014,Udio mjesta koje imaju žene u nacionalnim parlamentima (% od ukupnog broja mjesta),Postotak,Žene,21.43
2015,Udio mjesta koje imaju žene u nacionalnim parlamentima (% od ukupnog broja mjesta),Postotak,Žene,21.43
2016,Udio mjesta koje imaju žene u nacionalnim parlamentima (% od ukupnog broja mjesta),Postotak,Žene,21.43
2017,Udio mjesta koje imaju žene u nacionalnim parlamentima (% od ukupnog broja mjesta),Postotak,Žene,21.43
2018,Udio mjesta koje imaju žene u nacionalnim parlamentima (% od ukupnog broja mjesta),Postotak,Žene,21.43
2019,Udio mjesta koje imaju žene u nacionalnim parlamentima (% od ukupnog broja mjesta),Postotak,Žene,21.43
2020,Udio mjesta koje imaju žene u nacionalnim parlamentima (% od ukupnog broja mjesta),Postotak,Žene,21.43
