Year,POVERTY_RATE,UNIT_MEASURE,Entitet,Value
2004,households_in_poverty,_%,BiH,18.1
2007,households_in_poverty,_%,BiH,18.4
2011,households_in_poverty,_%,BiH,17.2
2015,households_in_poverty,_%,BiH,16.5
2004,households_in_poverty,_%,Federacija BiH,18.3
2007,households_in_poverty,_%,Federacija BiH,16.3
2011,households_in_poverty,_%,Federacija BiH,16.0
2015,households_in_poverty,_%,Federacija BiH,16.0
2004,households_in_poverty,_%,Republika Srpska,18.3
2007,households_in_poverty,_%,Republika Srpska,21.7
2011,households_in_poverty,_%,Republika Srpska,19.6
2015,households_in_poverty,_%,Republika Srpska,17.4
2004,households_in_poverty,_%,Brčko Distrikt BiH,7.8
2007,households_in_poverty,_%,Brčko Distrikt BiH,23.6
2011,households_in_poverty,_%,Brčko Distrikt BiH,12.2
2015,households_in_poverty,_%,Brčko Distrikt BiH,15.9
