Year,SERIES,UNIT_MEASURE,Spol,Godine,Value
2011,Udio odraslih (15 i više godina) koji imaju račun u banci ili drugoj financijskoj instituciji ili kod providera mobilnih novčanih usluga,Postotak,Oba spola,15 godina i više,56.21
2014,Udio odraslih (15 i više godina) koji imaju račun u banci ili drugoj financijskoj instituciji ili kod providera mobilnih novčanih usluga,Postotak,Oba spola,15 godina i više,52.69
2017,Udio odraslih (15 i više godina) koji imaju račun u banci ili drugoj financijskoj instituciji ili kod providera mobilnih novčanih usluga,Postotak,Oba spola,15 godina i više,58.84
2011,Udio odraslih (15 i više godina) koji imaju račun u banci ili drugoj financijskoj instituciji ili kod providera mobilnih novčanih usluga,Postotak,Žene,15 godina i više,47.72
2014,Udio odraslih (15 i više godina) koji imaju račun u banci ili drugoj financijskoj instituciji ili kod providera mobilnih novčanih usluga,Postotak,Žene,15 godina i više,47.06
2017,Udio odraslih (15 i više godina) koji imaju račun u banci ili drugoj financijskoj instituciji ili kod providera mobilnih novčanih usluga,Postotak,Žene,15 godina i više,54.74
2011,Udio odraslih (15 i više godina) koji imaju račun u banci ili drugoj financijskoj instituciji ili kod providera mobilnih novčanih usluga,Postotak,Muškarci,15 godina i više,67.23
2014,Udio odraslih (15 i više godina) koji imaju račun u banci ili drugoj financijskoj instituciji ili kod providera mobilnih novčanih usluga,Postotak,Muškarci,15 godina i više,58.82
2017,Udio odraslih (15 i više godina) koji imaju račun u banci ili drugoj financijskoj instituciji ili kod providera mobilnih novčanih usluga,Postotak,Muškarci,15 godina i više,63.18
