Year,SERIES,UNIT_MEASURE,Privredna aktivnost,Spol,Value
2006,"Udio neformalne zaposlenosti u ukupnoj zaposlenosti, prema sektorima i spolu (Usklađene procjene ILO-a)",Postotak,"Poljoprivreda, šumarstvo i ribolov",Oba spola,89.54726
2007,"Udio neformalne zaposlenosti u ukupnoj zaposlenosti, prema sektorima i spolu (Usklađene procjene ILO-a)",Postotak,"Poljoprivreda, šumarstvo i ribolov",Oba spola,90.8656
2008,"Udio neformalne zaposlenosti u ukupnoj zaposlenosti, prema sektorima i spolu (Usklađene procjene ILO-a)",Postotak,"Poljoprivreda, šumarstvo i ribolov",Oba spola,91.24082
2009,"Udio neformalne zaposlenosti u ukupnoj zaposlenosti, prema sektorima i spolu (Usklađene procjene ILO-a)",Postotak,"Poljoprivreda, šumarstvo i ribolov",Oba spola,91.19395
2010,"Udio neformalne zaposlenosti u ukupnoj zaposlenosti, prema sektorima i spolu (Usklađene procjene ILO-a)",Postotak,"Poljoprivreda, šumarstvo i ribolov",Oba spola,90.3971
2011,"Udio neformalne zaposlenosti u ukupnoj zaposlenosti, prema sektorima i spolu (Usklađene procjene ILO-a)",Postotak,"Poljoprivreda, šumarstvo i ribolov",Oba spola,90.55731
2012,"Udio neformalne zaposlenosti u ukupnoj zaposlenosti, prema sektorima i spolu (Usklađene procjene ILO-a)",Postotak,"Poljoprivreda, šumarstvo i ribolov",Oba spola,90.81431
2013,"Udio neformalne zaposlenosti u ukupnoj zaposlenosti, prema sektorima i spolu (Usklađene procjene ILO-a)",Postotak,"Poljoprivreda, šumarstvo i ribolov",Oba spola,90.94156
2014,"Udio neformalne zaposlenosti u ukupnoj zaposlenosti, prema sektorima i spolu (Usklađene procjene ILO-a)",Postotak,"Poljoprivreda, šumarstvo i ribolov",Oba spola,89.75101
2015,"Udio neformalne zaposlenosti u ukupnoj zaposlenosti, prema sektorima i spolu (Usklađene procjene ILO-a)",Postotak,"Poljoprivreda, šumarstvo i ribolov",Oba spola,89.99401
2016,"Udio neformalne zaposlenosti u ukupnoj zaposlenosti, prema sektorima i spolu (Usklađene procjene ILO-a)",Postotak,"Poljoprivreda, šumarstvo i ribolov",Oba spola,89.89365
2017,"Udio neformalne zaposlenosti u ukupnoj zaposlenosti, prema sektorima i spolu (Usklađene procjene ILO-a)",Postotak,"Poljoprivreda, šumarstvo i ribolov",Oba spola,90.06844
2018,"Udio neformalne zaposlenosti u ukupnoj zaposlenosti, prema sektorima i spolu (Usklađene procjene ILO-a)",Postotak,"Poljoprivreda, šumarstvo i ribolov",Oba spola,88.36454
2019,"Udio neformalne zaposlenosti u ukupnoj zaposlenosti, prema sektorima i spolu (Usklađene procjene ILO-a)",Postotak,"Poljoprivreda, šumarstvo i ribolov",Oba spola,91.25178
2006,"Udio neformalne zaposlenosti u ukupnoj zaposlenosti, prema sektorima i spolu (Usklađene procjene ILO-a)",Postotak,Nepoljoprivredna,Oba spola,24.64321
2007,"Udio neformalne zaposlenosti u ukupnoj zaposlenosti, prema sektorima i spolu (Usklađene procjene ILO-a)",Postotak,Nepoljoprivredna,Oba spola,23.75937
2008,"Udio neformalne zaposlenosti u ukupnoj zaposlenosti, prema sektorima i spolu (Usklađene procjene ILO-a)",Postotak,Nepoljoprivredna,Oba spola,21.15373
2009,"Udio neformalne zaposlenosti u ukupnoj zaposlenosti, prema sektorima i spolu (Usklađene procjene ILO-a)",Postotak,Nepoljoprivredna,Oba spola,18.33027
2010,"Udio neformalne zaposlenosti u ukupnoj zaposlenosti, prema sektorima i spolu (Usklađene procjene ILO-a)",Postotak,Nepoljoprivredna,Oba spola,18.12443
2011,"Udio neformalne zaposlenosti u ukupnoj zaposlenosti, prema sektorima i spolu (Usklađene procjene ILO-a)",Postotak,Nepoljoprivredna,Oba spola,16.32869
2012,"Udio neformalne zaposlenosti u ukupnoj zaposlenosti, prema sektorima i spolu (Usklađene procjene ILO-a)",Postotak,Nepoljoprivredna,Oba spola,18.90363
2013,"Udio neformalne zaposlenosti u ukupnoj zaposlenosti, prema sektorima i spolu (Usklađene procjene ILO-a)",Postotak,Nepoljoprivredna,Oba spola,17.68838
2014,"Udio neformalne zaposlenosti u ukupnoj zaposlenosti, prema sektorima i spolu (Usklađene procjene ILO-a)",Postotak,Nepoljoprivredna,Oba spola,16.82241
2015,"Udio neformalne zaposlenosti u ukupnoj zaposlenosti, prema sektorima i spolu (Usklađene procjene ILO-a)",Postotak,Nepoljoprivredna,Oba spola,17.1006
2016,"Udio neformalne zaposlenosti u ukupnoj zaposlenosti, prema sektorima i spolu (Usklađene procjene ILO-a)",Postotak,Nepoljoprivredna,Oba spola,17.47461
2017,"Udio neformalne zaposlenosti u ukupnoj zaposlenosti, prema sektorima i spolu (Usklađene procjene ILO-a)",Postotak,Nepoljoprivredna,Oba spola,19.11034
2018,"Udio neformalne zaposlenosti u ukupnoj zaposlenosti, prema sektorima i spolu (Usklađene procjene ILO-a)",Postotak,Nepoljoprivredna,Oba spola,18.33754
2019,"Udio neformalne zaposlenosti u ukupnoj zaposlenosti, prema sektorima i spolu (Usklađene procjene ILO-a)",Postotak,Nepoljoprivredna,Oba spola,17.14282
2006,"Udio neformalne zaposlenosti u ukupnoj zaposlenosti, prema sektorima i spolu (Usklađene procjene ILO-a)",Postotak,Bez podjele,Oba spola,37.97401
2007,"Udio neformalne zaposlenosti u ukupnoj zaposlenosti, prema sektorima i spolu (Usklađene procjene ILO-a)",Postotak,Bez podjele,Oba spola,37.05676
2008,"Udio neformalne zaposlenosti u ukupnoj zaposlenosti, prema sektorima i spolu (Usklađene procjene ILO-a)",Postotak,Bez podjele,Oba spola,35.5773
2009,"Udio neformalne zaposlenosti u ukupnoj zaposlenosti, prema sektorima i spolu (Usklađene procjene ILO-a)",Postotak,Bez podjele,Oba spola,33.79404
2010,"Udio neformalne zaposlenosti u ukupnoj zaposlenosti, prema sektorima i spolu (Usklađene procjene ILO-a)",Postotak,Bez podjele,Oba spola,32.35771
2011,"Udio neformalne zaposlenosti u ukupnoj zaposlenosti, prema sektorima i spolu (Usklađene procjene ILO-a)",Postotak,Bez podjele,Oba spola,30.88499
2012,"Udio neformalne zaposlenosti u ukupnoj zaposlenosti, prema sektorima i spolu (Usklađene procjene ILO-a)",Postotak,Bez podjele,Oba spola,33.68709
2013,"Udio neformalne zaposlenosti u ukupnoj zaposlenosti, prema sektorima i spolu (Usklađene procjene ILO-a)",Postotak,Bez podjele,Oba spola,31.50649
2014,"Udio neformalne zaposlenosti u ukupnoj zaposlenosti, prema sektorima i spolu (Usklađene procjene ILO-a)",Postotak,Bez podjele,Oba spola,29.27798
2015,"Udio neformalne zaposlenosti u ukupnoj zaposlenosti, prema sektorima i spolu (Usklađene procjene ILO-a)",Postotak,Bez podjele,Oba spola,30.1308
2016,"Udio neformalne zaposlenosti u ukupnoj zaposlenosti, prema sektorima i spolu (Usklađene procjene ILO-a)",Postotak,Bez podjele,Oba spola,30.47912
2017,"Udio neformalne zaposlenosti u ukupnoj zaposlenosti, prema sektorima i spolu (Usklađene procjene ILO-a)",Postotak,Bez podjele,Oba spola,32.50089
2018,"Udio neformalne zaposlenosti u ukupnoj zaposlenosti, prema sektorima i spolu (Usklađene procjene ILO-a)",Postotak,Bez podjele,Oba spola,29.34922
2019,"Udio neformalne zaposlenosti u ukupnoj zaposlenosti, prema sektorima i spolu (Usklađene procjene ILO-a)",Postotak,Bez podjele,Oba spola,30.45466
2006,"Udio neformalne zaposlenosti u ukupnoj zaposlenosti, prema sektorima i spolu (Usklađene procjene ILO-a)",Postotak,"Poljoprivreda, šumarstvo i ribolov",Žene,95.62931
2007,"Udio neformalne zaposlenosti u ukupnoj zaposlenosti, prema sektorima i spolu (Usklađene procjene ILO-a)",Postotak,"Poljoprivreda, šumarstvo i ribolov",Žene,97.29556
2008,"Udio neformalne zaposlenosti u ukupnoj zaposlenosti, prema sektorima i spolu (Usklađene procjene ILO-a)",Postotak,"Poljoprivreda, šumarstvo i ribolov",Žene,96.10625
2009,"Udio neformalne zaposlenosti u ukupnoj zaposlenosti, prema sektorima i spolu (Usklađene procjene ILO-a)",Postotak,"Poljoprivreda, šumarstvo i ribolov",Žene,96.27624
2010,"Udio neformalne zaposlenosti u ukupnoj zaposlenosti, prema sektorima i spolu (Usklađene procjene ILO-a)",Postotak,"Poljoprivreda, šumarstvo i ribolov",Žene,95.90703
2011,"Udio neformalne zaposlenosti u ukupnoj zaposlenosti, prema sektorima i spolu (Usklađene procjene ILO-a)",Postotak,"Poljoprivreda, šumarstvo i ribolov",Žene,96.64297
2012,"Udio neformalne zaposlenosti u ukupnoj zaposlenosti, prema sektorima i spolu (Usklađene procjene ILO-a)",Postotak,"Poljoprivreda, šumarstvo i ribolov",Žene,96.13205
2013,"Udio neformalne zaposlenosti u ukupnoj zaposlenosti, prema sektorima i spolu (Usklađene procjene ILO-a)",Postotak,"Poljoprivreda, šumarstvo i ribolov",Žene,95.96992
2014,"Udio neformalne zaposlenosti u ukupnoj zaposlenosti, prema sektorima i spolu (Usklađene procjene ILO-a)",Postotak,"Poljoprivreda, šumarstvo i ribolov",Žene,93.96121
2015,"Udio neformalne zaposlenosti u ukupnoj zaposlenosti, prema sektorima i spolu (Usklađene procjene ILO-a)",Postotak,"Poljoprivreda, šumarstvo i ribolov",Žene,95.00422
2016,"Udio neformalne zaposlenosti u ukupnoj zaposlenosti, prema sektorima i spolu (Usklađene procjene ILO-a)",Postotak,"Poljoprivreda, šumarstvo i ribolov",Žene,96.69173
2017,"Udio neformalne zaposlenosti u ukupnoj zaposlenosti, prema sektorima i spolu (Usklađene procjene ILO-a)",Postotak,"Poljoprivreda, šumarstvo i ribolov",Žene,96.09827
2018,"Udio neformalne zaposlenosti u ukupnoj zaposlenosti, prema sektorima i spolu (Usklađene procjene ILO-a)",Postotak,"Poljoprivreda, šumarstvo i ribolov",Žene,95.64754
2019,"Udio neformalne zaposlenosti u ukupnoj zaposlenosti, prema sektorima i spolu (Usklađene procjene ILO-a)",Postotak,"Poljoprivreda, šumarstvo i ribolov",Žene,96.74567
2006,"Udio neformalne zaposlenosti u ukupnoj zaposlenosti, prema sektorima i spolu (Usklađene procjene ILO-a)",Postotak,Nepoljoprivredna,Žene,18.89549
2007,"Udio neformalne zaposlenosti u ukupnoj zaposlenosti, prema sektorima i spolu (Usklađene procjene ILO-a)",Postotak,Nepoljoprivredna,Žene,16.87185
2008,"Udio neformalne zaposlenosti u ukupnoj zaposlenosti, prema sektorima i spolu (Usklađene procjene ILO-a)",Postotak,Nepoljoprivredna,Žene,15.72685
2009,"Udio neformalne zaposlenosti u ukupnoj zaposlenosti, prema sektorima i spolu (Usklađene procjene ILO-a)",Postotak,Nepoljoprivredna,Žene,12.81741
2010,"Udio neformalne zaposlenosti u ukupnoj zaposlenosti, prema sektorima i spolu (Usklađene procjene ILO-a)",Postotak,Nepoljoprivredna,Žene,14.30237
2011,"Udio neformalne zaposlenosti u ukupnoj zaposlenosti, prema sektorima i spolu (Usklađene procjene ILO-a)",Postotak,Nepoljoprivredna,Žene,12.00905
2012,"Udio neformalne zaposlenosti u ukupnoj zaposlenosti, prema sektorima i spolu (Usklađene procjene ILO-a)",Postotak,Nepoljoprivredna,Žene,13.17889
2013,"Udio neformalne zaposlenosti u ukupnoj zaposlenosti, prema sektorima i spolu (Usklađene procjene ILO-a)",Postotak,Nepoljoprivredna,Žene,12.78597
2014,"Udio neformalne zaposlenosti u ukupnoj zaposlenosti, prema sektorima i spolu (Usklađene procjene ILO-a)",Postotak,Nepoljoprivredna,Žene,12.49147
2015,"Udio neformalne zaposlenosti u ukupnoj zaposlenosti, prema sektorima i spolu (Usklađene procjene ILO-a)",Postotak,Nepoljoprivredna,Žene,13.83979
2016,"Udio neformalne zaposlenosti u ukupnoj zaposlenosti, prema sektorima i spolu (Usklađene procjene ILO-a)",Postotak,Nepoljoprivredna,Žene,12.68617
2017,"Udio neformalne zaposlenosti u ukupnoj zaposlenosti, prema sektorima i spolu (Usklađene procjene ILO-a)",Postotak,Nepoljoprivredna,Žene,14.72831
2018,"Udio neformalne zaposlenosti u ukupnoj zaposlenosti, prema sektorima i spolu (Usklađene procjene ILO-a)",Postotak,Nepoljoprivredna,Žene,14.77003
2019,"Udio neformalne zaposlenosti u ukupnoj zaposlenosti, prema sektorima i spolu (Usklađene procjene ILO-a)",Postotak,Nepoljoprivredna,Žene,12.58121
2006,"Udio neformalne zaposlenosti u ukupnoj zaposlenosti, prema sektorima i spolu (Usklađene procjene ILO-a)",Postotak,Bez podjele,Žene,35.76331
2007,"Udio neformalne zaposlenosti u ukupnoj zaposlenosti, prema sektorima i spolu (Usklađene procjene ILO-a)",Postotak,Bez podjele,Žene,34.03786
2008,"Udio neformalne zaposlenosti u ukupnoj zaposlenosti, prema sektorima i spolu (Usklađene procjene ILO-a)",Postotak,Bez podjele,Žene,33.62942
2009,"Udio neformalne zaposlenosti u ukupnoj zaposlenosti, prema sektorima i spolu (Usklađene procjene ILO-a)",Postotak,Bez podjele,Žene,34.30956
2010,"Udio neformalne zaposlenosti u ukupnoj zaposlenosti, prema sektorima i spolu (Usklađene procjene ILO-a)",Postotak,Bez podjele,Žene,32.87607
2011,"Udio neformalne zaposlenosti u ukupnoj zaposlenosti, prema sektorima i spolu (Usklađene procjene ILO-a)",Postotak,Bez podjele,Žene,29.73979
2012,"Udio neformalne zaposlenosti u ukupnoj zaposlenosti, prema sektorima i spolu (Usklađene procjene ILO-a)",Postotak,Bez podjele,Žene,31.98685
2013,"Udio neformalne zaposlenosti u ukupnoj zaposlenosti, prema sektorima i spolu (Usklađene procjene ILO-a)",Postotak,Bez podjele,Žene,28.7234
2014,"Udio neformalne zaposlenosti u ukupnoj zaposlenosti, prema sektorima i spolu (Usklađene procjene ILO-a)",Postotak,Bez podjele,Žene,26.76379
2015,"Udio neformalne zaposlenosti u ukupnoj zaposlenosti, prema sektorima i spolu (Usklađene procjene ILO-a)",Postotak,Bez podjele,Žene,27.47632
2016,"Udio neformalne zaposlenosti u ukupnoj zaposlenosti, prema sektorima i spolu (Usklađene procjene ILO-a)",Postotak,Bez podjele,Žene,27.58383
2017,"Udio neformalne zaposlenosti u ukupnoj zaposlenosti, prema sektorima i spolu (Usklađene procjene ILO-a)",Postotak,Bez podjele,Žene,30.99388
2018,"Udio neformalne zaposlenosti u ukupnoj zaposlenosti, prema sektorima i spolu (Usklađene procjene ILO-a)",Postotak,Bez podjele,Žene,27.73245
2019,"Udio neformalne zaposlenosti u ukupnoj zaposlenosti, prema sektorima i spolu (Usklađene procjene ILO-a)",Postotak,Bez podjele,Žene,29.80919
2006,"Udio neformalne zaposlenosti u ukupnoj zaposlenosti, prema sektorima i spolu (Usklađene procjene ILO-a)",Postotak,"Poljoprivreda, šumarstvo i ribolov",Muškarci,85.92637
2007,"Udio neformalne zaposlenosti u ukupnoj zaposlenosti, prema sektorima i spolu (Usklađene procjene ILO-a)",Postotak,"Poljoprivreda, šumarstvo i ribolov",Muškarci,87.0791
2008,"Udio neformalne zaposlenosti u ukupnoj zaposlenosti, prema sektorima i spolu (Usklađene procjene ILO-a)",Postotak,"Poljoprivreda, šumarstvo i ribolov",Muškarci,88.19074
2009,"Udio neformalne zaposlenosti u ukupnoj zaposlenosti, prema sektorima i spolu (Usklađene procjene ILO-a)",Postotak,"Poljoprivreda, šumarstvo i ribolov",Muškarci,87.03985
2010,"Udio neformalne zaposlenosti u ukupnoj zaposlenosti, prema sektorima i spolu (Usklađene procjene ILO-a)",Postotak,"Poljoprivreda, šumarstvo i ribolov",Muškarci,86.27805
2011,"Udio neformalne zaposlenosti u ukupnoj zaposlenosti, prema sektorima i spolu (Usklađene procjene ILO-a)",Postotak,"Poljoprivreda, šumarstvo i ribolov",Muškarci,86.56123
2012,"Udio neformalne zaposlenosti u ukupnoj zaposlenosti, prema sektorima i spolu (Usklađene procjene ILO-a)",Postotak,"Poljoprivreda, šumarstvo i ribolov",Muškarci,87.17437
2013,"Udio neformalne zaposlenosti u ukupnoj zaposlenosti, prema sektorima i spolu (Usklađene procjene ILO-a)",Postotak,"Poljoprivreda, šumarstvo i ribolov",Muškarci,87.87396
2014,"Udio neformalne zaposlenosti u ukupnoj zaposlenosti, prema sektorima i spolu (Usklađene procjene ILO-a)",Postotak,"Poljoprivreda, šumarstvo i ribolov",Muškarci,87.16772
2015,"Udio neformalne zaposlenosti u ukupnoj zaposlenosti, prema sektorima i spolu (Usklađene procjene ILO-a)",Postotak,"Poljoprivreda, šumarstvo i ribolov",Muškarci,87.28769
2016,"Udio neformalne zaposlenosti u ukupnoj zaposlenosti, prema sektorima i spolu (Usklađene procjene ILO-a)",Postotak,"Poljoprivreda, šumarstvo i ribolov",Muškarci,86.16017
2017,"Udio neformalne zaposlenosti u ukupnoj zaposlenosti, prema sektorima i spolu (Usklađene procjene ILO-a)",Postotak,"Poljoprivreda, šumarstvo i ribolov",Muškarci,86.07518
2018,"Udio neformalne zaposlenosti u ukupnoj zaposlenosti, prema sektorima i spolu (Usklađene procjene ILO-a)",Postotak,"Poljoprivreda, šumarstvo i ribolov",Muškarci,83.88409
2019,"Udio neformalne zaposlenosti u ukupnoj zaposlenosti, prema sektorima i spolu (Usklađene procjene ILO-a)",Postotak,"Poljoprivreda, šumarstvo i ribolov",Muškarci,86.98256
2006,"Udio neformalne zaposlenosti u ukupnoj zaposlenosti, prema sektorima i spolu (Usklađene procjene ILO-a)",Postotak,Nepoljoprivredna,Muškarci,27.63528
2007,"Udio neformalne zaposlenosti u ukupnoj zaposlenosti, prema sektorima i spolu (Usklađene procjene ILO-a)",Postotak,Nepoljoprivredna,Muškarci,27.26836
2008,"Udio neformalne zaposlenosti u ukupnoj zaposlenosti, prema sektorima i spolu (Usklađene procjene ILO-a)",Postotak,Nepoljoprivredna,Muškarci,24.05602
2009,"Udio neformalne zaposlenosti u ukupnoj zaposlenosti, prema sektorima i spolu (Usklađene procjene ILO-a)",Postotak,Nepoljoprivredna,Muškarci,21.29026
2010,"Udio neformalne zaposlenosti u ukupnoj zaposlenosti, prema sektorima i spolu (Usklađene procjene ILO-a)",Postotak,Nepoljoprivredna,Muškarci,20.23733
2011,"Udio neformalne zaposlenosti u ukupnoj zaposlenosti, prema sektorima i spolu (Usklađene procjene ILO-a)",Postotak,Nepoljoprivredna,Muškarci,18.80983
2012,"Udio neformalne zaposlenosti u ukupnoj zaposlenosti, prema sektorima i spolu (Usklađene procjene ILO-a)",Postotak,Nepoljoprivredna,Muškarci,22.10485
2013,"Udio neformalne zaposlenosti u ukupnoj zaposlenosti, prema sektorima i spolu (Usklađene procjene ILO-a)",Postotak,Nepoljoprivredna,Muškarci,20.58875
2014,"Udio neformalne zaposlenosti u ukupnoj zaposlenosti, prema sektorima i spolu (Usklađene procjene ILO-a)",Postotak,Nepoljoprivredna,Muškarci,19.35245
2015,"Udio neformalne zaposlenosti u ukupnoj zaposlenosti, prema sektorima i spolu (Usklađene procjene ILO-a)",Postotak,Nepoljoprivredna,Muškarci,19.08263
2016,"Udio neformalne zaposlenosti u ukupnoj zaposlenosti, prema sektorima i spolu (Usklađene procjene ILO-a)",Postotak,Nepoljoprivredna,Muškarci,20.16743
2017,"Udio neformalne zaposlenosti u ukupnoj zaposlenosti, prema sektorima i spolu (Usklađene procjene ILO-a)",Postotak,Nepoljoprivredna,Muškarci,21.69416
2018,"Udio neformalne zaposlenosti u ukupnoj zaposlenosti, prema sektorima i spolu (Usklađene procjene ILO-a)",Postotak,Nepoljoprivredna,Muškarci,20.45402
2019,"Udio neformalne zaposlenosti u ukupnoj zaposlenosti, prema sektorima i spolu (Usklađene procjene ILO-a)",Postotak,Nepoljoprivredna,Muškarci,19.84486
2006,"Udio neformalne zaposlenosti u ukupnoj zaposlenosti, prema sektorima i spolu (Usklađene procjene ILO-a)",Postotak,Bez podjele,Muškarci,39.15751
2007,"Udio neformalne zaposlenosti u ukupnoj zaposlenosti, prema sektorima i spolu (Usklađene procjene ILO-a)",Postotak,Bez podjele,Muškarci,38.64039
2008,"Udio neformalne zaposlenosti u ukupnoj zaposlenosti, prema sektorima i spolu (Usklađene procjene ILO-a)",Postotak,Bez podjele,Muškarci,36.65426
2009,"Udio neformalne zaposlenosti u ukupnoj zaposlenosti, prema sektorima i spolu (Usklađene procjene ILO-a)",Postotak,Bez podjele,Muškarci,33.49041
2010,"Udio neformalne zaposlenosti u ukupnoj zaposlenosti, prema sektorima i spolu (Usklađene procjene ILO-a)",Postotak,Bez podjele,Muškarci,32.0531
2011,"Udio neformalne zaposlenosti u ukupnoj zaposlenosti, prema sektorima i spolu (Usklađene procjene ILO-a)",Postotak,Bez podjele,Muškarci,31.5605
2012,"Udio neformalne zaposlenosti u ukupnoj zaposlenosti, prema sektorima i spolu (Usklađene procjene ILO-a)",Postotak,Bez podjele,Muškarci,34.67903
2013,"Udio neformalne zaposlenosti u ukupnoj zaposlenosti, prema sektorima i spolu (Usklađene procjene ILO-a)",Postotak,Bez podjele,Muškarci,33.16267
2014,"Udio neformalne zaposlenosti u ukupnoj zaposlenosti, prema sektorima i spolu (Usklađene procjene ILO-a)",Postotak,Bez podjele,Muškarci,30.75914
2015,"Udio neformalne zaposlenosti u ukupnoj zaposlenosti, prema sektorima i spolu (Usklađene procjene ILO-a)",Postotak,Bez podjele,Muškarci,31.71107
2016,"Udio neformalne zaposlenosti u ukupnoj zaposlenosti, prema sektorima i spolu (Usklađene procjene ILO-a)",Postotak,Bez podjele,Muškarci,32.10042
2017,"Udio neformalne zaposlenosti u ukupnoj zaposlenosti, prema sektorima i spolu (Usklađene procjene ILO-a)",Postotak,Bez podjele,Muškarci,33.4094
2018,"Udio neformalne zaposlenosti u ukupnoj zaposlenosti, prema sektorima i spolu (Usklađene procjene ILO-a)",Postotak,Bez podjele,Muškarci,30.31391
2019,"Udio neformalne zaposlenosti u ukupnoj zaposlenosti, prema sektorima i spolu (Usklađene procjene ILO-a)",Postotak,Bez podjele,Muškarci,30.85654
