Year,UNIT_MEASURE,Пол,Value
1971,Број,Оба пола или без подјеле по полу,78188
1981,Број,Оба пола или без подјеле по полу,78436
1991,Број,Оба пола или без подјеле по полу,79185
2013,Број,Оба пола или без подјеле по полу,83244
1971,Број,Мушкарци,12000
1981,Број,Мушкарци,13000
1991,Број,Мушкарци,14000
2013,Број,Мушкарци,15000
1971,Број,Жене,50000
1981,Број,Жене,50000
1991,Број,Жене,50000
2013,Број,Жене,50000
