Year,UNIT_MEASURE,Пол,Године,Municipality,Value
2013,Број,Оба пола,Total,Banja Luka,185042
2013,Број,Мушкарци,Total,Banja Luka,89148
2013,Број,Жене,Total,Banja Luka,95894
2013,Број,Оба пола,Total,Banovići,22773
2013,Број,Мушкарци,Total,Banovići,11392
2013,Број,Жене,Total,Banovići,11381
2013,Број,Оба пола,Total,Berkovići,2114
2013,Број,Мушкарци,Total,Berkovići,1059
2013,Број,Жене,Total,Berkovići,1055
2013,Број,Оба пола,Total,Bihać,56261
2013,Број,Мушкарци,Total,Bihać,27041
2013,Број,Жене,Total,Bihać,29220
2013,Број,Оба пола,Total,Bijeljina,107715
2013,Број,Мушкарци,Total,Bijeljina,52827
2013,Број,Жене,Total,Bijeljina,54888
2013,Број,Оба пола,Total,Bileća,10807
2013,Број,Мушкарци,Total,Bileća,5454
2013,Број,Жене,Total,Bileća,5353
2013,Број,Оба пола,Total,Bosanska Krupa,25545
2013,Број,Мушкарци,Total,Bosanska Krupa,12548
2013,Број,Жене,Total,Bosanska Krupa,12997
2013,Број,Оба пола,Total,Bosanski Petrovac,7328
2013,Број,Мушкарци,Total,Bosanski Petrovac,3678
2013,Број,Жене,Total,Bosanski Petrovac,3650
2013,Број,Оба пола,Total,Bosansko Grahovo,2449
2013,Број,Мушкарци,Total,Bosansko Grahovo,1287
2013,Број,Жене,Total,Bosansko Grahovo,1162
2013,Број,Оба пола,Total,Bratunac,20340
2013,Број,Мушкарци,Total,Bratunac,10091
2013,Број,Жене,Total,Bratunac,10249
2013,Број,Оба пола,Total,Brčko,83516
2013,Број,Мушкарци,Total,Brčko,41250
2013,Број,Жене,Total,Brčko,42266
2013,Број,Оба пола,Total,Breza,14168
2013,Број,Мушкарци,Total,Breza,6952
2013,Број,Жене,Total,Breza,7216
2013,Број,Оба пола,Total,Brod,16619
2013,Број,Мушкарци,Total,Brod,8143
2013,Број,Жене,Total,Brod,8476
2013,Број,Оба пола,Total,Bugojno,31470
2013,Број,Мушкарци,Total,Bugojno,15635
2013,Број,Жене,Total,Bugojno,15835
2013,Број,Оба пола,Total,Busovača,17910
2013,Број,Мушкарци,Total,Busovača,9134
2013,Број,Жене,Total,Busovača,8776
2013,Број,Оба пола,Total,Bužim,19340
2013,Број,Мушкарци,Total,Bužim,9885
2013,Број,Жене,Total,Bužim,9455
2013,Број,Оба пола,Total,Cazin,66149
2013,Број,Мушкарци,Total,Cazin,33072
2013,Број,Жене,Total,Cazin,33077
2013,Број,Оба пола,Total,Sarajevo - Centar,55181
2013,Број,Мушкарци,Total,Sarajevo - Centar,25369
2013,Број,Жене,Total,Sarajevo - Centar,29812
2013,Број,Оба пола,Total,Čajniče,4895
2013,Број,Мушкарци,Total,Čajniče,2474
2013,Број,Жене,Total,Čajniče,2421
2013,Број,Оба пола,Total,Čapljina,26157
2013,Број,Мушкарци,Total,Čapljina,12947
2013,Број,Жене,Total,Čapljina,13210
2013,Број,Оба пола,Total,Čelić,10502
2013,Број,Мушкарци,Total,Čelić,5256
2013,Број,Жене,Total,Čelić,5246
2013,Број,Оба пола,Total,Čelinac,15548
2013,Број,Мушкарци,Total,Čelinac,7728
2013,Број,Жене,Total,Čelinac,7820
2013,Број,Оба пола,Total,Čitluk,18140
2013,Број,Мушкарци,Total,Čitluk,8937
2013,Број,Жене,Total,Čitluk,9203
2013,Број,Оба пола,Total,Derventa,27404
2013,Број,Мушкарци,Total,Derventa,13397
2013,Број,Жене,Total,Derventa,14007
2013,Број,Оба пола,Total,Doboj,71441
2013,Број,Мушкарци,Total,Doboj,34916
2013,Број,Жене,Total,Doboj,36525
2013,Број,Оба пола,Total,Doboj-Istok,10248
2013,Број,Мушкарци,Total,Doboj-Istok,5061
2013,Број,Жене,Total,Doboj-Istok,5187
2013,Број,Оба пола,Total,Doboj-Jug,4137
2013,Број,Мушкарци,Total,Doboj-Jug,2065
2013,Број,Жене,Total,Doboj-Jug,2072
2013,Број,Оба пола,Total,Dobretići,1629
2013,Број,Мушкарци,Total,Dobretići,905
2013,Број,Жене,Total,Dobretići,724
2013,Број,Оба пола,Total,Domaljevac-Šamac,4771
2013,Број,Мушкарци,Total,Domaljevac-Šamac,2373
2013,Број,Жене,Total,Domaljevac-Šamac,2398
2013,Број,Оба пола,Total,Donji Vakuf,13985
2013,Број,Мушкарци,Total,Donji Vakuf,6922
2013,Број,Жене,Total,Donji Vakuf,7063
2013,Број,Оба пола,Total,Donji Žabar,3809
2013,Број,Мушкарци,Total,Donji Žabar,1920
2013,Број,Жене,Total,Donji Žabar,1889
2013,Број,Оба пола,Total,Drvar,7036
2013,Број,Мушкарци,Total,Drvar,3473
2013,Број,Жене,Total,Drvar,3563
2013,Број,Оба пола,Total,Foča - FBiH,1933
2013,Број,Мушкарци,Total,Foča - FBiH,998
2013,Број,Жене,Total,Foča - FBiH,935
2013,Број,Оба пола,Total,Foča - RS,18288
2013,Број,Мушкарци,Total,Foča - RS,9236
2013,Број,Жене,Total,Foča - RS,9052
2013,Број,Оба пола,Total,Fojnica,12356
2013,Број,Мушкарци,Total,Fojnica,6197
2013,Број,Жене,Total,Fojnica,6159
2013,Број,Оба пола,Total,Gacko,8990
2013,Број,Мушкарци,Total,Gacko,4556
2013,Број,Жене,Total,Gacko,4434
2013,Број,Оба пола,Total,Glamoč,3860
2013,Број,Мушкарци,Total,Glamoč,1963
2013,Број,Жене,Total,Glamoč,1897
2013,Број,Оба пола,Total,Goražde,20897
2013,Број,Мушкарци,Total,Goražde,10163
2013,Број,Жене,Total,Goražde,10734
2013,Број,Оба пола,Total,Gornji Vakuf-Uskoplje,20933
2013,Број,Мушкарци,Total,Gornji Vakuf-Uskoplje,10532
2013,Број,Жене,Total,Gornji Vakuf-Uskoplje,10401
2013,Број,Оба пола,Total,Gračanica,45220
2013,Број,Мушкарци,Total,Gračanica,21641
2013,Број,Жене,Total,Gračanica,23579
2013,Број,Оба пола,Total,Gradačac,39340
2013,Број,Мушкарци,Total,Gradačac,19234
2013,Број,Жене,Total,Gradačac,20106
2013,Број,Оба пола,Total,Gradiška,51727
2013,Број,Мушкарци,Total,Gradiška,25271
2013,Број,Жене,Total,Gradiška,26456
2013,Број,Оба пола,Total,Grude,17308
2013,Број,Мушкарци,Total,Grude,8621
2013,Број,Жене,Total,Grude,8687
2013,Број,Оба пола,Total,Sarajevo - Hadžići,23891
2013,Број,Мушкарци,Total,Sarajevo - Hadžići,11914
2013,Број,Жене,Total,Sarajevo - Hadžići,11977
2013,Број,Оба пола,Total,Han Pijesak,3530
2013,Број,Мушкарци,Total,Han Pijesak,1667
2013,Број,Жене,Total,Han Pijesak,1863
2013,Број,Оба пола,Total,Sarajevo - Ilidža,66730
2013,Број,Мушкарци,Total,Sarajevo - Ilidža,32359
2013,Број,Жене,Total,Sarajevo - Ilidža,34371
2013,Број,Оба пола,Total,Sarajevo - Ilijaš,19603
2013,Број,Мушкарци,Total,Sarajevo - Ilijaš,9381
2013,Број,Жене,Total,Sarajevo - Ilijaš,10222
2013,Број,Оба пола,Total,Istočna Ilidža,14763
2013,Број,Мушкарци,Total,Istočna Ilidža,7069
2013,Број,Жене,Total,Istočna Ilidža,7694
2013,Број,Оба пола,Total,Istočni Drvar,79
2013,Број,Мушкарци,Total,Istočni Drvar,53
2013,Број,Жене,Total,Istočni Drvar,26
2013,Број,Оба пола,Total,Istočni Mostar,257
2013,Број,Мушкарци,Total,Istočni Mostar,142
2013,Број,Жене,Total,Istočni Mostar,115
2013,Број,Оба пола,Total,Istočni Stari Grad,1131
2013,Број,Мушкарци,Total,Istočni Stari Grad,560
2013,Број,Жене,Total,Istočni Stari Grad,571
2013,Број,Оба пола,Total,Istočno Novo Sarajevo,10642
2013,Број,Мушкарци,Total,Istočno Novo Sarajevo,5058
2013,Број,Жене,Total,Istočno Novo Sarajevo,5584
2013,Број,Оба пола,Total,Jablanica,10111
2013,Број,Мушкарци,Total,Jablanica,5027
2013,Број,Жене,Total,Jablanica,5084
2013,Број,Оба пола,Total,Jajce,27258
2013,Број,Мушкарци,Total,Jajce,13856
2013,Број,Жене,Total,Jajce,13402
2013,Број,Оба пола,Total,Jezero,1144
2013,Број,Мушкарци,Total,Jezero,601
2013,Број,Жене,Total,Jezero,543
2013,Број,Оба пола,Total,Kakanj,37441
2013,Број,Мушкарци,Total,Kakanj,18651
2013,Број,Жене,Total,Kakanj,18790
2013,Број,Оба пола,Total,Kalesija,33053
2013,Број,Мушкарци,Total,Kalesija,16597
2013,Број,Жене,Total,Kalesija,16456
2013,Број,Оба пола,Total,Kalinovik,2029
2013,Број,Мушкарци,Total,Kalinovik,987
2013,Број,Жене,Total,Kalinovik,1042
2013,Број,Оба пола,Total,Kiseljak,20722
2013,Број,Мушкарци,Total,Kiseljak,10285
2013,Број,Жене,Total,Kiseljak,10437
2013,Број,Оба пола,Total,Kladanj,12348
2013,Број,Мушкарци,Total,Kladanj,6108
2013,Број,Жене,Total,Kladanj,6240
2013,Број,Оба пола,Total,Ključ,16744
2013,Број,Мушкарци,Total,Ključ,8365
2013,Број,Жене,Total,Ključ,8379
2013,Број,Оба пола,Total,Kneževo,9793
2013,Број,Мушкарци,Total,Kneževo,4892
2013,Број,Жене,Total,Kneževo,4901
2013,Број,Оба пола,Total,Konjic,25148
2013,Број,Мушкарци,Total,Konjic,12360
2013,Број,Жене,Total,Konjic,12788
2013,Број,Оба пола,Total,Kostajnica,5977
2013,Број,Мушкарци,Total,Kostajnica,2967
2013,Број,Жене,Total,Kostajnica,3010
2013,Број,Оба пола,Total,Kotor Varoš,19710
2013,Број,Мушкарци,Total,Kotor Varoš,9818
2013,Број,Жене,Total,Kotor Varoš,9892
2013,Број,Оба пола,Total,Kozarska Dubica,21524
2013,Број,Мушкарци,Total,Kozarska Dubica,10516
2013,Број,Жене,Total,Kozarska Dubica,11008
2013,Број,Оба пола,Total,Kreševo,5273
2013,Број,Мушкарци,Total,Kreševo,2597
2013,Број,Жене,Total,Kreševo,2676
2013,Број,Оба пола,Total,Krupa Na Uni,1597
2013,Број,Мушкарци,Total,Krupa Na Uni,862
2013,Број,Жене,Total,Krupa Na Uni,735
2013,Број,Оба пола,Total,Kupres - FBiH,5057
2013,Број,Мушкарци,Total,Kupres - FBiH,2541
2013,Број,Жене,Total,Kupres - FBiH,2516
2013,Број,Оба пола,Total,Kupres - RS,300
2013,Број,Мушкарци,Total,Kupres - RS,160
2013,Број,Жене,Total,Kupres - RS,140
2013,Број,Оба пола,Total,Laktaši,34966
2013,Број,Мушкарци,Total,Laktaši,17320
2013,Број,Жене,Total,Laktaši,17646
2013,Број,Оба пола,Total,Livno,34133
2013,Број,Мушкарци,Total,Livno,17024
2013,Број,Жене,Total,Livno,17109
2013,Број,Оба пола,Total,Lopare,15357
2013,Број,Мушкарци,Total,Lopare,7749
2013,Број,Жене,Total,Lopare,7608
2013,Број,Оба пола,Total,Lukavac,44520
2013,Број,Мушкарци,Total,Lukavac,21786
2013,Број,Жене,Total,Lukavac,22734
2013,Број,Оба пола,Total,Ljubinje,3511
2013,Број,Мушкарци,Total,Ljubinje,1725
2013,Број,Жене,Total,Ljubinje,1786
2013,Број,Оба пола,Total,Ljubuški,28184
2013,Број,Мушкарци,Total,Ljubuški,14022
2013,Број,Жене,Total,Ljubuški,14162
2013,Број,Оба пола,Total,Maglaj,23146
2013,Број,Мушкарци,Total,Maglaj,11430
2013,Број,Жене,Total,Maglaj,11716
2013,Број,Оба пола,Total,Milići,11441
2013,Број,Мушкарци,Total,Milići,5798
2013,Број,Жене,Total,Milići,5643
2013,Број,Оба пола,Total,Modriča,25720
2013,Број,Мушкарци,Total,Modriča,12561
2013,Број,Жене,Total,Modriča,13159
2013,Број,Оба пола,Total,Mostar,105797
2013,Број,Мушкарци,Total,Mostar,51210
2013,Број,Жене,Total,Mostar,54587
2013,Број,Оба пола,Total,Mrkonjić Grad,16671
2013,Број,Мушкарци,Total,Mrkonjić Grad,8096
2013,Број,Жене,Total,Mrkonjić Grad,8575
2013,Број,Оба пола,Total,Neum,4653
2013,Број,Мушкарци,Total,Neum,2344
2013,Број,Жене,Total,Neum,2309
2013,Број,Оба пола,Total,Nevesinje,12961
2013,Број,Мушкарци,Total,Nevesinje,6462
2013,Број,Жене,Total,Nevesinje,6499
2013,Број,Оба пола,Total,Novi Grad,27115
2013,Број,Мушкарци,Total,Novi Grad,13594
2013,Број,Жене,Total,Novi Grad,13521
2013,Број,Оба пола,Total,Sarajevo - Novi Grad,118553
2013,Број,Мушкарци,Total,Sarajevo - Novi Grad,55735
2013,Број,Жене,Total,Sarajevo - Novi Grad,62818
2013,Број,Оба пола,Total,Novi Travnik,23832
2013,Број,Мушкарци,Total,Novi Travnik,11862
2013,Број,Жене,Total,Novi Travnik,11970
2013,Број,Оба пола,Total,Novo Goražde,3117
2013,Број,Мушкарци,Total,Novo Goražde,1618
2013,Број,Жене,Total,Novo Goražde,1499
2013,Број,Оба пола,Total,Sarajevo - Novo Sarajevo,64814
2013,Број,Мушкарци,Total,Sarajevo - Novo Sarajevo,29580
2013,Број,Жене,Total,Sarajevo - Novo Sarajevo,35234
2013,Број,Оба пола,Total,Odžak,18821
2013,Број,Мушкарци,Total,Odžak,9373
2013,Број,Жене,Total,Odžak,9448
2013,Број,Оба пола,Total,Olovo,10175
2013,Број,Мушкарци,Total,Olovo,5084
2013,Број,Жене,Total,Olovo,5091
2013,Број,Оба пола,Total,Orašje,19861
2013,Број,Мушкарци,Total,Orašje,10059
2013,Број,Жене,Total,Orašje,9802
2013,Број,Оба пола,Total,Osmaci,6016
2013,Број,Мушкарци,Total,Osmaci,3065
2013,Број,Жене,Total,Osmaci,2951
2013,Број,Оба пола,Total,Oštra Luka,2786
2013,Број,Мушкарци,Total,Oštra Luka,1440
2013,Број,Жене,Total,Oštra Luka,1346
2013,Број,Оба пола,Total,Pale - FBiH,904
2013,Број,Мушкарци,Total,Pale - FBiH,456
2013,Број,Жене,Total,Pale - FBiH,448
2013,Број,Оба пола,Total,Pale - RS,20909
2013,Број,Мушкарци,Total,Pale - RS,10038
2013,Број,Жене,Total,Pale - RS,10871
2013,Број,Оба пола,Total,Pelagićevo,5220
2013,Број,Мушкарци,Total,Pelagićevo,2609
2013,Број,Жене,Total,Pelagićevo,2611
2013,Број,Оба пола,Total,Petrovac,361
2013,Број,Мушкарци,Total,Petrovac,172
2013,Број,Жене,Total,Petrovac,189
2013,Број,Оба пола,Total,Petrovo,6474
2013,Број,Мушкарци,Total,Petrovo,3124
2013,Број,Жене,Total,Petrovo,3350
2013,Број,Оба пола,Total,Posušje,20477
2013,Број,Мушкарци,Total,Posušje,10287
2013,Број,Жене,Total,Posušje,10190
2013,Број,Оба пола,Total,Prijedor,89397
2013,Број,Мушкарци,Total,Prijedor,43863
2013,Број,Жене,Total,Prijedor,45534
2013,Број,Оба пола,Total,Prnjavor,35956
2013,Број,Мушкарци,Total,Prnjavor,17572
2013,Број,Жене,Total,Prnjavor,18384
2013,Број,Оба пола,Total,Prozor,14280
2013,Број,Мушкарци,Total,Prozor,7210
2013,Број,Жене,Total,Prozor,7070
2013,Број,Оба пола,Total,Ravno,3219
2013,Број,Мушкарци,Total,Ravno,1657
2013,Број,Жене,Total,Ravno,1562
2013,Број,Оба пола,Total,Ribnik,6048
2013,Број,Мушкарци,Total,Ribnik,3009
2013,Број,Жене,Total,Ribnik,3039
2013,Број,Оба пола,Total,Rogatica,10723
2013,Број,Мушкарци,Total,Rogatica,5270
2013,Број,Жене,Total,Rogatica,5453
2013,Број,Оба пола,Total,Rudo,7963
2013,Број,Мушкарци,Total,Rudo,4050
2013,Број,Жене,Total,Rudo,3913
2013,Број,Оба пола,Total,Sanski Most,41475
2013,Број,Мушкарци,Total,Sanski Most,20826
2013,Број,Жене,Total,Sanski Most,20649
2013,Број,Оба пола,Total,Sapna,11178
2013,Број,Мушкарци,Total,Sapna,5739
2013,Број,Жене,Total,Sapna,5439
2013,Број,Оба пола,Total,Sokolac,12021
2013,Број,Мушкарци,Total,Sokolac,5919
2013,Број,Жене,Total,Sokolac,6102
2013,Број,Оба пола,Total,Srbac,17587
2013,Број,Мушкарци,Total,Srbac,8623
2013,Број,Жене,Total,Srbac,8964
2013,Број,Оба пола,Total,Srebrenica,13409
2013,Број,Мушкарци,Total,Srebrenica,6602
2013,Број,Жене,Total,Srebrenica,6807
2013,Број,Оба пола,Total,Srebrenik,39678
2013,Број,Мушкарци,Total,Srebrenik,19348
2013,Број,Жене,Total,Srebrenik,20330
2013,Број,Оба пола,Total,Sarajevo - Stari Grad,36976
2013,Број,Мушкарци,Total,Sarajevo - Stari Grad,17482
2013,Број,Жене,Total,Sarajevo - Stari Grad,19494
2013,Број,Оба пола,Total,Stolac,14502
2013,Број,Мушкарци,Total,Stolac,7326
2013,Број,Жене,Total,Stolac,7176
2013,Број,Оба пола,Total,Šamac,17273
2013,Број,Мушкарци,Total,Šamac,8385
2013,Број,Жене,Total,Šamac,8888
2013,Број,Оба пола,Total,Šekovići,6761
2013,Број,Мушкарци,Total,Šekovići,3360
2013,Број,Жене,Total,Šekovići,3401
2013,Број,Оба пола,Total,Šipovo,10293
2013,Број,Мушкарци,Total,Šipovo,5221
2013,Број,Жене,Total,Šipovo,5072
2013,Број,Оба пола,Total,Široki Brijeg,28929
2013,Број,Мушкарци,Total,Široki Brijeg,14381
2013,Број,Жене,Total,Široki Brijeg,14548
2013,Број,Оба пола,Total,Teočak,7424
2013,Број,Мушкарци,Total,Teočak,3767
2013,Број,Жене,Total,Teočak,3657
2013,Број,Оба пола,Total,Teslić,38536
2013,Број,Мушкарци,Total,Teslić,18679
2013,Број,Жене,Total,Teslić,19857
2013,Број,Оба пола,Total,Tešanj,43063
2013,Број,Мушкарци,Total,Tešanj,21376
2013,Број,Жене,Total,Tešanj,21687
2013,Број,Оба пола,Total,Tomislavgrad,31592
2013,Број,Мушкарци,Total,Tomislavgrad,16055
2013,Број,Жене,Total,Tomislavgrad,15537
2013,Број,Оба пола,Total,Travnik,53482
2013,Број,Мушкарци,Total,Travnik,26574
2013,Број,Жене,Total,Travnik,26908
2013,Број,Оба пола,Total,Trebinje,29198
2013,Број,Мушкарци,Total,Trebinje,14251
2013,Број,Жене,Total,Trebinje,14947
2013,Број,Оба пола,Total,Trnovo - FBiH,1502
2013,Број,Мушкарци,Total,Trnovo - FBiH,735
2013,Број,Жене,Total,Trnovo - FBiH,767
2013,Број,Оба пола,Total,Trnovo - RS,2050
2013,Број,Мушкарци,Total,Trnovo - RS,989
2013,Број,Жене,Total,Trnovo - RS,1061
2013,Број,Оба пола,Total,Tuzla,110979
2013,Број,Мушкарци,Total,Tuzla,52745
2013,Број,Жене,Total,Tuzla,58234
2013,Број,Оба пола,Total,Ugljevik,15710
2013,Број,Мушкарци,Total,Ugljevik,7937
2013,Број,Жене,Total,Ugljevik,7773
2013,Број,Оба пола,Total,Usora,6603
2013,Број,Мушкарци,Total,Usora,3266
2013,Број,Жене,Total,Usora,3337
2013,Број,Оба пола,Total,Vareš,8892
2013,Број,Мушкарци,Total,Vareš,4373
2013,Број,Жене,Total,Vareš,4519
2013,Број,Оба пола,Total,Velika Kladuša,40419
2013,Број,Мушкарци,Total,Velika Kladuša,19889
2013,Број,Жене,Total,Velika Kladuša,20530
2013,Број,Оба пола,Total,Visoko,39938
2013,Број,Мушкарци,Total,Visoko,19705
2013,Број,Жене,Total,Visoko,20233
2013,Број,Оба пола,Total,Višegrad,10668
2013,Број,Мушкарци,Total,Višegrad,5106
2013,Број,Жене,Total,Višegrad,5562
2013,Број,Оба пола,Total,Vitez,25836
2013,Број,Мушкарци,Total,Vitez,12767
2013,Број,Жене,Total,Vitez,13069
2013,Број,Оба пола,Total,Vlasenica,11467
2013,Број,Мушкарци,Total,Vlasenica,5638
2013,Број,Жене,Total,Vlasenica,5829
2013,Број,Оба пола,Total,Sarajevo - Vogošća,26343
2013,Број,Мушкарци,Total,Sarajevo - Vogošća,12606
2013,Број,Жене,Total,Sarajevo - Vogošća,13737
2013,Број,Оба пола,Total,Vukosavlje,4667
2013,Број,Мушкарци,Total,Vukosavlje,2340
2013,Број,Жене,Total,Vukosavlje,2327
2013,Број,Оба пола,Total,Zavidovići,35988
2013,Број,Мушкарци,Total,Zavidovići,17883
2013,Број,Жене,Total,Zavidovići,18105
2013,Број,Оба пола,Total,Zenica,110663
2013,Број,Мушкарци,Total,Zenica,54660
2013,Број,Жене,Total,Zenica,56003
2013,Број,Оба пола,Total,Zvornik,58856
2013,Број,Мушкарци,Total,Zvornik,29270
2013,Број,Жене,Total,Zvornik,29586
2013,Број,Оба пола,Total,Žepče,30219
2013,Број,Мушкарци,Total,Žepče,15335
2013,Број,Жене,Total,Žepče,14884
2013,Број,Оба пола,Total,Živinice,57765
2013,Број,Мушкарци,Total,Živinice,28714
2013,Број,Жене,Total,Živinice,29051
