Year,UNIT_MEASURE,Пол,Године,Value
1971,Број,Оба пола или без подјеле по полу,0,78188
1971,Број,Мушкарци,0,39855
1971,Број,Жене,0,38333
1981,Број,Оба пола или без подјеле по полу,0,71881
1971,Број,Оба пола или без подјеле по полу,1,78188
1971,Број,Мушкарци,1,39855
1971,Број,Жене,1,38333
1981,Број,Оба пола или без подјеле по полу,1,71881
1971,Број,Оба пола или без подјеле по полу,2,78188
1971,Број,Мушкарци,2,39855
1971,Број,Жене,2,38333
1981,Број,Оба пола или без подјеле по полу,2,71881
