Year,UNIT_MEASURE,Пол,Године,Ентитет,Value
2013,Број,Оба пола или без подјеле по полу,0,Федерација БиХ,21718
2013,Број,Оба пола или без подјеле по полу,1,Федерација БиХ,22690
2013,Број,Оба пола или без подјеле по полу,2,Федерација БиХ,22691
2013,Број,Оба пола или без подјеле по полу,3,Федерација БиХ,23664
2013,Број,Оба пола или без подјеле по полу,4,Федерација БиХ,24080
2013,Број,Оба пола или без подјеле по полу,5,Федерација БиХ,23892
2013,Број,Оба пола или без подјеле по полу,6,Федерација БиХ,22901
2013,Број,Оба пола или без подјеле по полу,7,Федерација БиХ,22965
2013,Број,Оба пола или без подјеле по полу,8,Федерација БиХ,23147
2013,Број,Оба пола или без подјеле по полу,9,Федерација БиХ,23147
2013,Број,Оба пола или без подјеле по полу,10,Федерација БиХ,23884
2013,Број,Оба пола или без подјеле по полу,11,Федерација БиХ,24043
2013,Број,Оба пола или без подјеле по полу,12,Федерација БиХ,24989
2013,Број,Оба пола или без подјеле по полу,13,Федерација БиХ,25785
2013,Број,Оба пола или без подјеле по полу,14,Федерација БиХ,27352
2013,Број,Оба пола или без подјеле по полу,15,Федерација БиХ,30464
2013,Број,Оба пола или без подјеле по полу,16,Федерација БиХ,35091
2013,Број,Оба пола или без подјеле по полу,17,Федерација БиХ,35286
2013,Број,Оба пола или без подјеле по полу,18,Федерација БиХ,33903
2013,Број,Оба пола или без подјеле по полу,19,Федерација БиХ,27137
2013,Број,Оба пола или без подјеле по полу,20,Федерација БиХ,25325
2013,Број,Оба пола или без подјеле по полу,21,Федерација БиХ,29600
2013,Број,Оба пола или без подјеле по полу,22,Федерација БиХ,32119
2013,Број,Оба пола или без подјеле по полу,23,Федерација БиХ,31990
2013,Број,Оба пола или без подјеле по полу,24,Федерација БиХ,31868
2013,Број,Оба пола или без подјеле по полу,25,Федерација БиХ,32919
2013,Број,Оба пола или без подјеле по полу,26,Федерација БиХ,32539
2013,Број,Оба пола или без подјеле по полу,27,Федерација БиХ,32484
2013,Број,Оба пола или без подјеле по полу,28,Федерација БиХ,32610
2013,Број,Оба пола или без подјеле по полу,29,Федерација БиХ,33651
2013,Број,Оба пола или без подјеле по полу,30,Федерација БиХ,32390
2013,Број,Оба пола или без подјеле по полу,31,Федерација БиХ,32319
2013,Број,Оба пола или без подјеле по полу,32,Федерација БиХ,32749
2013,Број,Оба пола или без подјеле по полу,33,Федерација БиХ,31974
2013,Број,Оба пола или без подјеле по полу,34,Федерација БиХ,31556
2013,Број,Оба пола или без подјеле по полу,35,Федерација БиХ,31528
2013,Број,Оба пола или без подјеле по полу,36,Федерација БиХ,31538
2013,Број,Оба пола или без подјеле по полу,37,Федерација БиХ,32341
2013,Број,Оба пола или без подјеле по полу,38,Федерација БиХ,31321
2013,Број,Оба пола или без подјеле по полу,39,Федерација БиХ,30987
2013,Број,Оба пола или без подјеле по полу,40,Федерација БиХ,30584
2013,Број,Оба пола или без подјеле по полу,41,Федерација БиХ,31771
2013,Број,Оба пола или без подјеле по полу,42,Федерација БиХ,31017
2013,Број,Оба пола или без подјеле по полу,43,Федерација БиХ,29652
2013,Број,Оба пола или без подјеле по полу,44,Федерација БиХ,31806
2013,Број,Оба пола или без подјеле по полу,45,Федерација БиХ,32017
2013,Број,Оба пола или без подјеле по полу,46,Федерација БиХ,33018
2013,Број,Оба пола или без подјеле по полу,47,Федерација БиХ,33813
2013,Број,Оба пола или без подјеле по полу,48,Федерација БиХ,34178
2013,Број,Оба пола или без подјеле по полу,49,Федерација БиХ,34083
2013,Број,Оба пола или без подјеле по полу,50,Федерација БиХ,34340
2013,Број,Оба пола или без подјеле по полу,51,Федерација БиХ,35525
2013,Број,Оба пола или без подјеле по полу,52,Федерација БиХ,35006
2013,Број,Оба пола или без подјеле по полу,53,Федерација БиХ,34518
2013,Број,Оба пола или без подјеле по полу,54,Федерација БиХ,34607
2013,Број,Оба пола или без подјеле по полу,55,Федерација БиХ,32581
2013,Број,Оба пола или без подјеле по полу,56,Федерација БиХ,30906
2013,Број,Оба пола или без подјеле по полу,57,Федерација БиХ,31264
2013,Број,Оба пола или без подјеле по полу,58,Федерација БиХ,31461
2013,Број,Оба пола или без подјеле по полу,59,Федерација БиХ,29877
2013,Број,Оба пола или без подјеле по полу,60,Федерација БиХ,29631
2013,Број,Оба пола или без подјеле по полу,61,Федерација БиХ,26762
2013,Број,Оба пола или без подјеле по полу,62,Федерација БиХ,24438
2013,Број,Оба пола или без подјеле по полу,63,Федерација БиХ,24535
2013,Број,Оба пола или без подјеле по полу,64,Федерација БиХ,23247
2013,Број,Оба пола или без подјеле по полу,65,Федерација БиХ,20490
2013,Број,Оба пола или без подјеле по полу,66,Федерација БиХ,21656
2013,Број,Оба пола или без подјеле по полу,67,Федерација БиХ,16531
2013,Број,Оба пола или без подјеле по полу,68,Федерација БиХ,15234
2013,Број,Оба пола или без подјеле по полу,69,Федерација БиХ,14480
2013,Број,Оба пола или без подјеле по полу,70,Федерација БиХ,14562
2013,Број,Оба пола или без подјеле по полу,71,Федерација БиХ,16128
2013,Број,Оба пола или без подјеле по полу,72,Федерација БиХ,16725
2013,Број,Оба пола или без подјеле по полу,73,Федерација БиХ,17668
2013,Број,Оба пола или без подјеле по полу,74,Федерација БиХ,15940
2013,Број,Оба пола или без подјеле по полу,75,Федерација БиХ,15320
2013,Број,Оба пола или без подјеле по полу,76,Федерација БиХ,14194
2013,Број,Оба пола или без подјеле по полу,77,Федерација БиХ,13342
2013,Број,Оба пола или без подјеле по полу,78,Федерација БиХ,11991
2013,Број,Оба пола или без подјеле по полу,79,Федерација БиХ,10766
2013,Број,Оба пола или без подјеле по полу,80,Федерација БиХ,9117
2013,Број,Оба пола или без подјеле по полу,81,Федерација БиХ,8359
2013,Број,Оба пола или без подјеле по полу,82,Федерација БиХ,6844
2013,Број,Оба пола или без подјеле по полу,83,Федерација БиХ,6095
2013,Број,Оба пола или без подјеле по полу,84,Федерација БиХ,4812
2013,Број,Оба пола или без подјеле по полу,85+,Федерација БиХ,15692
2013,Број,Оба пола или без подјеле по полу,Unknown,Федерација БиХ,0
2013,Број,Оба пола или без подјеле по полу,Total,Федерација БиХ,2219220
2013,Број,Мушкарци,0,Федерација БиХ,11137
2013,Број,Мушкарци,1,Федерација БиХ,11702
2013,Број,Мушкарци,2,Федерација БиХ,11635
2013,Број,Мушкарци,3,Федерација БиХ,12190
2013,Број,Мушкарци,4,Федерација БиХ,12353
2013,Број,Мушкарци,5,Федерација БиХ,12274
2013,Број,Мушкарци,6,Федерација БиХ,11829
2013,Број,Мушкарци,7,Федерација БиХ,11750
2013,Број,Мушкарци,8,Федерација БиХ,11870
2013,Број,Мушкарци,9,Федерација БиХ,11910
2013,Број,Мушкарци,10,Федерација БиХ,12366
2013,Број,Мушкарци,11,Федерација БиХ,12362
2013,Број,Мушкарци,12,Федерација БиХ,12787
2013,Број,Мушкарци,13,Федерација БиХ,13148
2013,Број,Мушкарци,14,Федерација БиХ,13830
2013,Број,Мушкарци,15,Федерација БиХ,15585
2013,Број,Мушкарци,16,Федерација БиХ,18159
2013,Број,Мушкарци,17,Федерација БиХ,18218
2013,Број,Мушкарци,18,Федерација БиХ,17312
2013,Број,Мушкарци,19,Федерација БиХ,14024
2013,Број,Мушкарци,20,Федерација БиХ,13053
2013,Број,Мушкарци,21,Федерација БиХ,14849
2013,Број,Мушкарци,22,Федерација БиХ,16459
2013,Број,Мушкарци,23,Федерација БиХ,16474
2013,Број,Мушкарци,24,Федерација БиХ,16268
2013,Број,Мушкарци,25,Федерација БиХ,16801
2013,Број,Мушкарци,26,Федерација БиХ,16894
2013,Број,Мушкарци,27,Федерација БиХ,16638
2013,Број,Мушкарци,28,Федерација БиХ,16721
2013,Број,Мушкарци,29,Федерација БиХ,17065
2013,Број,Мушкарци,30,Федерација БиХ,16504
2013,Број,Мушкарци,31,Федерација БиХ,16570
2013,Број,Мушкарци,32,Федерација БиХ,16694
2013,Број,Мушкарци,33,Федерација БиХ,16163
2013,Број,Мушкарци,34,Федерација БиХ,16001
2013,Број,Мушкарци,35,Федерација БиХ,15902
2013,Број,Мушкарци,36,Федерација БиХ,15826
2013,Број,Мушкарци,37,Федерација БиХ,16187
2013,Број,Мушкарци,38,Федерација БиХ,15675
2013,Број,Мушкарци,39,Федерација БиХ,15349
2013,Број,Мушкарци,40,Федерација БиХ,15127
2013,Број,Мушкарци,41,Федерација БиХ,15825
2013,Број,Мушкарци,42,Федерација БиХ,15475
2013,Број,Мушкарци,43,Федерација БиХ,14747
2013,Број,Мушкарци,44,Федерација БиХ,15948
2013,Број,Мушкарци,45,Федерација БиХ,15855
2013,Број,Мушкарци,46,Федерација БиХ,16405
2013,Број,Мушкарци,47,Федерација БиХ,16673
2013,Број,Мушкарци,48,Федерација БиХ,16805
2013,Број,Мушкарци,49,Федерација БиХ,16856
2013,Број,Мушкарци,50,Федерација БиХ,16932
2013,Број,Мушкарци,51,Федерација БиХ,17349
2013,Број,Мушкарци,52,Федерација БиХ,17203
2013,Број,Мушкарци,53,Федерација БиХ,16748
2013,Број,Мушкарци,54,Федерација БиХ,17071
2013,Број,Мушкарци,55,Федерација БиХ,15630
2013,Број,Мушкарци,56,Федерација БиХ,15129
2013,Број,Мушкарци,57,Федерација БиХ,15231
2013,Број,Мушкарци,58,Федерација БиХ,15090
2013,Број,Мушкарци,59,Федерација БиХ,14488
2013,Број,Мушкарци,60,Федерација БиХ,14056
2013,Број,Мушкарци,61,Федерација БиХ,12507
2013,Број,Мушкарци,62,Федерација БиХ,11394
2013,Број,Мушкарци,63,Федерација БиХ,11285
2013,Број,Мушкарци,64,Федерација БиХ,10657
2013,Број,Мушкарци,65,Федерација БиХ,9092
2013,Број,Мушкарци,66,Федерација БиХ,9797
2013,Број,Мушкарци,67,Федерација БиХ,7429
2013,Број,Мушкарци,68,Федерација БиХ,6681
2013,Број,Мушкарци,69,Федерација БиХ,6439
2013,Број,Мушкарци,70,Федерација БиХ,6237
2013,Број,Мушкарци,71,Федерација БиХ,6969
2013,Број,Мушкарци,72,Федерација БиХ,7080
2013,Број,Мушкарци,73,Федерација БиХ,7467
2013,Број,Мушкарци,74,Федерација БиХ,6692
2013,Број,Мушкарци,75,Федерација БиХ,6253
2013,Број,Мушкарци,76,Федерација БиХ,5904
2013,Број,Мушкарци,77,Федерација БиХ,5463
2013,Број,Мушкарци,78,Федерација БиХ,4769
2013,Број,Мушкарци,79,Федерација БиХ,4306
2013,Број,Мушкарци,80,Федерација БиХ,3486
2013,Број,Мушкарци,81,Федерација БиХ,3255
2013,Број,Мушкарци,82,Федерација БиХ,2677
2013,Број,Мушкарци,83,Федерација БиХ,2263
2013,Број,Мушкарци,84,Федерација БиХ,1812
2013,Број,Мушкарци,85+,Федерација БиХ,4902
2013,Број,Мушкарци,Unknown,Федерација БиХ,0
2013,Број,Мушкарци,Total,Федерација БиХ,1087993
2013,Број,Жене,0,Федерација БиХ,10581
2013,Број,Жене,1,Федерација БиХ,10988
2013,Број,Жене,2,Федерација БиХ,11056
2013,Број,Жене,3,Федерација БиХ,11474
2013,Број,Жене,4,Федерација БиХ,11727
2013,Број,Жене,5,Федерација БиХ,11618
2013,Број,Жене,6,Федерација БиХ,11072
2013,Број,Жене,7,Федерација БиХ,11215
2013,Број,Жене,8,Федерација БиХ,11277
2013,Број,Жене,9,Федерација БиХ,11237
2013,Број,Жене,10,Федерација БиХ,11518
2013,Број,Жене,11,Федерација БиХ,11681
2013,Број,Жене,12,Федерација БиХ,12202
2013,Број,Жене,13,Федерација БиХ,12637
2013,Број,Жене,14,Федерација БиХ,13522
2013,Број,Жене,15,Федерација БиХ,14879
2013,Број,Жене,16,Федерација БиХ,16932
2013,Број,Жене,17,Федерација БиХ,17068
2013,Број,Жене,18,Федерација БиХ,16591
2013,Број,Жене,19,Федерација БиХ,13113
2013,Број,Жене,20,Федерација БиХ,12272
2013,Број,Жене,21,Федерација БиХ,14751
2013,Број,Жене,22,Федерација БиХ,15660
2013,Број,Жене,23,Федерација БиХ,15516
2013,Број,Жене,24,Федерација БиХ,15600
2013,Број,Жене,25,Федерација БиХ,16118
2013,Број,Жене,26,Федерација БиХ,15645
2013,Број,Жене,27,Федерација БиХ,15846
2013,Број,Жене,28,Федерација БиХ,15889
2013,Број,Жене,29,Федерација БиХ,16586
2013,Број,Жене,30,Федерација БиХ,15886
2013,Број,Жене,31,Федерација БиХ,15749
2013,Број,Жене,32,Федерација БиХ,16055
2013,Број,Жене,33,Федерација БиХ,15811
2013,Број,Жене,34,Федерација БиХ,15555
2013,Број,Жене,35,Федерација БиХ,15626
2013,Број,Жене,36,Федерација БиХ,15712
2013,Број,Жене,37,Федерација БиХ,16154
2013,Број,Жене,38,Федерација БиХ,15646
2013,Број,Жене,39,Федерација БиХ,15638
2013,Број,Жене,40,Федерација БиХ,15457
2013,Број,Жене,41,Федерација БиХ,15946
2013,Број,Жене,42,Федерација БиХ,15542
2013,Број,Жене,43,Федерација БиХ,14905
2013,Број,Жене,44,Федерација БиХ,15858
2013,Број,Жене,45,Федерација БиХ,16162
2013,Број,Жене,46,Федерација БиХ,16613
2013,Број,Жене,47,Федерација БиХ,17140
2013,Број,Жене,48,Федерација БиХ,17373
2013,Број,Жене,49,Федерација БиХ,17227
2013,Број,Жене,50,Федерација БиХ,17408
2013,Број,Жене,51,Федерација БиХ,18176
2013,Број,Жене,52,Федерација БиХ,17803
2013,Број,Жене,53,Федерација БиХ,17770
2013,Број,Жене,54,Федерација БиХ,17536
2013,Број,Жене,55,Федерација БиХ,16951
2013,Број,Жене,56,Федерација БиХ,15777
2013,Број,Жене,57,Федерација БиХ,16033
2013,Број,Жене,58,Федерација БиХ,16371
2013,Број,Жене,59,Федерација БиХ,15389
2013,Број,Жене,60,Федерација БиХ,15575
2013,Број,Жене,61,Федерација БиХ,14255
2013,Број,Жене,62,Федерација БиХ,13044
2013,Број,Жене,63,Федерација БиХ,13250
2013,Број,Жене,64,Федерација БиХ,12590
2013,Број,Жене,65,Федерација БиХ,11398
2013,Број,Жене,66,Федерација БиХ,11859
2013,Број,Жене,67,Федерација БиХ,9102
2013,Број,Жене,68,Федерација БиХ,8553
2013,Број,Жене,69,Федерација БиХ,8041
2013,Број,Жене,70,Федерација БиХ,8325
2013,Број,Жене,71,Федерација БиХ,9159
2013,Број,Жене,72,Федерација БиХ,9645
2013,Број,Жене,73,Федерација БиХ,10201
2013,Број,Жене,74,Федерација БиХ,9248
2013,Број,Жене,75,Федерација БиХ,9067
2013,Број,Жене,76,Федерација БиХ,8290
2013,Број,Жене,77,Федерација БиХ,7879
2013,Број,Жене,78,Федерација БиХ,7222
2013,Број,Жене,79,Федерација БиХ,6460
2013,Број,Жене,80,Федерација БиХ,5631
2013,Број,Жене,81,Федерација БиХ,5104
2013,Број,Жене,82,Федерација БиХ,4167
2013,Број,Жене,83,Федерација БиХ,3832
2013,Број,Жене,84,Федерација БиХ,3000
2013,Број,Жене,85+,Федерација БиХ,10790
2013,Број,Жене,Unknown,Федерација БиХ,0
2013,Број,Жене,Total,Федерација БиХ,1131227
2013,Број,Оба пола или без подјеле по полу,0,Република Српска,10429
2013,Број,Оба пола или без подјеле по полу,1,Република Српска,10772
2013,Број,Оба пола или без подјеле по полу,2,Република Српска,10843
2013,Број,Оба пола или без подјеле по полу,3,Република Српска,11419
2013,Број,Оба пола или без подјеле по полу,4,Република Српска,11593
2013,Број,Оба пола или без подјеле по полу,5,Република Српска,11423
2013,Број,Оба пола или без подјеле по полу,6,Република Српска,11101
2013,Број,Оба пола или без подјеле по полу,7,Република Српска,11156
2013,Број,Оба пола или без подјеле по полу,8,Република Српска,11439
2013,Број,Оба пола или без подјеле по полу,9,Република Српска,11497
2013,Број,Оба пола или без подјеле по полу,10,Република Српска,11647
2013,Број,Оба пола или без подјеле по полу,11,Република Српска,11856
2013,Број,Оба пола или без подјеле по полу,12,Република Српска,12663
2013,Број,Оба пола или без подјеле по полу,13,Република Српска,12738
2013,Број,Оба пола или без подјеле по полу,14,Република Српска,13114
2013,Број,Оба пола или без подјеле по полу,15,Република Српска,14028
2013,Број,Оба пола или без подјеле по полу,16,Република Српска,15755
2013,Број,Оба пола или без подјеле по полу,17,Република Српска,15004
2013,Број,Оба пола или без подјеле по полу,18,Република Српска,15395
2013,Број,Оба пола или без подјеле по полу,19,Република Српска,15356
2013,Број,Оба пола или без подјеле по полу,20,Република Српска,12674
2013,Број,Оба пола или без подјеле по полу,21,Република Српска,13765
2013,Број,Оба пола или без подјеле по полу,22,Република Српска,15228
2013,Број,Оба пола или без подјеле по полу,23,Република Српска,15159
2013,Број,Оба пола или без подјеле по полу,24,Република Српска,15392
2013,Број,Оба пола или без подјеле по полу,25,Република Српска,16111
2013,Број,Оба пола или без подјеле по полу,26,Република Српска,16026
2013,Број,Оба пола или без подјеле по полу,27,Република Српска,16257
2013,Број,Оба пола или без подјеле по полу,28,Република Српска,16601
2013,Број,Оба пола или без подјеле по полу,29,Република Српска,17391
2013,Број,Оба пола или без подјеле по полу,30,Република Српска,17114
2013,Број,Оба пола или без подјеле по полу,31,Република Српска,17339
2013,Број,Оба пола или без подјеле по полу,32,Република Српска,17074
2013,Број,Оба пола или без подјеле по полу,33,Република Српска,17163
2013,Број,Оба пола или без подјеле по полу,34,Република Српска,16964
2013,Број,Оба пола или без подјеле по полу,35,Република Српска,17055
2013,Број,Оба пола или без подјеле по полу,36,Република Српска,17205
2013,Број,Оба пола или без подјеле по полу,37,Република Српска,17747
2013,Број,Оба пола или без подјеле по полу,38,Република Српска,16968
2013,Број,Оба пола или без подјеле по полу,39,Република Српска,16470
2013,Број,Оба пола или без подјеле по полу,40,Република Српска,16378
2013,Број,Оба пола или без подјеле по полу,41,Република Српска,16692
2013,Број,Оба пола или без подјеле по полу,42,Република Српска,15959
2013,Број,Оба пола или без подјеле по полу,43,Република Српска,15159
2013,Број,Оба пола или без подјеле по полу,44,Република Српска,15975
2013,Број,Оба пола или без подјеле по полу,45,Република Српска,16366
2013,Број,Оба пола или без подјеле по полу,46,Република Српска,17354
2013,Број,Оба пола или без подјеле по полу,47,Република Српска,17644
2013,Број,Оба пола или без подјеле по полу,48,Република Српска,18118
2013,Број,Оба пола или без подјеле по полу,49,Република Српска,17764
2013,Број,Оба пола или без подјеле по полу,50,Република Српска,18129
2013,Број,Оба пола или без подјеле по полу,51,Република Српска,19279
2013,Број,Оба пола или без подјеле по полу,52,Република Српска,19220
2013,Број,Оба пола или без подјеле по полу,53,Република Српска,19247
2013,Број,Оба пола или без подјеле по полу,54,Република Српска,20131
2013,Број,Оба пола или без подјеле по полу,55,Република Српска,18809
2013,Број,Оба пола или без подјеле по полу,56,Република Српска,18331
2013,Број,Оба пола или без подјеле по полу,57,Република Српска,19518
2013,Број,Оба пола или без подјеле по полу,58,Република Српска,20118
2013,Број,Оба пола или без подјеле по полу,59,Република Српска,19897
2013,Број,Оба пола или без подјеле по полу,60,Република Српска,20106
2013,Број,Оба пола или без подјеле по полу,61,Република Српска,18842
2013,Број,Оба пола или без подјеле по полу,62,Република Српска,16910
2013,Број,Оба пола или без подјеле по полу,63,Република Српска,16983
2013,Број,Оба пола или без подјеле по полу,64,Република Српска,16649
2013,Број,Оба пола или без подјеле по полу,65,Република Српска,14404
2013,Број,Оба пола или без подјеле по полу,66,Република Српска,15233
2013,Број,Оба пола или без подјеле по полу,67,Република Српска,11899
2013,Број,Оба пола или без подјеле по полу,68,Република Српска,9855
2013,Број,Оба пола или без подјеле по полу,69,Република Српска,9879
2013,Број,Оба пола или без подјеле по полу,70,Република Српска,9798
2013,Број,Оба пола или без подјеле по полу,71,Република Српска,10268
2013,Број,Оба пола или без подјеле по полу,72,Република Српска,11904
2013,Број,Оба пола или без подјеле по полу,73,Република Српска,12421
2013,Број,Оба пола или без подјеле по полу,74,Република Српска,11682
2013,Број,Оба пола или без подјеле по полу,75,Република Српска,11369
2013,Број,Оба пола или без подјеле по полу,76,Република Српска,10585
2013,Број,Оба пола или без подјеле по полу,77,Република Српска,10014
2013,Број,Оба пола или без подјеле по полу,78,Република Српска,8706
2013,Број,Оба пола или без подјеле по полу,79,Република Српска,8117
2013,Број,Оба пола или без подјеле по полу,80,Република Српска,6749
2013,Број,Оба пола или без подјеле по полу,81,Република Српска,6055
2013,Број,Оба пола или без подјеле по полу,82,Република Српска,4955
2013,Број,Оба пола или без подјеле по полу,83,Република Српска,4658
2013,Број,Оба пола или без подјеле по полу,84,Република Српска,3592
2013,Број,Оба пола или без подјеле по полу,85+,Република Српска,11771
2013,Број,Оба пола или без подјеле по полу,Unknown,Република Српска,0
2013,Број,Оба пола или без подјеле по полу,Total,Република Српска,1228423
2013,Број,Мушкарци,0,Република Српска,5330
2013,Број,Мушкарци,1,Република Српска,5435
2013,Број,Мушкарци,2,Република Српска,5617
2013,Број,Мушкарци,3,Република Српска,5812
2013,Број,Мушкарци,4,Република Српска,6053
2013,Број,Мушкарци,5,Република Српска,5889
2013,Број,Мушкарци,6,Република Српска,5619
2013,Број,Мушкарци,7,Република Српска,5667
2013,Број,Мушкарци,8,Република Српска,5903
2013,Број,Мушкарци,9,Република Српска,5935
2013,Број,Мушкарци,10,Република Српска,6009
2013,Број,Мушкарци,11,Република Српска,6093
2013,Број,Мушкарци,12,Република Српска,6516
2013,Број,Мушкарци,13,Република Српска,6505
2013,Број,Мушкарци,14,Република Српска,6626
2013,Број,Мушкарци,15,Република Српска,7306
2013,Број,Мушкарци,16,Република Српска,8099
2013,Број,Мушкарци,17,Република Српска,7621
2013,Број,Мушкарци,18,Република Српска,7885
2013,Број,Мушкарци,19,Република Српска,7972
2013,Број,Мушкарци,20,Република Српска,6576
2013,Број,Мушкарци,21,Република Српска,7089
2013,Број,Мушкарци,22,Република Српска,7914
2013,Број,Мушкарци,23,Република Српска,7872
2013,Број,Мушкарци,24,Република Српска,7801
2013,Број,Мушкарци,25,Република Српска,8267
2013,Број,Мушкарци,26,Република Српска,8234
2013,Број,Мушкарци,27,Република Српска,8197
2013,Број,Мушкарци,28,Република Српска,8623
2013,Број,Мушкарци,29,Република Српска,8900
2013,Број,Мушкарци,30,Република Српска,8788
2013,Број,Мушкарци,31,Република Српска,8854
2013,Број,Мушкарци,32,Република Српска,8715
2013,Број,Мушкарци,33,Република Српска,8746
2013,Број,Мушкарци,34,Република Српска,8644
2013,Број,Мушкарци,35,Република Српска,8818
2013,Број,Мушкарци,36,Република Српска,8821
2013,Број,Мушкарци,37,Република Српска,9154
2013,Број,Мушкарци,38,Република Српска,8748
2013,Број,Мушкарци,39,Република Српска,8540
2013,Број,Мушкарци,40,Република Српска,8485
2013,Број,Мушкарци,41,Република Српска,8652
2013,Број,Мушкарци,42,Република Српска,8241
2013,Број,Мушкарци,43,Република Српска,7740
2013,Број,Мушкарци,44,Република Српска,8229
2013,Број,Мушкарци,45,Република Српска,8297
2013,Број,Мушкарци,46,Република Српска,8826
2013,Број,Мушкарци,47,Република Српска,8964
2013,Број,Мушкарци,48,Република Српска,9100
2013,Број,Мушкарци,49,Република Српска,8870
2013,Број,Мушкарци,50,Република Српска,8995
2013,Број,Мушкарци,51,Република Српска,9574
2013,Број,Мушкарци,52,Република Српска,9575
2013,Број,Мушкарци,53,Република Српска,9548
2013,Број,Мушкарци,54,Република Српска,9833
2013,Број,Мушкарци,55,Република Српска,9160
2013,Број,Мушкарци,56,Република Српска,8931
2013,Број,Мушкарци,57,Република Српска,9518
2013,Број,Мушкарци,58,Република Српска,9803
2013,Број,Мушкарци,59,Република Српска,9734
2013,Број,Мушкарци,60,Република Српска,9704
2013,Број,Мушкарци,61,Република Српска,8999
2013,Број,Мушкарци,62,Република Српска,8098
2013,Број,Мушкарци,63,Република Српска,8022
2013,Број,Мушкарци,64,Република Српска,7849
2013,Број,Мушкарци,65,Република Српска,6607
2013,Број,Мушкарци,66,Република Српска,7031
2013,Број,Мушкарци,67,Република Српска,5391
2013,Број,Мушкарци,68,Република Српска,4414
2013,Број,Мушкарци,69,Република Српска,4439
2013,Број,Мушкарци,70,Република Српска,4144
2013,Број,Мушкарци,71,Република Српска,4446
2013,Број,Мушкарци,72,Република Српска,5149
2013,Број,Мушкарци,73,Република Српска,5273
2013,Број,Мушкарци,74,Република Српска,4938
2013,Број,Мушкарци,75,Република Српска,4752
2013,Број,Мушкарци,76,Република Српска,4366
2013,Број,Мушкарци,77,Република Српска,3935
2013,Број,Мушкарци,78,Република Српска,3377
2013,Број,Мушкарци,79,Република Српска,3135
2013,Број,Мушкарци,80,Република Српска,2568
2013,Број,Мушкарци,81,Република Српска,2288
2013,Број,Мушкарци,82,Република Српска,1859
2013,Број,Мушкарци,83,Република Српска,1713
2013,Број,Мушкарци,84,Република Српска,1335
2013,Број,Мушкарци,85+,Република Српска,3927
2013,Број,Мушкарци,Unknown,Република Српска,0
2013,Број,Мушкарци,Total,Република Српска,603027
2013,Број,Жене,0,Република Српска,5099
2013,Број,Жене,1,Република Српска,5337
2013,Број,Жене,2,Република Српска,5226
2013,Број,Жене,3,Република Српска,5607
2013,Број,Жене,4,Република Српска,5540
2013,Број,Жене,5,Република Српска,5534
2013,Број,Жене,6,Република Српска,5482
2013,Број,Жене,7,Република Српска,5489
2013,Број,Жене,8,Република Српска,5536
2013,Број,Жене,9,Република Српска,5562
2013,Број,Жене,10,Република Српска,5638
2013,Број,Жене,11,Република Српска,5763
2013,Број,Жене,12,Република Српска,6147
2013,Број,Жене,13,Република Српска,6233
2013,Број,Жене,14,Република Српска,6488
2013,Број,Жене,15,Република Српска,6722
2013,Број,Жене,16,Република Српска,7656
2013,Број,Жене,17,Република Српска,7383
2013,Број,Жене,18,Република Српска,7510
2013,Број,Жене,19,Република Српска,7384
2013,Број,Жене,20,Република Српска,6098
2013,Број,Жене,21,Република Српска,6676
2013,Број,Жене,22,Република Српска,7314
2013,Број,Жене,23,Република Српска,7287
2013,Број,Жене,24,Република Српска,7591
2013,Број,Жене,25,Република Српска,7844
2013,Број,Жене,26,Република Српска,7792
2013,Број,Жене,27,Република Српска,8060
2013,Број,Жене,28,Република Српска,7978
2013,Број,Жене,29,Република Српска,8491
2013,Број,Жене,30,Република Српска,8326
2013,Број,Жене,31,Република Српска,8485
2013,Број,Жене,32,Република Српска,8359
2013,Број,Жене,33,Република Српска,8417
2013,Број,Жене,34,Република Српска,8320
2013,Број,Жене,35,Република Српска,8237
2013,Број,Жене,36,Република Српска,8384
2013,Број,Жене,37,Република Српска,8593
2013,Број,Жене,38,Република Српска,8220
2013,Број,Жене,39,Република Српска,7930
2013,Број,Жене,40,Република Српска,7893
2013,Број,Жене,41,Република Српска,8040
2013,Број,Жене,42,Република Српска,7718
2013,Број,Жене,43,Република Српска,7419
2013,Број,Жене,44,Република Српска,7746
2013,Број,Жене,45,Република Српска,8069
2013,Број,Жене,46,Република Српска,8528
2013,Број,Жене,47,Република Српска,8680
2013,Број,Жене,48,Република Српска,9018
2013,Број,Жене,49,Република Српска,8894
2013,Број,Жене,50,Република Српска,9134
2013,Број,Жене,51,Република Српска,9705
2013,Број,Жене,52,Република Српска,9645
2013,Број,Жене,53,Република Српска,9699
2013,Број,Жене,54,Република Српска,10298
2013,Број,Жене,55,Република Српска,9649
2013,Број,Жене,56,Република Српска,9400
2013,Број,Жене,57,Република Српска,10000
2013,Број,Жене,58,Република Српска,10315
2013,Број,Жене,59,Република Српска,10163
2013,Број,Жене,60,Република Српска,10402
2013,Број,Жене,61,Република Српска,9843
2013,Број,Жене,62,Република Српска,8812
2013,Број,Жене,63,Република Српска,8961
2013,Број,Жене,64,Република Српска,8800
2013,Број,Жене,65,Република Српска,7797
2013,Број,Жене,66,Република Српска,8202
2013,Број,Жене,67,Република Српска,6508
2013,Број,Жене,68,Република Српска,5441
2013,Број,Жене,69,Република Српска,5440
2013,Број,Жене,70,Република Српска,5654
2013,Број,Жене,71,Република Српска,5822
2013,Број,Жене,72,Република Српска,6755
2013,Број,Жене,73,Република Српска,7148
2013,Број,Жене,74,Република Српска,6744
2013,Број,Жене,75,Република Српска,6617
2013,Број,Жене,76,Република Српска,6219
2013,Број,Жене,77,Република Српска,6079
2013,Број,Жене,78,Република Српска,5329
2013,Број,Жене,79,Република Српска,4982
2013,Број,Жене,80,Република Српска,4181
2013,Број,Жене,81,Република Српска,3767
2013,Број,Жене,82,Република Српска,3096
2013,Број,Жене,83,Република Српска,2945
2013,Број,Жене,84,Република Српска,2257
2013,Број,Жене,85+,Република Српска,7844
2013,Број,Жене,Unknown,Република Српска,0
2013,Број,Жене,Total,Република Српска,625396
2013,Број,Оба пола или без подјеле по полу,0,Брчко Дистрикт БиХ,839
2013,Број,Оба пола или без подјеле по полу,1,Брчко Дистрикт БиХ,832
2013,Број,Оба пола или без подјеле по полу,2,Брчко Дистрикт БиХ,855
2013,Број,Оба пола или без подјеле по полу,3,Брчко Дистрикт БиХ,791
2013,Број,Оба пола или без подјеле по полу,4,Брчко Дистрикт БиХ,848
2013,Број,Оба пола или без подјеле по полу,5,Брчко Дистрикт БиХ,851
2013,Број,Оба пола или без подјеле по полу,6,Брчко Дистрикт БиХ,917
2013,Број,Оба пола или без подјеле по полу,7,Брчко Дистрикт БиХ,822
2013,Број,Оба пола или без подјеле по полу,8,Брчко Дистрикт БиХ,865
2013,Број,Оба пола или без подјеле по полу,9,Брчко Дистрикт БиХ,857
2013,Број,Оба пола или без подјеле по полу,10,Брчко Дистрикт БиХ,922
2013,Број,Оба пола или без подјеле по полу,11,Брчко Дистрикт БиХ,876
2013,Број,Оба пола или без подјеле по полу,12,Брчко Дистрикт БиХ,944
2013,Број,Оба пола или без подјеле по полу,13,Брчко Дистрикт БиХ,933
2013,Број,Оба пола или без подјеле по полу,14,Брчко Дистрикт БиХ,929
2013,Број,Оба пола или без подјеле по полу,15,Брчко Дистрикт БиХ,1072
2013,Број,Оба пола или без подјеле по полу,16,Брчко Дистрикт БиХ,1169
2013,Број,Оба пола или без подјеле по полу,17,Брчко Дистрикт БиХ,1113
2013,Број,Оба пола или без подјеле по полу,18,Брчко Дистрикт БиХ,1013
2013,Број,Оба пола или без подјеле по полу,19,Брчко Дистрикт БиХ,956
2013,Број,Оба пола или без подјеле по полу,20,Брчко Дистрикт БиХ,826
2013,Број,Оба пола или без подјеле по полу,21,Брчко Дистрикт БиХ,989
2013,Број,Оба пола или без подјеле по полу,22,Брчко Дистрикт БиХ,1056
2013,Број,Оба пола или без подјеле по полу,23,Брчко Дистрикт БиХ,1047
2013,Број,Оба пола или без подјеле по полу,24,Брчко Дистрикт БиХ,1018
2013,Број,Оба пола или без подјеле по полу,25,Брчко Дистрикт БиХ,1103
2013,Број,Оба пола или без подјеле по полу,26,Брчко Дистрикт БиХ,1113
2013,Број,Оба пола или без подјеле по полу,27,Брчко Дистрикт БиХ,1054
2013,Број,Оба пола или без подјеле по полу,28,Брчко Дистрикт БиХ,1235
2013,Број,Оба пола или без подјеле по полу,29,Брчко Дистрикт БиХ,1224
2013,Број,Оба пола или без подјеле по полу,30,Брчко Дистрикт БиХ,1230
2013,Број,Оба пола или без подјеле по полу,31,Брчко Дистрикт БиХ,1253
2013,Број,Оба пола или без подјеле по полу,32,Брчко Дистрикт БиХ,1154
2013,Број,Оба пола или без подјеле по полу,33,Брчко Дистрикт БиХ,1196
2013,Број,Оба пола или без подјеле по полу,34,Брчко Дистрикт БиХ,1158
2013,Број,Оба пола или без подјеле по полу,35,Брчко Дистрикт БиХ,1205
2013,Број,Оба пола или без подјеле по полу,36,Брчко Дистрикт БиХ,1176
2013,Број,Оба пола или без подјеле по полу,37,Брчко Дистрикт БиХ,1239
2013,Број,Оба пола или без подјеле по полу,38,Брчко Дистрикт БиХ,1207
2013,Број,Оба пола или без подјеле по полу,39,Брчко Дистрикт БиХ,1279
2013,Број,Оба пола или без подјеле по полу,40,Брчко Дистрикт БиХ,1256
2013,Број,Оба пола или без подјеле по полу,41,Брчко Дистрикт БиХ,1277
2013,Број,Оба пола или без подјеле по полу,42,Брчко Дистрикт БиХ,1160
2013,Број,Оба пола или без подјеле по полу,43,Брчко Дистрикт БиХ,1204
2013,Број,Оба пола или без подјеле по полу,44,Брчко Дистрикт БиХ,1248
2013,Број,Оба пола или без подјеле по полу,45,Брчко Дистрикт БиХ,1288
2013,Број,Оба пола или без подјеле по полу,46,Брчко Дистрикт БиХ,1301
2013,Број,Оба пола или без подјеле по полу,47,Брчко Дистрикт БиХ,1313
2013,Број,Оба пола или без подјеле по полу,48,Брчко Дистрикт БиХ,1404
2013,Број,Оба пола или без подјеле по полу,49,Брчко Дистрикт БиХ,1267
2013,Број,Оба пола или без подјеле по полу,50,Брчко Дистрикт БиХ,1317
2013,Број,Оба пола или без подјеле по полу,51,Брчко Дистрикт БиХ,1325
2013,Број,Оба пола или без подјеле по полу,52,Брчко Дистрикт БиХ,1362
2013,Број,Оба пола или без подјеле по полу,53,Брчко Дистрикт БиХ,1311
2013,Број,Оба пола или без подјеле по полу,54,Брчко Дистрикт БиХ,1258
2013,Број,Оба пола или без подјеле по полу,55,Брчко Дистрикт БиХ,1199
2013,Број,Оба пола или без подјеле по полу,56,Брчко Дистрикт БиХ,1110
2013,Број,Оба пола или без подјеле по полу,57,Брчко Дистрикт БиХ,1150
2013,Број,Оба пола или без подјеле по полу,58,Брчко Дистрикт БиХ,1167
2013,Број,Оба пола или без подјеле по полу,59,Брчко Дистрикт БиХ,1149
2013,Број,Оба пола или без подјеле по полу,60,Брчко Дистрикт БиХ,1100
2013,Број,Оба пола или без подјеле по полу,61,Брчко Дистрикт БиХ,1073
2013,Број,Оба пола или без подјеле по полу,62,Брчко Дистрикт БиХ,983
2013,Број,Оба пола или без подјеле по полу,63,Брчко Дистрикт БиХ,1052
2013,Број,Оба пола или без подјеле по полу,64,Брчко Дистрикт БиХ,940
2013,Број,Оба пола или без подјеле по полу,65,Брчко Дистрикт БиХ,899
2013,Број,Оба пола или без подјеле по полу,66,Брчко Дистрикт БиХ,899
2013,Број,Оба пола или без подјеле по полу,67,Брчко Дистрикт БиХ,750
2013,Број,Оба пола или без подјеле по полу,68,Брчко Дистрикт БиХ,655
2013,Број,Оба пола или без подјеле по полу,69,Брчко Дистрикт БиХ,705
2013,Број,Оба пола или без подјеле по полу,70,Брчко Дистрикт БиХ,698
2013,Број,Оба пола или без подјеле по полу,71,Брчко Дистрикт БиХ,594
2013,Број,Оба пола или без подјеле по полу,72,Брчко Дистрикт БиХ,698
2013,Број,Оба пола или без подјеле по полу,73,Брчко Дистрикт БиХ,687
2013,Број,Оба пола или без подјеле по полу,74,Брчко Дистрикт БиХ,682
2013,Број,Оба пола или без подјеле по полу,75,Брчко Дистрикт БиХ,620
2013,Број,Оба пола или без подјеле по полу,76,Брчко Дистрикт БиХ,634
2013,Број,Оба пола или без подјеле по полу,77,Брчко Дистрикт БиХ,594
2013,Број,Оба пола или без подјеле по полу,78,Брчко Дистрикт БиХ,535
2013,Број,Оба пола или без подјеле по полу,79,Брчко Дистрикт БиХ,480
2013,Број,Оба пола или без подјеле по полу,80,Брчко Дистрикт БиХ,365
2013,Број,Оба пола или без подјеле по полу,81,Брчко Дистрикт БиХ,327
2013,Број,Оба пола или без подјеле по полу,82,Брчко Дистрикт БиХ,260
2013,Број,Оба пола или без подјеле по полу,83,Брчко Дистрикт БиХ,246
2013,Број,Оба пола или без подјеле по полу,84,Брчко Дистрикт БиХ,202
2013,Број,Оба пола или без подјеле по полу,85+,Брчко Дистрикт БиХ,606
2013,Број,Оба пола или без подјеле по полу,Unknown,Брчко Дистрикт БиХ,0
2013,Број,Оба пола или без подјеле по полу,Total,Брчко Дистрикт БиХ,83516
2013,Број,Мушкарци,0,Брчко Дистрикт БиХ,436
2013,Број,Мушкарци,1,Брчко Дистрикт БиХ,417
2013,Број,Мушкарци,2,Брчко Дистрикт БиХ,450
2013,Број,Мушкарци,3,Брчко Дистрикт БиХ,412
2013,Број,Мушкарци,4,Брчко Дистрикт БиХ,463
2013,Број,Мушкарци,5,Брчко Дистрикт БиХ,465
2013,Број,Мушкарци,6,Брчко Дистрикт БиХ,471
2013,Број,Мушкарци,7,Брчко Дистрикт БиХ,423
2013,Број,Мушкарци,8,Брчко Дистрикт БиХ,460
2013,Број,Мушкарци,9,Брчко Дистрикт БиХ,416
2013,Број,Мушкарци,10,Брчко Дистрикт БиХ,477
2013,Број,Мушкарци,11,Брчко Дистрикт БиХ,472
2013,Број,Мушкарци,12,Брчко Дистрикт БиХ,489
2013,Број,Мушкарци,13,Брчко Дистрикт БиХ,489
2013,Број,Мушкарци,14,Брчко Дистрикт БиХ,484
2013,Број,Мушкарци,15,Брчко Дистрикт БиХ,560
2013,Број,Мушкарци,16,Брчко Дистрикт БиХ,602
2013,Број,Мушкарци,17,Брчко Дистрикт БиХ,547
2013,Број,Мушкарци,18,Брчко Дистрикт БиХ,523
2013,Број,Мушкарци,19,Брчко Дистрикт БиХ,487
2013,Број,Мушкарци,20,Брчко Дистрикт БиХ,417
2013,Број,Мушкарци,21,Брчко Дистрикт БиХ,533
2013,Број,Мушкарци,22,Брчко Дистрикт БиХ,546
2013,Број,Мушкарци,23,Брчко Дистрикт БиХ,533
2013,Број,Мушкарци,24,Брчко Дистрикт БиХ,499
2013,Број,Мушкарци,25,Брчко Дистрикт БиХ,545
2013,Број,Мушкарци,26,Брчко Дистрикт БиХ,577
2013,Број,Мушкарци,27,Брчко Дистрикт БиХ,550
2013,Број,Мушкарци,28,Брчко Дистрикт БиХ,634
2013,Број,Мушкарци,29,Брчко Дистрикт БиХ,602
2013,Број,Мушкарци,30,Брчко Дистрикт БиХ,626
2013,Број,Мушкарци,31,Брчко Дистрикт БиХ,618
2013,Број,Мушкарци,32,Брчко Дистрикт БиХ,568
2013,Број,Мушкарци,33,Брчко Дистрикт БиХ,575
2013,Број,Мушкарци,34,Брчко Дистрикт БиХ,527
2013,Број,Мушкарци,35,Брчко Дистрикт БиХ,591
2013,Број,Мушкарци,36,Брчко Дистрикт БиХ,610
2013,Број,Мушкарци,37,Брчко Дистрикт БиХ,619
2013,Број,Мушкарци,38,Брчко Дистрикт БиХ,625
2013,Број,Мушкарци,39,Брчко Дистрикт БиХ,680
2013,Број,Мушкарци,40,Брчко Дистрикт БиХ,631
2013,Број,Мушкарци,41,Брчко Дистрикт БиХ,637
2013,Број,Мушкарци,42,Брчко Дистрикт БиХ,572
2013,Број,Мушкарци,43,Брчко Дистрикт БиХ,650
2013,Број,Мушкарци,44,Брчко Дистрикт БиХ,636
2013,Број,Мушкарци,45,Брчко Дистрикт БиХ,708
2013,Број,Мушкарци,46,Брчко Дистрикт БиХ,692
2013,Број,Мушкарци,47,Брчко Дистрикт БиХ,669
2013,Број,Мушкарци,48,Брчко Дистрикт БиХ,717
2013,Број,Мушкарци,49,Брчко Дистрикт БиХ,650
2013,Број,Мушкарци,50,Брчко Дистрикт БиХ,681
2013,Број,Мушкарци,51,Брчко Дистрикт БиХ,685
2013,Број,Мушкарци,52,Брчко Дистрикт БиХ,705
2013,Број,Мушкарци,53,Брчко Дистрикт БиХ,636
2013,Број,Мушкарци,54,Брчко Дистрикт БиХ,618
2013,Број,Мушкарци,55,Брчко Дистрикт БиХ,618
2013,Број,Мушкарци,56,Брчко Дистрикт БиХ,575
2013,Број,Мушкарци,57,Брчко Дистрикт БиХ,558
2013,Број,Мушкарци,58,Брчко Дистрикт БиХ,566
2013,Број,Мушкарци,59,Брчко Дистрикт БиХ,545
2013,Број,Мушкарци,60,Брчко Дистрикт БиХ,504
2013,Број,Мушкарци,61,Брчко Дистрикт БиХ,495
2013,Број,Мушкарци,62,Брчко Дистрикт БиХ,484
2013,Број,Мушкарци,63,Брчко Дистрикт БиХ,484
2013,Број,Мушкарци,64,Брчко Дистрикт БиХ,432
2013,Број,Мушкарци,65,Брчко Дистрикт БиХ,394
2013,Број,Мушкарци,66,Брчко Дистрикт БиХ,405
2013,Број,Мушкарци,67,Брчко Дистрикт БиХ,348
2013,Број,Мушкарци,68,Брчко Дистрикт БиХ,295
2013,Број,Мушкарци,69,Брчко Дистрикт БиХ,304
2013,Број,Мушкарци,70,Брчко Дистрикт БиХ,327
2013,Број,Мушкарци,71,Брчко Дистрикт БиХ,267
2013,Број,Мушкарци,72,Брчко Дистрикт БиХ,297
2013,Број,Мушкарци,73,Брчко Дистрикт БиХ,283
2013,Број,Мушкарци,74,Брчко Дистрикт БиХ,285
2013,Број,Мушкарци,75,Брчко Дистрикт БиХ,241
2013,Број,Мушкарци,76,Брчко Дистрикт БиХ,261
2013,Број,Мушкарци,77,Брчко Дистрикт БиХ,244
2013,Број,Мушкарци,78,Брчко Дистрикт БиХ,215
2013,Број,Мушкарци,79,Брчко Дистрикт БиХ,182
2013,Број,Мушкарци,80,Брчко Дистрикт БиХ,144
2013,Број,Мушкарци,81,Брчко Дистрикт БиХ,131
2013,Број,Мушкарци,82,Брчко Дистрикт БиХ,82
2013,Број,Мушкарци,83,Брчко Дистрикт БиХ,89
2013,Број,Мушкарци,84,Брчко Дистрикт БиХ,67
2013,Број,Мушкарци,85+,Брчко Дистрикт БиХ,223
2013,Број,Мушкарци,Unknown,Брчко Дистрикт БиХ,0
2013,Број,Мушкарци,Total,Брчко Дистрикт БиХ,41250
2013,Број,Жене,0,Брчко Дистрикт БиХ,403
2013,Број,Жене,1,Брчко Дистрикт БиХ,415
2013,Број,Жене,2,Брчко Дистрикт БиХ,405
2013,Број,Жене,3,Брчко Дистрикт БиХ,379
2013,Број,Жене,4,Брчко Дистрикт БиХ,385
2013,Број,Жене,5,Брчко Дистрикт БиХ,386
2013,Број,Жене,6,Брчко Дистрикт БиХ,446
2013,Број,Жене,7,Брчко Дистрикт БиХ,399
2013,Број,Жене,8,Брчко Дистрикт БиХ,405
2013,Број,Жене,9,Брчко Дистрикт БиХ,441
2013,Број,Жене,10,Брчко Дистрикт БиХ,445
2013,Број,Жене,11,Брчко Дистрикт БиХ,404
2013,Број,Жене,12,Брчко Дистрикт БиХ,455
2013,Број,Жене,13,Брчко Дистрикт БиХ,444
2013,Број,Жене,14,Брчко Дистрикт БиХ,445
2013,Број,Жене,15,Брчко Дистрикт БиХ,512
2013,Број,Жене,16,Брчко Дистрикт БиХ,567
2013,Број,Жене,17,Брчко Дистрикт БиХ,566
2013,Број,Жене,18,Брчко Дистрикт БиХ,490
2013,Број,Жене,19,Брчко Дистрикт БиХ,469
2013,Број,Жене,20,Брчко Дистрикт БиХ,409
2013,Број,Жене,21,Брчко Дистрикт БиХ,456
2013,Број,Жене,22,Брчко Дистрикт БиХ,510
2013,Број,Жене,23,Брчко Дистрикт БиХ,514
2013,Број,Жене,24,Брчко Дистрикт БиХ,519
2013,Број,Жене,25,Брчко Дистрикт БиХ,558
2013,Број,Жене,26,Брчко Дистрикт БиХ,536
2013,Број,Жене,27,Брчко Дистрикт БиХ,504
2013,Број,Жене,28,Брчко Дистрикт БиХ,601
2013,Број,Жене,29,Брчко Дистрикт БиХ,622
2013,Број,Жене,30,Брчко Дистрикт БиХ,604
2013,Број,Жене,31,Брчко Дистрикт БиХ,635
2013,Број,Жене,32,Брчко Дистрикт БиХ,586
2013,Број,Жене,33,Брчко Дистрикт БиХ,621
2013,Број,Жене,34,Брчко Дистрикт БиХ,631
2013,Број,Жене,35,Брчко Дистрикт БиХ,614
2013,Број,Жене,36,Брчко Дистрикт БиХ,566
2013,Број,Жене,37,Брчко Дистрикт БиХ,620
2013,Број,Жене,38,Брчко Дистрикт БиХ,582
2013,Број,Жене,39,Брчко Дистрикт БиХ,599
2013,Број,Жене,40,Брчко Дистрикт БиХ,625
2013,Број,Жене,41,Брчко Дистрикт БиХ,640
2013,Број,Жене,42,Брчко Дистрикт БиХ,588
2013,Број,Жене,43,Брчко Дистрикт БиХ,554
2013,Број,Жене,44,Брчко Дистрикт БиХ,612
2013,Број,Жене,45,Брчко Дистрикт БиХ,580
2013,Број,Жене,46,Брчко Дистрикт БиХ,609
2013,Број,Жене,47,Брчко Дистрикт БиХ,644
2013,Број,Жене,48,Брчко Дистрикт БиХ,687
2013,Број,Жене,49,Брчко Дистрикт БиХ,617
2013,Број,Жене,50,Брчко Дистрикт БиХ,636
2013,Број,Жене,51,Брчко Дистрикт БиХ,640
2013,Број,Жене,52,Брчко Дистрикт БиХ,657
2013,Број,Жене,53,Брчко Дистрикт БиХ,675
2013,Број,Жене,54,Брчко Дистрикт БиХ,640
2013,Број,Жене,55,Брчко Дистрикт БиХ,581
2013,Број,Жене,56,Брчко Дистрикт БиХ,535
2013,Број,Жене,57,Брчко Дистрикт БиХ,592
2013,Број,Жене,58,Брчко Дистрикт БиХ,601
2013,Број,Жене,59,Брчко Дистрикт БиХ,604
2013,Број,Жене,60,Брчко Дистрикт БиХ,596
2013,Број,Жене,61,Брчко Дистрикт БиХ,578
2013,Број,Жене,62,Брчко Дистрикт БиХ,499
2013,Број,Жене,63,Брчко Дистрикт БиХ,568
2013,Број,Жене,64,Брчко Дистрикт БиХ,508
2013,Број,Жене,65,Брчко Дистрикт БиХ,505
2013,Број,Жене,66,Брчко Дистрикт БиХ,494
2013,Број,Жене,67,Брчко Дистрикт БиХ,402
2013,Број,Жене,68,Брчко Дистрикт БиХ,360
2013,Број,Жене,69,Брчко Дистрикт БиХ,401
2013,Број,Жене,70,Брчко Дистрикт БиХ,371
2013,Број,Жене,71,Брчко Дистрикт БиХ,327
2013,Број,Жене,72,Брчко Дистрикт БиХ,401
2013,Број,Жене,73,Брчко Дистрикт БиХ,404
2013,Број,Жене,74,Брчко Дистрикт БиХ,397
2013,Број,Жене,75,Брчко Дистрикт БиХ,379
2013,Број,Жене,76,Брчко Дистрикт БиХ,373
2013,Број,Жене,77,Брчко Дистрикт БиХ,350
2013,Број,Жене,78,Брчко Дистрикт БиХ,320
2013,Број,Жене,79,Брчко Дистрикт БиХ,298
2013,Број,Жене,80,Брчко Дистрикт БиХ,221
2013,Број,Жене,81,Брчко Дистрикт БиХ,196
2013,Број,Жене,82,Брчко Дистрикт БиХ,178
2013,Број,Жене,83,Брчко Дистрикт БиХ,157
2013,Број,Жене,84,Брчко Дистрикт БиХ,135
2013,Број,Жене,85+,Брчко Дистрикт БиХ,383
2013,Број,Жене,Unknown,Брчко Дистрикт БиХ,0
2013,Број,Жене,Total,Брчко Дистрикт БиХ,42266
