Year,UNIT_MEASURE,Пол,Value
2004,Старосна доб,Оба пола,37.8
2007,Старосна доб,Оба пола,38.3
2011,Старосна доб,Оба пола,39.7
2013,Старосна доб,Оба пола,39.5
2015,Старосна доб,Оба пола,41.9
2004,Старосна доб,M,36.8
2007,Старосна доб,M,37.2
2011,Старосна доб,M,38.6
2013,Старосна доб,M,38.2
2015,Старосна доб,M,40.5
2004,Старосна доб,Ж,38.7
2007,Старосна доб,Ж,39.4
2011,Старосна доб,Ж,40.8
2013,Старосна доб,Ж,40.7
2015,Старосна доб,Ж,43.3
