Year,UNIT_MEASURE,Административно подручје,Value
1965,Дјечаци на 100 дјевојчица,BiH,107.61
1970,Дјечаци на 100 дјевојчица,BiH,107.0
1975,Дјечаци на 100 дјевојчица,BiH,106.91
1980,Дјечаци на 100 дјевојчица,BiH,106.81
1988,Дјечаци на 100 дјевојчица,BiH,107.9
1989,Дјечаци на 100 дјевојчица,BiH,105.4
1990,Дјечаци на 100 дјевојчица,BiH,106.56
1991,Дјечаци на 100 дјевојчица,BiH,105.61
1996,Дјечаци на 100 дјевојчица,BiH,109.92
1997,Дјечаци на 100 дјевојчица,BiH,109.51
1998,Дјечаци на 100 дјевојчица,BiH,108.54
1999,Дјечаци на 100 дјевојчица,BiH,103.88
2000,Дјечаци на 100 дјевојчица,BiH,106.53
2001,Дјечаци на 100 дјевојчица,BiH,105.91
2002,Дјечаци на 100 дјевојчица,BiH,105.82
2003,Дјечаци на 100 дјевојчица,BiH,108.44
2004,Дјечаци на 100 дјевојчица,BiH,106.55
2005,Дјечаци на 100 дјевојчица,BiH,105.75
2006,Дјечаци на 100 дјевојчица,BiH,106.44
2007,Дјечаци на 100 дјевојчица,BiH,107.56
2008,Дјечаци на 100 дјевојчица,BiH,105.99
2009,Дјечаци на 100 дјевојчица,BiH,108.77
2010,Дјечаци на 100 дјевојчица,BiH,106.31
2011,Дјечаци на 100 дјевојчица,BiH,108.19
2012,Дјечаци на 100 дјевојчица,BiH,106.56
2013,Дјечаци на 100 дјевојчица,BiH,106.64
2014,Дјечаци на 100 дјевојчица,BiH,106.31
2015,Дјечаци на 100 дјевојчица,BiH,105.85
2016,Дјечаци на 100 дјевојчица,BiH,108.63
2017,Дјечаци на 100 дјевојчица,BiH,107.9
2018,Дјечаци на 100 дјевојчица,BiH,107.53
2019,Дјечаци на 100 дјевојчица,BiH,109.24
1997,Дјечаци на 100 дјевојчица,Федерација БиХ,109.9
1998,Дјечаци на 100 дјевојчица,Федерација БиХ,107.98
1999,Дјечаци на 100 дјевојчица,Федерација БиХ,103.79
2000,Дјечаци на 100 дјевојчица,Федерација БиХ,106.55
2001,Дјечаци на 100 дјевојчица,Федерација БиХ,105.79
2002,Дјечаци на 100 дјевојчица,Федерација БиХ,105.42
2003,Дјечаци на 100 дјевојчица,Федерација БиХ,109.0
2004,Дјечаци на 100 дјевојчица,Федерација БиХ,106.52
2005,Дјечаци на 100 дјевојчица,Федерација БиХ,106.01
2006,Дјечаци на 100 дјевојчица,Федерација БиХ,107.81
2007,Дјечаци на 100 дјевојчица,Федерација БиХ,108.36
2008,Дјечаци на 100 дјевојчица,Федерација БиХ,104.83
2009,Дјечаци на 100 дјевојчица,Федерација БиХ,107.6
2010,Дјечаци на 100 дјевојчица,Федерација БиХ,106.84
2011,Дјечаци на 100 дјевојчица,Федерација БиХ,107.83
2012,Дјечаци на 100 дјевојчица,Федерација БиХ,108.1
2013,Дјечаци на 100 дјевојчица,Федерација БиХ,106.53
2014,Дјечаци на 100 дјевојчица,Федерација БиХ,105.05
2015,Дјечаци на 100 дјевојчица,Федерација БиХ,104.33
2016,Дјечаци на 100 дјевојчица,Федерација БиХ,108.19
2017,Дјечаци на 100 дјевојчица,Федерација БиХ,107.0
2018,Дјечаци на 100 дјевојчица,Федерација БиХ,106.39
2019,Дјечаци на 100 дјевојчица,Федерација БиХ,107.66
1996,Дјечаци на 100 дјевојчица,Република Српска,108.02
1997,Дјечаци на 100 дјевојчица,Република Српска,109.04
1998,Дјечаци на 100 дјевојчица,Република Српска,109.85
1999,Дјечаци на 100 дјевојчица,Република Српска,104.05
2000,Дјечаци на 100 дјевојчица,Република Српска,106.5
2001,Дјечаци на 100 дјевојчица,Република Српска,106.12
2002,Дјечаци на 100 дјевојчица,Република Српска,106.6
2003,Дјечаци на 100 дјевојчица,Република Српска,107.14
2004,Дјечаци на 100 дјевојчица,Република Српска,107.86
2005,Дјечаци на 100 дјевојчица,Република Српска,105.62
2006,Дјечаци на 100 дјевојчица,Република Српска,103.44
2007,Дјечаци на 100 дјевојчица,Република Српска,106.03
2008,Дјечаци на 100 дјевојчица,Република Српска,106.6
2009,Дјечаци на 100 дјевојчица,Република Српска,110.96
2010,Дјечаци на 100 дјевојчица,Република Српска,104.45
2011,Дјечаци на 100 дјевојчица,Република Српска,109.99
2012,Дјечаци на 100 дјевојчица,Република Српска,104.09
2013,Дјечаци на 100 дјевојчица,Република Српска,106.6
2014,Дјечаци на 100 дјевојчица,Република Српска,107.95
2015,Дјечаци на 100 дјевојчица,Република Српска,107.24
2016,Дјечаци на 100 дјевојчица,Република Српска,109.07
2017,Дјечаци на 100 дјевојчица,Република Српска,109.72
2018,Дјечаци на 100 дјевојчица,Република Српска,109.5
2019,Дјечаци на 100 дјевојчица,Република Српска,112.37
2002,Дјечаци на 100 дјевојчица,Брчко дистрикт БиХ,129.67
2003,Дјечаци на 100 дјевојчица,Брчко дистрикт БиХ,103.09
2004,Дјечаци на 100 дјевојчица,Брчко дистрикт БиХ,91.07
2005,Дјечаци на 100 дјевојчица,Брчко дистрикт БиХ,107.43
2006,Дјечаци на 100 дјевојчица,Брчко дистрикт БиХ,111.11
2007,Дјечаци на 100 дјевојчица,Брчко дистрикт БиХ,106.78
2008,Дјечаци на 100 дјевојчица,Брчко дистрикт БиХ,129.7
2009,Дјечаци на 100 дјевојчица,Брчко дистрикт БиХ,113.5
2010,Дјечаци на 100 дјевојчица,Брчко дистрикт БиХ,114.02
2011,Дјечаци на 100 дјевојчица,Брчко дистрикт БиХ,98.03
2012,Дјечаци на 100 дјевојчица,Брчко дистрикт БиХ,99.59
2013,Дјечаци на 100 дјевојчица,Брчко дистрикт БиХ,113.33
2014,Дјечаци на 100 дјевојчица,Брчко дистрикт БиХ,118.81
2015,Дјечаци на 100 дјевојчица,Брчко дистрикт БиХ,122.97
2016,Дјечаци на 100 дјевојчица,Брчко дистрикт БиХ,116.26
2017,Дјечаци на 100 дјевојчица,Брчко дистрикт БиХ,110.8
2018,Дјечаци на 100 дјевојчица,Брчко дистрикт БиХ,108.47
2019,Дјечаци на 100 дјевојчица,Брчко дистрикт БиХ,102.93
