Year,UNIT_MEASURE,Ентитет,Пол,Value
1998,Старост,BiH,Оба пола,66.1
1999,Старост,BiH,Оба пола,66.6
2000,Старост,BiH,Оба пола,66.8
2001,Старост,BiH,Оба пола,67.2
2002,Старост,BiH,Оба пола,67.8
2003,Старост,BiH,Оба пола,68.4
2004,Старост,BiH,Оба пола,68.9
2005,Старост,BiH,Оба пола,69.3
2006,Старост,BiH,Оба пола,69.4
2007,Старост,BiH,Оба пола,69.6
2008,Старост,BiH,Оба пола,70.2
2009,Старост,BiH,Оба пола,70.8
2010,Старост,BiH,Оба пола,71.6
2011,Старост,BiH,Оба пола,72.1
2012,Старост,BiH,Оба пола,72.5
2013,Старост,BiH,Оба пола,72.7
2014,Старост,BiH,Оба пола,73.0
2015,Старост,BiH,Оба пола,73.4
2016,Старост,BiH,Оба пола,73.4
2017,Старост,BiH,Оба пола,73.9
2018,Старост,BiH,Оба пола,74.1
2019,Старост,BiH,Оба пола,74.1
2003,Старост,BiH,Мушкарци,31.6
2004,Старост,BiH,Мушкарци,48.0
2009,Старост,BiH,Мушкарци,63.3
2010,Старост,BiH,Мушкарци,64.0
2011,Старост,BiH,Мушкарци,64.2
2012,Старост,BiH,Мушкарци,64.6
2013,Старост,BiH,Мушкарци,65.0
2014,Старост,BiH,Мушкарци,65.8
2015,Старост,BiH,Мушкарци,66.3
2016,Старост,BiH,Мушкарци,66.8
2017,Старост,BiH,Мушкарци,66.8
2018,Старост,BiH,Мушкарци,66.9
2019,Старост,BiH,Мушкарци,67.4
1961,Старост,BiH,Мушкарци,68.1
1971,Старост,BiH,Мушкарци,68.9
1981,Старост,BiH,Мушкарци,69.4
1991,Старост,BiH,Мушкарци,69.8
1996,Старост,BiH,Мушкарци,70.0
1997,Старост,BiH,Мушкарци,70.4
1998,Старост,BiH,Мушкарци,70.7
1999,Старост,BiH,Мушкарци,70.7
2000,Старост,BiH,Мушкарци,71.2
2001,Старост,BiH,Мушкарци,71.4
2002,Старост,BiH,Мушкарци,71.5
2003,Старост,BiH,Жене,34.5
2004,Старост,BiH,Жене,51.6
2009,Старост,BiH,Жене,69.2
2010,Старост,BiH,Жене,69.5
2011,Старост,BiH,Жене,69.7
2012,Старост,BiH,Жене,70.2
2013,Старост,BiH,Жене,70.7
2014,Старост,BiH,Жене,71.2
2015,Старост,BiH,Жене,71.7
2016,Старост,BiH,Жене,72.2
2017,Старост,BiH,Жене,72.2
2018,Старост,BiH,Жене,72.5
2019,Старост,BiH,Жене,73.3
2003,Старост,BiH,Жене,73.6
2004,Старост,BiH,Жене,74.5
2005,Старост,BiH,Жене,75.0
2006,Старост,BiH,Жене,75.3
2007,Старост,BiH,Жене,75.5
2008,Старост,BiH,Жене,75.8
2009,Старост,BiH,Жене,76.1
2010,Старост,BiH,Жене,76.2
2011,Старост,BiH,Жене,76.5
2012,Старост,BiH,Жене,76.8
2013,Старост,BiH,Жене,76.9
1997,Старост,Федерација БиХ,Оба пола,64.3
1998,Старост,Федерација БиХ,Оба пола,63.8
1999,Старост,Федерација БиХ,Оба пола,65.7
2000,Старост,Федерација БиХ,Оба пола,66.5
2001,Старост,Федерација БиХ,Оба пола,67.1
2002,Старост,Федерација БиХ,Оба пола,67.3
2003,Старост,Федерација БиХ,Оба пола,68.2
2004,Старост,Федерација БиХ,Оба пола,68.6
2005,Старост,Федерација БиХ,Оба пола,69.1
2006,Старост,Федерација БиХ,Оба пола,69.0
2007,Старост,Федерација БиХ,Оба пола,69.3
2008,Старост,Федерација БиХ,Оба пола,69.5
2009,Старост,Федерација БиХ,Оба пола,70.2
2010,Старост,Федерација БиХ,Оба пола,70.5
2011,Старост,Федерација БиХ,Оба пола,70.8
2012,Старост,Федерација БиХ,Оба пола,71.3
2013,Старост,Федерација БиХ,Оба пола,71.6
2014,Старост,Федерација БиХ,Оба пола,72.0
2015,Старост,Федерација БиХ,Оба пола,72.3
2016,Старост,Федерација БиХ,Оба пола,72.3
2017,Старост,Федерација БиХ,Оба пола,72.5
2018,Старост,Федерација БиХ,Оба пола,73.0
2019,Старост,Федерација БиХ,Оба пола,73.0
2008,Старост,Федерација БиХ,Мушкарци,61.6
2009,Старост,Федерација БиХ,Мушкарци,61.3
2010,Старост,Федерација БиХ,Мушкарци,63.2
2011,Старост,Федерација БиХ,Мушкарци,64.1
2012,Старост,Федерација БиХ,Мушкарци,64.5
2013,Старост,Федерација БиХ,Мушкарци,64.6
2014,Старост,Федерација БиХ,Мушкарци,65.5
2015,Старост,Федерација БиХ,Мушкарци,66.0
2016,Старост,Федерација БиХ,Мушкарци,66.4
2017,Старост,Федерација БиХ,Мушкарци,66.5
2018,Старост,Федерација БиХ,Мушкарци,66.8
2019,Старост,Федерација БиХ,Мушкарци,66.7
1961,Старост,Федерација БиХ,Мушкарци,67.5
1971,Старост,Федерација БиХ,Мушкарци,67.7
1981,Старост,Федерација БиХ,Мушкарци,68.2
1991,Старост,Федерација БиХ,Мушкарци,68.9
1996,Старост,Федерација БиХ,Мушкарци,69.0
1997,Старост,Федерација БиХ,Мушкарци,69.4
1998,Старост,Федерација БиХ,Мушкарци,69.6
1999,Старост,Федерација БиХ,Мушкарци,69.7
2000,Старост,Федерација БиХ,Мушкарци,70.1
2001,Старост,Федерација БиХ,Мушкарци,70.5
2002,Старост,Федерација БиХ,Мушкарци,70.5
2008,Старост,Федерација БиХ,Жене,67.5
2009,Старост,Федерација БиХ,Жене,66.8
2010,Старост,Федерација БиХ,Жене,68.5
2011,Старост,Федерација БиХ,Жене,69.3
2012,Старост,Федерација БиХ,Жене,69.9
2013,Старост,Федерација БиХ,Жене,70.3
2014,Старост,Федерација БиХ,Жене,71.1
2015,Старост,Федерација БиХ,Жене,71.3
2016,Старост,Федерација БиХ,Жене,72.0
2017,Старост,Федерација БиХ,Жене,71.7
2018,Старост,Федерација БиХ,Жене,72.0
2019,Старост,Федерација БиХ,Жене,72.5
2003,Старост,Федерација БиХ,Жене,73.0
2004,Старост,Федерација БиХ,Жене,73.3
2005,Старост,Федерација БиХ,Жене,73.7
2006,Старост,Федерација БиХ,Жене,74.1
2007,Старост,Федерација БиХ,Жене,74.3
2008,Старост,Федерација БиХ,Жене,74.7
2009,Старост,Федерација БиХ,Жене,75.0
2010,Старост,Федерација БиХ,Жене,74.9
2011,Старост,Федерација БиХ,Жене,75.0
2012,Старост,Федерација БиХ,Жене,75.5
2013,Старост,Федерација БиХ,Жене,75.6
2010,Старост,Република Српска,Оба пола,72.1
2011,Старост,Република Српска,Оба пола,72.5
2012,Старост,Република Српска,Оба пола,73.0
2013,Старост,Република Српска,Оба пола,73.0
2014,Старост,Република Српска,Оба пола,73.0
2015,Старост,Република Српска,Оба пола,73.7
2016,Старост,Република Српска,Оба пола,73.8
2017,Старост,Република Српска,Оба пола,74.5
2018,Старост,Република Српска,Оба пола,74.5
2019,Старост,Република Српска,Оба пола,74.5
2009,Старост,Република Српска,Мушкарци,64.9
2011,Старост,Република Српска,Мушкарци,65.2
2012,Старост,Република Српска,Мушкарци,66.5
2013,Старост,Република Српска,Мушкарци,66.3
2014,Старост,Република Српска,Мушкарци,67.0
2015,Старост,Република Српска,Мушкарци,67.0
2016,Старост,Република Српска,Мушкарци,67.3
2017,Старост,Република Српска,Мушкарци,67.6
2018,Старост,Република Српска,Мушкарци,68.2
2019,Старост,Република Српска,Мушкарци,68.3
1961,Старост,Република Српска,Мушкарци,68.9
1971,Старост,Република Српска,Мушкарци,69.4
1981,Старост,Република Српска,Мушкарци,69.6
1991,Старост,Република Српска,Мушкарци,70.1
1996,Старост,Република Српска,Мушкарци,70.1
1997,Старост,Република Српска,Мушкарци,70.5
1998,Старост,Република Српска,Мушкарци,71.0
1999,Старост,Република Српска,Мушкарци,71.0
2000,Старост,Република Српска,Мушкарци,71.6
2001,Старост,Република Српска,Мушкарци,71.6
2002,Старост,Република Српска,Мушкарци,71.7
2009,Старост,Република Српска,Жене,70.8
2011,Старост,Република Српска,Жене,71.2
2012,Старост,Република Српска,Жене,71.3
2013,Старост,Република Српска,Жене,72.0
2014,Старост,Република Српска,Жене,72.0
2015,Старост,Република Српска,Жене,72.0
2016,Старост,Република Српска,Жене,72.5
2017,Старост,Република Српска,Жене,73.1
2018,Старост,Република Српска,Жене,74.0
2019,Старост,Република Српска,Жене,74.3
2003,Старост,Република Српска,Жене,74.4
2004,Старост,Република Српска,Жене,74.9
2005,Старост,Република Српска,Жене,75.5
2006,Старост,Република Српска,Жене,76.1
2007,Старост,Република Српска,Жене,76.0
2008,Старост,Република Српска,Жене,76.1
2009,Старост,Република Српска,Жене,76.5
2010,Старост,Република Српска,Жене,76.9
2011,Старост,Република Српска,Жене,77.4
2012,Старост,Република Српска,Жене,77.4
2013,Старост,Република Српска,Жене,77.4
2004,Старост,Брчко Дистрикт БиХ,Оба пола,70.6
2005,Старост,Брчко Дистрикт БиХ,Оба пола,71.2
2006,Старост,Брчко Дистрикт БиХ,Оба пола,71.5
2007,Старост,Брчко Дистрикт БиХ,Оба пола,70.3
2008,Старост,Брчко Дистрикт БиХ,Оба пола,70.7
2009,Старост,Брчко Дистрикт БиХ,Оба пола,71.5
2010,Старост,Брчко Дистрикт БиХ,Оба пола,72.1
2011,Старост,Брчко Дистрикт БиХ,Оба пола,73.3
2012,Старост,Брчко Дистрикт БиХ,Оба пола,70.9
2013,Старост,Брчко Дистрикт БиХ,Оба пола,73.2
2014,Старост,Брчко Дистрикт БиХ,Оба пола,71.7
2015,Старост,Брчко Дистрикт БиХ,Оба пола,76.2
2016,Старост,Брчко Дистрикт БиХ,Оба пола,75.3
2017,Старост,Брчко Дистрикт БиХ,Оба пола,75.5
2018,Старост,Брчко Дистрикт БиХ,Оба пола,75.2
2019,Старост,Брчко Дистрикт БиХ,Оба пола,75.8
2015,Старост,Брчко Дистрикт БиХ,Мушкарци,68.1
2016,Старост,Брчко Дистрикт БиХ,Мушкарци,68.4
2017,Старост,Брчко Дистрикт БиХ,Мушкарци,68.5
2018,Старост,Брчко Дистрикт БиХ,Мушкарци,67.7
2019,Старост,Брчко Дистрикт БиХ,Мушкарци,67.1
1961,Старост,Брчко Дистрикт БиХ,Мушкарци,70.6
1971,Старост,Брчко Дистрикт БиХ,Мушкарци,69.8
1981,Старост,Брчко Дистрикт БиХ,Мушкарци,69.9
1991,Старост,Брчко Дистрикт БиХ,Мушкарци,69.1
1996,Старост,Брчко Дистрикт БиХ,Мушкарци,70.8
1997,Старост,Брчко Дистрикт БиХ,Мушкарци,69.1
1998,Старост,Брчко Дистрикт БиХ,Мушкарци,74.8
1999,Старост,Брчко Дистрикт БиХ,Мушкарци,72.9
2000,Старост,Брчко Дистрикт БиХ,Мушкарци,73.5
2001,Старост,Брчко Дистрикт БиХ,Мушкарци,71.1
2002,Старост,Брчко Дистрикт БиХ,Мушкарци,74.0
2015,Старост,Брчко Дистрикт БиХ,Жене,73.2
2016,Старост,Брчко Дистрикт БиХ,Жене,74.1
2017,Старост,Брчко Дистрикт БиХ,Жене,74.8
2018,Старост,Брчко Дистрикт БиХ,Жене,73.0
2019,Старост,Брчко Дистрикт БиХ,Жене,74.7
2003,Старост,Брчко Дистрикт БиХ,Жене,74.3
2004,Старост,Брчко Дистрикт БиХ,Жене,75.0
2005,Старост,Брчко Дистрикт БиХ,Жене,75.7
2006,Старост,Брчко Дистрикт БиХ,Жене,72.6
2007,Старост,Брчко Дистрикт БиХ,Жене,75.7
2008,Старост,Брчко Дистрикт БиХ,Жене,74.4
2009,Старост,Брчко Дистрикт БиХ,Жене,77.7
2010,Старост,Брчко Дистрикт БиХ,Жене,78.1
2011,Старост,Брчко Дистрикт БиХ,Жене,77.5
2012,Старост,Брчко Дистрикт БиХ,Жене,77.3
2013,Старост,Брчко Дистрикт БиХ,Жене,77.6
