Year,Пол,Ентитет,UNIT_MEASURE,Value
1971,Оба пола,BiH,Број,22.0
1981,Оба пола,BiH,Број,17.2
1991,Оба пола,BiH,Број,14.9
1996,Оба пола,BiH,Број,14.01468
1997,Оба пола,BiH,Број,12.41812509
1998,Оба пола,BiH,Број,10.97607039
1999,Оба пола,BiH,Број,10.14977393
2000,Оба пола,BiH,Број,9.680762328
2001,Оба пола,BiH,Број,7.609300846
2002,Оба пола,BiH,Број,9.385449743
2003,Оба пола,BiH,Број,7.60628938
2004,Оба пола,BiH,Број,7.197519274
2005,Оба пола,BiH,Број,6.728853207
2006,Оба пола,BiH,Број,7.492727647
2007,Оба пола,BiH,Број,6.827249889
2008,Оба пола,BiH,Број,6.876170412
2009,Оба пола,BiH,Број,6.483357453
2010,Оба пола,BiH,Број,6.442376521
2011,Оба пола,BiH,Број,5.784162711
2012,Оба пола,BiH,Број,5.438289243
2013,Оба пола,BiH,Број,5.898839786
2014,Оба пола,BiH,Број,5.153957975
2015,Оба пола,BiH,Број,6.113537118
2016,Оба пола,BiH,Број,5.897359441
2017,Оба пола,BiH,Број,6.490066225
2018,Оба пола,BiH,Број,6.210336987
2019,Оба пола,BiH,Број,6.699576869
1996,Мушкарци,BiH,Број,14.75530781
1997,Мушкарци,BiH,Број,14.58670989
1998,Мушкарци,BiH,Број,12.89220918
1999,Мушкарци,BiH,Број,11.18506193
2000,Мушкарци,BiH,Број,10.7806145
2001,Мушкарци,BiH,Број,8.195876289
2002,Мушкарци,BiH,Број,10.43886976
2003,Мушкарци,BiH,Број,8.40152755
2004,Мушкарци,BiH,Број,8.327358959
2005,Мушкарци,BiH,Број,7.473169635
2006,Мушкарци,BiH,Број,9.004388215
2007,Мушкарци,BiH,Број,7.528230866
2008,Мушкарци,BiH,Број,7.44953085
2009,Мушкарци,BiH,Број,6.44408644
2010,Мушкарци,BiH,Број,7.235052382
2011,Мушкарци,BiH,Број,6.714657311
2012,Мушкарци,BiH,Број,6.611078023
2013,Мушкарци,BiH,Број,6.883485949
2014,Мушкарци,BiH,Број,4.744502148
2015,Мушкарци,BiH,Број,6.140580089
2016,Мушкарци,BiH,Број,7.062865869
2017,Мушкарци,BiH,Број,6.698991961
2018,Мушкарци,BiH,Број,5.96017815
2019,Мушкарци,BiH,Број,6.889099014
1996,Жене,BiH,Број,13.20057668
1997,Жене,BiH,Број,10.04329004
1998,Жене,BiH,Број,8.896302474
1999,Жене,BiH,Број,9.074323027
2000,Жене,BiH,Број,8.509083316
2001,Жене,BiH,Број,6.988043894
2002,Жене,BiH,Број,8.270676692
2003,Жене,BiH,Број,6.743965925
2004,Жене,BiH,Број,5.993653778
2005,Жене,BiH,Број,5.941770648
2006,Жене,BiH,Број,5.883780177
2007,Жене,BiH,Број,6.07324704
2008,Жене,BiH,Број,6.268458803
2009,Жене,BiH,Број,6.526074083
2010,Жене,BiH,Број,5.599655406
2011,Жене,BiH,Број,4.777486911
2012,Жене,BiH,Број,4.188614584
2013,Жене,BiH,Број,4.848811368
2014,Жене,BiH,Број,5.589257719
2015,Жене,BiH,Број,6.084912184
2016,Жене,BiH,Број,4.631229695
2017,Жене,BiH,Број,6.264628941
2018,Жене,BiH,Број,6.47932953
2019,Жене,BiH,Број,6.492548325
1996,Оба пола,Федерација БиХ,Број,13.8
1997,Оба пола,Федерација БиХ,Број,12.97224813
1998,Оба пола,Федерација БиХ,Број,12.13468869
1999,Оба пола,Федерација БиХ,Број,11.15720212
2000,Оба пола,Федерација БиХ,Број,11.03578748
2001,Оба пола,Федерација БиХ,Број,8.909984179
2002,Оба пола,Федерација БиХ,Број,10.5371812
2003,Оба пола,Федерација БиХ,Број,8.718922652
2004,Оба пола,Федерација БиХ,Број,8.539325843
2005,Оба пола,Федерација БиХ,Број,8.844715966
2006,Оба пола,Федерација БиХ,Број,9.48986205
2007,Оба пола,Федерација БиХ,Број,8.887865531
2008,Оба пола,Федерација БиХ,Број,8.464223386
2009,Оба пола,Федерација БиХ,Број,7.550298957
2010,Оба пола,Федерација БиХ,Број,7.684746671
2011,Оба пола,Федерација БиХ,Број,6.642170718
2012,Оба пола,Федерација БиХ,Број,6.473546945
2013,Оба пола,Федерација БиХ,Број,7.346736163
2014,Оба пола,Федерација БиХ,Број,6.38832998
2015,Оба пола,Федерација БиХ,Број,7.95536729
2016,Оба пола,Федерација БиХ,Број,7.479012974
2017,Оба пола,Федерација БиХ,Број,8.171912833
2018,Оба пола,Федерација БиХ,Број,8.3602307
2019,Оба пола,Федерација БиХ,Број,9.267994894
1997,Мушкарци,Федерација БиХ,Број,15.36662769
1998,Мушкарци,Федерација БиХ,Број,14.37836515
1999,Мушкарци,Федерација БиХ,Број,12.2173852
2000,Мушкарци,Федерација БиХ,Број,12.45415648
2001,Мушкарци,Федерација БиХ,Број,9.556977403
2002,Мушкарци,Федерација БиХ,Број,11.56553805
2003,Мушкарци,Федерација БиХ,Број,10.09683026
2004,Мушкарци,Федерација БиХ,Број,9.323806204
2005,Мушкарци,Федерација БиХ,Број,10.01151768
2006,Мушкарци,Федерација БиХ,Број,11.33220309
2007,Мушкарци,Федерација БиХ,Број,10.09474896
2008,Мушкарци,Федерација БиХ,Број,9.377664109
2009,Мушкарци,Федерација БиХ,Број,7.325698889
2010,Мушкарци,Федерација БиХ,Број,9.08225932
2011,Мушкарци,Федерација БиХ,Број,7.717450518
2012,Мушкарци,Федерација БиХ,Број,7.620584544
2013,Мушкарци,Федерација БиХ,Број,8.468867289
2014,Мушкарци,Федерација БиХ,Број,6.18556701
2015,Мушкарци,Федерација БиХ,Број,8.498583569
2016,Мушкарци,Федерација БиХ,Број,8.517720775
2017,Мушкарци,Федерација БиХ,Број,8.490289841
2018,Мушкарци,Федерација БиХ,Број,8.314514473
2019,Мушкарци,Федерација БиХ,Број,9.526867908
1997,Жене,Федерација БиХ,Број,10.3408187
1998,Жене,Федерација БиХ,Број,9.711945032
1999,Жене,Федерација БиХ,Број,10.05684303
2000,Жене,Федерација БиХ,Број,9.524584826
2001,Жене,Федерација БиХ,Број,8.225516237
2002,Жене,Федерација БиХ,Број,9.453131902
2003,Жене,Федерација БиХ,Број,7.216959856
2004,Жене,Федерација БиХ,Број,7.703731205
2005,Жене,Федерација БиХ,Број,7.607776839
2006,Жене,Федерација БиХ,Број,7.503607504
2007,Жене,Федерација БиХ,Број,7.580118979
2008,Жене,Федерација БиХ,Број,7.506702413
2009,Жене,Федерација БиХ,Број,7.791972456
2010,Жене,Федерација БиХ,Број,6.191664356
2011,Жене,Федерација БиХ,Број,5.482670844
2012,Жене,Федерација БиХ,Број,5.233572398
2013,Жене,Федерација БиХ,Број,6.151322534
2014,Жене,Федерација БиХ,Број,6.601340897
2015,Жене,Федерација БиХ,Број,7.388642601
2016,Жене,Федерација БиХ,Број,6.355258977
2017,Жене,Федерација БиХ,Број,7.831262399
2018,Жене,Федерација БиХ,Број,8.408867533
2019,Жене,Федерација БиХ,Број,8.98928201
1996,Оба пола,Република Српска,Број,14.59675446
1997,Оба пола,Република Српска,Број,11.33968162
1998,Оба пола,Република Српска,Број,8.279736823
1999,Оба пола,Република Српска,Број,8.206896552
2000,Оба пола,Република Српска,Број,7.258121345
2001,Оба пола,Република Српска,Број,5.328856121
2002,Оба пола,Република Српска,Број,7.214656291
2003,Оба пола,Република Српска,Број,6.073835057
2004,Оба пола,Република Српска,Број,5.73955589
2005,Оба пола,Република Српска,Број,3.584576632
2006,Оба пола,Република Српска,Број,4.75104523
2007,Оба пола,Република Српска,Број,3.758654797
2008,Оба пола,Република Српска,Број,3.922337713
2009,Оба пола,Република Српска,Број,4.809959445
2010,Оба пола,Република Српска,Број,4.336257022
2011,Оба пола,Република Српска,Број,4.497437507
2012,Оба пола,Република Српска,Број,3.708157947
2013,Оба пола,Република Српска,Број,3.470031546
2014,Оба пола,Република Српска,Број,3.106588109
2015,Оба пола,Република Српска,Број,2.778668377
2016,Оба пола,Република Српска,Број,2.43334744
2017,Оба пола,Република Српска,Број,2.784023985
2018,Оба пола,Република Српска,Број,1.776755853
2019,Оба пола,Република Српска,Број,1.617425059
1996,Мушкарци,Република Српска,Број,15.54648241
1997,Мушкарци,Република Српска,Број,12.95986622
1998,Мушкарци,Република Српска,Број,9.461940404
1999,Мушкарци,Република Српска,Број,9.196645929
2000,Мушкарци,Република Српска,Број,7.787949173
2001,Мушкарци,Република Српска,Број,5.813129165
2002,Мушкарци,Република Српска,Број,8.326787117
2003,Мушкарци,Република Српска,Број,5.871559633
2004,Мушкарци,Република Српска,Број,7.796917498
2005,Мушкарци,Република Српска,Број,3.772161449
2006,Мушкарци,Република Српска,Број,5.793309662
2007,Мушкарци,Република Српска,Број,3.459542572
2008,Мушкарци,Република Српска,Број,3.800836184
2009,Мушкарци,Република Српска,Број,5.199928277
2010,Мушкарци,Република Српска,Број,3.858024691
2011,Мушкарци,Република Српска,Број,5.191693291
2012,Мушкарци,Република Српска,Број,4.912556494
2013,Мушкарци,Република Српска,Број,4.279600571
2014,Мушкарци,Република Српска,Број,2.269913331
2015,Мушкарци,Република Српска,Број,1.858736059
2016,Мушкарци,Република Српска,Број,3.447576556
2017,Мушкарци,Република Српска,Број,2.660663119
2018,Мушкарци,Република Српска,Број,1.399720056
2019,Мушкарци,Република Српска,Број,1.426533524
1996,Жене,Република Српска,Број,13.57082273
1997,Жене,Република Српска,Број,9.57301322
1998,Жене,Република Српска,Број,6.981073534
1999,Жене,Република Српска,Број,7.177033493
2000,Жене,Република Српска,Број,6.693830035
2001,Жене,Република Српска,Број,4.814926271
2002,Жене,Република Српска,Број,6.029140847
2003,Жене,Република Српска,Број,6.290544525
2004,Жене,Република Српска,Број,3.520438099
2005,Жене,Република Српска,Број,3.386454183
2006,Жене,Република Српска,Број,3.672917069
2007,Жене,Република Српска,Број,4.075810067
2008,Жене,Република Српска,Број,4.051863857
2009,Жене,Република Српска,Број,4.377238361
2010,Жене,Република Српска,Број,4.835784808
2011,Жене,Република Српска,Број,3.733801889
2012,Жене,Република Српска,Број,2.454489671
2013,Жене,Република Српска,Број,2.606995438
2014,Жене,Република Српска,Број,4.009801738
2015,Жене,Република Српска,Број,3.765227021
2016,Жене,Република Српска,Број,1.327140013
2017,Жене,Република Српска,Број,2.919380193
2018,Жене,Република Српска,Број,2.189621196
2019,Жене,Република Српска,Број,1.831921227
1996,Оба пола,Република Српска,Број,179.0
1997,Оба пола,Република Српска,Број,156.0
1998,Оба пола,Република Српска,Број,112.0
1999,Оба пола,Република Српска,Број,119.0
2000,Оба пола,Република Српска,Број,103.0
2001,Оба пола,Република Српска,Број,73.0
2002,Оба пола,Република Српска,Број,89.0
2003,Оба пола,Република Српска,Број,64.0
2004,Оба пола,Република Српска,Број,61.0
2005,Оба пола,Република Српска,Број,37.0
2006,Оба пола,Република Српска,Број,50.0
2007,Оба пола,Република Српска,Број,38.0
2008,Оба пола,Република Српска,Број,40.0
2009,Оба пола,Република Српска,Број,51.0
2010,Оба пола,Република Српска,Број,44.0
2011,Оба пола,Република Српска,Број,43.0
2012,Оба пола,Република Српска,Број,37.0
2013,Оба пола,Република Српска,Број,33.0
2014,Оба пола,Република Српска,Број,29.0
2015,Оба пола,Република Српска,Број,26.0
2016,Оба пола,Република Српска,Број,23.0
2017,Оба пола,Република Српска,Број,26.0
2018,Оба пола,Република Српска,Број,17.0
2019,Оба пола,Република Српска,Број,15.0
1996,Мушкарци,Република Српска,Број,99.0
1997,Мушкарци,Република Српска,Број,93.0
1998,Мушкарци,Република Српска,Број,67.0
1999,Мушкарци,Република Српска,Број,68.0
2000,Мушкарци,Република Српска,Број,57.0
2001,Мушкарци,Република Српска,Број,41.0
2002,Мушкарци,Република Српска,Број,53.0
2003,Мушкарци,Република Српска,Број,32.0
2004,Мушкарци,Република Српска,Број,43.0
2005,Мушкарци,Република Српска,Број,20.0
2006,Мушкарци,Република Српска,Број,31.0
2007,Мушкарци,Република Српска,Број,18.0
2008,Мушкарци,Република Српска,Број,20.0
2009,Мушкарци,Република Српска,Број,29.0
2010,Мушкарци,Република Српска,Број,20.0
2011,Мушкарци,Република Српска,Број,26.0
2012,Мушкарци,Република Српска,Број,25.0
2013,Мушкарци,Република Српска,Број,21.0
2014,Мушкарци,Република Српска,Број,11.0
2015,Мушкарци,Република Српска,Број,9.0
2016,Мушкарци,Република Српска,Број,17.0
2017,Мушкарци,Република Српска,Број,13.0
2018,Мушкарци,Република Српска,Број,7.0
2019,Мушкарци,Република Српска,Број,7.0
1996,Жене,Република Српска,Број,80.0
1997,Жене,Република Српска,Број,63.0
1998,Жене,Република Српска,Број,45.0
1999,Жене,Република Српска,Број,51.0
2000,Жене,Република Српска,Број,46.0
2001,Жене,Република Српска,Број,32.0
2002,Жене,Република Српска,Број,36.0
2003,Жене,Република Српска,Број,32.0
2004,Жене,Република Српска,Број,18.0
2005,Жене,Република Српска,Број,17.0
2006,Жене,Република Српска,Број,19.0
2007,Жене,Република Српска,Број,20.0
2008,Жене,Република Српска,Број,20.0
2009,Жене,Република Српска,Број,22.0
2010,Жене,Република Српска,Број,24.0
2011,Жене,Република Српска,Број,17.0
2012,Жене,Република Српска,Број,12.0
2013,Жене,Република Српска,Број,12.0
2014,Жене,Република Српска,Број,18.0
2015,Жене,Република Српска,Број,17.0
2016,Жене,Република Српска,Број,6.0
2017,Жене,Република Српска,Број,13.0
2018,Жене,Република Српска,Број,10.0
2019,Жене,Република Српска,Број,8.0
