Year,UNIT_MEASURE,Пол,Value
1960,Старост,Мушкарци,58.62
1970,Старост,Мушкарци,63.78
1981,Старост,Мушкарци,68.2
1988,Старост,Мушкарци,69.2
2013,Старост,Мушкарци,73.88
2015,Старост,Мушкарци,73.7
2018,Старост,Мушкарци,74.3
1960,Старост,Жене,61.46
1970,Старост,Жене,68.41
1981,Старост,Жене,73.5
1988,Старост,Жене,74.6
2013,Старост,Жене,78.88
2015,Старост,Жене,78.8
2018,Старост,Жене,79.0
