Year,UNIT_MEASURE,Пол,Ентитет,Births,Value
1996,Број,Оба пола,BIH,Live birth,46594
1997,Број,Оба пола,BIH,Live birth,48397
1998,Број,Оба пола,BIH,Live birth,45007
1999,Број,Оба пола,BIH,Live birth,42464
2000,Број,Оба пола,BIH,Live birth,39563
2001,Број,Оба пола,BIH,Live birth,37717
2002,Број,Оба пола,BIH,Live birth,35587
2003,Број,Оба пола,BIH,Live birth,35234
2004,Број,Оба пола,BIH,Live birth,35151
2005,Број,Оба пола,BIH,Live birth,34627
2006,Број,Оба пола,BIH,Live birth,34033
2007,Број,Оба пола,BIH,Live birth,33835
2008,Број,Оба пола,BIH,Live birth,34176
2009,Број,Оба пола,BIH,Live birth,34550
2010,Број,Оба пола,BIH,Live birth,33528
2011,Број,Оба пола,BIH,Live birth,31811
2012,Број,Оба пола,BIH,Live birth,32547
2013,Број,Оба пола,BIH,Live birth,30684
2014,Број,Оба пола,BIH,Live birth,30268
2015,Број,Оба пола,BIH,Live birth,29770
2016,Број,Оба пола,BIH,Live birth,30183
2017,Број,Оба пола,BIH,Live birth,30200
2018,Број,Оба пола,BIH,Live birth,29467
2019,Број,Оба пола,BIH,Live birth,28360
1996,Број,Мушкарци,BIH,Live birth,24398
1997,Број,Мушкарци,BIH,Live birth,25297
1998,Број,Мушкарци,BIH,Live birth,23425
1999,Број,Мушкарци,BIH,Live birth,21636
2000,Број,Мушкарци,BIH,Live birth,20407
2001,Број,Мушкарци,BIH,Live birth,19400
2002,Број,Мушкарци,BIH,Live birth,18297
2003,Број,Мушкарци,BIH,Live birth,18330
2004,Број,Мушкарци,BIH,Live birth,18133
2005,Број,Мушкарци,BIH,Live birth,17797
2006,Број,Мушкарци,BIH,Live birth,17547
2007,Број,Мушкарци,BIH,Live birth,17534
2008,Број,Мушкарци,BIH,Live birth,17585
2009,Број,Мушкарци,BIH,Live birth,18001
2010,Број,Мушкарци,BIH,Live birth,17277
2011,Број,Мушкарци,BIH,Live birth,16531
2012,Број,Мушкарци,BIH,Live birth,16790
2013,Број,Мушкарци,BIH,Live birth,15835
2014,Број,Мушкарци,BIH,Live birth,15597
2015,Број,Мушкарци,BIH,Live birth,15308
2016,Број,Мушкарци,BIH,Live birth,15716
2017,Број,Мушкарци,BIH,Live birth,15674
2018,Број,Мушкарци,BIH,Live birth,15268
2019,Број,Мушкарци,BIH,Live birth,14806
1996,Број,Жене,BIH,Live birth,22196
1997,Број,Жене,BIH,Live birth,23100
1998,Број,Жене,BIH,Live birth,21582
1999,Број,Жене,BIH,Live birth,20828
2000,Број,Жене,BIH,Live birth,19156
2001,Број,Жене,BIH,Live birth,18317
2002,Број,Жене,BIH,Live birth,17290
2003,Број,Жене,BIH,Live birth,16904
2004,Број,Жене,BIH,Live birth,17018
2005,Број,Жене,BIH,Live birth,16830
2006,Број,Жене,BIH,Live birth,16486
2007,Број,Жене,BIH,Live birth,16301
2008,Број,Жене,BIH,Live birth,16591
2009,Број,Жене,BIH,Live birth,16549
2010,Број,Жене,BIH,Live birth,16251
2011,Број,Жене,BIH,Live birth,15280
2012,Број,Жене,BIH,Live birth,15757
2013,Број,Жене,BIH,Live birth,14849
2014,Број,Жене,BIH,Live birth,14671
2015,Број,Жене,BIH,Live birth,14462
2016,Број,Жене,BIH,Live birth,14467
2017,Број,Жене,BIH,Live birth,14526
2018,Број,Жене,BIH,Live birth,14199
2019,Број,Жене,BIH,Live birth,13554
1996,Број,Оба пола,BIH,Deaths,25152
1997,Број,Оба пола,BIH,Deaths,27875
1998,Број,Оба пола,BIH,Deaths,28679
1999,Број,Оба пола,BIH,Deaths,28637
2000,Број,Оба пола,BIH,Deaths,30482
2001,Број,Оба пола,BIH,Deaths,30325
2002,Број,Оба пола,BIH,Deaths,30155
2003,Број,Оба пола,BIH,Deaths,31757
2004,Број,Оба пола,BIH,Deaths,32616
2005,Број,Оба пола,BIH,Deaths,34402
2006,Број,Оба пола,BIH,Deaths,33221
2007,Број,Оба пола,BIH,Deaths,35044
2008,Број,Оба пола,BIH,Deaths,34026
2009,Број,Оба пола,BIH,Deaths,34904
2010,Број,Оба пола,BIH,Deaths,35118
2011,Број,Оба пола,BIH,Deaths,35028
2012,Број,Оба пола,BIH,Deaths,35817
2013,Број,Оба пола,BIH,Deaths,35662
2014,Број,Оба пола,BIH,Deaths,35980
2015,Број,Оба пола,BIH,Deaths,38150
2016,Број,Оба пола,BIH,Deaths,36571
2017,Број,Оба пола,BIH,Deaths,37979
2018,Број,Оба пола,BIH,Deaths,37744
2019,Број,Оба пола,BIH,Deaths,38829
1996,Број,Мушкарци,BIH,Deaths,13952
1997,Број,Мушкарци,BIH,Deaths,15184
1998,Број,Мушкарци,BIH,Deaths,15303
1999,Број,Мушкарци,BIH,Deaths,15161
2000,Број,Мушкарци,BIH,Deaths,16058
2001,Број,Мушкарци,BIH,Deaths,16202
2002,Број,Мушкарци,BIH,Deaths,15647
2003,Број,Мушкарци,BIH,Deaths,16590
2004,Број,Мушкарци,BIH,Deaths,16780
2005,Број,Мушкарци,BIH,Deaths,18018
2006,Број,Мушкарци,BIH,Deaths,17308
2007,Број,Мушкарци,BIH,Deaths,18154
2008,Број,Мушкарци,BIH,Deaths,17687
2009,Број,Мушкарци,BIH,Deaths,17884
2010,Број,Мушкарци,BIH,Deaths,17900
2011,Број,Мушкарци,BIH,Deaths,17965
2012,Број,Мушкарци,BIH,Deaths,18436
2013,Број,Мушкарци,BIH,Deaths,18217
2014,Број,Мушкарци,BIH,Deaths,18360
2015,Број,Мушкарци,BIH,Deaths,19219
2016,Број,Мушкарци,BIH,Deaths,18542
2017,Број,Мушкарци,BIH,Deaths,19186
2018,Број,Мушкарци,BIH,Deaths,19007
2019,Број,Мушкарци,BIH,Deaths,19042
1996,Број,Жене,BIH,Deaths,11200
1997,Број,Жене,BIH,Deaths,12691
1998,Број,Жене,BIH,Deaths,13376
1999,Број,Жене,BIH,Deaths,13476
2000,Број,Жене,BIH,Deaths,14424
2001,Број,Жене,BIH,Deaths,14123
2002,Број,Жене,BIH,Deaths,14508
2003,Број,Жене,BIH,Deaths,15167
2004,Број,Жене,BIH,Deaths,15836
2005,Број,Жене,BIH,Deaths,16384
2006,Број,Жене,BIH,Deaths,15913
2007,Број,Жене,BIH,Deaths,16890
2008,Број,Жене,BIH,Deaths,16339
2009,Број,Жене,BIH,Deaths,17020
2010,Број,Жене,BIH,Deaths,17218
2011,Број,Жене,BIH,Deaths,17063
2012,Број,Жене,BIH,Deaths,17381
2013,Број,Жене,BIH,Deaths,17445
2014,Број,Жене,BIH,Deaths,17620
2015,Број,Жене,BIH,Deaths,18931
2016,Број,Жене,BIH,Deaths,18029
2017,Број,Жене,BIH,Deaths,18793
2018,Број,Жене,BIH,Deaths,18737
2019,Број,Жене,BIH,Deaths,19787
1996,Број,Оба пола,BIH,Natural change,21442
1997,Број,Оба пола,BIH,Natural change,20522
1998,Број,Оба пола,BIH,Natural change,16328
1999,Број,Оба пола,BIH,Natural change,13827
2000,Број,Оба пола,BIH,Natural change,9081
2001,Број,Оба пола,BIH,Natural change,7392
2002,Број,Оба пола,BIH,Natural change,5432
2003,Број,Оба пола,BIH,Natural change,3477
2004,Број,Оба пола,BIH,Natural change,2535
2005,Број,Оба пола,BIH,Natural change,225
2006,Број,Оба пола,BIH,Natural change,812
2007,Број,Оба пола,BIH,Natural change,-1209
2008,Број,Оба пола,BIH,Natural change,150
2009,Број,Оба пола,BIH,Natural change,-354
2010,Број,Оба пола,BIH,Natural change,-1590
2011,Број,Оба пола,BIH,Natural change,-3217
2012,Број,Оба пола,BIH,Natural change,-3270
2013,Број,Оба пола,BIH,Natural change,-4978
2014,Број,Оба пола,BIH,Natural change,-5712
2015,Број,Оба пола,BIH,Natural change,-8380
2016,Број,Оба пола,BIH,Natural change,-6388
2017,Број,Оба пола,BIH,Natural change,-7779
2018,Број,Оба пола,BIH,Natural change,-8277
2019,Број,Оба пола,BIH,Natural change,-10469
1997,Број,Оба пола,Федерација БиХ,Live birth,34304
1998,Број,Оба пола,Федерација БиХ,Live birth,31480
1999,Број,Оба пола,Федерација БиХ,Live birth,27964
2000,Број,Оба пола,Федерација БиХ,Live birth,25372
2001,Број,Оба пола,Федерација БиХ,Live birth,24018
2002,Број,Оба пола,Федерација БиХ,Live birth,23251
2003,Број,Оба пола,Федерација БиХ,Live birth,23168
2004,Број,Оба пола,Федерација БиХ,Live birth,22250
2005,Број,Оба пола,Федерација БиХ,Live birth,21934
2006,Број,Оба пола,Федерација БиХ,Live birth,21602
2007,Број,Оба пола,Федерација БиХ,Live birth,21715
2008,Број,Оба пола,Федерација БиХ,Live birth,22920
2009,Број,Оба пола,Федерација БиХ,Live birth,22913
2010,Број,Оба пола,Федерација БиХ,Live birth,22382
2011,Број,Оба пола,Федерација БиХ,Live birth,21228
2012,Број,Оба пола,Федерација БиХ,Live birth,21472
2013,Број,Оба пола,Федерација БиХ,Live birth,20145
2014,Број,Оба пола,Федерација БиХ,Live birth,19880
2015,Број,Оба пола,Федерација БиХ,Live birth,19358
2016,Број,Оба пола,Федерација БиХ,Live birth,19655
2017,Број,Оба пола,Федерација БиХ,Live birth,19824
2018,Број,Оба пола,Федерација БиХ,Live birth,18899
2019,Број,Оба пола,Федерација БиХ,Live birth,18019
1997,Број,Мушкарци,Федерација БиХ,Live birth,17961
1998,Број,Мушкарци,Федерација БиХ,Live birth,16344
1999,Број,Мушкарци,Федерација БиХ,Live birth,14242
2000,Број,Мушкарци,Федерација БиХ,Live birth,13088
2001,Број,Мушкарци,Федерација БиХ,Live birth,12347
2002,Број,Мушкарци,Федерација БиХ,Live birth,11932
2003,Број,Мушкарци,Федерација БиХ,Live birth,12083
2004,Број,Мушкарци,Федерација БиХ,Live birth,11476
2005,Број,Мушкарци,Федерација БиХ,Live birth,11287
2006,Број,Мушкарци,Федерација БиХ,Live birth,11207
2007,Број,Мушкарци,Федерација БиХ,Live birth,11293
2008,Број,Мушкарци,Федерација БиХ,Live birth,11730
2009,Број,Мушкарци,Федерација БиХ,Live birth,11876
2010,Број,Мушкарци,Федерација БиХ,Live birth,11561
2011,Број,Мушкарци,Федерација БиХ,Live birth,11014
2012,Број,Мушкарци,Федерација БиХ,Live birth,11154
2013,Број,Мушкарци,Федерација БиХ,Live birth,10391
2014,Број,Мушкарци,Федерација БиХ,Live birth,10185
2015,Број,Мушкарци,Федерација БиХ,Live birth,9884
2016,Број,Мушкарци,Федерација БиХ,Live birth,10214
2017,Број,Мушкарци,Федерација БиХ,Live birth,10247
2018,Број,Мушкарци,Федерација БиХ,Live birth,9742
2019,Број,Мушкарци,Федерација БиХ,Live birth,9342
1997,Број,Жене,Федерација БиХ,Live birth,16343
1998,Број,Жене,Федерација БиХ,Live birth,15136
1999,Број,Жене,Федерација БиХ,Live birth,13722
2000,Број,Жене,Федерација БиХ,Live birth,12284
2001,Број,Жене,Федерација БиХ,Live birth,11671
2002,Број,Жене,Федерација БиХ,Live birth,11319
2003,Број,Жене,Федерација БиХ,Live birth,11085
2004,Број,Жене,Федерација БиХ,Live birth,10774
2005,Број,Жене,Федерација БиХ,Live birth,10647
2006,Број,Жене,Федерација БиХ,Live birth,10395
2007,Број,Жене,Федерација БиХ,Live birth,10422
2008,Број,Жене,Федерација БиХ,Live birth,11190
2009,Број,Жене,Федерација БиХ,Live birth,11037
2010,Број,Жене,Федерација БиХ,Live birth,10821
2011,Број,Жене,Федерација БиХ,Live birth,10214
2012,Број,Жене,Федерација БиХ,Live birth,10318
2013,Број,Жене,Федерација БиХ,Live birth,9754
2014,Број,Жене,Федерација БиХ,Live birth,9695
2015,Број,Жене,Федерација БиХ,Live birth,9474
2016,Број,Жене,Федерација БиХ,Live birth,9441
2017,Број,Жене,Федерација БиХ,Live birth,9577
2018,Број,Жене,Федерација БиХ,Live birth,9157
2019,Број,Жене,Федерација БиХ,Live birth,8677
1997,Број,Оба пола,Федерација БиХ,Deaths,14703
1998,Број,Оба пола,Федерација БиХ,Deaths,15311
1999,Број,Оба пола,Федерација БиХ,Deaths,15516
2000,Број,Оба пола,Федерација БиХ,Deaths,16985
2001,Број,Оба пола,Федерација БиХ,Deaths,16756
2002,Број,Оба пола,Федерација БиХ,Deaths,16988
2003,Број,Оба пола,Федерација БиХ,Deaths,18049
2004,Број,Оба пола,Федерација БиХ,Deaths,18122
2005,Број,Оба пола,Федерација БиХ,Deaths,19099
2006,Број,Оба пола,Федерација БиХ,Deaths,18497
2007,Број,Оба пола,Федерација БиХ,Deaths,19280
2008,Број,Оба пола,Федерација БиХ,Deaths,19306
2009,Број,Оба пола,Федерација БиХ,Deaths,19829
2010,Број,Оба пола,Федерација БиХ,Deaths,20256
2011,Број,Оба пола,Федерација БиХ,Deaths,19979
2012,Број,Оба пола,Федерација БиХ,Deaths,20621
2013,Број,Оба пола,Федерација БиХ,Deaths,20269
2014,Број,Оба пола,Федерација БиХ,Deaths,20030
2015,Број,Оба пола,Федерација БиХ,Deaths,21474
2016,Број,Оба пола,Федерација БиХ,Deaths,21105
2017,Број,Оба пола,Федерација БиХ,Deaths,21689
2018,Број,Оба пола,Федерација БиХ,Deaths,21442
2019,Број,Оба пола,Федерација БиХ,Deaths,22024
1997,Број,Мушкарци,Федерација БиХ,Deaths,7908
1998,Број,Мушкарци,Федерација БиХ,Deaths,8216
1999,Број,Мушкарци,Федерација БиХ,Deaths,8194
2000,Број,Мушкарци,Федерација БиХ,Deaths,8917
2001,Број,Мушкарци,Федерација БиХ,Deaths,8830
2002,Број,Мушкарци,Федерација БиХ,Deaths,8757
2003,Број,Мушкарци,Федерација БиХ,Deaths,9344
2004,Број,Мушкарци,Федерација БиХ,Deaths,9258
2005,Број,Мушкарци,Федерација БиХ,Deaths,9934
2006,Број,Мушкарци,Федерација БиХ,Deaths,9538
2007,Број,Мушкарци,Федерација БиХ,Deaths,9921
2008,Број,Мушкарци,Федерација БиХ,Deaths,9982
2009,Број,Мушкарци,Федерација БиХ,Deaths,10077
2010,Број,Мушкарци,Федерација БиХ,Deaths,10220
2011,Број,Мушкарци,Федерација БиХ,Deaths,10234
2012,Број,Мушкарци,Федерација БиХ,Deaths,10599
2013,Број,Мушкарци,Федерација БиХ,Deaths,10250
2014,Број,Мушкарци,Федерација БиХ,Deaths,10184
2015,Број,Мушкарци,Федерација БиХ,Deaths,10722
2016,Број,Мушкарци,Федерација БиХ,Deaths,10538
2017,Број,Мушкарци,Федерација БиХ,Deaths,10979
2018,Број,Мушкарци,Федерација БиХ,Deaths,10756
2019,Број,Мушкарци,Федерација БиХ,Deaths,11140
1997,Број,Жене,Федерација БиХ,Deaths,6795
1998,Број,Жене,Федерација БиХ,Deaths,7095
1999,Број,Жене,Федерација БиХ,Deaths,7322
2000,Број,Жене,Федерација БиХ,Deaths,8068
2001,Број,Жене,Федерација БиХ,Deaths,7926
2002,Број,Жене,Федерација БиХ,Deaths,8231
2003,Број,Жене,Федерација БиХ,Deaths,8705
2004,Број,Жене,Федерација БиХ,Deaths,8864
2005,Број,Жене,Федерација БиХ,Deaths,9165
2006,Број,Жене,Федерација БиХ,Deaths,8959
2007,Број,Жене,Федерација БиХ,Deaths,9359
2008,Број,Жене,Федерација БиХ,Deaths,9324
2009,Број,Жене,Федерација БиХ,Deaths,9752
2010,Број,Жене,Федерација БиХ,Deaths,10036
2011,Број,Жене,Федерација БиХ,Deaths,9745
2012,Број,Жене,Федерација БиХ,Deaths,10022
2013,Број,Жене,Федерација БиХ,Deaths,10019
2014,Број,Жене,Федерација БиХ,Deaths,9846
2015,Број,Жене,Федерација БиХ,Deaths,10752
2016,Број,Жене,Федерација БиХ,Deaths,10567
2017,Број,Жене,Федерација БиХ,Deaths,10710
2018,Број,Жене,Федерација БиХ,Deaths,10686
2019,Број,Жене,Федерација БиХ,Deaths,10884
1997,Број,Оба пола,Федерација БиХ,Natural change,19601
1998,Број,Оба пола,Федерација БиХ,Natural change,16169
1999,Број,Оба пола,Федерација БиХ,Natural change,12448
2000,Број,Оба пола,Федерација БиХ,Natural change,8387
2001,Број,Оба пола,Федерација БиХ,Natural change,7262
2002,Број,Оба пола,Федерација БиХ,Natural change,6263
2003,Број,Оба пола,Федерација БиХ,Natural change,5119
2004,Број,Оба пола,Федерација БиХ,Natural change,4128
2005,Број,Оба пола,Федерација БиХ,Natural change,2835
2006,Број,Оба пола,Федерација БиХ,Natural change,3105
2007,Број,Оба пола,Федерација БиХ,Natural change,2435
2008,Број,Оба пола,Федерација БиХ,Natural change,3614
2009,Број,Оба пола,Федерација БиХ,Natural change,3084
2010,Број,Оба пола,Федерација БиХ,Natural change,2126
2011,Број,Оба пола,Федерација БиХ,Natural change,1249
2012,Број,Оба пола,Федерација БиХ,Natural change,851
2013,Број,Оба пола,Федерација БиХ,Natural change,-124
2014,Број,Оба пола,Федерација БиХ,Natural change,-150
2015,Број,Оба пола,Федерација БиХ,Natural change,-2116
2016,Број,Оба пола,Федерација БиХ,Natural change,-1450
2017,Број,Оба пола,Федерација БиХ,Natural change,-1865
2018,Број,Оба пола,Федерација БиХ,Natural change,-2543
2019,Број,Оба пола,Федерација БиХ,Natural change,-4005
1996,Број,Оба пола,Република Српска,Live birth,12263
1997,Број,Оба пола,Република Српска,Live birth,13757
1998,Број,Оба пола,Република Српска,Live birth,13527
1999,Број,Оба пола,Република Српска,Live birth,14500
2000,Број,Оба пола,Република Српска,Live birth,14191
2001,Број,Оба пола,Република Српска,Live birth,13699
2002,Број,Оба пола,Република Српска,Live birth,12336
2003,Број,Оба пола,Република Српска,Live birth,10537
2004,Број,Оба пола,Република Српска,Live birth,10628
2005,Број,Оба пола,Република Српска,Live birth,10322
2006,Број,Оба пола,Република Српска,Live birth,10524
2007,Број,Оба пола,Република Српска,Live birth,10110
2008,Број,Оба пола,Република Српска,Live birth,10198
2009,Број,Оба пола,Република Српска,Live birth,10603
2010,Број,Оба пола,Република Српска,Live birth,10147
2011,Број,Оба пола,Република Српска,Live birth,9561
2012,Број,Оба пола,Република Српска,Live birth,9978
2013,Број,Оба пола,Република Српска,Live birth,9510
2014,Број,Оба пола,Република Српска,Live birth,9335
2015,Број,Оба пола,Република Српска,Live birth,9357
2016,Број,Оба пола,Република Српска,Live birth,9452
2017,Број,Оба пола,Република Српска,Live birth,9339
2018,Број,Оба пола,Република Српска,Live birth,9568
2019,Број,Оба пола,Република Српска,Live birth,9274
1996,Број,Мушкарци,Република Српска,Live birth,6368
1997,Број,Мушкарци,Република Српска,Live birth,7176
1998,Број,Мушкарци,Република Српска,Live birth,7081
1999,Број,Мушкарци,Република Српска,Live birth,7394
2000,Број,Мушкарци,Република Српска,Live birth,7319
2001,Број,Мушкарци,Република Српска,Live birth,7053
2002,Број,Мушкарци,Република Српска,Live birth,6365
2003,Број,Мушкарци,Република Српска,Live birth,5450
2004,Број,Мушкарци,Република Српска,Live birth,5515
2005,Број,Мушкарци,Република Српска,Live birth,5302
2006,Број,Мушкарци,Република Српска,Live birth,5351
2007,Број,Мушкарци,Република Српска,Live birth,5203
2008,Број,Мушкарци,Република Српска,Live birth,5262
2009,Број,Мушкарци,Република Српска,Live birth,5577
2010,Број,Мушкарци,Република Српска,Live birth,5184
2011,Број,Мушкарци,Република Српска,Live birth,5008
2012,Број,Мушкарци,Република Српска,Live birth,5089
2013,Број,Мушкарци,Република Српска,Live birth,4907
2014,Број,Мушкарци,Република Српска,Live birth,4846
2015,Број,Мушкарци,Република Српска,Live birth,4842
2016,Број,Мушкарци,Република Српска,Live birth,4931
2017,Број,Мушкарци,Република Српска,Live birth,4886
2018,Број,Мушкарци,Република Српска,Live birth,5001
2019,Број,Мушкарци,Република Српска,Live birth,4907
1996,Број,Жене,Република Српска,Live birth,5895
1997,Број,Жене,Република Српска,Live birth,6581
1998,Број,Жене,Република Српска,Live birth,6446
1999,Број,Жене,Република Српска,Live birth,7106
2000,Број,Жене,Република Српска,Live birth,6872
2001,Број,Жене,Република Српска,Live birth,6646
2002,Број,Жене,Република Српска,Live birth,5971
2003,Број,Жене,Република Српска,Live birth,5087
2004,Број,Жене,Република Српска,Live birth,5113
2005,Број,Жене,Република Српска,Live birth,5020
2006,Број,Жене,Република Српска,Live birth,5173
2007,Број,Жене,Република Српска,Live birth,4907
2008,Број,Жене,Република Српска,Live birth,4936
2009,Број,Жене,Република Српска,Live birth,5026
2010,Број,Жене,Република Српска,Live birth,4963
2011,Број,Жене,Република Српска,Live birth,4553
2012,Број,Жене,Република Српска,Live birth,4889
2013,Број,Жене,Република Српска,Live birth,4603
2014,Број,Жене,Република Српска,Live birth,4489
2015,Број,Жене,Република Српска,Live birth,4515
2016,Број,Жене,Република Српска,Live birth,4521
2017,Број,Жене,Република Српска,Live birth,4453
2018,Број,Жене,Република Српска,Live birth,4567
2019,Број,Жене,Република Српска,Live birth,4367
1996,Број,Оба пола,Република Српска,Deaths,10931
1997,Број,Оба пола,Република Српска,Deaths,11755
1998,Број,Оба пола,Република Српска,Deaths,12123
1999,Број,Оба пола,Република Српска,Deaths,12152
2000,Број,Оба пола,Република Српска,Deaths,12960
2001,Број,Оба пола,Република Српска,Deaths,12932
2002,Број,Оба пола,Република Српска,Deaths,12980
2003,Број,Оба пола,Република Српска,Deaths,12988
2004,Број,Оба пола,Република Српска,Deaths,13082
2005,Број,Оба пола,Република Српска,Deaths,13802
2006,Број,Оба пола,Република Српска,Deaths,13232
2007,Број,Оба пола,Република Српска,Deaths,14146
2008,Број,Оба пола,Република Српска,Deaths,13501
2009,Број,Оба пола,Република Српска,Deaths,13775
2010,Број,Оба пола,Република Српска,Deaths,13517
2011,Број,Оба пола,Република Српска,Deaths,13658
2012,Број,Оба пола,Република Српска,Deaths,13796
2013,Број,Оба пола,Република Српска,Deaths,13978
2014,Број,Оба пола,Република Српска,Deaths,14409
2015,Број,Оба пола,Република Српска,Deaths,15059
2016,Број,Оба пола,Република Српска,Deaths,13970
2017,Број,Оба пола,Република Српска,Deaths,14663
2018,Број,Оба пола,Република Српска,Deaths,14763
2019,Број,Оба пола,Република Српска,Deaths,15081
1996,Број,Мушкарци,Република Српска,Deaths,6056
1997,Број,Мушкарци,Република Српска,Deaths,6495
1998,Број,Мушкарци,Република Српска,Deaths,6418
1999,Број,Мушкарци,Република Српска,Deaths,6462
2000,Број,Мушкарци,Република Српска,Deaths,6861
2001,Број,Мушкарци,Република Српска,Deaths,7026
2002,Број,Мушкарци,Република Српска,Deaths,6791
2003,Број,Мушкарци,Република Српска,Deaths,6804
2004,Број,Мушкарци,Република Српска,Deaths,6735
2005,Број,Мушкарци,Република Српска,Deaths,7239
2006,Број,Мушкарци,Република Српска,Deaths,6904
2007,Број,Мушкарци,Република Српска,Deaths,7302
2008,Број,Мушкарци,Република Српска,Deaths,7058
2009,Број,Мушкарци,Република Српска,Deaths,7099
2010,Број,Мушкарци,Република Српска,Deaths,6935
2011,Број,Мушкарци,Република Српска,Deaths,7001
2012,Број,Мушкарци,Република Српска,Deaths,7064
2013,Број,Мушкарци,Република Српска,Deaths,7237
2014,Број,Мушкарци,Република Српска,Deaths,7386
2015,Број,Мушкарци,Република Српска,Deaths,7640
2016,Број,Мушкарци,Република Српска,Deaths,7198
2017,Број,Мушкарци,Република Српска,Deaths,7363
2018,Број,Мушкарци,Република Српска,Deaths,7449
2019,Број,Мушкарци,Република Српска,Deaths,7753
1996,Број,Жене,Република Српска,Deaths,4875
1997,Број,Жене,Република Српска,Deaths,5260
1998,Број,Жене,Република Српска,Deaths,5705
1999,Број,Жене,Република Српска,Deaths,5690
2000,Број,Жене,Република Српска,Deaths,6099
2001,Број,Жене,Република Српска,Deaths,5906
2002,Број,Жене,Република Српска,Deaths,6189
2003,Број,Жене,Република Српска,Deaths,6184
2004,Број,Жене,Република Српска,Deaths,6347
2005,Број,Жене,Република Српска,Deaths,6563
2006,Број,Жене,Република Српска,Deaths,6328
2007,Број,Жене,Република Српска,Deaths,6844
2008,Број,Жене,Република Српска,Deaths,6443
2009,Број,Жене,Република Српска,Deaths,6676
2010,Број,Жене,Република Српска,Deaths,6582
2011,Број,Жене,Република Српска,Deaths,6657
2012,Број,Жене,Република Српска,Deaths,6732
2013,Број,Жене,Република Српска,Deaths,6741
2014,Број,Жене,Република Српска,Deaths,7023
2015,Број,Жене,Република Српска,Deaths,7419
2016,Број,Жене,Република Српска,Deaths,6772
2017,Број,Жене,Република Српска,Deaths,7300
2018,Број,Жене,Република Српска,Deaths,7314
2019,Број,Жене,Република Српска,Deaths,7328
1996,Број,Оба пола,Република Српска,Natural change,1332
1997,Број,Оба пола,Република Српска,Natural change,2002
1998,Број,Оба пола,Република Српска,Natural change,1404
1999,Број,Оба пола,Република Српска,Natural change,2348
2000,Број,Оба пола,Република Српска,Natural change,1231
2001,Број,Оба пола,Република Српска,Natural change,767
2002,Број,Оба пола,Република Српска,Natural change,-644
2003,Број,Оба пола,Република Српска,Natural change,-2451
2004,Број,Оба пола,Република Српска,Natural change,-2454
2005,Број,Оба пола,Република Српска,Natural change,-3480
2006,Број,Оба пола,Република Српска,Natural change,-2708
2007,Број,Оба пола,Република Српска,Natural change,-4036
2008,Број,Оба пола,Република Српска,Natural change,-3303
2009,Број,Оба пола,Република Српска,Natural change,-3172
2010,Број,Оба пола,Република Српска,Natural change,-3370
2011,Број,Оба пола,Република Српска,Natural change,-4097
2012,Број,Оба пола,Република Српска,Natural change,-3818
2013,Број,Оба пола,Република Српска,Natural change,-4468
2014,Број,Оба пола,Република Српска,Natural change,-5074
2015,Број,Оба пола,Република Српска,Natural change,-5702
2016,Број,Оба пола,Република Српска,Natural change,-4518
2017,Број,Оба пола,Република Српска,Natural change,-5324
2018,Број,Оба пола,Република Српска,Natural change,-5195
2019,Број,Оба пола,Република Српска,Natural change,-5807
2002,Број,Оба пола,Брчко Дистрикт БиХ,Live birth,898
2003,Број,Оба пола,Брчко Дистрикт БиХ,Live birth,987
2004,Број,Оба пола,Брчко Дистрикт БиХ,Live birth,984
2005,Број,Оба пола,Брчко Дистрикт БиХ,Live birth,977
2006,Број,Оба пола,Брчко Дистрикт БиХ,Live birth,912
2007,Број,Оба пола,Брчко Дистрикт БиХ,Live birth,976
2008,Број,Оба пола,Брчко Дистрикт БиХ,Live birth,905
2009,Број,Оба пола,Брчко Дистрикт БиХ,Live birth,933
2010,Број,Оба пола,Брчко Дистрикт БиХ,Live birth,916
2011,Број,Оба пола,Брчко Дистрикт БиХ,Live birth,905
2012,Број,Оба пола,Брчко Дистрикт БиХ,Live birth,964
2013,Број,Оба пола,Брчко Дистрикт БиХ,Live birth,896
2014,Број,Оба пола,Брчко Дистрикт БиХ,Live birth,919
2015,Број,Оба пола,Брчко Дистрикт БиХ,Live birth,932
2016,Број,Оба пола,Брчко Дистрикт БиХ,Live birth,878
2017,Број,Оба пола,Брчко Дистрикт БиХ,Live birth,898
2018,Број,Оба пола,Брчко Дистрикт БиХ,Live birth,861
2019,Број,Оба пола,Брчко Дистрикт БиХ,Live birth,899
2002,Број,Мушкарци,Брчко Дистрикт БиХ,Live birth,507
2003,Број,Мушкарци,Брчко Дистрикт БиХ,Live birth,501
2004,Број,Мушкарци,Брчко Дистрикт БиХ,Live birth,469
2005,Број,Мушкарци,Брчко Дистрикт БиХ,Live birth,506
2006,Број,Мушкарци,Брчко Дистрикт БиХ,Live birth,480
2007,Број,Мушкарци,Брчко Дистрикт БиХ,Live birth,504
2008,Број,Мушкарци,Брчко Дистрикт БиХ,Live birth,511
2009,Број,Мушкарци,Брчко Дистрикт БиХ,Live birth,496
2010,Број,Мушкарци,Брчко Дистрикт БиХ,Live birth,488
2011,Број,Мушкарци,Брчко Дистрикт БиХ,Live birth,448
2012,Број,Мушкарци,Брчко Дистрикт БиХ,Live birth,481
2013,Број,Мушкарци,Брчко Дистрикт БиХ,Live birth,476
2014,Број,Мушкарци,Брчко Дистрикт БиХ,Live birth,499
2015,Број,Мушкарци,Брчко Дистрикт БиХ,Live birth,514
2016,Број,Мушкарци,Брчко Дистрикт БиХ,Live birth,472
2017,Број,Мушкарци,Брчко Дистрикт БиХ,Live birth,472
2018,Број,Мушкарци,Брчко Дистрикт БиХ,Live birth,448
2019,Број,Мушкарци,Брчко Дистрикт БиХ,Live birth,456
2002,Број,Жене,Брчко Дистрикт БиХ,Live birth,391
2003,Број,Жене,Брчко Дистрикт БиХ,Live birth,486
2004,Број,Жене,Брчко Дистрикт БиХ,Live birth,515
2005,Број,Жене,Брчко Дистрикт БиХ,Live birth,471
2006,Број,Жене,Брчко Дистрикт БиХ,Live birth,432
2007,Број,Жене,Брчко Дистрикт БиХ,Live birth,472
2008,Број,Жене,Брчко Дистрикт БиХ,Live birth,394
2009,Број,Жене,Брчко Дистрикт БиХ,Live birth,437
2010,Број,Жене,Брчко Дистрикт БиХ,Live birth,428
2011,Број,Жене,Брчко Дистрикт БиХ,Live birth,457
2012,Број,Жене,Брчко Дистрикт БиХ,Live birth,483
2013,Број,Жене,Брчко Дистрикт БиХ,Live birth,420
2014,Број,Жене,Брчко Дистрикт БиХ,Live birth,420
2015,Број,Жене,Брчко Дистрикт БиХ,Live birth,418
2016,Број,Жене,Брчко Дистрикт БиХ,Live birth,406
2017,Број,Жене,Брчко Дистрикт БиХ,Live birth,426
2018,Број,Жене,Брчко Дистрикт БиХ,Live birth,413
2019,Број,Жене,Брчко Дистрикт БиХ,Live birth,443
2002,Број,Оба пола,Брчко Дистрикт БиХ,Deaths,676
2003,Број,Оба пола,Брчко Дистрикт БиХ,Deaths,771
2004,Број,Оба пола,Брчко Дистрикт БиХ,Deaths,791
2005,Број,Оба пола,Брчко Дистрикт БиХ,Deaths,830
2006,Број,Оба пола,Брчко Дистрикт БиХ,Deaths,742
2007,Број,Оба пола,Брчко Дистрикт БиХ,Deaths,818
2008,Број,Оба пола,Брчко Дистрикт БиХ,Deaths,890
2009,Број,Оба пола,Брчко Дистрикт БиХ,Deaths,912
2010,Број,Оба пола,Брчко Дистрикт БиХ,Deaths,906
2011,Број,Оба пола,Брчко Дистрикт БиХ,Deaths,954
2012,Број,Оба пола,Брчко Дистрикт БиХ,Deaths,923
2013,Број,Оба пола,Брчко Дистрикт БиХ,Deaths,936
2014,Број,Оба пола,Брчко Дистрикт БиХ,Deaths,1000
2015,Број,Оба пола,Брчко Дистрикт БиХ,Deaths,1114
2016,Број,Оба пола,Брчко Дистрикт БиХ,Deaths,990
2017,Број,Оба пола,Брчко Дистрикт БиХ,Deaths,1101
2018,Број,Оба пола,Брчко Дистрикт БиХ,Deaths,1032
2019,Број,Оба пола,Брчко Дистрикт БиХ,Deaths,1132
2002,Број,Мушкарци,Брчко Дистрикт БиХ,Natural change,386
2003,Број,Мушкарци,Брчко Дистрикт БиХ,Natural change,425
2004,Број,Мушкарци,Брчко Дистрикт БиХ,Natural change,407
2005,Број,Мушкарци,Брчко Дистрикт БиХ,Natural change,429
2006,Број,Мушкарци,Брчко Дистрикт БиХ,Natural change,399
2007,Број,Мушкарци,Брчко Дистрикт БиХ,Natural change,427
2008,Број,Мушкарци,Брчко Дистрикт БиХ,Natural change,464
2009,Број,Мушкарци,Брчко Дистрикт БиХ,Natural change,483
2010,Број,Мушкарци,Брчко Дистрикт БиХ,Natural change,493
2011,Број,Мушкарци,Брчко Дистрикт БиХ,Natural change,480
2012,Број,Мушкарци,Брчко Дистрикт БиХ,Natural change,508
2013,Број,Мушкарци,Брчко Дистрикт БиХ,Natural change,474
2014,Број,Мушкарци,Брчко Дистрикт БиХ,Natural change,515
2015,Број,Мушкарци,Брчко Дистрикт БиХ,Natural change,557
2016,Број,Мушкарци,Брчко Дистрикт БиХ,Natural change,508
2017,Број,Мушкарци,Брчко Дистрикт БиХ,Natural change,553
2018,Број,Мушкарци,Брчко Дистрикт БиХ,Natural change,515
2019,Број,Мушкарци,Брчко Дистрикт БиХ,Natural change,565
2002,Број,Жене,Брчко Дистрикт БиХ,Natural change,290
2003,Број,Жене,Брчко Дистрикт БиХ,Natural change,346
2004,Број,Жене,Брчко Дистрикт БиХ,Natural change,384
2005,Број,Жене,Брчко Дистрикт БиХ,Natural change,401
2006,Број,Жене,Брчко Дистрикт БиХ,Natural change,343
2007,Број,Жене,Брчко Дистрикт БиХ,Natural change,391
2008,Број,Жене,Брчко Дистрикт БиХ,Natural change,426
2009,Број,Жене,Брчко Дистрикт БиХ,Natural change,429
2010,Број,Жене,Брчко Дистрикт БиХ,Natural change,413
2011,Број,Жене,Брчко Дистрикт БиХ,Natural change,474
2012,Број,Жене,Брчко Дистрикт БиХ,Natural change,415
2013,Број,Жене,Брчко Дистрикт БиХ,Natural change,462
2014,Број,Жене,Брчко Дистрикт БиХ,Natural change,485
2015,Број,Жене,Брчко Дистрикт БиХ,Natural change,557
2016,Број,Жене,Брчко Дистрикт БиХ,Natural change,482
2017,Број,Жене,Брчко Дистрикт БиХ,Natural change,548
2018,Број,Жене,Брчко Дистрикт БиХ,Natural change,517
2019,Број,Жене,Брчко Дистрикт БиХ,Natural change,567
2002,Број,Оба пола,Брчко Дистрикт БиХ,Natural change,222
2003,Број,Оба пола,Брчко Дистрикт БиХ,Natural change,216
2004,Број,Оба пола,Брчко Дистрикт БиХ,Natural change,193
2005,Број,Оба пола,Брчко Дистрикт БиХ,Natural change,147
2006,Број,Оба пола,Брчко Дистрикт БиХ,Natural change,170
2007,Број,Оба пола,Брчко Дистрикт БиХ,Natural change,158
2008,Број,Оба пола,Брчко Дистрикт БиХ,Natural change,15
2009,Број,Оба пола,Брчко Дистрикт БиХ,Natural change,21
2010,Број,Оба пола,Брчко Дистрикт БиХ,Natural change,10
2011,Број,Оба пола,Брчко Дистрикт БиХ,Natural change,-49
2012,Број,Оба пола,Брчко Дистрикт БиХ,Natural change,41
2013,Број,Оба пола,Брчко Дистрикт БиХ,Natural change,-40
2014,Број,Оба пола,Брчко Дистрикт БиХ,Natural change,-81
2015,Број,Оба пола,Брчко Дистрикт БиХ,Natural change,-182
2016,Број,Оба пола,Брчко Дистрикт БиХ,Natural change,-112
2017,Број,Оба пола,Брчко Дистрикт БиХ,Natural change,-203
2018,Број,Оба пола,Брчко Дистрикт БиХ,Natural change,-171
2019,Број,Оба пола,Брчко Дистрикт БиХ,Natural change,-233
