Year,UNIT_MEASURE,Године,Пол,Municipality,Value
2013,Број,Total,Оба пола,Banja Luka,185042
2013,Број,Total,Оба пола,Banovići,22773
2013,Број,Total,Оба пола,Berkovići,2114
2013,Број,Total,Оба пола,Bihać,56261
2013,Број,Total,Оба пола,Bijeljina,107715
2013,Број,Total,Оба пола,Bileća,10807
2013,Број,Total,Оба пола,Bosanska Krupa,25545
2013,Број,Total,Оба пола,Bosanski Petrovac,7328
2013,Број,Total,Оба пола,Bosansko Grahovo,2449
2013,Број,Total,Оба пола,Bratunac,20340
2013,Број,Total,Оба пола,Brčko,83516
2013,Број,Total,Оба пола,Breza,14168
2013,Број,Total,Оба пола,Brod,16619
2013,Број,Total,Оба пола,Bugojno,31470
2013,Број,Total,Оба пола,Busovača,17910
2013,Број,Total,Оба пола,Bužim,19340
2013,Број,Total,Оба пола,Cazin,66149
2013,Број,Total,Оба пола,Sarajevo - Centar,55181
2013,Број,Total,Оба пола,Čajniče,4895
2013,Број,Total,Оба пола,Čapljina,26157
2013,Број,Total,Оба пола,Čelić,10502
2013,Број,Total,Оба пола,Čelinac,15548
2013,Број,Total,Оба пола,Čitluk,18140
2013,Број,Total,Оба пола,Derventa,27404
2013,Број,Total,Оба пола,Doboj,71441
2013,Број,Total,Оба пола,Doboj-Istok,10248
2013,Број,Total,Оба пола,Doboj-Jug,4137
2013,Број,Total,Оба пола,Dobretići,1629
2013,Број,Total,Оба пола,Domaljevac-Šamac,4771
2013,Број,Total,Оба пола,Donji Vakuf,13985
2013,Број,Total,Оба пола,Donji Žabar,3809
2013,Број,Total,Оба пола,Drvar,7036
2013,Број,Total,Оба пола,Foča - FBIH,1933
2013,Број,Total,Оба пола,Foča - RS,18288
2013,Број,Total,Оба пола,Fojnica,12356
2013,Број,Total,Оба пола,Gacko,8990
2013,Број,Total,Оба пола,Glamoč,3860
2013,Број,Total,Оба пола,Goražde,20897
2013,Број,Total,Оба пола,Gornji Vakuf-Uskoplje,20933
2013,Број,Total,Оба пола,Gračanica,45220
2013,Број,Total,Оба пола,Gradačac,39340
2013,Број,Total,Оба пола,Gradiška,51727
2013,Број,Total,Оба пола,Grude,17308
2013,Број,Total,Оба пола,Sarajevo - Hadžići,23891
2013,Број,Total,Оба пола,Han Pijesak,3530
2013,Број,Total,Оба пола,Sarajevo - Ilidža,66730
2013,Број,Total,Оба пола,Sarajevo - Ilijaš,19603
2013,Број,Total,Оба пола,Istočna Ilidža,14763
2013,Број,Total,Оба пола,Istočni Drvar,79
2013,Број,Total,Оба пола,Istočni Mostar,257
2013,Број,Total,Оба пола,Istočni Stari Grad,1131
2013,Број,Total,Оба пола,Istočno Novo Sarajevo,10642
2013,Број,Total,Оба пола,Jablanica,10111
2013,Број,Total,Оба пола,Jajce,27258
2013,Број,Total,Оба пола,Jezero,1144
2013,Број,Total,Оба пола,Kakanj,37441
2013,Број,Total,Оба пола,Kalesija,33053
2013,Број,Total,Оба пола,Kalinovik,2029
2013,Број,Total,Оба пола,Kiseljak,20722
2013,Број,Total,Оба пола,Kladanj,12348
2013,Број,Total,Оба пола,Ključ,16744
2013,Број,Total,Оба пола,Kneževo,9793
2013,Број,Total,Оба пола,Konjic,25148
2013,Број,Total,Оба пола,Kostajnica,5977
2013,Број,Total,Оба пола,Kotor Varoš,19710
2013,Број,Total,Оба пола,Kozarska Dubica,21524
2013,Број,Total,Оба пола,Kreševo,5273
2013,Број,Total,Оба пола,Krupa Na Uni,1597
2013,Број,Total,Оба пола,Kupres - FBIH,5057
2013,Број,Total,Оба пола,Kupres - RS,300
2013,Број,Total,Оба пола,Laktaši,34966
2013,Број,Total,Оба пола,Livno,34133
2013,Број,Total,Оба пола,Lopare,15357
2013,Број,Total,Оба пола,Lukavac,44520
2013,Број,Total,Оба пола,Ljubinje,3511
2013,Број,Total,Оба пола,Ljubuški,28184
2013,Број,Total,Оба пола,Maglaj,23146
2013,Број,Total,Оба пола,Milići,11441
2013,Број,Total,Оба пола,Modriča,25720
2013,Број,Total,Оба пола,Mostar,105797
2013,Број,Total,Оба пола,Mrkonjić Grad,16671
2013,Број,Total,Оба пола,Neum,4653
2013,Број,Total,Оба пола,Nevesinje,12961
2013,Број,Total,Оба пола,Novi Grad,27115
2013,Број,Total,Оба пола,Sarajevo - Novi Grad,118553
2013,Број,Total,Оба пола,Novi Travnik,23832
2013,Број,Total,Оба пола,Novo Goražde,3117
2013,Број,Total,Оба пола,Sarajevo - Novo Sarajevo,64814
2013,Број,Total,Оба пола,Odžak,18821
2013,Број,Total,Оба пола,Olovo,10175
2013,Број,Total,Оба пола,Orašje,19861
2013,Број,Total,Оба пола,Osmaci,6016
2013,Број,Total,Оба пола,Oštra Luka,2786
2013,Број,Total,Оба пола,Pale - FBIH,904
2013,Број,Total,Оба пола,Pale - RS,20909
2013,Број,Total,Оба пола,Pelagićevo,5220
2013,Број,Total,Оба пола,Petrovac,361
2013,Број,Total,Оба пола,Petrovo,6474
2013,Број,Total,Оба пола,Posušje,20477
2013,Број,Total,Оба пола,Prijedor,89397
2013,Број,Total,Оба пола,Prnjavor,35956
2013,Број,Total,Оба пола,Prozor,14280
2013,Број,Total,Оба пола,Ravno,3219
2013,Број,Total,Оба пола,Ribnik,6048
2013,Број,Total,Оба пола,Rogatica,10723
2013,Број,Total,Оба пола,Rudo,7963
2013,Број,Total,Оба пола,Sanski Most,41475
2013,Број,Total,Оба пола,Sapna,11178
2013,Број,Total,Оба пола,Sokolac,12021
2013,Број,Total,Оба пола,Srbac,17587
2013,Број,Total,Оба пола,Srebrenica,13409
2013,Број,Total,Оба пола,Srebrenik,39678
2013,Број,Total,Оба пола,Sarajevo - Stari Grad,36976
2013,Број,Total,Оба пола,Stolac,14502
2013,Број,Total,Оба пола,Šamac,17273
2013,Број,Total,Оба пола,Šekovići,6761
2013,Број,Total,Оба пола,Šipovo,10293
2013,Број,Total,Оба пола,Široki Brijeg,28929
2013,Број,Total,Оба пола,Teočak,7424
2013,Број,Total,Оба пола,Teslić,38536
2013,Број,Total,Оба пола,Tešanj,43063
2013,Број,Total,Оба пола,Tomislavgrad,31592
2013,Број,Total,Оба пола,Travnik,53482
2013,Број,Total,Оба пола,Trebinje,29198
2013,Број,Total,Оба пола,Trnovo - FBIH,1502
2013,Број,Total,Оба пола,Trnovo - RS,2050
2013,Број,Total,Оба пола,Tuzla,110979
2013,Број,Total,Оба пола,Ugljevik,15710
2013,Број,Total,Оба пола,Usora,6603
2013,Број,Total,Оба пола,Vareš,8892
2013,Број,Total,Оба пола,Velika Kladuša,40419
2013,Број,Total,Оба пола,Visoko,39938
2013,Број,Total,Оба пола,Višegrad,10668
2013,Број,Total,Оба пола,Vitez,25836
2013,Број,Total,Оба пола,Vlasenica,11467
2013,Број,Total,Оба пола,Sarajevo - Vogošća,26343
2013,Број,Total,Оба пола,Vukosavlje,4667
2013,Број,Total,Оба пола,Zavidovići,35988
2013,Број,Total,Оба пола,Zenica,110663
2013,Број,Total,Оба пола,Zvornik,58856
2013,Број,Total,Оба пола,Žepče,30219
2013,Број,Total,Оба пола,Živinice,57765
2013,Број,0-4,Оба пола,Banja Luka,9610
2013,Број,0-4,Оба пола,Banovići,1206
2013,Број,0-4,Оба пола,Berkovići,93
2013,Број,0-4,Оба пола,Bihać,2652
2013,Број,0-4,Оба пола,Bijeljina,5080
2013,Број,0-4,Оба пола,Bileća,487
2013,Број,0-4,Оба пола,Bosanska Krupa,1423
2013,Број,0-4,Оба пола,Bosanski Petrovac,249
2013,Број,0-4,Оба пола,Bosansko Grahovo,69
2013,Број,0-4,Оба пола,Bratunac,948
2013,Број,0-4,Оба пола,Brčko,4165
2013,Број,0-4,Оба пола,Breza,698
2013,Број,0-4,Оба пола,Brod,771
2013,Број,0-4,Оба пола,Bugojno,1484
2013,Број,0-4,Оба пола,Busovača,961
2013,Број,0-4,Оба пола,Bužim,1405
2013,Број,0-4,Оба пола,Cazin,3940
2013,Број,0-4,Оба пола,Sarajevo - Centar,2588
2013,Број,0-4,Оба пола,Čajniče,185
2013,Број,0-4,Оба пола,Čapljina,1233
2013,Број,0-4,Оба пола,Čelić,475
2013,Број,0-4,Оба пола,Čelinac,769
2013,Број,0-4,Оба пола,Čitluk,1002
2013,Број,0-4,Оба пола,Derventa,1170
2013,Број,0-4,Оба пола,Doboj,3330
2013,Број,0-4,Оба пола,Doboj-Istok,541
2013,Број,0-4,Оба пола,Doboj-Jug,235
2013,Број,0-4,Оба пола,Dobretići,30
2013,Број,0-4,Оба пола,Domaljevac-Šamac,163
2013,Број,0-4,Оба пола,Donji Vakuf,680
2013,Број,0-4,Оба пола,Donji Žabar,145
2013,Број,0-4,Оба пола,Drvar,210
2013,Број,0-4,Оба пола,Foča - FBIH,85
2013,Број,0-4,Оба пола,Foča - RS,644
2013,Број,0-4,Оба пола,Fojnica,557
2013,Број,0-4,Оба пола,Gacko,419
2013,Број,0-4,Оба пола,Glamoč,145
2013,Број,0-4,Оба пола,Goražde,978
2013,Број,0-4,Оба пола,Gornji Vakuf-Uskoplje,1072
2013,Број,0-4,Оба пола,Gračanica,2600
2013,Број,0-4,Оба пола,Gradačac,2100
2013,Број,0-4,Оба пола,Gradiška,2092
2013,Број,0-4,Оба пола,Grude,805
2013,Број,0-4,Оба пола,Sarajevo - Hadžići,1380
2013,Број,0-4,Оба пола,Han Pijesak,134
2013,Број,0-4,Оба пола,Sarajevo - Ilidža,3915
2013,Број,0-4,Оба пола,Sarajevo - Ilijaš,1085
2013,Број,0-4,Оба пола,Istočna Ilidža,649
2013,Број,0-4,Оба пола,Istočni Mostar,7
2013,Број,0-4,Оба пола,Istočni Stari Grad,40
2013,Број,0-4,Оба пола,Istočno Novo Sarajevo,625
2013,Број,0-4,Оба пола,Jablanica,440
2013,Број,0-4,Оба пола,Jajce,1311
2013,Број,0-4,Оба пола,Jezero,44
2013,Број,0-4,Оба пола,Kakanj,2102
2013,Број,0-4,Оба пола,Kalesija,1841
2013,Број,0-4,Оба пола,Kalinovik,52
2013,Број,0-4,Оба пола,Kiseljak,1082
2013,Број,0-4,Оба пола,Kladanj,606
2013,Број,0-4,Оба пола,Ključ,699
2013,Број,0-4,Оба пола,Kneževo,406
2013,Број,0-4,Оба пола,Konjic,1046
2013,Број,0-4,Оба пола,Kostajnica,222
2013,Број,0-4,Оба пола,Kotor Varoš,922
2013,Број,0-4,Оба пола,Kozarska Dubica,800
2013,Број,0-4,Оба пола,Kreševo,240
2013,Број,0-4,Оба пола,Krupa Na Uni,49
2013,Број,0-4,Оба пола,Kupres - FBIH,164
2013,Број,0-4,Оба пола,Kupres - RS,6
2013,Број,0-4,Оба пола,Laktaši,1687
2013,Број,0-4,Оба пола,Livno,1334
2013,Број,0-4,Оба пола,Lopare,517
2013,Број,0-4,Оба пола,Lukavac,1968
2013,Број,0-4,Оба пола,Ljubinje,155
2013,Број,0-4,Оба пола,Ljubuški,1352
2013,Број,0-4,Оба пола,Maglaj,1215
2013,Број,0-4,Оба пола,Milići,489
2013,Број,0-4,Оба пола,Modriča,1001
2013,Број,0-4,Оба пола,Mostar,5335
2013,Број,0-4,Оба пола,Mrkonjić Grad,681
2013,Број,0-4,Оба пола,Neum,206
2013,Број,0-4,Оба пола,Nevesinje,561
2013,Број,0-4,Оба пола,Novi Grad,981
2013,Број,0-4,Оба пола,Sarajevo - Novi Grad,6754
2013,Број,0-4,Оба пола,Novi Travnik,1318
2013,Број,0-4,Оба пола,Novo Goražde,103
2013,Број,0-4,Оба пола,Sarajevo - Novo Sarajevo,3295
2013,Број,0-4,Оба пола,Odžak,693
2013,Број,0-4,Оба пола,Olovo,417
2013,Број,0-4,Оба пола,Orašje,726
2013,Број,0-4,Оба пола,Osmaci,275
2013,Број,0-4,Оба пола,Oštra Luka,107
2013,Број,0-4,Оба пола,Pale - FBIH,35
2013,Број,0-4,Оба пола,Pale - RS,904
2013,Број,0-4,Оба пола,Pelagićevo,133
2013,Број,0-4,Оба пола,Petrovac,13
2013,Број,0-4,Оба пола,Petrovo,264
2013,Број,0-4,Оба пола,Posušje,1237
2013,Број,0-4,Оба пола,Prijedor,3468
2013,Број,0-4,Оба пола,Prnjavor,1600
2013,Број,0-4,Оба пола,Prozor,687
2013,Број,0-4,Оба пола,Ravno,118
2013,Број,0-4,Оба пола,Ribnik,245
2013,Број,0-4,Оба пола,Rogatica,514
2013,Број,0-4,Оба пола,Rudo,289
2013,Број,0-4,Оба пола,Sanski Most,1681
2013,Број,0-4,Оба пола,Sapna,651
2013,Број,0-4,Оба пола,Sokolac,508
2013,Број,0-4,Оба пола,Srbac,836
2013,Број,0-4,Оба пола,Srebrenica,526
2013,Број,0-4,Оба пола,Srebrenik,2214
2013,Број,0-4,Оба пола,Sarajevo - Stari Grad,1623
2013,Број,0-4,Оба пола,Stolac,650
2013,Број,0-4,Оба пола,Šamac,584
2013,Број,0-4,Оба пола,Šekovići,249
2013,Број,0-4,Оба пола,Šipovo,431
2013,Број,0-4,Оба пола,Široki Brijeg,1623
2013,Број,0-4,Оба пола,Teočak,351
2013,Број,0-4,Оба пола,Teslić,1969
2013,Број,0-4,Оба пола,Tešanj,2689
2013,Број,0-4,Оба пола,Tomislavgrad,1490
2013,Број,0-4,Оба пола,Travnik,2797
2013,Број,0-4,Оба пола,Trebinje,1415
2013,Број,0-4,Оба пола,Trnovo - FBIH,40
2013,Број,0-4,Оба пола,Trnovo - RS,66
2013,Број,0-4,Оба пола,Tuzla,5105
2013,Број,0-4,Оба пола,Ugljevik,675
2013,Број,0-4,Оба пола,Usora,251
2013,Број,0-4,Оба пола,Vareš,256
2013,Број,0-4,Оба пола,Velika Kladuša,2756
2013,Број,0-4,Оба пола,Visoko,2309
2013,Број,0-4,Оба пола,Višegrad,344
2013,Број,0-4,Оба пола,Vitez,1447
2013,Број,0-4,Оба пола,Vlasenica,499
2013,Број,0-4,Оба пола,Sarajevo - Vogošća,1600
2013,Број,0-4,Оба пола,Vukosavlje,207
2013,Број,0-4,Оба пола,Zavidovići,2005
2013,Број,0-4,Оба пола,Zenica,6072
2013,Број,0-4,Оба пола,Zvornik,3061
2013,Број,0-4,Оба пола,Žepče,1657
2013,Број,0-4,Оба пола,Živinice,3389
2013,Број,5-9,Оба пола,Banja Luka,8736
2013,Број,5-9,Оба пола,Banovići,1212
2013,Број,5-9,Оба пола,Berkovići,130
2013,Број,5-9,Оба пола,Bihać,2806
2013,Број,5-9,Оба пола,Bijeljina,5136
2013,Број,5-9,Оба пола,Bileća,483
2013,Број,5-9,Оба пола,Bosanska Krupa,1495
2013,Број,5-9,Оба пола,Bosanski Petrovac,324
2013,Број,5-9,Оба пола,Bosansko Grahovo,49
2013,Број,5-9,Оба пола,Bratunac,1096
2013,Број,5-9,Оба пола,Brčko,4312
2013,Број,5-9,Оба пола,Breza,661
2013,Број,5-9,Оба пола,Brod,731
2013,Број,5-9,Оба пола,Bugojno,1681
2013,Број,5-9,Оба пола,Busovača,1079
2013,Број,5-9,Оба пола,Bužim,1345
2013,Број,5-9,Оба пола,Cazin,4192
2013,Број,5-9,Оба пола,Sarajevo - Centar,2432
2013,Број,5-9,Оба пола,Čajniče,212
2013,Број,5-9,Оба пола,Čapljina,1359
2013,Број,5-9,Оба пола,Čelić,573
2013,Број,5-9,Оба пола,Čelinac,741
2013,Број,5-9,Оба пола,Čitluk,1090
2013,Број,5-9,Оба пола,Derventa,1223
2013,Број,5-9,Оба пола,Doboj,3311
2013,Број,5-9,Оба пола,Doboj-Istok,570
2013,Број,5-9,Оба пола,Doboj-Jug,288
2013,Број,5-9,Оба пола,Dobretići,54
2013,Број,5-9,Оба пола,Domaljevac-Šamac,237
2013,Број,5-9,Оба пола,Donji Vakuf,861
2013,Број,5-9,Оба пола,Donji Žabar,185
2013,Број,5-9,Оба пола,Drvar,250
2013,Број,5-9,Оба пола,Foča - FBIH,71
2013,Број,5-9,Оба пола,Foča - RS,755
2013,Број,5-9,Оба пола,Fojnica,635
2013,Број,5-9,Оба пола,Gacko,443
2013,Број,5-9,Оба пола,Glamoč,181
2013,Број,5-9,Оба пола,Goražde,845
2013,Број,5-9,Оба пола,Gornji Vakuf-Uskoplje,1231
2013,Број,5-9,Оба пола,Gračanica,2518
2013,Број,5-9,Оба пола,Gradačac,2243
2013,Број,5-9,Оба пола,Gradiška,2295
2013,Број,5-9,Оба пола,Grude,952
2013,Број,5-9,Оба пола,Sarajevo - Hadžići,1339
2013,Број,5-9,Оба пола,Han Pijesak,130
2013,Број,5-9,Оба пола,Sarajevo - Ilidža,3664
2013,Број,5-9,Оба пола,Sarajevo - Ilijaš,1128
2013,Број,5-9,Оба пола,Istočna Ilidža,683
2013,Број,5-9,Оба пола,Istočni Drvar,1
2013,Број,5-9,Оба пола,Istočni Mostar,16
2013,Број,Total,Жене,Banja Luka,95894
2013,Број,Total,Жене,Banovići,11381
2013,Број,Total,Жене,Berkovići,1055
2013,Број,Total,Жене,Bihać,29220
2013,Број,Total,Жене,Bijeljina,54888
2013,Број,Total,Жене,Bileća,5353
2013,Број,Total,Жене,Bosanska Krupa,12997
2013,Број,Total,Жене,Bosanski Petrovac,3650
2013,Број,Total,Жене,Bosansko Grahovo,1162
2013,Број,Total,Жене,Bratunac,10249
2013,Број,Total,Жене,Brčko,42266
2013,Број,Total,Жене,Breza,7216
2013,Број,Total,Жене,Brod,8476
2013,Број,Total,Жене,Bugojno,15835
2013,Број,Total,Жене,Busovača,8776
2013,Број,Total,Жене,Bužim,9455
2013,Број,Total,Жене,Cazin,33077
2013,Број,Total,Жене,Sarajevo - Centar,29812
2013,Број,Total,Жене,Čajniče,2421
2013,Број,Total,Жене,Čapljina,13210
2013,Број,Total,Жене,Čelić,5246
2013,Број,Total,Жене,Čelinac,7820
2013,Број,Total,Жене,Čitluk,9203
2013,Број,Total,Жене,Derventa,14007
2013,Број,Total,Жене,Doboj,36525
2013,Број,Total,Жене,Doboj-Istok,5187
2013,Број,Total,Жене,Doboj-Jug,2072
2013,Број,Total,Жене,Dobretići,724
2013,Број,Total,Жене,Domaljevac-Šamac,2398
2013,Број,Total,Жене,Donji Vakuf,7063
2013,Број,Total,Жене,Donji Žabar,1889
2013,Број,Total,Жене,Drvar,3563
2013,Број,Total,Жене,Foča - FBIH,935
2013,Број,Total,Жене,Foča - RS,9052
2013,Број,Total,Жене,Fojnica,6159
2013,Број,Total,Жене,Gacko,4434
2013,Број,Total,Жене,Glamoč,1897
2013,Број,Total,Жене,Goražde,10734
2013,Број,Total,Жене,Gornji Vakuf-Uskoplje,10401
2013,Број,Total,Жене,Gračanica,23579
2013,Број,Total,Жене,Gradačac,20106
2013,Број,Total,Жене,Gradiška,26456
2013,Број,Total,Жене,Grude,8687
2013,Број,Total,Жене,Sarajevo - Hadžići,11977
2013,Број,Total,Жене,Han Pijesak,1863
2013,Број,Total,Жене,Sarajevo - Ilidža,34371
2013,Број,Total,Жене,Sarajevo - Ilijaš,10222
2013,Број,Total,Жене,Istočna Ilidža,7694
2013,Број,Total,Жене,Istočni Drvar,26
2013,Број,Total,Жене,Istočni Mostar,115
2013,Број,Total,Жене,Istočni Stari Grad,571
2013,Број,Total,Жене,Istočno Novo Sarajevo,5584
2013,Број,Total,Жене,Jablanica,5084
2013,Број,Total,Жене,Jajce,13402
2013,Број,Total,Жене,Jezero,543
2013,Број,Total,Жене,Kakanj,18790
2013,Број,Total,Жене,Kalesija,16456
2013,Број,Total,Жене,Kalinovik,1042
2013,Број,Total,Жене,Kiseljak,10437
2013,Број,Total,Жене,Kladanj,6240
2013,Број,Total,Жене,Ključ,8379
2013,Број,Total,Жене,Kneževo,4901
2013,Број,Total,Жене,Konjic,12788
2013,Број,Total,Жене,Kostajnica,3010
2013,Број,Total,Жене,Kotor Varoš,9892
2013,Број,Total,Жене,Kozarska Dubica,11008
2013,Број,Total,Жене,Kreševo,2676
2013,Број,Total,Жене,Krupa Na Uni,735
2013,Број,Total,Жене,Kupres - FBIH,2516
2013,Број,Total,Жене,Kupres - RS,140
2013,Број,Total,Жене,Laktaši,17646
2013,Број,Total,Жене,Livno,17109
2013,Број,Total,Жене,Lopare,7608
2013,Број,Total,Жене,Lukavac,22734
2013,Број,Total,Жене,Ljubinje,1786
2013,Број,Total,Жене,Ljubuški,14162
2013,Број,Total,Жене,Maglaj,11716
2013,Број,Total,Жене,Milići,5643
2013,Број,Total,Жене,Modriča,13159
2013,Број,Total,Жене,Mostar,54587
2013,Број,Total,Жене,Mrkonjić Grad,8575
2013,Број,Total,Жене,Neum,2309
2013,Број,Total,Жене,Nevesinje,6499
2013,Број,Total,Жене,Novi Grad,13521
2013,Број,Total,Жене,Sarajevo - Novi Grad,62818
2013,Број,Total,Жене,Novi Travnik,11970
2013,Број,Total,Жене,Novo Goražde,1499
2013,Број,Total,Жене,Sarajevo - Novo Sarajevo,35234
2013,Број,Total,Жене,Odžak,9448
2013,Број,Total,Жене,Olovo,5091
2013,Број,Total,Жене,Orašje,9802
2013,Број,Total,Жене,Osmaci,2951
2013,Број,Total,Жене,Oštra Luka,1346
2013,Број,Total,Жене,Pale - FBIH,448
2013,Број,Total,Жене,Pale - RS,10871
2013,Број,Total,Жене,Pelagićevo,2611
2013,Број,Total,Жене,Petrovac,189
2013,Број,Total,Жене,Petrovo,3350
2013,Број,Total,Жене,Posušje,10190
2013,Број,Total,Жене,Prijedor,45534
2013,Број,Total,Жене,Prnjavor,18384
2013,Број,Total,Жене,Prozor,7070
2013,Број,Total,Жене,Ravno,1562
2013,Број,Total,Жене,Ribnik,3039
2013,Број,Total,Жене,Rogatica,5453
2013,Број,Total,Жене,Rudo,3913
2013,Број,Total,Жене,Sanski Most,20649
2013,Број,Total,Жене,Sapna,5439
2013,Број,Total,Жене,Sokolac,6102
2013,Број,Total,Жене,Srbac,8964
2013,Број,Total,Жене,Srebrenica,6807
2013,Број,Total,Жене,Srebrenik,20330
2013,Број,Total,Жене,Sarajevo - Stari Grad,19494
2013,Број,Total,Жене,Stolac,7176
2013,Број,Total,Жене,Šamac,8888
2013,Број,Total,Жене,Šekovići,3401
2013,Број,Total,Жене,Šipovo,5072
2013,Број,Total,Жене,Široki Brijeg,14548
2013,Број,Total,Жене,Teočak,3657
2013,Број,Total,Жене,Teslić,19857
2013,Број,Total,Жене,Tešanj,21687
2013,Број,Total,Жене,Tomislavgrad,15537
2013,Број,Total,Жене,Travnik,26908
2013,Број,Total,Жене,Trebinje,14947
2013,Број,Total,Жене,Trnovo - FBIH,767
2013,Број,Total,Жене,Trnovo - RS,1061
2013,Број,Total,Жене,Tuzla,58234
2013,Број,Total,Жене,Ugljevik,7773
2013,Број,Total,Жене,Usora,3337
2013,Број,Total,Жене,Vareš,4519
2013,Број,Total,Жене,Velika Kladuša,20530
2013,Број,Total,Жене,Visoko,20233
2013,Број,Total,Жене,Višegrad,5562
2013,Број,Total,Жене,Vitez,13069
2013,Број,Total,Жене,Vlasenica,5829
2013,Број,Total,Жене,Sarajevo - Vogošća,13737
2013,Број,Total,Жене,Vukosavlje,2327
2013,Број,Total,Жене,Zavidovići,18105
2013,Број,Total,Жене,Zenica,56003
2013,Број,Total,Жене,Zvornik,29586
2013,Број,Total,Жене,Žepče,14884
2013,Број,Total,Жене,Živinice,29051
2013,Број,0-4,Жене,Banja Luka,4712
2013,Број,0-4,Жене,Banovići,592
2013,Број,0-4,Жене,Berkovići,48
2013,Број,0-4,Жене,Bihać,1291
2013,Број,0-4,Жене,Bijeljina,2443
2013,Број,0-4,Жене,Bileća,232
2013,Број,0-4,Жене,Bosanska Krupa,688
2013,Број,0-4,Жене,Bosanski Petrovac,123
2013,Број,0-4,Жене,Bosansko Grahovo,30
2013,Број,0-4,Жене,Bratunac,439
2013,Број,0-4,Жене,Brčko,1987
2013,Број,0-4,Жене,Breza,350
2013,Број,0-4,Жене,Brod,369
2013,Број,0-4,Жене,Bugojno,698
2013,Број,0-4,Жене,Busovača,467
2013,Број,0-4,Жене,Bužim,673
2013,Број,0-4,Жене,Cazin,1890
2013,Број,0-4,Жене,Sarajevo - Centar,1280
2013,Број,0-4,Жене,Čajniče,100
2013,Број,0-4,Жене,Čapljina,605
2013,Број,0-4,Жене,Čelić,246
2013,Број,0-4,Жене,Čelinac,370
2013,Број,0-4,Жене,Čitluk,522
2013,Број,0-4,Жене,Derventa,590
2013,Број,0-4,Жене,Doboj,1635
2013,Број,0-4,Жене,Doboj-Istok,249
2013,Број,0-4,Жене,Doboj-Jug,115
2013,Број,0-4,Жене,Dobretići,12
2013,Број,0-4,Жене,Domaljevac-Šamac,74
2013,Број,0-4,Жене,Donji Vakuf,342
2013,Број,0-4,Жене,Donji Žabar,75
2013,Број,0-4,Жене,Drvar,104
2013,Број,0-4,Жене,Foča - FBIH,35
2013,Број,0-4,Жене,Foča - RS,277
2013,Број,0-4,Жене,Fojnica,263
2013,Број,0-4,Жене,Gacko,213
2013,Број,0-4,Жене,Glamoč,68
2013,Број,0-4,Жене,Goražde,465
2013,Број,0-4,Жене,Gornji Vakuf-Uskoplje,513
2013,Број,0-4,Жене,Gračanica,1324
2013,Број,0-4,Жене,Gradačac,1040
2013,Број,0-4,Жене,Gradiška,1048
2013,Број,0-4,Жене,Grude,396
2013,Број,0-4,Жене,Sarajevo - Hadžići,698
2013,Број,0-4,Жене,Han Pijesak,62
2013,Број,0-4,Жене,Sarajevo - Ilidža,1902
2013,Број,0-4,Жене,Sarajevo - Ilijaš,529
2013,Број,0-4,Жене,Istočna Ilidža,307
2013,Број,0-4,Жене,Istočni Mostar,3
2013,Број,0-4,Жене,Istočni Stari Grad,17
2013,Број,0-4,Жене,Istočno Novo Sarajevo,325
2013,Број,0-4,Жене,Jablanica,209
2013,Број,0-4,Жене,Jajce,639
2013,Број,0-4,Жене,Jezero,22
2013,Број,0-4,Жене,Kakanj,972
2013,Број,0-4,Жене,Kalesija,905
2013,Број,0-4,Жене,Kalinovik,27
2013,Број,0-4,Жене,Kiseljak,551
2013,Број,0-4,Жене,Kladanj,270
2013,Број,0-4,Жене,Ključ,357
2013,Број,0-4,Жене,Kneževo,193
2013,Број,0-4,Жене,Konjic,530
2013,Број,0-4,Жене,Kostajnica,119
2013,Број,0-4,Жене,Kotor Varoš,444
2013,Број,0-4,Жене,Kozarska Dubica,392
2013,Број,0-4,Жене,Kreševo,113
2013,Број,0-4,Жене,Krupa Na Uni,22
2013,Број,0-4,Жене,Kupres - FBIH,78
2013,Број,0-4,Жене,Laktaši,832
2013,Број,0-4,Жене,Livno,648
2013,Број,0-4,Жене,Lopare,262
2013,Број,0-4,Жене,Lukavac,949
2013,Број,0-4,Жене,Ljubinje,82
2013,Број,0-4,Жене,Ljubuški,669
2013,Број,0-4,Жене,Maglaj,582
2013,Број,0-4,Жене,Milići,242
2013,Број,0-4,Жене,Modriča,487
2013,Број,0-4,Жене,Mostar,2585
2013,Број,0-4,Жене,Mrkonjić Grad,344
2013,Број,0-4,Жене,Neum,101
2013,Број,0-4,Жене,Nevesinje,260
2013,Број,0-4,Жене,Novi Grad,485
2013,Број,0-4,Жене,Sarajevo - Novi Grad,3266
2013,Број,0-4,Жене,Novi Travnik,633
2013,Број,0-4,Жене,Novo Goražde,53
2013,Број,0-4,Жене,Sarajevo - Novo Sarajevo,1650
2013,Број,0-4,Жене,Odžak,349
2013,Број,0-4,Жене,Olovo,193
2013,Број,0-4,Жене,Orašje,357
2013,Број,0-4,Жене,Osmaci,127
2013,Број,0-4,Жене,Oštra Luka,52
2013,Број,0-4,Жене,Pale - FBIH,17
2013,Број,0-4,Жене,Pale - RS,442
2013,Број,0-4,Жене,Pelagićevo,68
2013,Број,0-4,Жене,Petrovac,5
2013,Број,0-4,Жене,Petrovo,118
2013,Број,0-4,Жене,Posušje,595
2013,Број,0-4,Жене,Prijedor,1663
2013,Број,0-4,Жене,Prnjavor,788
2013,Број,0-4,Жене,Prozor,346
2013,Број,0-4,Жене,Ravno,58
2013,Број,0-4,Жене,Ribnik,124
2013,Број,0-4,Жене,Rogatica,262
2013,Број,0-4,Жене,Rudo,136
2013,Број,0-4,Жене,Sanski Most,831
2013,Број,0-4,Жене,Sapna,330
2013,Број,0-4,Жене,Sokolac,244
2013,Број,0-4,Жене,Srbac,424
2013,Број,0-4,Жене,Srebrenica,261
2013,Број,0-4,Жене,Srebrenik,1085
2013,Број,0-4,Жене,Sarajevo - Stari Grad,788
2013,Број,0-4,Жене,Stolac,313
2013,Број,0-4,Жене,Šamac,295
2013,Број,0-4,Жене,Šekovići,119
2013,Број,0-4,Жене,Šipovo,197
2013,Број,0-4,Жене,Široki Brijeg,762
2013,Број,0-4,Жене,Teočak,159
2013,Број,0-4,Жене,Teslić,921
2013,Број,0-4,Жене,Tešanj,1301
2013,Број,0-4,Жене,Tomislavgrad,735
2013,Број,0-4,Жене,Travnik,1334
2013,Број,0-4,Жене,Trebinje,662
2013,Број,0-4,Жене,Trnovo - FBIH,28
2013,Број,0-4,Жене,Trnovo - RS,36
2013,Број,0-4,Жене,Tuzla,2439
2013,Број,0-4,Жене,Ugljevik,307
2013,Број,0-4,Жене,Usora,130
2013,Број,0-4,Жене,Vareš,128
2013,Број,0-4,Жене,Velika Kladuša,1323
2013,Број,0-4,Жене,Visoko,1131
2013,Број,0-4,Жене,Višegrad,180
2013,Број,0-4,Жене,Vitez,690
2013,Број,0-4,Жене,Vlasenica,231
2013,Број,0-4,Жене,Sarajevo - Vogošća,763
2013,Број,0-4,Жене,Vukosavlje,100
2013,Број,0-4,Жене,Zavidovići,992
2013,Број,0-4,Жене,Zenica,2968
2013,Број,0-4,Жене,Zvornik,1516
2013,Број,0-4,Жене,Žepče,779
2013,Број,0-4,Жене,Živinice,1611
2013,Број,5-9,Жене,Banja Luka,4276
2013,Број,5-9,Жене,Banovići,589
2013,Број,5-9,Жене,Berkovići,57
2013,Број,5-9,Жене,Bihać,1390
2013,Број,5-9,Жене,Bijeljina,2477
2013,Број,5-9,Жене,Bileća,220
2013,Број,5-9,Жене,Bosanska Krupa,747
2013,Број,5-9,Жене,Bosanski Petrovac,166
2013,Број,5-9,Жене,Bosansko Grahovo,20
2013,Број,5-9,Жене,Bratunac,537
2013,Број,5-9,Жене,Brčko,2077
2013,Број,5-9,Жене,Breza,318
2013,Број,5-9,Жене,Brod,339
2013,Број,5-9,Жене,Bugojno,788
2013,Број,5-9,Жене,Busovača,506
2013,Број,5-9,Жене,Bužim,670
2013,Број,5-9,Жене,Cazin,2045
2013,Број,5-9,Жене,Sarajevo - Centar,1161
2013,Број,5-9,Жене,Čajniče,113
2013,Број,5-9,Жене,Čapljina,656
2013,Број,5-9,Жене,Čelić,286
2013,Број,5-9,Жене,Čelinac,359
2013,Број,5-9,Жене,Čitluk,540
2013,Број,5-9,Жене,Derventa,586
2013,Број,5-9,Жене,Doboj,1664
2013,Број,5-9,Жене,Doboj-Istok,279
2013,Број,5-9,Жене,Doboj-Jug,133
2013,Број,5-9,Жене,Dobretići,24
2013,Број,5-9,Жене,Domaljevac-Šamac,128
2013,Број,5-9,Жене,Donji Vakuf,435
2013,Број,5-9,Жене,Donji Žabar,82
2013,Број,5-9,Жене,Drvar,120
2013,Број,5-9,Жене,Foča - FBIH,34
2013,Број,5-9,Жене,Foča - RS,362
2013,Број,5-9,Жене,Fojnica,304
2013,Број,5-9,Жене,Gacko,203
2013,Број,5-9,Жене,Glamoč,80
2013,Број,5-9,Жене,Goražde,387
2013,Број,5-9,Жене,Gornji Vakuf-Uskoplje,612
2013,Број,5-9,Жене,Gračanica,1231
2013,Број,5-9,Жене,Gradačac,1055
2013,Број,5-9,Жене,Gradiška,1127
2013,Број,5-9,Жене,Grude,470
2013,Број,5-9,Жене,Sarajevo - Hadžići,635
2013,Број,5-9,Жене,Han Pijesak,63
2013,Број,5-9,Жене,Sarajevo - Ilidža,1768
2013,Број,5-9,Жене,Sarajevo - Ilijaš,564
2013,Број,5-9,Жене,Istočna Ilidža,358
2013,Број,5-9,Жене,Istočni Drvar,0
2013,Број,5-9,Жене,Istočni Mostar,9
2013,Број,Total,Мушкарци,Banja Luka,89148
2013,Број,Total,Мушкарци,Banovići,11392
2013,Број,Total,Мушкарци,Berkovići,1059
2013,Број,Total,Мушкарци,Bihać,27041
2013,Број,Total,Мушкарци,Bijeljina,52827
2013,Број,Total,Мушкарци,Bileća,5454
2013,Број,Total,Мушкарци,Bosanska Krupa,12548
2013,Број,Total,Мушкарци,Bosanski Petrovac,3678
2013,Број,Total,Мушкарци,Bosansko Grahovo,1287
2013,Број,Total,Мушкарци,Bratunac,10091
2013,Број,Total,Мушкарци,Brčko,41250
2013,Број,Total,Мушкарци,Breza,6952
2013,Број,Total,Мушкарци,Brod,8143
2013,Број,Total,Мушкарци,Bugojno,15635
2013,Број,Total,Мушкарци,Busovača,9134
2013,Број,Total,Мушкарци,Bužim,9885
2013,Број,Total,Мушкарци,Cazin,33072
2013,Број,Total,Мушкарци,Sarajevo - Centar,25369
2013,Број,Total,Мушкарци,Čajniče,2474
2013,Број,Total,Мушкарци,Čapljina,12947
2013,Број,Total,Мушкарци,Čelić,5256
2013,Број,Total,Мушкарци,Čelinac,7728
2013,Број,Total,Мушкарци,Čitluk,8937
2013,Број,Total,Мушкарци,Derventa,13397
2013,Број,Total,Мушкарци,Doboj,34916
2013,Број,Total,Мушкарци,Doboj-Istok,5061
2013,Број,Total,Мушкарци,Doboj-Jug,2065
2013,Број,Total,Мушкарци,Dobretići,905
2013,Број,Total,Мушкарци,Domaljevac-Šamac,2373
2013,Број,Total,Мушкарци,Donji Vakuf,6922
2013,Број,Total,Мушкарци,Donji Žabar,1920
2013,Број,Total,Мушкарци,Drvar,3473
2013,Број,Total,Мушкарци,Foča - FBIH,998
2013,Број,Total,Мушкарци,Foča - RS,9236
2013,Број,Total,Мушкарци,Fojnica,6197
2013,Број,Total,Мушкарци,Gacko,4556
2013,Број,Total,Мушкарци,Glamoč,1963
2013,Број,Total,Мушкарци,Goražde,10163
2013,Број,Total,Мушкарци,Gornji Vakuf-Uskoplje,10532
2013,Број,Total,Мушкарци,Gračanica,21641
2013,Број,Total,Мушкарци,Gradačac,19234
2013,Број,Total,Мушкарци,Gradiška,25271
2013,Број,Total,Мушкарци,Grude,8621
2013,Број,Total,Мушкарци,Sarajevo - Hadžići,11914
2013,Број,Total,Мушкарци,Han Pijesak,1667
2013,Број,Total,Мушкарци,Sarajevo - Ilidža,32359
2013,Број,Total,Мушкарци,Sarajevo - Ilijaš,9381
2013,Број,Total,Мушкарци,Istočna Ilidža,7069
2013,Број,Total,Мушкарци,Istočni Drvar,53
2013,Број,Total,Мушкарци,Istočni Mostar,142
2013,Број,Total,Мушкарци,Istočni Stari Grad,560
2013,Број,Total,Мушкарци,Istočno Novo Sarajevo,5058
2013,Број,Total,Мушкарци,Jablanica,5027
2013,Број,Total,Мушкарци,Jajce,13856
2013,Број,Total,Мушкарци,Jezero,601
2013,Број,Total,Мушкарци,Kakanj,18651
2013,Број,Total,Мушкарци,Kalesija,16597
2013,Број,Total,Мушкарци,Kalinovik,987
2013,Број,Total,Мушкарци,Kiseljak,10285
2013,Број,Total,Мушкарци,Kladanj,6108
2013,Број,Total,Мушкарци,Ključ,8365
2013,Број,Total,Мушкарци,Kneževo,4892
2013,Број,Total,Мушкарци,Konjic,12360
2013,Број,Total,Мушкарци,Kostajnica,2967
2013,Број,Total,Мушкарци,Kotor Varoš,9818
2013,Број,Total,Мушкарци,Kozarska Dubica,10516
2013,Број,Total,Мушкарци,Kreševo,2597
2013,Број,Total,Мушкарци,Krupa Na Uni,862
2013,Број,Total,Мушкарци,Kupres - FBIH,2541
2013,Број,Total,Мушкарци,Kupres - RS,160
2013,Број,Total,Мушкарци,Laktaši,17320
2013,Број,Total,Мушкарци,Livno,17024
2013,Број,Total,Мушкарци,Lopare,7749
2013,Број,Total,Мушкарци,Lukavac,21786
2013,Број,Total,Мушкарци,Ljubinje,1725
2013,Број,Total,Мушкарци,Ljubuški,14022
2013,Број,Total,Мушкарци,Maglaj,11430
2013,Број,Total,Мушкарци,Milići,5798
2013,Број,Total,Мушкарци,Modriča,12561
2013,Број,Total,Мушкарци,Mostar,51210
2013,Број,Total,Мушкарци,Mrkonjić Grad,8096
2013,Број,Total,Мушкарци,Neum,2344
2013,Број,Total,Мушкарци,Nevesinje,6462
2013,Број,Total,Мушкарци,Novi Grad,13594
2013,Број,Total,Мушкарци,Sarajevo - Novi Grad,55735
2013,Број,Total,Мушкарци,Novi Travnik,11862
2013,Број,Total,Мушкарци,Novo Goražde,1618
2013,Број,Total,Мушкарци,Sarajevo - Novo Sarajevo,29580
2013,Број,Total,Мушкарци,Odžak,9373
2013,Број,Total,Мушкарци,Olovo,5084
2013,Број,Total,Мушкарци,Orašje,10059
2013,Број,Total,Мушкарци,Osmaci,3065
2013,Број,Total,Мушкарци,Oštra Luka,1440
2013,Број,Total,Мушкарци,Pale - FBIH,456
2013,Број,Total,Мушкарци,Pale - RS,10038
2013,Број,Total,Мушкарци,Pelagićevo,2609
2013,Број,Total,Мушкарци,Petrovac,172
2013,Број,Total,Мушкарци,Petrovo,3124
2013,Број,Total,Мушкарци,Posušje,10287
2013,Број,Total,Мушкарци,Prijedor,43863
2013,Број,Total,Мушкарци,Prnjavor,17572
2013,Број,Total,Мушкарци,Prozor,7210
2013,Број,Total,Мушкарци,Ravno,1657
2013,Број,Total,Мушкарци,Ribnik,3009
2013,Број,Total,Мушкарци,Rogatica,5270
2013,Број,Total,Мушкарци,Rudo,4050
2013,Број,Total,Мушкарци,Sanski Most,20826
2013,Број,Total,Мушкарци,Sapna,5739
2013,Број,Total,Мушкарци,Sokolac,5919
2013,Број,Total,Мушкарци,Srbac,8623
2013,Број,Total,Мушкарци,Srebrenica,6602
2013,Број,Total,Мушкарци,Srebrenik,19348
2013,Број,Total,Мушкарци,Sarajevo - Stari Grad,17482
2013,Број,Total,Мушкарци,Stolac,7326
2013,Број,Total,Мушкарци,Šamac,8385
2013,Број,Total,Мушкарци,Šekovići,3360
2013,Број,Total,Мушкарци,Šipovo,5221
2013,Број,Total,Мушкарци,Široki Brijeg,14381
2013,Број,Total,Мушкарци,Teočak,3767
2013,Број,Total,Мушкарци,Teslić,18679
2013,Број,Total,Мушкарци,Tešanj,21376
2013,Број,Total,Мушкарци,Tomislavgrad,16055
2013,Број,Total,Мушкарци,Travnik,26574
2013,Број,Total,Мушкарци,Trebinje,14251
2013,Број,Total,Мушкарци,Trnovo - FBIH,735
2013,Број,Total,Мушкарци,Trnovo - RS,989
2013,Број,Total,Мушкарци,Tuzla,52745
2013,Број,Total,Мушкарци,Ugljevik,7937
2013,Број,Total,Мушкарци,Usora,3266
2013,Број,Total,Мушкарци,Vareš,4373
2013,Број,Total,Мушкарци,Velika Kladuša,19889
2013,Број,Total,Мушкарци,Visoko,19705
2013,Број,Total,Мушкарци,Višegrad,5106
2013,Број,Total,Мушкарци,Vitez,12767
2013,Број,Total,Мушкарци,Vlasenica,5638
2013,Број,Total,Мушкарци,Sarajevo - Vogošća,12606
2013,Број,Total,Мушкарци,Vukosavlje,2340
2013,Број,Total,Мушкарци,Zavidovići,17883
2013,Број,Total,Мушкарци,Zenica,54660
2013,Број,Total,Мушкарци,Zvornik,29270
2013,Број,Total,Мушкарци,Žepče,15335
2013,Број,Total,Мушкарци,Živinice,28714
2013,Број,0-4,Мушкарци,Banja Luka,4898
2013,Број,0-4,Мушкарци,Banovići,614
2013,Број,0-4,Мушкарци,Berkovići,45
2013,Број,0-4,Мушкарци,Bihać,1361
2013,Број,0-4,Мушкарци,Bijeljina,2637
2013,Број,0-4,Мушкарци,Bileća,255
2013,Број,0-4,Мушкарци,Bosanska Krupa,735
2013,Број,0-4,Мушкарци,Bosanski Petrovac,126
2013,Број,0-4,Мушкарци,Bosansko Grahovo,39
2013,Број,0-4,Мушкарци,Bratunac,509
2013,Број,0-4,Мушкарци,Brčko,2178
2013,Број,0-4,Мушкарци,Breza,348
2013,Број,0-4,Мушкарци,Brod,402
2013,Број,0-4,Мушкарци,Bugojno,786
2013,Број,0-4,Мушкарци,Busovača,494
2013,Број,0-4,Мушкарци,Bužim,732
2013,Број,0-4,Мушкарци,Cazin,2050
2013,Број,0-4,Мушкарци,Sarajevo - Centar,1308
2013,Број,0-4,Мушкарци,Čajniče,85
2013,Број,0-4,Мушкарци,Čapljina,628
2013,Број,0-4,Мушкарци,Čelić,229
2013,Број,0-4,Мушкарци,Čelinac,399
2013,Број,0-4,Мушкарци,Čitluk,480
2013,Број,0-4,Мушкарци,Derventa,580
2013,Број,0-4,Мушкарци,Doboj,1695
2013,Број,0-4,Мушкарци,Doboj-Istok,292
2013,Број,0-4,Мушкарци,Doboj-Jug,120
2013,Број,0-4,Мушкарци,Dobretići,18
2013,Број,0-4,Мушкарци,Domaljevac-Šamac,89
2013,Број,0-4,Мушкарци,Donji Vakuf,338
2013,Број,0-4,Мушкарци,Donji Žabar,70
2013,Број,0-4,Мушкарци,Drvar,106
2013,Број,0-4,Мушкарци,Foča - FBIH,50
2013,Број,0-4,Мушкарци,Foča - RS,367
2013,Број,0-4,Мушкарци,Fojnica,294
2013,Број,0-4,Мушкарци,Gacko,206
2013,Број,0-4,Мушкарци,Glamoč,77
2013,Број,0-4,Мушкарци,Goražde,513
2013,Број,0-4,Мушкарци,Gornji Vakuf-Uskoplje,559
2013,Број,0-4,Мушкарци,Gračanica,1276
2013,Број,0-4,Мушкарци,Gradačac,1060
2013,Број,0-4,Мушкарци,Gradiška,1044
2013,Број,0-4,Мушкарци,Grude,409
2013,Број,0-4,Мушкарци,Sarajevo - Hadžići,682
2013,Број,0-4,Мушкарци,Han Pijesak,72
2013,Број,0-4,Мушкарци,Sarajevo - Ilidža,2013
2013,Број,0-4,Мушкарци,Sarajevo - Ilijaš,556
2013,Број,0-4,Мушкарци,Istočna Ilidža,342
2013,Број,0-4,Мушкарци,Istočni Mostar,4
2013,Број,0-4,Мушкарци,Istočni Stari Grad,23
2013,Број,0-4,Мушкарци,Istočno Novo Sarajevo,300
2013,Број,0-4,Мушкарци,Jablanica,231
2013,Број,0-4,Мушкарци,Jajce,672
2013,Број,0-4,Мушкарци,Jezero,22
2013,Број,0-4,Мушкарци,Kakanj,1130
2013,Број,0-4,Мушкарци,Kalesija,936
2013,Број,0-4,Мушкарци,Kalinovik,25
2013,Број,0-4,Мушкарци,Kiseljak,531
2013,Број,0-4,Мушкарци,Kladanj,336
2013,Број,0-4,Мушкарци,Ključ,342
2013,Број,0-4,Мушкарци,Kneževo,213
2013,Број,0-4,Мушкарци,Konjic,516
2013,Број,0-4,Мушкарци,Kostajnica,103
2013,Број,0-4,Мушкарци,Kotor Varoš,478
2013,Број,0-4,Мушкарци,Kozarska Dubica,408
2013,Број,0-4,Мушкарци,Kreševo,127
2013,Број,0-4,Мушкарци,Krupa Na Uni,27
2013,Број,0-4,Мушкарци,Kupres - FBIH,86
2013,Број,0-4,Мушкарци,Kupres - RS,6
2013,Број,0-4,Мушкарци,Laktaši,855
2013,Број,0-4,Мушкарци,Livno,686
2013,Број,0-4,Мушкарци,Lopare,255
2013,Број,0-4,Мушкарци,Lukavac,1019
2013,Број,0-4,Мушкарци,Ljubinje,73
2013,Број,0-4,Мушкарци,Ljubuški,683
2013,Број,0-4,Мушкарци,Maglaj,633
2013,Број,0-4,Мушкарци,Milići,247
2013,Број,0-4,Мушкарци,Modriča,514
2013,Број,0-4,Мушкарци,Mostar,2750
2013,Број,0-4,Мушкарци,Mrkonjić Grad,337
2013,Број,0-4,Мушкарци,Neum,105
2013,Број,0-4,Мушкарци,Nevesinje,301
2013,Број,0-4,Мушкарци,Novi Grad,496
2013,Број,0-4,Мушкарци,Sarajevo - Novi Grad,3488
2013,Број,0-4,Мушкарци,Novi Travnik,685
2013,Број,0-4,Мушкарци,Novo Goražde,50
2013,Број,0-4,Мушкарци,Sarajevo - Novo Sarajevo,1645
2013,Број,0-4,Мушкарци,Odžak,344
2013,Број,0-4,Мушкарци,Olovo,224
2013,Број,0-4,Мушкарци,Orašje,369
2013,Број,0-4,Мушкарци,Osmaci,148
2013,Број,0-4,Мушкарци,Oštra Luka,55
2013,Број,0-4,Мушкарци,Pale - FBIH,18
2013,Број,0-4,Мушкарци,Pale - RS,462
2013,Број,0-4,Мушкарци,Pelagićevo,65
2013,Број,0-4,Мушкарци,Petrovac,8
2013,Број,0-4,Мушкарци,Petrovo,146
2013,Број,0-4,Мушкарци,Posušje,642
2013,Број,0-4,Мушкарци,Prijedor,1805
2013,Број,0-4,Мушкарци,Prnjavor,812
2013,Број,0-4,Мушкарци,Prozor,341
2013,Број,0-4,Мушкарци,Ravno,60
2013,Број,0-4,Мушкарци,Ribnik,121
2013,Број,0-4,Мушкарци,Rogatica,252
2013,Број,0-4,Мушкарци,Rudo,153
2013,Број,0-4,Мушкарци,Sanski Most,850
2013,Број,0-4,Мушкарци,Sapna,321
2013,Број,0-4,Мушкарци,Sokolac,264
2013,Број,0-4,Мушкарци,Srbac,412
2013,Број,0-4,Мушкарци,Srebrenica,265
2013,Број,0-4,Мушкарци,Srebrenik,1129
2013,Број,0-4,Мушкарци,Sarajevo - Stari Grad,835
2013,Број,0-4,Мушкарци,Stolac,337
2013,Број,0-4,Мушкарци,Šamac,289
2013,Број,0-4,Мушкарци,Šekovići,130
2013,Број,0-4,Мушкарци,Šipovo,234
2013,Број,0-4,Мушкарци,Široki Brijeg,861
2013,Број,0-4,Мушкарци,Teočak,192
2013,Број,0-4,Мушкарци,Teslić,1048
2013,Број,0-4,Мушкарци,Tešanj,1388
2013,Број,0-4,Мушкарци,Tomislavgrad,755
2013,Број,0-4,Мушкарци,Travnik,1463
2013,Број,0-4,Мушкарци,Trebinje,753
2013,Број,0-4,Мушкарци,Trnovo - FBIH,12
2013,Број,0-4,Мушкарци,Trnovo - RS,30
2013,Број,0-4,Мушкарци,Tuzla,2666
2013,Број,0-4,Мушкарци,Ugljevik,368
2013,Број,0-4,Мушкарци,Usora,121
2013,Број,0-4,Мушкарци,Vareš,128
2013,Број,0-4,Мушкарци,Velika Kladuša,1433
2013,Број,0-4,Мушкарци,Visoko,1178
2013,Број,0-4,Мушкарци,Višegrad,164
2013,Број,0-4,Мушкарци,Vitez,757
2013,Број,0-4,Мушкарци,Vlasenica,268
2013,Број,0-4,Мушкарци,Sarajevo - Vogošća,837
2013,Број,0-4,Мушкарци,Vukosavlje,107
2013,Број,0-4,Мушкарци,Zavidovići,1013
2013,Број,0-4,Мушкарци,Zenica,3104
2013,Број,0-4,Мушкарци,Zvornik,1545
2013,Број,0-4,Мушкарци,Žepče,878
2013,Број,0-4,Мушкарци,Živinice,1778
