Year,UNIT_MEASURE,Административно подручје,Value
2007,Број,Федерација БиХ,43.82
2008,Број,Федерација БиХ,35.76
2009,Број,Федерација БиХ,47.12
2010,Број,Федерација БиХ,38.95
2011,Број,Федерација БиХ,35.14
2012,Број,Федерација БиХ,41.44
2013,Број,Федерација БиХ,26.08
2014,Број,Федерација БиХ,17.67
2015,Број,Федерација БиХ,45.75
2016,Број,Федерација БиХ,51.07
2017,Број,Федерација БиХ,49.6
