Year,UNIT_MEASURE,Административно подручје,Value
2006,% од укупно,BiH,23.3
2006,% од укупно,Федерација БиХ,23.3
2006,% од укупно,Република Српска,23.3
2006,% од укупно,Брчко дистрикт БиХ,21.3
2011,% од укупно,BiH,9.0
2011,% од укупно,Федерација БиХ,9.9
2011,% од укупно,Република Српска,6.7
2011,% од укупно,Брчко дистрикт БиХ,13.1
