Year,SERIES,UNIT_MEASURE,Ниво образовања,Квантил дохотка или богатства,Пол,COMPOSITE_BREAKDOWN,Степен урбанизације,Value
2000,"Прилагођени индекс родног паритета за стопу завршетка, према полу, локацији, квинтилу богатства и нивоу образовања",Однос,Ниже средње образовање,Укупно (национални просјек) или без подјеле,,,Укупно,1.00164
2006,"Прилагођени индекс родног паритета за стопу завршетка, према полу, локацији, квинтилу богатства и нивоу образовања",Однос,Ниже средње образовање,Укупно (национални просјек) или без подјеле,,,Укупно,0.99919
2012,"Прилагођени индекс родног паритета за стопу завршетка, према полу, локацији, квинтилу богатства и нивоу образовања",Однос,Ниже средње образовање,Укупно (национални просјек) или без подјеле,,,Укупно,1.00151
2012,"Прилагођени индекс родног паритета за стопу завршетка, према полу, локацији, квинтилу богатства и нивоу образовања",Однос,Ниже средње образовање,Квантил 1 (најсиромашнији),,,Укупно,0.91118
2012,"Прилагођени индекс родног паритета за стопу завршетка, према полу, локацији, квинтилу богатства и нивоу образовања",Однос,Ниже средње образовање,Квантил 2,,,Укупно,1.10629
2012,"Прилагођени индекс родног паритета за стопу завршетка, према полу, локацији, квинтилу богатства и нивоу образовања",Однос,Ниже средње образовање,Квантил 3,,,Укупно,1.02274
2012,"Прилагођени индекс родног паритета за стопу завршетка, према полу, локацији, квинтилу богатства и нивоу образовања",Однос,Ниже средње образовање,Квантил 4,,,Укупно,0.96968
2012,"Прилагођени индекс родног паритета за стопу завршетка, према полу, локацији, квинтилу богатства и нивоу образовања",Однос,Ниже средње образовање,Квантил 5 (најбогатији),,,Укупно,1.0
2012,"Прилагођени индекс родног паритета за стопу завршетка, према полу, локацији, квинтилу богатства и нивоу образовања",Однос,Основно образовање,Квантил 1 (најсиромашнији),,,Укупно,0.99409
2012,"Прилагођени индекс родног паритета за стопу завршетка, према полу, локацији, квинтилу богатства и нивоу образовања",Однос,Основно образовање,Квантил 2,,,Укупно,1.0
2012,"Прилагођени индекс родног паритета за стопу завршетка, према полу, локацији, квинтилу богатства и нивоу образовања",Однос,Основно образовање,Квантил 3,,,Укупно,1.01929
2012,"Прилагођени индекс родног паритета за стопу завршетка, према полу, локацији, квинтилу богатства и нивоу образовања",Однос,Основно образовање,Квантил 4,,,Укупно,1.0
2012,"Прилагођени индекс родног паритета за стопу завршетка, према полу, локацији, квинтилу богатства и нивоу образовања",Однос,Основно образовање,Квантил 5 (најбогатији),,,Укупно,1.0
2000,"Прилагођени индекс родног паритета за стопу завршетка, према полу, локацији, квинтилу богатства и нивоу образовања",Однос,Више средње образовање,Укупно (национални просјек) или без подјеле,,,Укупно,1.0333
2006,"Прилагођени индекс родног паритета за стопу завршетка, према полу, локацији, квинтилу богатства и нивоу образовања",Однос,Више средње образовање,Укупно (национални просјек) или без подјеле,,,Укупно,1.12687
2012,"Прилагођени индекс родног паритета за стопу завршетка, према полу, локацији, квинтилу богатства и нивоу образовања",Однос,Више средње образовање,Укупно (национални просјек) или без подјеле,,,Укупно,1.00844
2012,"Прилагођени индекс родног паритета за стопу завршетка, према полу, локацији, квинтилу богатства и нивоу образовања",Однос,Више средње образовање,Квантил 1 (најсиромашнији),,,Укупно,0.97794
2012,"Прилагођени индекс родног паритета за стопу завршетка, према полу, локацији, квинтилу богатства и нивоу образовања",Однос,Више средње образовање,Квантил 2,,,Укупно,0.98184
2012,"Прилагођени индекс родног паритета за стопу завршетка, према полу, локацији, квинтилу богатства и нивоу образовања",Однос,Више средње образовање,Квантил 3,,,Укупно,1.01683
2012,"Прилагођени индекс родног паритета за стопу завршетка, према полу, локацији, квинтилу богатства и нивоу образовања",Однос,Више средње образовање,Квантил 4,,,Укупно,1.03215
2012,"Прилагођени индекс родног паритета за стопу завршетка, према полу, локацији, квинтилу богатства и нивоу образовања",Однос,Више средње образовање,Квантил 5 (најбогатији),,,Укупно,0.99224
2012,"Прилагођени индекс родног паритета за стопу завршетка, према полу, локацији, квинтилу богатства и нивоу образовања",Однос,Ниже средње образовање,Укупно (национални просјек) или без подјеле,,,Рурално,1.00371
2012,"Прилагођени индекс родног паритета за стопу завршетка, према полу, локацији, квинтилу богатства и нивоу образовања",Однос,Ниже средње образовање,Квантил 1 (најсиромашнији),,,Рурално,0.96297
2012,"Прилагођени индекс родног паритета за стопу завршетка, према полу, локацији, квинтилу богатства и нивоу образовања",Однос,Ниже средње образовање,Квантил 2,,,Рурално,1.08995
2012,"Прилагођени индекс родног паритета за стопу завршетка, према полу, локацији, квинтилу богатства и нивоу образовања",Однос,Ниже средње образовање,Квантил 3,,,Рурално,1.02782
2012,"Прилагођени индекс родног паритета за стопу завршетка, према полу, локацији, квинтилу богатства и нивоу образовања",Однос,Ниже средње образовање,Квантил 4,,,Рурално,0.94893
2012,"Прилагођени индекс родног паритета за стопу завршетка, према полу, локацији, квинтилу богатства и нивоу образовања",Однос,Ниже средње образовање,Квантил 5 (најбогатији),,,Рурално,0.0
2012,"Прилагођени индекс родног паритета за стопу завршетка, према полу, локацији, квинтилу богатства и нивоу образовања",Однос,Основно образовање,Укупно (национални просјек) или без подјеле,,,Рурално,1.005
2012,"Прилагођени индекс родног паритета за стопу завршетка, према полу, локацији, квинтилу богатства и нивоу образовања",Однос,Основно образовање,Квантил 1 (најсиромашнији),,,Рурално,0.99663
2012,"Прилагођени индекс родног паритета за стопу завршетка, према полу, локацији, квинтилу богатства и нивоу образовања",Однос,Основно образовање,Квантил 2,,,Рурално,1.0
2012,"Прилагођени индекс родног паритета за стопу завршетка, према полу, локацији, квинтилу богатства и нивоу образовања",Однос,Основно образовање,Квантил 3,,,Рурално,1.02204
2012,"Прилагођени индекс родног паритета за стопу завршетка, према полу, локацији, квинтилу богатства и нивоу образовања",Однос,Основно образовање,Квантил 4,,,Рурално,1.0
2012,"Прилагођени индекс родног паритета за стопу завршетка, према полу, локацији, квинтилу богатства и нивоу образовања",Однос,Основно образовање,Квантил 5 (најбогатији),,,Рурално,1.0
2012,"Прилагођени индекс родног паритета за стопу завршетка, према полу, локацији, квинтилу богатства и нивоу образовања",Однос,Више средње образовање,Укупно (национални просјек) или без подјеле,,,Рурално,1.01019
2012,"Прилагођени индекс родног паритета за стопу завршетка, према полу, локацији, квинтилу богатства и нивоу образовања",Однос,Више средње образовање,Квантил 1 (најсиромашнији),,,Рурално,0.95803
2012,"Прилагођени индекс родног паритета за стопу завршетка, према полу, локацији, квинтилу богатства и нивоу образовања",Однос,Више средње образовање,Квантил 2,,,Рурално,0.95574
2012,"Прилагођени индекс родног паритета за стопу завршетка, према полу, локацији, квинтилу богатства и нивоу образовања",Однос,Више средње образовање,Квантил 3,,,Рурално,1.02983
2012,"Прилагођени индекс родног паритета за стопу завршетка, према полу, локацији, квинтилу богатства и нивоу образовања",Однос,Више средње образовање,Квантил 4,,,Рурално,1.02649
2012,"Прилагођени индекс родног паритета за стопу завршетка, према полу, локацији, квинтилу богатства и нивоу образовања",Однос,Више средње образовање,Квантил 5 (најбогатији),,,Рурално,0.0
2012,"Прилагођени индекс родног паритета за стопу завршетка, према полу, локацији, квинтилу богатства и нивоу образовања",Однос,Ниже средње образовање,Укупно (национални просјек) или без подјеле,,,Урбано,0.99678
2012,"Прилагођени индекс родног паритета за стопу завршетка, према полу, локацији, квинтилу богатства и нивоу образовања",Однос,Ниже средње образовање,Квантил 1 (најсиромашнији),,,Урбано,0.0
2012,"Прилагођени индекс родног паритета за стопу завршетка, према полу, локацији, квинтилу богатства и нивоу образовања",Однос,Ниже средње образовање,Квантил 2,,,Урбано,0.0
2012,"Прилагођени индекс родног паритета за стопу завршетка, према полу, локацији, квинтилу богатства и нивоу образовања",Однос,Ниже средње образовање,Квантил 3,,,Урбано,0.0
2012,"Прилагођени индекс родног паритета за стопу завршетка, према полу, локацији, квинтилу богатства и нивоу образовања",Однос,Ниже средње образовање,Квантил 4,,,Урбано,0.0
2012,"Прилагођени индекс родног паритета за стопу завршетка, према полу, локацији, квинтилу богатства и нивоу образовања",Однос,Ниже средње образовање,Квантил 5 (најбогатији),,,Урбано,0.0
2012,"Прилагођени индекс родног паритета за стопу завршетка, према полу, локацији, квинтилу богатства и нивоу образовања",Однос,Основно образовање,Укупно (национални просјек) или без подјеле,,,Урбано,0.99838
2012,"Прилагођени индекс родног паритета за стопу завршетка, према полу, локацији, квинтилу богатства и нивоу образовања",Однос,Основно образовање,Квантил 1 (најсиромашнији),,,Урбано,0.0
2012,"Прилагођени индекс родног паритета за стопу завршетка, према полу, локацији, квинтилу богатства и нивоу образовања",Однос,Основно образовање,Квантил 2,,,Урбано,0.0
2012,"Прилагођени индекс родног паритета за стопу завршетка, према полу, локацији, квинтилу богатства и нивоу образовања",Однос,Основно образовање,Квантил 3,,,Урбано,0.0
2012,"Прилагођени индекс родног паритета за стопу завршетка, према полу, локацији, квинтилу богатства и нивоу образовања",Однос,Основно образовање,Квантил 4,,,Урбано,1.0
2012,"Прилагођени индекс родног паритета за стопу завршетка, према полу, локацији, квинтилу богатства и нивоу образовања",Однос,Основно образовање,Квантил 5 (најбогатији),,,Урбано,1.0
2012,"Прилагођени индекс родног паритета за стопу завршетка, према полу, локацији, квинтилу богатства и нивоу образовања",Однос,Више средње образовање,Укупно (национални просјек) или без подјеле,,,Урбано,1.00534
2012,"Прилагођени индекс родног паритета за стопу завршетка, према полу, локацији, квинтилу богатства и нивоу образовања",Однос,Више средње образовање,Квантил 1 (најсиромашнији),,,Урбано,0.0
2012,"Прилагођени индекс родног паритета за стопу завршетка, према полу, локацији, квинтилу богатства и нивоу образовања",Однос,Више средње образовање,Квантил 2,,,Урбано,0.0
2012,"Прилагођени индекс родног паритета за стопу завршетка, према полу, локацији, квинтилу богатства и нивоу образовања",Однос,Више средње образовање,Квантил 3,,,Урбано,0.0
2012,"Прилагођени индекс родног паритета за стопу завршетка, према полу, локацији, квинтилу богатства и нивоу образовања",Однос,Више средње образовање,Квантил 4,,,Урбано,0.0
2012,"Прилагођени индекс родног паритета за стопу завршетка, према полу, локацији, квинтилу богатства и нивоу образовања",Однос,Више средње образовање,Квантил 5 (најбогатији),,,Урбано,0.0
2000,"Прилагођени индекс паритета локације за стопу завршетка, према полу, локацији, квинтилу богатства и нивоу образовања",Однос,Ниже средње образовање,Укупно (национални просјек) или без подјеле,Оба пола,,,0.97704
2006,"Прилагођени индекс паритета локације за стопу завршетка, према полу, локацији, квинтилу богатства и нивоу образовања",Однос,Ниже средње образовање,Укупно (национални просјек) или без подјеле,Оба пола,,,0.99838
2012,"Прилагођени индекс паритета локације за стопу завршетка, према полу, локацији, квинтилу богатства и нивоу образовања",Однос,Ниже средње образовање,Укупно (национални просјек) или без подјеле,Оба пола,,,0.98434
2012,"Прилагођени индекс паритета локације за стопу завршетка, према полу, локацији, квинтилу богатства и нивоу образовања",Однос,Ниже средње образовање,Квантил 1 (најсиромашнији),Оба пола,,,0.98433
2000,"Прилагођени индекс паритета локације за стопу завршетка, према полу, локацији, квинтилу богатства и нивоу образовања",Однос,Основно образовање,Квантил 2,Оба пола,,,0.99638
2006,"Прилагођени индекс паритета локације за стопу завршетка, према полу, локацији, квинтилу богатства и нивоу образовања",Однос,Основно образовање,Квантил 2,Оба пола,,,1.01804
2012,"Прилагођени индекс паритета локације за стопу завршетка, према полу, локацији, квинтилу богатства и нивоу образовања",Однос,Основно образовање,Квантил 2,Оба пола,,,0.99747
2012,"Прилагођени индекс паритета локације за стопу завршетка, према полу, локацији, квинтилу богатства и нивоу образовања",Однос,Основно образовање,Квантил 3,Оба пола,,,0.98717
2000,"Прилагођени индекс паритета локације за стопу завршетка, према полу, локацији, квинтилу богатства и нивоу образовања",Однос,Више средње образовање,Квантил 4,Оба пола,,,0.60731
2006,"Прилагођени индекс паритета локације за стопу завршетка, према полу, локацији, квинтилу богатства и нивоу образовања",Однос,Више средње образовање,Квантил 4,Оба пола,,,0.60786
2012,"Прилагођени индекс паритета локације за стопу завршетка, према полу, локацији, квинтилу богатства и нивоу образовања",Однос,Више средње образовање,Квантил 4,Оба пола,,,0.9377
2012,"Прилагођени индекс паритета локације за стопу завршетка, према полу, локацији, квинтилу богатства и нивоу образовања",Однос,Више средње образовање,Квантил 5 (најбогатији),Оба пола,,,0.91663
2012,"Прилагођени индекс паритета локације за стопу завршетка, према полу, локацији, квинтилу богатства и нивоу образовања",Однос,Ниже средње образовање,Укупно (национални просјек) или без подјеле,Жене,,,0.98805
2012,"Прилагођени индекс паритета локације за стопу завршетка, према полу, локацији, квинтилу богатства и нивоу образовања",Однос,Ниже средње образовање,Квантил 1 (најсиромашнији),Жене,,,0.0
2012,"Прилагођени индекс паритета локације за стопу завршетка, према полу, локацији, квинтилу богатства и нивоу образовања",Однос,Основно образовање,Квантил 2,Жене,,,1.00079
2012,"Прилагођени индекс паритета локације за стопу завршетка, према полу, локацији, квинтилу богатства и нивоу образовања",Однос,Основно образовање,Квантил 3,Жене,,,0.0
2012,"Прилагођени индекс паритета локације за стопу завршетка, према полу, локацији, квинтилу богатства и нивоу образовања",Однос,Више средње образовање,Квантил 4,Жене,,,0.94017
2012,"Прилагођени индекс паритета локације за стопу завршетка, према полу, локацији, квинтилу богатства и нивоу образовања",Однос,Више средње образовање,Квантил 5 (најбогатији),Жене,,,0.0
2012,"Прилагођени индекс паритета локације за стопу завршетка, према полу, локацији, квинтилу богатства и нивоу образовања",Однос,Ниже средње образовање,Укупно (национални просјек) или без подјеле,Мушкарци,,,0.98121
2012,"Прилагођени индекс паритета локације за стопу завршетка, према полу, локацији, квинтилу богатства и нивоу образовања",Однос,Ниже средње образовање,Квантил 1 (најсиромашнији),Мушкарци,,,0.0
2012,"Прилагођени индекс паритета локације за стопу завршетка, према полу, локацији, квинтилу богатства и нивоу образовања",Однос,Основно образовање,Квантил 2,Мушкарци,,,0.99417
2012,"Прилагођени индекс паритета локације за стопу завршетка, према полу, локацији, квинтилу богатства и нивоу образовања",Однос,Основно образовање,Квантил 3,Мушкарци,,,0.0
2012,"Прилагођени индекс паритета локације за стопу завршетка, према полу, локацији, квинтилу богатства и нивоу образовања",Однос,Више средње образовање,Квантил 4,Мушкарци,,,0.93559
2012,"Прилагођени индекс паритета локације за стопу завршетка, према полу, локацији, квинтилу богатства и нивоу образовања",Однос,Више средње образовање,Квантил 5 (најбогатији),Мушкарци,,,0.0
2006,"Прилагођени индекс паритета богатства за стопу завршетка, према полу, локацији, квинтилу богатства и нивоу образовања",Однос,Ниже средње образовање,Укупно (национални просјек) или без подјеле,Оба пола,,Укупно,0.95734
2012,"Прилагођени индекс паритета богатства за стопу завршетка, према полу, локацији, квинтилу богатства и нивоу образовања",Однос,Ниже средње образовање,Укупно (национални просјек) или без подјеле,Оба пола,,Укупно,0.90817
2006,"Прилагођени индекс паритета богатства за стопу завршетка, према полу, локацији, квинтилу богатства и нивоу образовања",Однос,Основно образовање,Укупно (национални просјек) или без подјеле,Оба пола,,Укупно,0.9952
2012,"Прилагођени индекс паритета богатства за стопу завршетка, према полу, локацији, квинтилу богатства и нивоу образовања",Однос,Основно образовање,Укупно (национални просјек) или без подјеле,Оба пола,,Укупно,0.99667
2006,"Прилагођени индекс паритета богатства за стопу завршетка, према полу, локацији, квинтилу богатства и нивоу образовања",Однос,Више средње образовање,Укупно (национални просјек) или без подјеле,Оба пола,,Укупно,0.40562
2012,"Прилагођени индекс паритета богатства за стопу завршетка, према полу, локацији, квинтилу богатства и нивоу образовања",Однос,Више средње образовање,Укупно (национални просјек) или без подјеле,Оба пола,,Укупно,0.84739
2012,"Прилагођени индекс паритета богатства за стопу завршетка, према полу, локацији, квинтилу богатства и нивоу образовања",Однос,Ниже средње образовање,Укупно (национални просјек) или без подјеле,Жене,,Укупно,0.86993
2012,"Прилагођени индекс паритета богатства за стопу завршетка, према полу, локацији, квинтилу богатства и нивоу образовања",Однос,Основно образовање,Укупно (национални просјек) или без подјеле,Жене,,Укупно,0.99409
2012,"Прилагођени индекс паритета богатства за стопу завршетка, према полу, локацији, квинтилу богатства и нивоу образовања",Однос,Више средње образовање,Укупно (национални просјек) или без подјеле,Жене,,Укупно,0.83858
2012,"Прилагођени индекс паритета богатства за стопу завршетка, према полу, локацији, квинтилу богатства и нивоу образовања",Однос,Ниже средње образовање,Укупно (национални просјек) или без подјеле,Мушкарци,,Укупно,0.95472
2012,"Прилагођени индекс паритета богатства за стопу завршетка, према полу, локацији, квинтилу богатства и нивоу образовања",Однос,Основно образовање,Укупно (национални просјек) или без подјеле,Мушкарци,,Укупно,1.0
2012,"Прилагођени индекс паритета богатства за стопу завршетка, према полу, локацији, квинтилу богатства и нивоу образовања",Однос,Више средње образовање,Укупно (национални просјек) или без подјеле,Мушкарци,,Укупно,0.85085
2012,"Прилагођени индекс паритета богатства за стопу завршетка, према полу, локацији, квинтилу богатства и нивоу образовања",Однос,Ниже средње образовање,Укупно (национални просјек) или без подјеле,Оба пола,,Рурално,0.92155
2012,"Прилагођени индекс паритета богатства за стопу завршетка, према полу, локацији, квинтилу богатства и нивоу образовања",Однос,Основно образовање,Укупно (национални просјек) или без подјеле,Оба пола,,Рурално,0.99812
2012,"Прилагођени индекс паритета богатства за стопу завршетка, према полу, локацији, квинтилу богатства и нивоу образовања",Однос,Више средње образовање,Укупно (национални просјек) или без подјеле,Оба пола,,Рурално,0.81684
2012,"Прилагођени индекс паритета богатства за стопу завршетка, према полу, локацији, квинтилу богатства и нивоу образовања",Однос,Ниже средње образовање,Укупно (национални просјек) или без подјеле,Жене,,Рурално,0.0
2012,"Прилагођени индекс паритета богатства за стопу завршетка, према полу, локацији, квинтилу богатства и нивоу образовања",Однос,Основно образовање,Укупно (национални просјек) или без подјеле,Жене,,Рурално,0.99663
2012,"Прилагођени индекс паритета богатства за стопу завршетка, према полу, локацији, квинтилу богатства и нивоу образовања",Однос,Више средње образовање,Укупно (национални просјек) или без подјеле,Жене,,Рурално,0.0
2012,"Прилагођени индекс паритета богатства за стопу завршетка, према полу, локацији, квинтилу богатства и нивоу образовања",Однос,Ниже средње образовање,Укупно (национални просјек) или без подјеле,Мушкарци,,Рурално,0.0
2012,"Прилагођени индекс паритета богатства за стопу завршетка, према полу, локацији, квинтилу богатства и нивоу образовања",Однос,Основно образовање,Укупно (национални просјек) или без подјеле,Мушкарци,,Рурално,1.0
2012,"Прилагођени индекс паритета богатства за стопу завршетка, према полу, локацији, квинтилу богатства и нивоу образовања",Однос,Више средње образовање,Укупно (национални просјек) или без подјеле,Мушкарци,,Рурално,0.0
2012,"Прилагођени индекс паритета богатства за стопу завршетка, према полу, локацији, квинтилу богатства и нивоу образовања",Однос,Ниже средње образовање,Укупно (национални просјек) или без подјеле,Оба пола,,Урбано,0.0
2012,"Прилагођени индекс паритета богатства за стопу завршетка, према полу, локацији, квинтилу богатства и нивоу образовања",Однос,Основно образовање,Укупно (национални просјек) или без подјеле,Оба пола,,Урбано,0.0
2012,"Прилагођени индекс паритета богатства за стопу завршетка, према полу, локацији, квинтилу богатства и нивоу образовања",Однос,Више средње образовање,Укупно (национални просјек) или без подјеле,Оба пола,,Урбано,0.0
2012,"Прилагођени индекс паритета богатства за стопу завршетка, према полу, локацији, квинтилу богатства и нивоу образовања",Однос,Ниже средње образовање,Укупно (национални просјек) или без подјеле,Жене,,Урбано,0.0
2012,"Прилагођени индекс паритета богатства за стопу завршетка, према полу, локацији, квинтилу богатства и нивоу образовања",Однос,Основно образовање,Укупно (национални просјек) или без подјеле,Жене,,Урбано,0.0
2012,"Прилагођени индекс паритета богатства за стопу завршетка, према полу, локацији, квинтилу богатства и нивоу образовања",Однос,Више средње образовање,Укупно (национални просјек) или без подјеле,Жене,,Урбано,0.0
2012,"Прилагођени индекс паритета богатства за стопу завршетка, према полу, локацији, квинтилу богатства и нивоу образовања",Однос,Ниже средње образовање,Укупно (национални просјек) или без подјеле,Мушкарци,,Урбано,0.0
2012,"Прилагођени индекс паритета богатства за стопу завршетка, према полу, локацији, квинтилу богатства и нивоу образовања",Однос,Основно образовање,Укупно (национални просјек) или без подјеле,Мушкарци,,Урбано,0.0
2012,"Прилагођени индекс паритета богатства за стопу завршетка, према полу, локацији, квинтилу богатства и нивоу образовања",Однос,Више средње образовање,Укупно (национални просјек) или без подјеле,Мушкарци,,Урбано,0.0
2018,Индекс родног паритета за постигнућа,Однос,Ниже средње образовање,,,Математика,,1.00606
2018,Индекс родног паритета за постигнућа,Однос,Ниже средње образовање,,,Читање,,1.43035
2006,Индекс родног паритета за стопу учешћа у формалном и неформалном образовању и обуци,Однос,,,,,,0.883600405130323
2007,Индекс родног паритета за стопу учешћа у формалном и неформалном образовању и обуци,Однос,,,,,,0.891686129033341
2008,Индекс родног паритета за стопу учешћа у формалном и неформалном образовању и обуци,Однос,,,,,,1.06196239724885
2010,Индекс родног паритета за стопу учешћа у формалном и неформалном образовању и обуци,Однос,,,,,,0.910083897185205
2011,Индекс родног паритета за стопу учешћа у формалном и неформалном образовању и обуци,Однос,,,,,,0.98996595671436
2012,Индекс родног паритета за стопу учешћа у формалном и неформалном образовању и обуци,Однос,,,,,,1.05592578636944
2016,Индекс родног паритета за стопу учешћа у формалном и неформалном образовању и обуци,Однос,,,,,,0.955056179775281
2018,Индекс паритета језичког теста за постигнућа,Однос,Ниже средње образовање,,,Математика,,0.902083532281409
2018,Индекс паритета језичког теста за постигнућа,Однос,Ниже средње образовање,,,Читање,,0.853972251001899
2018,Ниски до високи индекс статуса социјално-економског паритета за постигнућа,Однос,Ниже средње образовање,,,Математика,,0.452756475702723
2018,Ниски до високи индекс статуса социјално-економског паритета за постигнућа,Однос,Ниже средње образовање,,,Читање,,0.498835485525049
2018,Изворни индекс паритета за постигнуће,Однос,Ниже средње образовање,,,Математика,,0.885883261376352
2018,Изворни индекс паритета за постигнуће,Однос,Ниже средње образовање,,,Читање,,0.792833837645942
2018,Индекс руралног према урбаном паритету за постигнућа,Однос,Ниже средње образовање,,,Математика,,0.582614943513902
2018,Индекс руралног према урбаном паритету за постигнућа,Однос,Ниже средње образовање,,,Читање,,0.555354166299471
