Year,UNIT_MEASURE,Пол,Врста образовне установе,Value
2001,Број,Оба пола,Предшколски одгој и образовање,15004.0
2002,Број,Оба пола,Предшколски одгој и образовање,11692.0
2003,Број,Оба пола,Предшколски одгој и образовање,13548.0
2004,Број,Оба пола,Предшколски одгој и образовање,13135.0
2005,Број,Оба пола,Предшколски одгој и образовање,12989.0
2006,Број,Оба пола,Предшколски одгој и образовање,13384.0
2007,Број,Оба пола,Предшколски одгој и образовање,14517.0
2008,Број,Оба пола,Предшколски одгој и образовање,16260.0
2009,Број,Оба пола,Предшколски одгој и образовање,16789.0
2010,Број,Оба пола,Предшколски одгој и образовање,17028.0
2011,Број,Оба пола,Предшколски одгој и образовање,17293.0
2012,Број,Оба пола,Предшколски одгој и образовање,18817.0
2013,Број,Оба пола,Предшколски одгој и образовање,19880.0
2014,Број,Оба пола,Предшколски одгој и образовање,21490.0
2015,Број,Оба пола,Предшколски одгој и образовање,22901.0
2016,Број,Оба пола,Предшколски одгој и образовање,24918.0
2017,Број,Оба пола,Предшколски одгој и образовање,25889.0
2018,Број,Оба пола,Предшколски одгој и образовање,28511.0
2019,Број,Оба пола,Предшколски одгој и образовање,30587.0
2020,Број,Оба пола,Предшколски одгој и образовање,27698.0
2001,Број,M,Предшколски одгој и образовање,7873.0
2002,Број,M,Предшколски одгој и образовање,7671.0
2003,Број,M,Предшколски одгој и образовање,7147.0
2004,Број,M,Предшколски одгој и образовање,6897.0
2005,Број,M,Предшколски одгој и образовање,6877.0
2006,Број,M,Предшколски одгој и образовање,7085.0
2007,Број,M,Предшколски одгој и образовање,7619.0
2008,Број,M,Предшколски одгој и образовање,8497.0
2009,Број,M,Предшколски одгој и образовање,8706.0
2010,Број,M,Предшколски одгој и образовање,8962.0
2011,Број,M,Предшколски одгој и образовање,9082.0
2012,Број,M,Предшколски одгој и образовање,9859.0
2013,Број,M,Предшколски одгој и образовање,10497.0
2014,Број,M,Предшколски одгој и образовање,11200.0
2015,Број,M,Предшколски одгој и образовање,11918.0
2016,Број,M,Предшколски одгој и образовање,13086.0
2017,Број,M,Предшколски одгој и образовање,13436.0
2018,Број,M,Предшколски одгој и образовање,14855.0
2019,Број,M,Предшколски одгој и образовање,15857.0
2020,Број,M,Предшколски одгој и образовање,14477.0
2001,Број,Ж,Предшколски одгој и образовање,7131.0
2002,Број,Ж,Предшколски одгој и образовање,4021.0
2003,Број,Ж,Предшколски одгој и образовање,6401.0
2004,Број,Ж,Предшколски одгој и образовање,6238.0
2005,Број,Ж,Предшколски одгој и образовање,6112.0
2006,Број,Ж,Предшколски одгој и образовање,6299.0
2007,Број,Ж,Предшколски одгој и образовање,6898.0
2008,Број,Ж,Предшколски одгој и образовање,7763.0
2009,Број,Ж,Предшколски одгој и образовање,8083.0
2010,Број,Ж,Предшколски одгој и образовање,8066.0
2011,Број,Ж,Предшколски одгој и образовање,8211.0
2012,Број,Ж,Предшколски одгој и образовање,8958.0
2013,Број,Ж,Предшколски одгој и образовање,9383.0
2014,Број,Ж,Предшколски одгој и образовање,10290.0
2015,Број,Ж,Предшколски одгој и образовање,10983.0
2016,Број,Ж,Предшколски одгој и образовање,11832.0
2017,Број,Ж,Предшколски одгој и образовање,12453.0
2018,Број,Ж,Предшколски одгој и образовање,13656.0
2019,Број,Ж,Предшколски одгој и образовање,14730.0
2020,Број,Ж,Предшколски одгој и образовање,13221.0
1996,Број,Оба пола,Основна школа,390399.0
1997,Број,Оба пола,Основна школа,396103.0
1998,Број,Оба пола,Основна школа,402912.0
1999,Број,Оба пола,Основна школа,391533.0
2000,Број,Оба пола,Основна школа,369709.0
2001,Број,Оба пола,Основна школа,364481.0
2002,Број,Оба пола,Основна школа,360959.0
2003,Број,Оба пола,Основна школа,374915.0
2004,Број,Оба пола,Основна школа,380686.0
2005,Број,Оба пола,Основна школа,374707.0
2006,Број,Оба пола,Основна школа,367176.0
2007,Број,Оба пола,Основна школа,362474.0
2008,Број,Оба пола,Основна школа,359925.0
2009,Број,Оба пола,Основна школа,351118.0
2010,Број,Оба пола,Основна школа,335403.0
2011,Број,Оба пола,Основна школа,316657.0
2012,Број,Оба пола,Основна школа,304881.0
2013,Број,Оба пола,Основна школа,302133.0
2014,Број,Оба пола,Основна школа,296819.0
2015,Број,Оба пола,Основна школа,291342.0
2016,Број,Оба пола,Основна школа,287729.0
2017,Број,Оба пола,Основна школа,282946.0
2018,Број,Оба пола,Основна школа,280018.0
2019,Број,Оба пола,Основна школа,274034.0
2020,Број,Оба пола,Основна школа,268132.0
1996,Број,M,Основна школа,200389.0
1997,Број,M,Основна школа,203239.0
1998,Број,M,Основна школа,203897.0
1999,Број,M,Основна школа,193927.0
2000,Број,M,Основна школа,189855.0
2001,Број,M,Основна школа,187196.0
2002,Број,M,Основна школа,184971.0
2003,Број,M,Основна школа,192679.0
2004,Број,M,Основна школа,195814.0
2005,Број,M,Основна школа,192396.0
2006,Број,M,Основна школа,188333.0
2007,Број,M,Основна школа,185900.0
2008,Број,M,Основна школа,184739.0
2009,Број,M,Основна школа,180221.0
2010,Број,M,Основна школа,172347.0
2011,Број,M,Основна школа,162596.0
2012,Број,M,Основна школа,156296.0
2013,Број,M,Основна школа,154895.0
2014,Број,M,Основна школа,152363.0
2015,Број,M,Основна школа,149888.0
2016,Број,M,Основна школа,148250.0
2017,Број,M,Основна школа,145441.0
2018,Број,M,Основна школа,143837.0
2019,Број,M,Основна школа,140792.0
2020,Број,M,Основна школа,137576.0
1996,Број,Ж,Основна школа,190010.0
1997,Број,Ж,Основна школа,192864.0
1998,Број,Ж,Основна школа,199015.0
1999,Број,Ж,Основна школа,197606.0
2000,Број,Ж,Основна школа,179854.0
2001,Број,Ж,Основна школа,177285.0
2002,Број,Ж,Основна школа,175988.0
2003,Број,Ж,Основна школа,182236.0
2004,Број,Ж,Основна школа,184872.0
2005,Број,Ж,Основна школа,182311.0
2006,Број,Ж,Основна школа,178843.0
2007,Број,Ж,Основна школа,176574.0
2008,Број,Ж,Основна школа,175186.0
2009,Број,Ж,Основна школа,170897.0
2010,Број,Ж,Основна школа,163056.0
2011,Број,Ж,Основна школа,154061.0
2012,Број,Ж,Основна школа,148585.0
2013,Број,Ж,Основна школа,147238.0
2014,Број,Ж,Основна школа,144456.0
2015,Број,Ж,Основна школа,141454.0
2016,Број,Ж,Основна школа,139479.0
2017,Број,Ж,Основна школа,137505.0
2018,Број,Ж,Основна школа,136181.0
2019,Број,Ж,Основна школа,133242.0
2020,Број,Ж,Основна школа,130556.0
1996,Број,Оба пола,Средња школа,138158.0
1997,Број,Оба пола,Средња школа,146536.0
1998,Број,Оба пола,Средња школа,155166.0
1999,Број,Оба пола,Средња школа,160173.0
2000,Број,Оба пола,Средња школа,160962.0
2001,Број,Оба пола,Средња школа,168628.0
2002,Број,Оба пола,Средња школа,168335.0
2003,Број,Оба пола,Средња школа,166901.0
2004,Број,Оба пола,Средња школа,164743.0
2005,Број,Оба пола,Средња школа,162434.0
2006,Број,Оба пола,Средња школа,160497.0
2007,Број,Оба пола,Средња школа,154666.0
2008,Број,Оба пола,Средња школа,148100.0
2009,Број,Оба пола,Средња школа,146919.0
2010,Број,Оба пола,Средња школа,151680.0
2011,Број,Оба пола,Средња школа,163284.0
2012,Број,Оба пола,Средња школа,166662.0
2013,Број,Оба пола,Средња школа,156350.0
2014,Број,Оба пола,Средња школа,143881.0
2015,Број,Оба пола,Средња школа,133228.0
2016,Број,Оба пола,Средња школа,126824.0
2017,Број,Оба пола,Средња школа,124148.0
2018,Број,Оба пола,Средња школа,117475.0
2019,Број,Оба пола,Средња школа,112796.0
2020,Број,Оба пола,Средња школа,110534.0
1996,Број,M,Средња школа,72532.0
1997,Број,M,Средња школа,75120.0
1998,Број,M,Средња школа,79163.0
1999,Број,M,Средња школа,80622.0
2000,Број,M,Средња школа,80724.0
2001,Број,M,Средња школа,84955.0
2002,Број,M,Средња школа,84866.0
2003,Број,M,Средња школа,83898.0
2004,Број,M,Средња школа,82758.0
2005,Број,M,Средња школа,81458.0
2006,Број,M,Средња школа,80443.0
2007,Број,M,Средња школа,77704.0
2008,Број,M,Средња школа,74713.0
2009,Број,M,Средња школа,74077.0
2010,Број,M,Средња школа,76604.0
2011,Број,M,Средња школа,82745.0
2012,Број,M,Средња школа,84420.0
2013,Број,M,Средња школа,78882.0
2014,Број,M,Средња школа,72095.0
2015,Број,M,Средња школа,66708.0
2016,Број,M,Средња школа,63232.0
2017,Број,M,Средња школа,61934.0
2018,Број,M,Средња школа,58821.0
2019,Број,M,Средња школа,56328.0
2020,Број,M,Средња школа,55119.0
2008,Број,M,Средња школа,50.44767049
2009,Број,M,Средња школа,50.42029962
2010,Број,M,Средња школа,50.50369198
2011,Број,M,Средња школа,50.67551015
2012,Број,M,Средња школа,50.6534183
2013,Број,M,Средња школа,50.4521906
2014,Број,M,Средња школа,50.1073804
2015,Број,M,Средња школа,50.07055574
2016,Број,M,Средња школа,49.85807103
2017,Број,M,Средња школа,49.88723137
2018,Број,M,Средња школа,50.07107895
2019,Број,M,Средња школа,49.93794106
2020,Број,M,Средња школа,49.86610455
1996,Број,Ж,Средња школа,65626.0
1997,Број,Ж,Средња школа,71416.0
1998,Број,Ж,Средња школа,76003.0
1999,Број,Ж,Средња школа,79551.0
2000,Број,Ж,Средња школа,80238.0
2001,Број,Ж,Средња школа,83673.0
2002,Број,Ж,Средња школа,83469.0
2003,Број,Ж,Средња школа,83003.0
2004,Број,Ж,Средња школа,81985.0
2005,Број,Ж,Средња школа,80976.0
2006,Број,Ж,Средња школа,80054.0
2007,Број,Ж,Средња школа,76962.0
2008,Број,Ж,Средња школа,73387.0
2009,Број,Ж,Средња школа,72842.0
2010,Број,Ж,Средња школа,75076.0
2011,Број,Ж,Средња школа,80539.0
2012,Број,Ж,Средња школа,82242.0
2013,Број,Ж,Средња школа,77468.0
2014,Број,Ж,Средња школа,71786.0
2015,Број,Ж,Средња школа,66520.0
2016,Број,Ж,Средња школа,63592.0
2017,Број,Ж,Средња школа,62214.0
2018,Број,Ж,Средња школа,58654.0
2019,Број,Ж,Средња школа,56468.0
2020,Број,Ж,Средња школа,55415.0
2000,Број,Оба пола,Високо образовање /универзитет,62525.0
2001,Број,Оба пола,Високо образовање /универзитет,66246.0
2002,Број,Оба пола,Високо образовање /универзитет,70956.0
2003,Број,Оба пола,Високо образовање /универзитет,77033.0
2004,Број,Оба пола,Високо образовање /универзитет,84422.0
2005,Број,Оба пола,Високо образовање /универзитет,91263.0
2006,Број,Оба пола,Високо образовање /универзитет,99557.0
2007,Број,Оба пола,Високо образовање /универзитет,104938.0
2008,Број,Оба пола,Високо образовање /универзитет,105358.0
2009,Број,Оба пола,Високо образовање /универзитет,105137.0
2010,Број,Оба пола,Високо образовање /универзитет,107537.0
2011,Број,Оба пола,Високо образовање /универзитет,107083.0
2012,Број,Оба пола,Високо образовање /универзитет,102443.0
2013,Број,Оба пола,Високо образовање /универзитет,99760.0
2014,Број,Оба пола,Високо образовање /универзитет,121309.0
2015,Број,Оба пола,Високо образовање /универзитет,118184.0
2016,Број,Оба пола,Високо образовање /универзитет,112850.0
2017,Број,Оба пола,Високо образовање /универзитет,106200.0
2018,Број,Оба пола,Високо образовање /универзитет,100760.0
2019,Број,Оба пола,Високо образовање /универзитет,92651.0
2020,Број,Оба пола,Високо образовање /универзитет,90216.0
2000,Број,M,Високо образовање /универзитет,29019.0
2001,Број,M,Високо образовање /универзитет,29817.0
2002,Број,M,Високо образовање /универзитет,31545.0
2003,Број,M,Високо образовање /универзитет,33856.0
2004,Број,M,Високо образовање /универзитет,37347.0
2005,Број,M,Високо образовање /универзитет,40911.0
2006,Број,M,Високо образовање /универзитет,44402.0
2007,Број,M,Високо образовање /универзитет,46314.0
2008,Број,M,Високо образовање /универзитет,46326.0
2009,Број,M,Високо образовање /универзитет,46323.0
2010,Број,M,Високо образовање /универзитет,47651.0
2011,Број,M,Високо образовање /универзитет,47672.0
2012,Број,M,Високо образовање /универзитет,45957.0
2013,Број,M,Високо образовање /универзитет,44646.0
2014,Број,M,Високо образовање /универзитет,53737.0
2015,Број,M,Високо образовање /универзитет,51872.0
2016,Број,M,Високо образовање /универзитет,48962.0
2017,Број,M,Високо образовање /универзитет,45428.0
2018,Број,M,Високо образовање /универзитет,41913.0
2019,Број,M,Високо образовање /универзитет,38176.0
2020,Број,M,Високо образовање /универзитет,36835.0
2000,Број,Ж,Високо образовање /универзитет,33506.0
2001,Број,Ж,Високо образовање /универзитет,36429.0
2002,Број,Ж,Високо образовање /универзитет,39411.0
2003,Број,Ж,Високо образовање /универзитет,43177.0
2004,Број,Ж,Високо образовање /универзитет,47075.0
2005,Број,Ж,Високо образовање /универзитет,50352.0
2006,Број,Ж,Високо образовање /универзитет,55155.0
2007,Број,Ж,Високо образовање /универзитет,58624.0
2008,Број,Ж,Високо образовање /универзитет,59032.0
2009,Број,Ж,Високо образовање /универзитет,58814.0
2010,Број,Ж,Високо образовање /универзитет,59886.0
2011,Број,Ж,Високо образовање /универзитет,59411.0
2012,Број,Ж,Високо образовање /универзитет,56486.0
2013,Број,Ж,Високо образовање /универзитет,55114.0
2014,Број,Ж,Високо образовање /универзитет,67572.0
2015,Број,Ж,Високо образовање /универзитет,66312.0
2016,Број,Ж,Високо образовање /универзитет,63888.0
2017,Број,Ж,Високо образовање /универзитет,60772.0
2018,Број,Ж,Високо образовање /универзитет,58847.0
2019,Број,Ж,Високо образовање /универзитет,54475.0
2020,Број,Ж,Високо образовање /универзитет,53381.0
