Year,UNIT_MEASURE,Пол,EDUCATION,Value
1991,Број,Оба пола,total_15,471182.0
1991,_%,Оба пола,total_15,17.43944263
1991,Број,Мушкарци,total_15,98420.0
1991,_%,Мушкарци,total_15,7.480138719
1991,Број,Жене,total_15,372762.0
1991,_%,Жене,total_15,26.89350515
1991,Број,Оба пола,incomplete_primary_education,658356.0
1991,_%,Оба пола,incomplete_primary_education,24.36714834
1991,Број,Мушкарци,incomplete_primary_education,285421.0
1991,_%,Мушкарци,incomplete_primary_education,21.69263029
1991,Број,Жене,incomplete_primary_education,372935.0
1991,_%,Жене,incomplete_primary_education,26.90598651
1991,Број,Оба пола,primary_school,818361.0
1991,_%,Оба пола,primary_school,30.28927189
1991,Број,Мушкарци,primary_school,421045.0
1991,_%,Мушкарци,primary_school,32.00035569
1991,Број,Жене,primary_school,397316.0
1991,_%,Жене,primary_school,28.66499238
1991,Број,Оба пола,secondary_school,1092372.0
1991,_%,Оба пола,secondary_school,40.43099868
1991,Број,Мушкарци,secondary_school,671058.0
1991,_%,Мушкарци,secondary_school,51.0018993
1991,Број,Жене,secondary_school,421314.0
1991,_%,Жене,secondary_school,30.39636612
1991,Број,Оба пола,higher_school_and_first_grade_of_faculty,92501.0
1991,_%,Оба пола,higher_school_and_first_grade_of_faculty,3.4236577
1991,Број,Мушкарци,higher_school_and_first_grade_of_faculty,56759.0
1991,_%,Мушкарци,higher_school_and_first_grade_of_faculty,4.313810136
1991,Број,Жене,higher_school_and_first_grade_of_faculty,35742.0
1991,_%,Жене,higher_school_and_first_grade_of_faculty,2.578663225
1991,Број,Оба пола,advanced_schools_faculty_academy_university,122967.0
1991,_%,Оба пола,advanced_schools_faculty_academy_university,4.551268812
1991,Број,Мушкарци,advanced_schools_faculty_academy_university,77240.0
1991,_%,Мушкарци,advanced_schools_faculty_academy_university,5.870411651
1991,Број,Жене,advanced_schools_faculty_academy_university,45727.0
1991,_%,Жене,advanced_schools_faculty_academy_university,3.299046871
1991,Број,Оба пола,unknown,93903.0
1991,_%,Оба пола,unknown,3.475548686
1991,Број,Мушкарци,unknown,47397.0
1991,_%,Мушкарци,unknown,3.602277331
1991,Број,Жене,unknown,46506.0
1991,_%,Жене,unknown,335.5249061
2013,Број,Оба пола,total_15,146078.0
2013,_%,Оба пола,total_15,5.406655815
2013,Број,Мушкарци,total_15,24021.0
2013,_%,Мушкарци,total_15,1.825649382
2013,Број,Жене,total_15,122057.0
2013,_%,Жене,total_15,8.80599567
2013,Број,Оба пола,incomplete_primary_education,274036.0
2013,_%,Оба пола,incomplete_primary_education,10.1426521
2013,Број,Мушкарци,incomplete_primary_education,83216.0
2013,_%,Мушкарци,incomplete_primary_education,6.324600931
2013,Број,Жене,incomplete_primary_education,190820.0
2013,_%,Жене,incomplete_primary_education,13.76701126
2013,Број,Оба пола,primary_school,640726.0
2013,_%,Оба пола,primary_school,23.71462475
2013,Број,Мушкарци,primary_school,274258.0
2013,_%,Мушкарци,primary_school,20.84421748
2013,Број,Жене,primary_school,366468.0
2013,_%,Жене,primary_school,26.43941454
2013,Број,Оба пола,secondary_school,1525161.0
2013,_%,Оба пола,secondary_school,56.44943516
2013,Број,Мушкарци,secondary_school,864823.0
2013,_%,Мушкарци,secondary_school,65.7284699
2013,Број,Жене,secondary_school,660338.0
2013,_%,Жене,secondary_school,47.64113135
2013,Број,Оба пола,higher_school_and_first_grade_of_faculty,94204.0
2013,_%,Оба пола,higher_school_and_first_grade_of_faculty,3.486689333
2013,Број,Мушкарци,higher_school_and_first_grade_of_faculty,51556.0
2013,_%,Мушкарци,higher_school_and_first_grade_of_faculty,3.918370573
2013,Број,Жене,higher_school_and_first_grade_of_faculty,42648.0
2013,_%,Жене,higher_school_and_first_grade_of_faculty,3.076907538
2013,Број,Оба пола,advanced_schools_faculty_academy_university,285622.0
2013,_%,Оба пола,advanced_schools_faculty_academy_university,10.57147447
2013,Број,Мушкарци,advanced_schools_faculty_academy_university,137543.0
2013,_%,Мушкарци,advanced_schools_faculty_academy_university,10.45357366
2013,Број,Жене,advanced_schools_faculty_academy_university,148079.0
2013,_%,Жене,advanced_schools_faculty_academy_university,10.68339409
