Year,UNIT_MEASURE,Године,Пол,ACTIVITY_RATES,Value
2013,Број,_ALL,Оба пола,total_illiterate,89794.0
2013,Број,_ALL,Мушкарци,total_illiterate,12237.0
2013,Број,_ALL,Жене,total_illiterate,77557.0
2013,Број, 10-14,Оба пола,of_total_for_age_group,579.0
2013,Број, 10-14,Мушкарци,of_total_for_age_group,318.0
2013,Број, 10-14,Жене,of_total_for_age_group,261.0
2013,_%, 10-14,Мушкарци,of_total_for_age_group,54.92227979
2013,_%, 10-14,Жене,of_total_for_age_group,45.07772021
2013,Број, 15-19,Оба пола,of_total_for_age_group,763.0
2013,Број, 15-19,Мушкарци,of_total_for_age_group,408.0
2013,Број, 15-19,Жене,of_total_for_age_group,355.0
2013,_%, 15-19,Мушкарци,of_total_for_age_group,53.47313237
2013,_%, 15-19,Жене,of_total_for_age_group,46.52686763
2013,Број, 20-24,Оба пола,of_total_for_age_group,825.0
2013,Број, 20-24,Мушкарци,of_total_for_age_group,419.0
2013,Број, 20-24,Жене,of_total_for_age_group,406.0
2013,_%, 20-24,Мушкарци,of_total_for_age_group,50.78787879
2013,_%, 20-24,Жене,of_total_for_age_group,49.21212121
2013,Број, 25-29,Оба пола,of_total_for_age_group,1025.0
2013,Број, 25-29,Мушкарци,of_total_for_age_group,539.0
2013,Број, 25-29,Жене,of_total_for_age_group,486.0
2013,_%, 25-29,Мушкарци,of_total_for_age_group,52.58536585
2013,_%, 25-29,Жене,of_total_for_age_group,47.41463415
2013,Број, 30-34,Оба пола,of_total_for_age_group,1082.0
2013,Број, 30-34,Мушкарци,of_total_for_age_group,551.0
2013,Број, 30-34,Жене,of_total_for_age_group,531.0
2013,_%, 30-34,Мушкарци,of_total_for_age_group,50.92421442
2013,_%, 30-34,Жене,of_total_for_age_group,49.07578558
2013,Број, 35-39,Оба пола,of_total_for_age_group,1032.0
2013,Број, 35-39,Мушкарци,of_total_for_age_group,525.0
2013,Број, 35-39,Жене,of_total_for_age_group,507.0
2013,_%, 35-39,Мушкарци,of_total_for_age_group,50.87209302
2013,_%, 35-39,Жене,of_total_for_age_group,49.12790698
2013,Број,40-44,Оба пола,of_total_for_age_group,1143.0
2013,Број,40-44,Мушкарци,of_total_for_age_group,519.0
2013,Број,40-44,Жене,of_total_for_age_group,624.0
2013,_%,40-44,Мушкарци,of_total_for_age_group,45.40682415
2013,_%,40-44,Жене,of_total_for_age_group,54.59317585
2013,Број, 45-49,Оба пола,of_total_for_age_group,1533.0
2013,Број, 45-49,Мушкарци,of_total_for_age_group,632.0
2013,Број, 45-49,Жене,of_total_for_age_group,901.0
2013,_%, 45-49,Мушкарци,of_total_for_age_group,41.22635356
2013,_%, 45-49,Жене,of_total_for_age_group,58.77364644
2013,Број, 50-54,Оба пола,of_total_for_age_group,2532.0
2013,Број, 50-54,Мушкарци,of_total_for_age_group,679.0
2013,Број, 50-54,Жене,of_total_for_age_group,1853.0
2013,_%, 50-54,Мушкарци,of_total_for_age_group,26.81674566
2013,_%, 50-54,Жене,of_total_for_age_group,73.18325434
2013,Број, 55-59,Оба пола,of_total_for_age_group,4132.0
2013,Број, 55-59,Мушкарци,of_total_for_age_group,764.0
2013,Број, 55-59,Жене,of_total_for_age_group,3368.0
2013,_%, 55-59,Мушкарци,of_total_for_age_group,18.48983543
2013,_%, 55-59,Жене,of_total_for_age_group,81.51016457
2013,Број, 60-64,Оба пола,of_total_for_age_group,6736.0
2013,Број, 60-64,Мушкарци,of_total_for_age_group,771.0
2013,Број, 60-64,Жене,of_total_for_age_group,5965.0
2013,_%, 60-64,Мушкарци,of_total_for_age_group,11.445962
2013,_%, 60-64,Жене,of_total_for_age_group,88.554038
2013,Број, 65-69,Оба пола,of_total_for_age_group,9306.0
2013,Број, 65-69,Мушкарци,of_total_for_age_group,863.0
2013,Број, 65-69,Жене,of_total_for_age_group,8443.0
2013,_%, 65-69,Мушкарци,of_total_for_age_group,9.273586933
2013,_%, 65-69,Жене,of_total_for_age_group,90.72641307
2013,Број, 70-74,Оба пола,of_total_for_age_group,16476.0
2013,Број, 70-74,Мушкарци,of_total_for_age_group,1311.0
2013,Број, 70-74,Жене,of_total_for_age_group,15165.0
2013,_%, 70-74,Мушкарци,of_total_for_age_group,7.957028405
2013,_%, 70-74,Жене,of_total_for_age_group,92.0429716
2013,Број, 75+,Оба пола,of_total_for_age_group,42630.0
2013,Број, 75+,Мушкарци,of_total_for_age_group,3938.0
2013,Број, 75+,Жене,of_total_for_age_group,38692.0
2013,_%, 75+,Мушкарци,of_total_for_age_group,9.237626085
2013,_%, 75+,Жене,of_total_for_age_group,90.76237392
