Year,POVERTY_RATE,UNIT_MEASURE,Ентитет,Value
2004,households_in_poverty,_%,BiH,18.1
2007,households_in_poverty,_%,BiH,18.4
2011,households_in_poverty,_%,BiH,17.2
2015,households_in_poverty,_%,BiH,16.5
2004,households_in_poverty,_%,Федерација БиХ,18.3
2007,households_in_poverty,_%,Федерација БиХ,16.3
2011,households_in_poverty,_%,Федерација БиХ,16.0
2015,households_in_poverty,_%,Федерација БиХ,16.0
2004,households_in_poverty,_%,Република Српска,18.3
2007,households_in_poverty,_%,Република Српска,21.7
2011,households_in_poverty,_%,Република Српска,19.6
2015,households_in_poverty,_%,Република Српска,17.4
2004,households_in_poverty,_%,Брчко Дистрикт БиХ,7.8
2007,households_in_poverty,_%,Брчко Дистрикт БиХ,23.6
2011,households_in_poverty,_%,Брчко Дистрикт БиХ,12.2
2015,households_in_poverty,_%,Брчко Дистрикт БиХ,15.9
