Year,SERIES,UNIT_MEASURE,Привредна активност,Пол,Value
2006,"Удио неформалне запослености у укупној запослености, према секторима и полу (Усклађене процјене ILO-а)",Проценат,"Пољопривреда, шумарство и риболов",Оба пола,89.54726
2007,"Удио неформалне запослености у укупној запослености, према секторима и полу (Усклађене процјене ILO-а)",Проценат,"Пољопривреда, шумарство и риболов",Оба пола,90.8656
2008,"Удио неформалне запослености у укупној запослености, према секторима и полу (Усклађене процјене ILO-а)",Проценат,"Пољопривреда, шумарство и риболов",Оба пола,91.24082
2009,"Удио неформалне запослености у укупној запослености, према секторима и полу (Усклађене процјене ILO-а)",Проценат,"Пољопривреда, шумарство и риболов",Оба пола,91.19395
2010,"Удио неформалне запослености у укупној запослености, према секторима и полу (Усклађене процјене ILO-а)",Проценат,"Пољопривреда, шумарство и риболов",Оба пола,90.3971
2011,"Удио неформалне запослености у укупној запослености, према секторима и полу (Усклађене процјене ILO-а)",Проценат,"Пољопривреда, шумарство и риболов",Оба пола,90.55731
2012,"Удио неформалне запослености у укупној запослености, према секторима и полу (Усклађене процјене ILO-а)",Проценат,"Пољопривреда, шумарство и риболов",Оба пола,90.81431
2013,"Удио неформалне запослености у укупној запослености, према секторима и полу (Усклађене процјене ILO-а)",Проценат,"Пољопривреда, шумарство и риболов",Оба пола,90.94156
2014,"Удио неформалне запослености у укупној запослености, према секторима и полу (Усклађене процјене ILO-а)",Проценат,"Пољопривреда, шумарство и риболов",Оба пола,89.75101
2015,"Удио неформалне запослености у укупној запослености, према секторима и полу (Усклађене процјене ILO-а)",Проценат,"Пољопривреда, шумарство и риболов",Оба пола,89.99401
2016,"Удио неформалне запослености у укупној запослености, према секторима и полу (Усклађене процјене ILO-а)",Проценат,"Пољопривреда, шумарство и риболов",Оба пола,89.89365
2017,"Удио неформалне запослености у укупној запослености, према секторима и полу (Усклађене процјене ILO-а)",Проценат,"Пољопривреда, шумарство и риболов",Оба пола,90.06844
2018,"Удио неформалне запослености у укупној запослености, према секторима и полу (Усклађене процјене ILO-а)",Проценат,"Пољопривреда, шумарство и риболов",Оба пола,88.36454
2019,"Удио неформалне запослености у укупној запослености, према секторима и полу (Усклађене процјене ILO-а)",Проценат,"Пољопривреда, шумарство и риболов",Оба пола,91.25178
2006,"Удио неформалне запослености у укупној запослености, према секторима и полу (Усклађене процјене ILO-а)",Проценат,Непољопривредна,Оба пола,24.64321
2007,"Удио неформалне запослености у укупној запослености, према секторима и полу (Усклађене процјене ILO-а)",Проценат,Непољопривредна,Оба пола,23.75937
2008,"Удио неформалне запослености у укупној запослености, према секторима и полу (Усклађене процјене ILO-а)",Проценат,Непољопривредна,Оба пола,21.15373
2009,"Удио неформалне запослености у укупној запослености, према секторима и полу (Усклађене процјене ILO-а)",Проценат,Непољопривредна,Оба пола,18.33027
2010,"Удио неформалне запослености у укупној запослености, према секторима и полу (Усклађене процјене ILO-а)",Проценат,Непољопривредна,Оба пола,18.12443
2011,"Удио неформалне запослености у укупној запослености, према секторима и полу (Усклађене процјене ILO-а)",Проценат,Непољопривредна,Оба пола,16.32869
2012,"Удио неформалне запослености у укупној запослености, према секторима и полу (Усклађене процјене ILO-а)",Проценат,Непољопривредна,Оба пола,18.90363
2013,"Удио неформалне запослености у укупној запослености, према секторима и полу (Усклађене процјене ILO-а)",Проценат,Непољопривредна,Оба пола,17.68838
2014,"Удио неформалне запослености у укупној запослености, према секторима и полу (Усклађене процјене ILO-а)",Проценат,Непољопривредна,Оба пола,16.82241
2015,"Удио неформалне запослености у укупној запослености, према секторима и полу (Усклађене процјене ILO-а)",Проценат,Непољопривредна,Оба пола,17.1006
2016,"Удио неформалне запослености у укупној запослености, према секторима и полу (Усклађене процјене ILO-а)",Проценат,Непољопривредна,Оба пола,17.47461
2017,"Удио неформалне запослености у укупној запослености, према секторима и полу (Усклађене процјене ILO-а)",Проценат,Непољопривредна,Оба пола,19.11034
2018,"Удио неформалне запослености у укупној запослености, према секторима и полу (Усклађене процјене ILO-а)",Проценат,Непољопривредна,Оба пола,18.33754
2019,"Удио неформалне запослености у укупној запослености, према секторима и полу (Усклађене процјене ILO-а)",Проценат,Непољопривредна,Оба пола,17.14282
2006,"Удио неформалне запослености у укупној запослености, према секторима и полу (Усклађене процјене ILO-а)",Проценат,Без подјеле,Оба пола,37.97401
2007,"Удио неформалне запослености у укупној запослености, према секторима и полу (Усклађене процјене ILO-а)",Проценат,Без подјеле,Оба пола,37.05676
2008,"Удио неформалне запослености у укупној запослености, према секторима и полу (Усклађене процјене ILO-а)",Проценат,Без подјеле,Оба пола,35.5773
2009,"Удио неформалне запослености у укупној запослености, према секторима и полу (Усклађене процјене ILO-а)",Проценат,Без подјеле,Оба пола,33.79404
2010,"Удио неформалне запослености у укупној запослености, према секторима и полу (Усклађене процјене ILO-а)",Проценат,Без подјеле,Оба пола,32.35771
2011,"Удио неформалне запослености у укупној запослености, према секторима и полу (Усклађене процјене ILO-а)",Проценат,Без подјеле,Оба пола,30.88499
2012,"Удио неформалне запослености у укупној запослености, према секторима и полу (Усклађене процјене ILO-а)",Проценат,Без подјеле,Оба пола,33.68709
2013,"Удио неформалне запослености у укупној запослености, према секторима и полу (Усклађене процјене ILO-а)",Проценат,Без подјеле,Оба пола,31.50649
2014,"Удио неформалне запослености у укупној запослености, према секторима и полу (Усклађене процјене ILO-а)",Проценат,Без подјеле,Оба пола,29.27798
2015,"Удио неформалне запослености у укупној запослености, према секторима и полу (Усклађене процјене ILO-а)",Проценат,Без подјеле,Оба пола,30.1308
2016,"Удио неформалне запослености у укупној запослености, према секторима и полу (Усклађене процјене ILO-а)",Проценат,Без подјеле,Оба пола,30.47912
2017,"Удио неформалне запослености у укупној запослености, према секторима и полу (Усклађене процјене ILO-а)",Проценат,Без подјеле,Оба пола,32.50089
2018,"Удио неформалне запослености у укупној запослености, према секторима и полу (Усклађене процјене ILO-а)",Проценат,Без подјеле,Оба пола,29.34922
2019,"Удио неформалне запослености у укупној запослености, према секторима и полу (Усклађене процјене ILO-а)",Проценат,Без подјеле,Оба пола,30.45466
2006,"Удио неформалне запослености у укупној запослености, према секторима и полу (Усклађене процјене ILO-а)",Проценат,"Пољопривреда, шумарство и риболов",Жене,95.62931
2007,"Удио неформалне запослености у укупној запослености, према секторима и полу (Усклађене процјене ILO-а)",Проценат,"Пољопривреда, шумарство и риболов",Жене,97.29556
2008,"Удио неформалне запослености у укупној запослености, према секторима и полу (Усклађене процјене ILO-а)",Проценат,"Пољопривреда, шумарство и риболов",Жене,96.10625
2009,"Удио неформалне запослености у укупној запослености, према секторима и полу (Усклађене процјене ILO-а)",Проценат,"Пољопривреда, шумарство и риболов",Жене,96.27624
2010,"Удио неформалне запослености у укупној запослености, према секторима и полу (Усклађене процјене ILO-а)",Проценат,"Пољопривреда, шумарство и риболов",Жене,95.90703
2011,"Удио неформалне запослености у укупној запослености, према секторима и полу (Усклађене процјене ILO-а)",Проценат,"Пољопривреда, шумарство и риболов",Жене,96.64297
2012,"Удио неформалне запослености у укупној запослености, према секторима и полу (Усклађене процјене ILO-а)",Проценат,"Пољопривреда, шумарство и риболов",Жене,96.13205
2013,"Удио неформалне запослености у укупној запослености, према секторима и полу (Усклађене процјене ILO-а)",Проценат,"Пољопривреда, шумарство и риболов",Жене,95.96992
2014,"Удио неформалне запослености у укупној запослености, према секторима и полу (Усклађене процјене ILO-а)",Проценат,"Пољопривреда, шумарство и риболов",Жене,93.96121
2015,"Удио неформалне запослености у укупној запослености, према секторима и полу (Усклађене процјене ILO-а)",Проценат,"Пољопривреда, шумарство и риболов",Жене,95.00422
2016,"Удио неформалне запослености у укупној запослености, према секторима и полу (Усклађене процјене ILO-а)",Проценат,"Пољопривреда, шумарство и риболов",Жене,96.69173
2017,"Удио неформалне запослености у укупној запослености, према секторима и полу (Усклађене процјене ILO-а)",Проценат,"Пољопривреда, шумарство и риболов",Жене,96.09827
2018,"Удио неформалне запослености у укупној запослености, према секторима и полу (Усклађене процјене ILO-а)",Проценат,"Пољопривреда, шумарство и риболов",Жене,95.64754
2019,"Удио неформалне запослености у укупној запослености, према секторима и полу (Усклађене процјене ILO-а)",Проценат,"Пољопривреда, шумарство и риболов",Жене,96.74567
2006,"Удио неформалне запослености у укупној запослености, према секторима и полу (Усклађене процјене ILO-а)",Проценат,Непољопривредна,Жене,18.89549
2007,"Удио неформалне запослености у укупној запослености, према секторима и полу (Усклађене процјене ILO-а)",Проценат,Непољопривредна,Жене,16.87185
2008,"Удио неформалне запослености у укупној запослености, према секторима и полу (Усклађене процјене ILO-а)",Проценат,Непољопривредна,Жене,15.72685
2009,"Удио неформалне запослености у укупној запослености, према секторима и полу (Усклађене процјене ILO-а)",Проценат,Непољопривредна,Жене,12.81741
2010,"Удио неформалне запослености у укупној запослености, према секторима и полу (Усклађене процјене ILO-а)",Проценат,Непољопривредна,Жене,14.30237
2011,"Удио неформалне запослености у укупној запослености, према секторима и полу (Усклађене процјене ILO-а)",Проценат,Непољопривредна,Жене,12.00905
2012,"Удио неформалне запослености у укупној запослености, према секторима и полу (Усклађене процјене ILO-а)",Проценат,Непољопривредна,Жене,13.17889
2013,"Удио неформалне запослености у укупној запослености, према секторима и полу (Усклађене процјене ILO-а)",Проценат,Непољопривредна,Жене,12.78597
2014,"Удио неформалне запослености у укупној запослености, према секторима и полу (Усклађене процјене ILO-а)",Проценат,Непољопривредна,Жене,12.49147
2015,"Удио неформалне запослености у укупној запослености, према секторима и полу (Усклађене процјене ILO-а)",Проценат,Непољопривредна,Жене,13.83979
2016,"Удио неформалне запослености у укупној запослености, према секторима и полу (Усклађене процјене ILO-а)",Проценат,Непољопривредна,Жене,12.68617
2017,"Удио неформалне запослености у укупној запослености, према секторима и полу (Усклађене процјене ILO-а)",Проценат,Непољопривредна,Жене,14.72831
2018,"Удио неформалне запослености у укупној запослености, према секторима и полу (Усклађене процјене ILO-а)",Проценат,Непољопривредна,Жене,14.77003
2019,"Удио неформалне запослености у укупној запослености, према секторима и полу (Усклађене процјене ILO-а)",Проценат,Непољопривредна,Жене,12.58121
2006,"Удио неформалне запослености у укупној запослености, према секторима и полу (Усклађене процјене ILO-а)",Проценат,Без подјеле,Жене,35.76331
2007,"Удио неформалне запослености у укупној запослености, према секторима и полу (Усклађене процјене ILO-а)",Проценат,Без подјеле,Жене,34.03786
2008,"Удио неформалне запослености у укупној запослености, према секторима и полу (Усклађене процјене ILO-а)",Проценат,Без подјеле,Жене,33.62942
2009,"Удио неформалне запослености у укупној запослености, према секторима и полу (Усклађене процјене ILO-а)",Проценат,Без подјеле,Жене,34.30956
2010,"Удио неформалне запослености у укупној запослености, према секторима и полу (Усклађене процјене ILO-а)",Проценат,Без подјеле,Жене,32.87607
2011,"Удио неформалне запослености у укупној запослености, према секторима и полу (Усклађене процјене ILO-а)",Проценат,Без подјеле,Жене,29.73979
2012,"Удио неформалне запослености у укупној запослености, према секторима и полу (Усклађене процјене ILO-а)",Проценат,Без подјеле,Жене,31.98685
2013,"Удио неформалне запослености у укупној запослености, према секторима и полу (Усклађене процјене ILO-а)",Проценат,Без подјеле,Жене,28.7234
2014,"Удио неформалне запослености у укупној запослености, према секторима и полу (Усклађене процјене ILO-а)",Проценат,Без подјеле,Жене,26.76379
2015,"Удио неформалне запослености у укупној запослености, према секторима и полу (Усклађене процјене ILO-а)",Проценат,Без подјеле,Жене,27.47632
2016,"Удио неформалне запослености у укупној запослености, према секторима и полу (Усклађене процјене ILO-а)",Проценат,Без подјеле,Жене,27.58383
2017,"Удио неформалне запослености у укупној запослености, према секторима и полу (Усклађене процјене ILO-а)",Проценат,Без подјеле,Жене,30.99388
2018,"Удио неформалне запослености у укупној запослености, према секторима и полу (Усклађене процјене ILO-а)",Проценат,Без подјеле,Жене,27.73245
2019,"Удио неформалне запослености у укупној запослености, према секторима и полу (Усклађене процјене ILO-а)",Проценат,Без подјеле,Жене,29.80919
2006,"Удио неформалне запослености у укупној запослености, према секторима и полу (Усклађене процјене ILO-а)",Проценат,"Пољопривреда, шумарство и риболов",Мушкарци,85.92637
2007,"Удио неформалне запослености у укупној запослености, према секторима и полу (Усклађене процјене ILO-а)",Проценат,"Пољопривреда, шумарство и риболов",Мушкарци,87.0791
2008,"Удио неформалне запослености у укупној запослености, према секторима и полу (Усклађене процјене ILO-а)",Проценат,"Пољопривреда, шумарство и риболов",Мушкарци,88.19074
2009,"Удио неформалне запослености у укупној запослености, према секторима и полу (Усклађене процјене ILO-а)",Проценат,"Пољопривреда, шумарство и риболов",Мушкарци,87.03985
2010,"Удио неформалне запослености у укупној запослености, према секторима и полу (Усклађене процјене ILO-а)",Проценат,"Пољопривреда, шумарство и риболов",Мушкарци,86.27805
2011,"Удио неформалне запослености у укупној запослености, према секторима и полу (Усклађене процјене ILO-а)",Проценат,"Пољопривреда, шумарство и риболов",Мушкарци,86.56123
2012,"Удио неформалне запослености у укупној запослености, према секторима и полу (Усклађене процјене ILO-а)",Проценат,"Пољопривреда, шумарство и риболов",Мушкарци,87.17437
2013,"Удио неформалне запослености у укупној запослености, према секторима и полу (Усклађене процјене ILO-а)",Проценат,"Пољопривреда, шумарство и риболов",Мушкарци,87.87396
2014,"Удио неформалне запослености у укупној запослености, према секторима и полу (Усклађене процјене ILO-а)",Проценат,"Пољопривреда, шумарство и риболов",Мушкарци,87.16772
2015,"Удио неформалне запослености у укупној запослености, према секторима и полу (Усклађене процјене ILO-а)",Проценат,"Пољопривреда, шумарство и риболов",Мушкарци,87.28769
2016,"Удио неформалне запослености у укупној запослености, према секторима и полу (Усклађене процјене ILO-а)",Проценат,"Пољопривреда, шумарство и риболов",Мушкарци,86.16017
2017,"Удио неформалне запослености у укупној запослености, према секторима и полу (Усклађене процјене ILO-а)",Проценат,"Пољопривреда, шумарство и риболов",Мушкарци,86.07518
2018,"Удио неформалне запослености у укупној запослености, према секторима и полу (Усклађене процјене ILO-а)",Проценат,"Пољопривреда, шумарство и риболов",Мушкарци,83.88409
2019,"Удио неформалне запослености у укупној запослености, према секторима и полу (Усклађене процјене ILO-а)",Проценат,"Пољопривреда, шумарство и риболов",Мушкарци,86.98256
2006,"Удио неформалне запослености у укупној запослености, према секторима и полу (Усклађене процјене ILO-а)",Проценат,Непољопривредна,Мушкарци,27.63528
2007,"Удио неформалне запослености у укупној запослености, према секторима и полу (Усклађене процјене ILO-а)",Проценат,Непољопривредна,Мушкарци,27.26836
2008,"Удио неформалне запослености у укупној запослености, према секторима и полу (Усклађене процјене ILO-а)",Проценат,Непољопривредна,Мушкарци,24.05602
2009,"Удио неформалне запослености у укупној запослености, према секторима и полу (Усклађене процјене ILO-а)",Проценат,Непољопривредна,Мушкарци,21.29026
2010,"Удио неформалне запослености у укупној запослености, према секторима и полу (Усклађене процјене ILO-а)",Проценат,Непољопривредна,Мушкарци,20.23733
2011,"Удио неформалне запослености у укупној запослености, према секторима и полу (Усклађене процјене ILO-а)",Проценат,Непољопривредна,Мушкарци,18.80983
2012,"Удио неформалне запослености у укупној запослености, према секторима и полу (Усклађене процјене ILO-а)",Проценат,Непољопривредна,Мушкарци,22.10485
2013,"Удио неформалне запослености у укупној запослености, према секторима и полу (Усклађене процјене ILO-а)",Проценат,Непољопривредна,Мушкарци,20.58875
2014,"Удио неформалне запослености у укупној запослености, према секторима и полу (Усклађене процјене ILO-а)",Проценат,Непољопривредна,Мушкарци,19.35245
2015,"Удио неформалне запослености у укупној запослености, према секторима и полу (Усклађене процјене ILO-а)",Проценат,Непољопривредна,Мушкарци,19.08263
2016,"Удио неформалне запослености у укупној запослености, према секторима и полу (Усклађене процјене ILO-а)",Проценат,Непољопривредна,Мушкарци,20.16743
2017,"Удио неформалне запослености у укупној запослености, према секторима и полу (Усклађене процјене ILO-а)",Проценат,Непољопривредна,Мушкарци,21.69416
2018,"Удио неформалне запослености у укупној запослености, према секторима и полу (Усклађене процјене ILO-а)",Проценат,Непољопривредна,Мушкарци,20.45402
2019,"Удио неформалне запослености у укупној запослености, према секторима и полу (Усклађене процјене ILO-а)",Проценат,Непољопривредна,Мушкарци,19.84486
2006,"Удио неформалне запослености у укупној запослености, према секторима и полу (Усклађене процјене ILO-а)",Проценат,Без подјеле,Мушкарци,39.15751
2007,"Удио неформалне запослености у укупној запослености, према секторима и полу (Усклађене процјене ILO-а)",Проценат,Без подјеле,Мушкарци,38.64039
2008,"Удио неформалне запослености у укупној запослености, према секторима и полу (Усклађене процјене ILO-а)",Проценат,Без подјеле,Мушкарци,36.65426
2009,"Удио неформалне запослености у укупној запослености, према секторима и полу (Усклађене процјене ILO-а)",Проценат,Без подјеле,Мушкарци,33.49041
2010,"Удио неформалне запослености у укупној запослености, према секторима и полу (Усклађене процјене ILO-а)",Проценат,Без подјеле,Мушкарци,32.0531
2011,"Удио неформалне запослености у укупној запослености, према секторима и полу (Усклађене процјене ILO-а)",Проценат,Без подјеле,Мушкарци,31.5605
2012,"Удио неформалне запослености у укупној запослености, према секторима и полу (Усклађене процјене ILO-а)",Проценат,Без подјеле,Мушкарци,34.67903
2013,"Удио неформалне запослености у укупној запослености, према секторима и полу (Усклађене процјене ILO-а)",Проценат,Без подјеле,Мушкарци,33.16267
2014,"Удио неформалне запослености у укупној запослености, према секторима и полу (Усклађене процјене ILO-а)",Проценат,Без подјеле,Мушкарци,30.75914
2015,"Удио неформалне запослености у укупној запослености, према секторима и полу (Усклађене процјене ILO-а)",Проценат,Без подјеле,Мушкарци,31.71107
2016,"Удио неформалне запослености у укупној запослености, према секторима и полу (Усклађене процјене ILO-а)",Проценат,Без подјеле,Мушкарци,32.10042
2017,"Удио неформалне запослености у укупној запослености, према секторима и полу (Усклађене процјене ILO-а)",Проценат,Без подјеле,Мушкарци,33.4094
2018,"Удио неформалне запослености у укупној запослености, према секторима и полу (Усклађене процјене ILO-а)",Проценат,Без подјеле,Мушкарци,30.31391
2019,"Удио неформалне запослености у укупној запослености, према секторима и полу (Усклађене процјене ILO-а)",Проценат,Без подјеле,Мушкарци,30.85654
