Year,UNIT_MEASURE,SEX,AGE,Municipality,Value
2013,NUMBER,_T,Total,Banja Luka,185042
2013,NUMBER,M,Total,Banja Luka,89148
2013,NUMBER,F,Total,Banja Luka,95894
2013,NUMBER,_T,Total,Banovići,22773
2013,NUMBER,M,Total,Banovići,11392
2013,NUMBER,F,Total,Banovići,11381
2013,NUMBER,_T,Total,Berkovići,2114
2013,NUMBER,M,Total,Berkovići,1059
2013,NUMBER,F,Total,Berkovići,1055
2013,NUMBER,_T,Total,Bihać,56261
2013,NUMBER,M,Total,Bihać,27041
2013,NUMBER,F,Total,Bihać,29220
2013,NUMBER,_T,Total,Bijeljina,107715
2013,NUMBER,M,Total,Bijeljina,52827
2013,NUMBER,F,Total,Bijeljina,54888
2013,NUMBER,_T,Total,Bileća,10807
2013,NUMBER,M,Total,Bileća,5454
2013,NUMBER,F,Total,Bileća,5353
2013,NUMBER,_T,Total,Bosanska Krupa,25545
2013,NUMBER,M,Total,Bosanska Krupa,12548
2013,NUMBER,F,Total,Bosanska Krupa,12997
2013,NUMBER,_T,Total,Bosanski Petrovac,7328
2013,NUMBER,M,Total,Bosanski Petrovac,3678
2013,NUMBER,F,Total,Bosanski Petrovac,3650
2013,NUMBER,_T,Total,Bosansko Grahovo,2449
2013,NUMBER,M,Total,Bosansko Grahovo,1287
2013,NUMBER,F,Total,Bosansko Grahovo,1162
2013,NUMBER,_T,Total,Bratunac,20340
2013,NUMBER,M,Total,Bratunac,10091
2013,NUMBER,F,Total,Bratunac,10249
2013,NUMBER,_T,Total,Brčko,83516
2013,NUMBER,M,Total,Brčko,41250
2013,NUMBER,F,Total,Brčko,42266
2013,NUMBER,_T,Total,Breza,14168
2013,NUMBER,M,Total,Breza,6952
2013,NUMBER,F,Total,Breza,7216
2013,NUMBER,_T,Total,Brod,16619
2013,NUMBER,M,Total,Brod,8143
2013,NUMBER,F,Total,Brod,8476
2013,NUMBER,_T,Total,Bugojno,31470
2013,NUMBER,M,Total,Bugojno,15635
2013,NUMBER,F,Total,Bugojno,15835
2013,NUMBER,_T,Total,Busovača,17910
2013,NUMBER,M,Total,Busovača,9134
2013,NUMBER,F,Total,Busovača,8776
2013,NUMBER,_T,Total,Bužim,19340
2013,NUMBER,M,Total,Bužim,9885
2013,NUMBER,F,Total,Bužim,9455
2013,NUMBER,_T,Total,Cazin,66149
2013,NUMBER,M,Total,Cazin,33072
2013,NUMBER,F,Total,Cazin,33077
2013,NUMBER,_T,Total,Sarajevo - Centar,55181
2013,NUMBER,M,Total,Sarajevo - Centar,25369
2013,NUMBER,F,Total,Sarajevo - Centar,29812
2013,NUMBER,_T,Total,Čajniče,4895
2013,NUMBER,M,Total,Čajniče,2474
2013,NUMBER,F,Total,Čajniče,2421
2013,NUMBER,_T,Total,Čapljina,26157
2013,NUMBER,M,Total,Čapljina,12947
2013,NUMBER,F,Total,Čapljina,13210
2013,NUMBER,_T,Total,Čelić,10502
2013,NUMBER,M,Total,Čelić,5256
2013,NUMBER,F,Total,Čelić,5246
2013,NUMBER,_T,Total,Čelinac,15548
2013,NUMBER,M,Total,Čelinac,7728
2013,NUMBER,F,Total,Čelinac,7820
2013,NUMBER,_T,Total,Čitluk,18140
2013,NUMBER,M,Total,Čitluk,8937
2013,NUMBER,F,Total,Čitluk,9203
2013,NUMBER,_T,Total,Derventa,27404
2013,NUMBER,M,Total,Derventa,13397
2013,NUMBER,F,Total,Derventa,14007
2013,NUMBER,_T,Total,Doboj,71441
2013,NUMBER,M,Total,Doboj,34916
2013,NUMBER,F,Total,Doboj,36525
2013,NUMBER,_T,Total,Doboj-Istok,10248
2013,NUMBER,M,Total,Doboj-Istok,5061
2013,NUMBER,F,Total,Doboj-Istok,5187
2013,NUMBER,_T,Total,Doboj-Jug,4137
2013,NUMBER,M,Total,Doboj-Jug,2065
2013,NUMBER,F,Total,Doboj-Jug,2072
2013,NUMBER,_T,Total,Dobretići,1629
2013,NUMBER,M,Total,Dobretići,905
2013,NUMBER,F,Total,Dobretići,724
2013,NUMBER,_T,Total,Domaljevac-Šamac,4771
2013,NUMBER,M,Total,Domaljevac-Šamac,2373
2013,NUMBER,F,Total,Domaljevac-Šamac,2398
2013,NUMBER,_T,Total,Donji Vakuf,13985
2013,NUMBER,M,Total,Donji Vakuf,6922
2013,NUMBER,F,Total,Donji Vakuf,7063
2013,NUMBER,_T,Total,Donji Žabar,3809
2013,NUMBER,M,Total,Donji Žabar,1920
2013,NUMBER,F,Total,Donji Žabar,1889
2013,NUMBER,_T,Total,Drvar,7036
2013,NUMBER,M,Total,Drvar,3473
2013,NUMBER,F,Total,Drvar,3563
2013,NUMBER,_T,Total,Foča - FBiH,1933
2013,NUMBER,M,Total,Foča - FBiH,998
2013,NUMBER,F,Total,Foča - FBiH,935
2013,NUMBER,_T,Total,Foča - RS,18288
2013,NUMBER,M,Total,Foča - RS,9236
2013,NUMBER,F,Total,Foča - RS,9052
2013,NUMBER,_T,Total,Fojnica,12356
2013,NUMBER,M,Total,Fojnica,6197
2013,NUMBER,F,Total,Fojnica,6159
2013,NUMBER,_T,Total,Gacko,8990
2013,NUMBER,M,Total,Gacko,4556
2013,NUMBER,F,Total,Gacko,4434
2013,NUMBER,_T,Total,Glamoč,3860
2013,NUMBER,M,Total,Glamoč,1963
2013,NUMBER,F,Total,Glamoč,1897
2013,NUMBER,_T,Total,Goražde,20897
2013,NUMBER,M,Total,Goražde,10163
2013,NUMBER,F,Total,Goražde,10734
2013,NUMBER,_T,Total,Gornji Vakuf-Uskoplje,20933
2013,NUMBER,M,Total,Gornji Vakuf-Uskoplje,10532
2013,NUMBER,F,Total,Gornji Vakuf-Uskoplje,10401
2013,NUMBER,_T,Total,Gračanica,45220
2013,NUMBER,M,Total,Gračanica,21641
2013,NUMBER,F,Total,Gračanica,23579
2013,NUMBER,_T,Total,Gradačac,39340
2013,NUMBER,M,Total,Gradačac,19234
2013,NUMBER,F,Total,Gradačac,20106
2013,NUMBER,_T,Total,Gradiška,51727
2013,NUMBER,M,Total,Gradiška,25271
2013,NUMBER,F,Total,Gradiška,26456
2013,NUMBER,_T,Total,Grude,17308
2013,NUMBER,M,Total,Grude,8621
2013,NUMBER,F,Total,Grude,8687
2013,NUMBER,_T,Total,Sarajevo - Hadžići,23891
2013,NUMBER,M,Total,Sarajevo - Hadžići,11914
2013,NUMBER,F,Total,Sarajevo - Hadžići,11977
2013,NUMBER,_T,Total,Han Pijesak,3530
2013,NUMBER,M,Total,Han Pijesak,1667
2013,NUMBER,F,Total,Han Pijesak,1863
2013,NUMBER,_T,Total,Sarajevo - Ilidža,66730
2013,NUMBER,M,Total,Sarajevo - Ilidža,32359
2013,NUMBER,F,Total,Sarajevo - Ilidža,34371
2013,NUMBER,_T,Total,Sarajevo - Ilijaš,19603
2013,NUMBER,M,Total,Sarajevo - Ilijaš,9381
2013,NUMBER,F,Total,Sarajevo - Ilijaš,10222
2013,NUMBER,_T,Total,Istočna Ilidža,14763
2013,NUMBER,M,Total,Istočna Ilidža,7069
2013,NUMBER,F,Total,Istočna Ilidža,7694
2013,NUMBER,_T,Total,Istočni Drvar,79
2013,NUMBER,M,Total,Istočni Drvar,53
2013,NUMBER,F,Total,Istočni Drvar,26
2013,NUMBER,_T,Total,Istočni Mostar,257
2013,NUMBER,M,Total,Istočni Mostar,142
2013,NUMBER,F,Total,Istočni Mostar,115
2013,NUMBER,_T,Total,Istočni Stari Grad,1131
2013,NUMBER,M,Total,Istočni Stari Grad,560
2013,NUMBER,F,Total,Istočni Stari Grad,571
2013,NUMBER,_T,Total,Istočno Novo Sarajevo,10642
2013,NUMBER,M,Total,Istočno Novo Sarajevo,5058
2013,NUMBER,F,Total,Istočno Novo Sarajevo,5584
2013,NUMBER,_T,Total,Jablanica,10111
2013,NUMBER,M,Total,Jablanica,5027
2013,NUMBER,F,Total,Jablanica,5084
2013,NUMBER,_T,Total,Jajce,27258
2013,NUMBER,M,Total,Jajce,13856
2013,NUMBER,F,Total,Jajce,13402
2013,NUMBER,_T,Total,Jezero,1144
2013,NUMBER,M,Total,Jezero,601
2013,NUMBER,F,Total,Jezero,543
2013,NUMBER,_T,Total,Kakanj,37441
2013,NUMBER,M,Total,Kakanj,18651
2013,NUMBER,F,Total,Kakanj,18790
2013,NUMBER,_T,Total,Kalesija,33053
2013,NUMBER,M,Total,Kalesija,16597
2013,NUMBER,F,Total,Kalesija,16456
2013,NUMBER,_T,Total,Kalinovik,2029
2013,NUMBER,M,Total,Kalinovik,987
2013,NUMBER,F,Total,Kalinovik,1042
2013,NUMBER,_T,Total,Kiseljak,20722
2013,NUMBER,M,Total,Kiseljak,10285
2013,NUMBER,F,Total,Kiseljak,10437
2013,NUMBER,_T,Total,Kladanj,12348
2013,NUMBER,M,Total,Kladanj,6108
2013,NUMBER,F,Total,Kladanj,6240
2013,NUMBER,_T,Total,Ključ,16744
2013,NUMBER,M,Total,Ključ,8365
2013,NUMBER,F,Total,Ključ,8379
2013,NUMBER,_T,Total,Kneževo,9793
2013,NUMBER,M,Total,Kneževo,4892
2013,NUMBER,F,Total,Kneževo,4901
2013,NUMBER,_T,Total,Konjic,25148
2013,NUMBER,M,Total,Konjic,12360
2013,NUMBER,F,Total,Konjic,12788
2013,NUMBER,_T,Total,Kostajnica,5977
2013,NUMBER,M,Total,Kostajnica,2967
2013,NUMBER,F,Total,Kostajnica,3010
2013,NUMBER,_T,Total,Kotor Varoš,19710
2013,NUMBER,M,Total,Kotor Varoš,9818
2013,NUMBER,F,Total,Kotor Varoš,9892
2013,NUMBER,_T,Total,Kozarska Dubica,21524
2013,NUMBER,M,Total,Kozarska Dubica,10516
2013,NUMBER,F,Total,Kozarska Dubica,11008
2013,NUMBER,_T,Total,Kreševo,5273
2013,NUMBER,M,Total,Kreševo,2597
2013,NUMBER,F,Total,Kreševo,2676
2013,NUMBER,_T,Total,Krupa Na Uni,1597
2013,NUMBER,M,Total,Krupa Na Uni,862
2013,NUMBER,F,Total,Krupa Na Uni,735
2013,NUMBER,_T,Total,Kupres - FBiH,5057
2013,NUMBER,M,Total,Kupres - FBiH,2541
2013,NUMBER,F,Total,Kupres - FBiH,2516
2013,NUMBER,_T,Total,Kupres - RS,300
2013,NUMBER,M,Total,Kupres - RS,160
2013,NUMBER,F,Total,Kupres - RS,140
2013,NUMBER,_T,Total,Laktaši,34966
2013,NUMBER,M,Total,Laktaši,17320
2013,NUMBER,F,Total,Laktaši,17646
2013,NUMBER,_T,Total,Livno,34133
2013,NUMBER,M,Total,Livno,17024
2013,NUMBER,F,Total,Livno,17109
2013,NUMBER,_T,Total,Lopare,15357
2013,NUMBER,M,Total,Lopare,7749
2013,NUMBER,F,Total,Lopare,7608
2013,NUMBER,_T,Total,Lukavac,44520
2013,NUMBER,M,Total,Lukavac,21786
2013,NUMBER,F,Total,Lukavac,22734
2013,NUMBER,_T,Total,Ljubinje,3511
2013,NUMBER,M,Total,Ljubinje,1725
2013,NUMBER,F,Total,Ljubinje,1786
2013,NUMBER,_T,Total,Ljubuški,28184
2013,NUMBER,M,Total,Ljubuški,14022
2013,NUMBER,F,Total,Ljubuški,14162
2013,NUMBER,_T,Total,Maglaj,23146
2013,NUMBER,M,Total,Maglaj,11430
2013,NUMBER,F,Total,Maglaj,11716
2013,NUMBER,_T,Total,Milići,11441
2013,NUMBER,M,Total,Milići,5798
2013,NUMBER,F,Total,Milići,5643
2013,NUMBER,_T,Total,Modriča,25720
2013,NUMBER,M,Total,Modriča,12561
2013,NUMBER,F,Total,Modriča,13159
2013,NUMBER,_T,Total,Mostar,105797
2013,NUMBER,M,Total,Mostar,51210
2013,NUMBER,F,Total,Mostar,54587
2013,NUMBER,_T,Total,Mrkonjić Grad,16671
2013,NUMBER,M,Total,Mrkonjić Grad,8096
2013,NUMBER,F,Total,Mrkonjić Grad,8575
2013,NUMBER,_T,Total,Neum,4653
2013,NUMBER,M,Total,Neum,2344
2013,NUMBER,F,Total,Neum,2309
2013,NUMBER,_T,Total,Nevesinje,12961
2013,NUMBER,M,Total,Nevesinje,6462
2013,NUMBER,F,Total,Nevesinje,6499
2013,NUMBER,_T,Total,Novi Grad,27115
2013,NUMBER,M,Total,Novi Grad,13594
2013,NUMBER,F,Total,Novi Grad,13521
2013,NUMBER,_T,Total,Sarajevo - Novi Grad,118553
2013,NUMBER,M,Total,Sarajevo - Novi Grad,55735
2013,NUMBER,F,Total,Sarajevo - Novi Grad,62818
2013,NUMBER,_T,Total,Novi Travnik,23832
2013,NUMBER,M,Total,Novi Travnik,11862
2013,NUMBER,F,Total,Novi Travnik,11970
2013,NUMBER,_T,Total,Novo Goražde,3117
2013,NUMBER,M,Total,Novo Goražde,1618
2013,NUMBER,F,Total,Novo Goražde,1499
2013,NUMBER,_T,Total,Sarajevo - Novo Sarajevo,64814
2013,NUMBER,M,Total,Sarajevo - Novo Sarajevo,29580
2013,NUMBER,F,Total,Sarajevo - Novo Sarajevo,35234
2013,NUMBER,_T,Total,Odžak,18821
2013,NUMBER,M,Total,Odžak,9373
2013,NUMBER,F,Total,Odžak,9448
2013,NUMBER,_T,Total,Olovo,10175
2013,NUMBER,M,Total,Olovo,5084
2013,NUMBER,F,Total,Olovo,5091
2013,NUMBER,_T,Total,Orašje,19861
2013,NUMBER,M,Total,Orašje,10059
2013,NUMBER,F,Total,Orašje,9802
2013,NUMBER,_T,Total,Osmaci,6016
2013,NUMBER,M,Total,Osmaci,3065
2013,NUMBER,F,Total,Osmaci,2951
2013,NUMBER,_T,Total,Oštra Luka,2786
2013,NUMBER,M,Total,Oštra Luka,1440
2013,NUMBER,F,Total,Oštra Luka,1346
2013,NUMBER,_T,Total,Pale - FBiH,904
2013,NUMBER,M,Total,Pale - FBiH,456
2013,NUMBER,F,Total,Pale - FBiH,448
2013,NUMBER,_T,Total,Pale - RS,20909
2013,NUMBER,M,Total,Pale - RS,10038
2013,NUMBER,F,Total,Pale - RS,10871
2013,NUMBER,_T,Total,Pelagićevo,5220
2013,NUMBER,M,Total,Pelagićevo,2609
2013,NUMBER,F,Total,Pelagićevo,2611
2013,NUMBER,_T,Total,Petrovac,361
2013,NUMBER,M,Total,Petrovac,172
2013,NUMBER,F,Total,Petrovac,189
2013,NUMBER,_T,Total,Petrovo,6474
2013,NUMBER,M,Total,Petrovo,3124
2013,NUMBER,F,Total,Petrovo,3350
2013,NUMBER,_T,Total,Posušje,20477
2013,NUMBER,M,Total,Posušje,10287
2013,NUMBER,F,Total,Posušje,10190
2013,NUMBER,_T,Total,Prijedor,89397
2013,NUMBER,M,Total,Prijedor,43863
2013,NUMBER,F,Total,Prijedor,45534
2013,NUMBER,_T,Total,Prnjavor,35956
2013,NUMBER,M,Total,Prnjavor,17572
2013,NUMBER,F,Total,Prnjavor,18384
2013,NUMBER,_T,Total,Prozor,14280
2013,NUMBER,M,Total,Prozor,7210
2013,NUMBER,F,Total,Prozor,7070
2013,NUMBER,_T,Total,Ravno,3219
2013,NUMBER,M,Total,Ravno,1657
2013,NUMBER,F,Total,Ravno,1562
2013,NUMBER,_T,Total,Ribnik,6048
2013,NUMBER,M,Total,Ribnik,3009
2013,NUMBER,F,Total,Ribnik,3039
2013,NUMBER,_T,Total,Rogatica,10723
2013,NUMBER,M,Total,Rogatica,5270
2013,NUMBER,F,Total,Rogatica,5453
2013,NUMBER,_T,Total,Rudo,7963
2013,NUMBER,M,Total,Rudo,4050
2013,NUMBER,F,Total,Rudo,3913
2013,NUMBER,_T,Total,Sanski Most,41475
2013,NUMBER,M,Total,Sanski Most,20826
2013,NUMBER,F,Total,Sanski Most,20649
2013,NUMBER,_T,Total,Sapna,11178
2013,NUMBER,M,Total,Sapna,5739
2013,NUMBER,F,Total,Sapna,5439
2013,NUMBER,_T,Total,Sokolac,12021
2013,NUMBER,M,Total,Sokolac,5919
2013,NUMBER,F,Total,Sokolac,6102
2013,NUMBER,_T,Total,Srbac,17587
2013,NUMBER,M,Total,Srbac,8623
2013,NUMBER,F,Total,Srbac,8964
2013,NUMBER,_T,Total,Srebrenica,13409
2013,NUMBER,M,Total,Srebrenica,6602
2013,NUMBER,F,Total,Srebrenica,6807
2013,NUMBER,_T,Total,Srebrenik,39678
2013,NUMBER,M,Total,Srebrenik,19348
2013,NUMBER,F,Total,Srebrenik,20330
2013,NUMBER,_T,Total,Sarajevo - Stari Grad,36976
2013,NUMBER,M,Total,Sarajevo - Stari Grad,17482
2013,NUMBER,F,Total,Sarajevo - Stari Grad,19494
2013,NUMBER,_T,Total,Stolac,14502
2013,NUMBER,M,Total,Stolac,7326
2013,NUMBER,F,Total,Stolac,7176
2013,NUMBER,_T,Total,Šamac,17273
2013,NUMBER,M,Total,Šamac,8385
2013,NUMBER,F,Total,Šamac,8888
2013,NUMBER,_T,Total,Šekovići,6761
2013,NUMBER,M,Total,Šekovići,3360
2013,NUMBER,F,Total,Šekovići,3401
2013,NUMBER,_T,Total,Šipovo,10293
2013,NUMBER,M,Total,Šipovo,5221
2013,NUMBER,F,Total,Šipovo,5072
2013,NUMBER,_T,Total,Široki Brijeg,28929
2013,NUMBER,M,Total,Široki Brijeg,14381
2013,NUMBER,F,Total,Široki Brijeg,14548
2013,NUMBER,_T,Total,Teočak,7424
2013,NUMBER,M,Total,Teočak,3767
2013,NUMBER,F,Total,Teočak,3657
2013,NUMBER,_T,Total,Teslić,38536
2013,NUMBER,M,Total,Teslić,18679
2013,NUMBER,F,Total,Teslić,19857
2013,NUMBER,_T,Total,Tešanj,43063
2013,NUMBER,M,Total,Tešanj,21376
2013,NUMBER,F,Total,Tešanj,21687
2013,NUMBER,_T,Total,Tomislavgrad,31592
2013,NUMBER,M,Total,Tomislavgrad,16055
2013,NUMBER,F,Total,Tomislavgrad,15537
2013,NUMBER,_T,Total,Travnik,53482
2013,NUMBER,M,Total,Travnik,26574
2013,NUMBER,F,Total,Travnik,26908
2013,NUMBER,_T,Total,Trebinje,29198
2013,NUMBER,M,Total,Trebinje,14251
2013,NUMBER,F,Total,Trebinje,14947
2013,NUMBER,_T,Total,Trnovo - FBiH,1502
2013,NUMBER,M,Total,Trnovo - FBiH,735
2013,NUMBER,F,Total,Trnovo - FBiH,767
2013,NUMBER,_T,Total,Trnovo - RS,2050
2013,NUMBER,M,Total,Trnovo - RS,989
2013,NUMBER,F,Total,Trnovo - RS,1061
2013,NUMBER,_T,Total,Tuzla,110979
2013,NUMBER,M,Total,Tuzla,52745
2013,NUMBER,F,Total,Tuzla,58234
2013,NUMBER,_T,Total,Ugljevik,15710
2013,NUMBER,M,Total,Ugljevik,7937
2013,NUMBER,F,Total,Ugljevik,7773
2013,NUMBER,_T,Total,Usora,6603
2013,NUMBER,M,Total,Usora,3266
2013,NUMBER,F,Total,Usora,3337
2013,NUMBER,_T,Total,Vareš,8892
2013,NUMBER,M,Total,Vareš,4373
2013,NUMBER,F,Total,Vareš,4519
2013,NUMBER,_T,Total,Velika Kladuša,40419
2013,NUMBER,M,Total,Velika Kladuša,19889
2013,NUMBER,F,Total,Velika Kladuša,20530
2013,NUMBER,_T,Total,Visoko,39938
2013,NUMBER,M,Total,Visoko,19705
2013,NUMBER,F,Total,Visoko,20233
2013,NUMBER,_T,Total,Višegrad,10668
2013,NUMBER,M,Total,Višegrad,5106
2013,NUMBER,F,Total,Višegrad,5562
2013,NUMBER,_T,Total,Vitez,25836
2013,NUMBER,M,Total,Vitez,12767
2013,NUMBER,F,Total,Vitez,13069
2013,NUMBER,_T,Total,Vlasenica,11467
2013,NUMBER,M,Total,Vlasenica,5638
2013,NUMBER,F,Total,Vlasenica,5829
2013,NUMBER,_T,Total,Sarajevo - Vogošća,26343
2013,NUMBER,M,Total,Sarajevo - Vogošća,12606
2013,NUMBER,F,Total,Sarajevo - Vogošća,13737
2013,NUMBER,_T,Total,Vukosavlje,4667
2013,NUMBER,M,Total,Vukosavlje,2340
2013,NUMBER,F,Total,Vukosavlje,2327
2013,NUMBER,_T,Total,Zavidovići,35988
2013,NUMBER,M,Total,Zavidovići,17883
2013,NUMBER,F,Total,Zavidovići,18105
2013,NUMBER,_T,Total,Zenica,110663
2013,NUMBER,M,Total,Zenica,54660
2013,NUMBER,F,Total,Zenica,56003
2013,NUMBER,_T,Total,Zvornik,58856
2013,NUMBER,M,Total,Zvornik,29270
2013,NUMBER,F,Total,Zvornik,29586
2013,NUMBER,_T,Total,Žepče,30219
2013,NUMBER,M,Total,Žepče,15335
2013,NUMBER,F,Total,Žepče,14884
2013,NUMBER,_T,Total,Živinice,57765
2013,NUMBER,M,Total,Živinice,28714
2013,NUMBER,F,Total,Živinice,29051
