Year,SEX,Entity,UNIT_MEASURE,Value
1971,_T,BiH,NUMBER,22.0
1981,_T,BiH,NUMBER,17.2
1991,_T,BiH,NUMBER,14.9
1996,_T,BiH,NUMBER,14.01468
1997,_T,BiH,NUMBER,12.41812509
1998,_T,BiH,NUMBER,10.97607039
1999,_T,BiH,NUMBER,10.14977393
2000,_T,BiH,NUMBER,9.680762328
2001,_T,BiH,NUMBER,7.609300846
2002,_T,BiH,NUMBER,9.385449743
2003,_T,BiH,NUMBER,7.60628938
2004,_T,BiH,NUMBER,7.197519274
2005,_T,BiH,NUMBER,6.728853207
2006,_T,BiH,NUMBER,7.492727647
2007,_T,BiH,NUMBER,6.827249889
2008,_T,BiH,NUMBER,6.876170412
2009,_T,BiH,NUMBER,6.483357453
2010,_T,BiH,NUMBER,6.442376521
2011,_T,BiH,NUMBER,5.784162711
2012,_T,BiH,NUMBER,5.438289243
2013,_T,BiH,NUMBER,5.898839786
2014,_T,BiH,NUMBER,5.153957975
2015,_T,BiH,NUMBER,6.113537118
2016,_T,BiH,NUMBER,5.897359441
2017,_T,BiH,NUMBER,6.490066225
2018,_T,BiH,NUMBER,6.210336987
2019,_T,BiH,NUMBER,6.699576869
1996,M,BiH,NUMBER,14.75530781
1997,M,BiH,NUMBER,14.58670989
1998,M,BiH,NUMBER,12.89220918
1999,M,BiH,NUMBER,11.18506193
2000,M,BiH,NUMBER,10.7806145
2001,M,BiH,NUMBER,8.195876289
2002,M,BiH,NUMBER,10.43886976
2003,M,BiH,NUMBER,8.40152755
2004,M,BiH,NUMBER,8.327358959
2005,M,BiH,NUMBER,7.473169635
2006,M,BiH,NUMBER,9.004388215
2007,M,BiH,NUMBER,7.528230866
2008,M,BiH,NUMBER,7.44953085
2009,M,BiH,NUMBER,6.44408644
2010,M,BiH,NUMBER,7.235052382
2011,M,BiH,NUMBER,6.714657311
2012,M,BiH,NUMBER,6.611078023
2013,M,BiH,NUMBER,6.883485949
2014,M,BiH,NUMBER,4.744502148
2015,M,BiH,NUMBER,6.140580089
2016,M,BiH,NUMBER,7.062865869
2017,M,BiH,NUMBER,6.698991961
2018,M,BiH,NUMBER,5.96017815
2019,M,BiH,NUMBER,6.889099014
1996,F,BiH,NUMBER,13.20057668
1997,F,BiH,NUMBER,10.04329004
1998,F,BiH,NUMBER,8.896302474
1999,F,BiH,NUMBER,9.074323027
2000,F,BiH,NUMBER,8.509083316
2001,F,BiH,NUMBER,6.988043894
2002,F,BiH,NUMBER,8.270676692
2003,F,BiH,NUMBER,6.743965925
2004,F,BiH,NUMBER,5.993653778
2005,F,BiH,NUMBER,5.941770648
2006,F,BiH,NUMBER,5.883780177
2007,F,BiH,NUMBER,6.07324704
2008,F,BiH,NUMBER,6.268458803
2009,F,BiH,NUMBER,6.526074083
2010,F,BiH,NUMBER,5.599655406
2011,F,BiH,NUMBER,4.777486911
2012,F,BiH,NUMBER,4.188614584
2013,F,BiH,NUMBER,4.848811368
2014,F,BiH,NUMBER,5.589257719
2015,F,BiH,NUMBER,6.084912184
2016,F,BiH,NUMBER,4.631229695
2017,F,BiH,NUMBER,6.264628941
2018,F,BiH,NUMBER,6.47932953
2019,F,BiH,NUMBER,6.492548325
1996,_T,FBIH,NUMBER,13.8
1997,_T,FBIH,NUMBER,12.97224813
1998,_T,FBIH,NUMBER,12.13468869
1999,_T,FBIH,NUMBER,11.15720212
2000,_T,FBIH,NUMBER,11.03578748
2001,_T,FBIH,NUMBER,8.909984179
2002,_T,FBIH,NUMBER,10.5371812
2003,_T,FBIH,NUMBER,8.718922652
2004,_T,FBIH,NUMBER,8.539325843
2005,_T,FBIH,NUMBER,8.844715966
2006,_T,FBIH,NUMBER,9.48986205
2007,_T,FBIH,NUMBER,8.887865531
2008,_T,FBIH,NUMBER,8.464223386
2009,_T,FBIH,NUMBER,7.550298957
2010,_T,FBIH,NUMBER,7.684746671
2011,_T,FBIH,NUMBER,6.642170718
2012,_T,FBIH,NUMBER,6.473546945
2013,_T,FBIH,NUMBER,7.346736163
2014,_T,FBIH,NUMBER,6.38832998
2015,_T,FBIH,NUMBER,7.95536729
2016,_T,FBIH,NUMBER,7.479012974
2017,_T,FBIH,NUMBER,8.171912833
2018,_T,FBIH,NUMBER,8.3602307
2019,_T,FBIH,NUMBER,9.267994894
1997,M,FBIH,NUMBER,15.36662769
1998,M,FBIH,NUMBER,14.37836515
1999,M,FBIH,NUMBER,12.2173852
2000,M,FBIH,NUMBER,12.45415648
2001,M,FBIH,NUMBER,9.556977403
2002,M,FBIH,NUMBER,11.56553805
2003,M,FBIH,NUMBER,10.09683026
2004,M,FBIH,NUMBER,9.323806204
2005,M,FBIH,NUMBER,10.01151768
2006,M,FBIH,NUMBER,11.33220309
2007,M,FBIH,NUMBER,10.09474896
2008,M,FBIH,NUMBER,9.377664109
2009,M,FBIH,NUMBER,7.325698889
2010,M,FBIH,NUMBER,9.08225932
2011,M,FBIH,NUMBER,7.717450518
2012,M,FBIH,NUMBER,7.620584544
2013,M,FBIH,NUMBER,8.468867289
2014,M,FBIH,NUMBER,6.18556701
2015,M,FBIH,NUMBER,8.498583569
2016,M,FBIH,NUMBER,8.517720775
2017,M,FBIH,NUMBER,8.490289841
2018,M,FBIH,NUMBER,8.314514473
2019,M,FBIH,NUMBER,9.526867908
1997,F,FBIH,NUMBER,10.3408187
1998,F,FBIH,NUMBER,9.711945032
1999,F,FBIH,NUMBER,10.05684303
2000,F,FBIH,NUMBER,9.524584826
2001,F,FBIH,NUMBER,8.225516237
2002,F,FBIH,NUMBER,9.453131902
2003,F,FBIH,NUMBER,7.216959856
2004,F,FBIH,NUMBER,7.703731205
2005,F,FBIH,NUMBER,7.607776839
2006,F,FBIH,NUMBER,7.503607504
2007,F,FBIH,NUMBER,7.580118979
2008,F,FBIH,NUMBER,7.506702413
2009,F,FBIH,NUMBER,7.791972456
2010,F,FBIH,NUMBER,6.191664356
2011,F,FBIH,NUMBER,5.482670844
2012,F,FBIH,NUMBER,5.233572398
2013,F,FBIH,NUMBER,6.151322534
2014,F,FBIH,NUMBER,6.601340897
2015,F,FBIH,NUMBER,7.388642601
2016,F,FBIH,NUMBER,6.355258977
2017,F,FBIH,NUMBER,7.831262399
2018,F,FBIH,NUMBER,8.408867533
2019,F,FBIH,NUMBER,8.98928201
1996,_T,RS,NUMBER,14.59675446
1997,_T,RS,NUMBER,11.33968162
1998,_T,RS,NUMBER,8.279736823
1999,_T,RS,NUMBER,8.206896552
2000,_T,RS,NUMBER,7.258121345
2001,_T,RS,NUMBER,5.328856121
2002,_T,RS,NUMBER,7.214656291
2003,_T,RS,NUMBER,6.073835057
2004,_T,RS,NUMBER,5.73955589
2005,_T,RS,NUMBER,3.584576632
2006,_T,RS,NUMBER,4.75104523
2007,_T,RS,NUMBER,3.758654797
2008,_T,RS,NUMBER,3.922337713
2009,_T,RS,NUMBER,4.809959445
2010,_T,RS,NUMBER,4.336257022
2011,_T,RS,NUMBER,4.497437507
2012,_T,RS,NUMBER,3.708157947
2013,_T,RS,NUMBER,3.470031546
2014,_T,RS,NUMBER,3.106588109
2015,_T,RS,NUMBER,2.778668377
2016,_T,RS,NUMBER,2.43334744
2017,_T,RS,NUMBER,2.784023985
2018,_T,RS,NUMBER,1.776755853
2019,_T,RS,NUMBER,1.617425059
1996,M,RS,NUMBER,15.54648241
1997,M,RS,NUMBER,12.95986622
1998,M,RS,NUMBER,9.461940404
1999,M,RS,NUMBER,9.196645929
2000,M,RS,NUMBER,7.787949173
2001,M,RS,NUMBER,5.813129165
2002,M,RS,NUMBER,8.326787117
2003,M,RS,NUMBER,5.871559633
2004,M,RS,NUMBER,7.796917498
2005,M,RS,NUMBER,3.772161449
2006,M,RS,NUMBER,5.793309662
2007,M,RS,NUMBER,3.459542572
2008,M,RS,NUMBER,3.800836184
2009,M,RS,NUMBER,5.199928277
2010,M,RS,NUMBER,3.858024691
2011,M,RS,NUMBER,5.191693291
2012,M,RS,NUMBER,4.912556494
2013,M,RS,NUMBER,4.279600571
2014,M,RS,NUMBER,2.269913331
2015,M,RS,NUMBER,1.858736059
2016,M,RS,NUMBER,3.447576556
2017,M,RS,NUMBER,2.660663119
2018,M,RS,NUMBER,1.399720056
2019,M,RS,NUMBER,1.426533524
1996,F,RS,NUMBER,13.57082273
1997,F,RS,NUMBER,9.57301322
1998,F,RS,NUMBER,6.981073534
1999,F,RS,NUMBER,7.177033493
2000,F,RS,NUMBER,6.693830035
2001,F,RS,NUMBER,4.814926271
2002,F,RS,NUMBER,6.029140847
2003,F,RS,NUMBER,6.290544525
2004,F,RS,NUMBER,3.520438099
2005,F,RS,NUMBER,3.386454183
2006,F,RS,NUMBER,3.672917069
2007,F,RS,NUMBER,4.075810067
2008,F,RS,NUMBER,4.051863857
2009,F,RS,NUMBER,4.377238361
2010,F,RS,NUMBER,4.835784808
2011,F,RS,NUMBER,3.733801889
2012,F,RS,NUMBER,2.454489671
2013,F,RS,NUMBER,2.606995438
2014,F,RS,NUMBER,4.009801738
2015,F,RS,NUMBER,3.765227021
2016,F,RS,NUMBER,1.327140013
2017,F,RS,NUMBER,2.919380193
2018,F,RS,NUMBER,2.189621196
2019,F,RS,NUMBER,1.831921227
1996,_T,RS,NUMBER,179.0
1997,_T,RS,NUMBER,156.0
1998,_T,RS,NUMBER,112.0
1999,_T,RS,NUMBER,119.0
2000,_T,RS,NUMBER,103.0
2001,_T,RS,NUMBER,73.0
2002,_T,RS,NUMBER,89.0
2003,_T,RS,NUMBER,64.0
2004,_T,RS,NUMBER,61.0
2005,_T,RS,NUMBER,37.0
2006,_T,RS,NUMBER,50.0
2007,_T,RS,NUMBER,38.0
2008,_T,RS,NUMBER,40.0
2009,_T,RS,NUMBER,51.0
2010,_T,RS,NUMBER,44.0
2011,_T,RS,NUMBER,43.0
2012,_T,RS,NUMBER,37.0
2013,_T,RS,NUMBER,33.0
2014,_T,RS,NUMBER,29.0
2015,_T,RS,NUMBER,26.0
2016,_T,RS,NUMBER,23.0
2017,_T,RS,NUMBER,26.0
2018,_T,RS,NUMBER,17.0
2019,_T,RS,NUMBER,15.0
1996,M,RS,NUMBER,99.0
1997,M,RS,NUMBER,93.0
1998,M,RS,NUMBER,67.0
1999,M,RS,NUMBER,68.0
2000,M,RS,NUMBER,57.0
2001,M,RS,NUMBER,41.0
2002,M,RS,NUMBER,53.0
2003,M,RS,NUMBER,32.0
2004,M,RS,NUMBER,43.0
2005,M,RS,NUMBER,20.0
2006,M,RS,NUMBER,31.0
2007,M,RS,NUMBER,18.0
2008,M,RS,NUMBER,20.0
2009,M,RS,NUMBER,29.0
2010,M,RS,NUMBER,20.0
2011,M,RS,NUMBER,26.0
2012,M,RS,NUMBER,25.0
2013,M,RS,NUMBER,21.0
2014,M,RS,NUMBER,11.0
2015,M,RS,NUMBER,9.0
2016,M,RS,NUMBER,17.0
2017,M,RS,NUMBER,13.0
2018,M,RS,NUMBER,7.0
2019,M,RS,NUMBER,7.0
1996,F,RS,NUMBER,80.0
1997,F,RS,NUMBER,63.0
1998,F,RS,NUMBER,45.0
1999,F,RS,NUMBER,51.0
2000,F,RS,NUMBER,46.0
2001,F,RS,NUMBER,32.0
2002,F,RS,NUMBER,36.0
2003,F,RS,NUMBER,32.0
2004,F,RS,NUMBER,18.0
2005,F,RS,NUMBER,17.0
2006,F,RS,NUMBER,19.0
2007,F,RS,NUMBER,20.0
2008,F,RS,NUMBER,20.0
2009,F,RS,NUMBER,22.0
2010,F,RS,NUMBER,24.0
2011,F,RS,NUMBER,17.0
2012,F,RS,NUMBER,12.0
2013,F,RS,NUMBER,12.0
2014,F,RS,NUMBER,18.0
2015,F,RS,NUMBER,17.0
2016,F,RS,NUMBER,6.0
2017,F,RS,NUMBER,13.0
2018,F,RS,NUMBER,10.0
2019,F,RS,NUMBER,8.0
