Year,Entity,SEX,INFANT_MORTALITY,UNIT_MEASURE,Value
1971,BiH,_T,infant_(up_to_12_months_of_age)_mortality_rate,NUMBER,22.0
1981,BiH,_T,infant_(up_to_12_months_of_age)_mortality_rate,NUMBER,17.2
1991,BiH,_T,infant_(up_to_12_months_of_age)_mortality_rate,NUMBER,14.9
1996,BiH,_T,infant_(up_to_12_months_of_age)_mortality_rate,NUMBER,14.01468
1997,BiH,_T,infant_(up_to_12_months_of_age)_mortality_rate,NUMBER,12.41812509
1998,BiH,_T,infant_(up_to_12_months_of_age)_mortality_rate,NUMBER,10.97607039
1999,BiH,_T,infant_(up_to_12_months_of_age)_mortality_rate,NUMBER,10.14977393
2000,BiH,_T,infant_(up_to_12_months_of_age)_mortality_rate,NUMBER,9.680762328
2001,BiH,_T,infant_(up_to_12_months_of_age)_mortality_rate,NUMBER,7.609300846
2002,BiH,_T,infant_(up_to_12_months_of_age)_mortality_rate,NUMBER,9.385449743
2003,BiH,_T,infant_(up_to_12_months_of_age)_mortality_rate,NUMBER,7.60628938
2004,BiH,_T,infant_(up_to_12_months_of_age)_mortality_rate,NUMBER,7.197519274
2005,BiH,_T,infant_(up_to_12_months_of_age)_mortality_rate,NUMBER,6.728853207
2006,BiH,_T,infant_(up_to_12_months_of_age)_mortality_rate,NUMBER,7.492727647
2007,BiH,_T,infant_(up_to_12_months_of_age)_mortality_rate,NUMBER,6.827249889
2008,BiH,_T,infant_(up_to_12_months_of_age)_mortality_rate,NUMBER,6.876170412
2009,BiH,_T,infant_(up_to_12_months_of_age)_mortality_rate,NUMBER,6.483357453
2010,BiH,_T,infant_(up_to_12_months_of_age)_mortality_rate,NUMBER,6.442376521
2011,BiH,_T,infant_(up_to_12_months_of_age)_mortality_rate,NUMBER,5.784162711
2012,BiH,_T,infant_(up_to_12_months_of_age)_mortality_rate,NUMBER,5.438289243
2013,BiH,_T,infant_(up_to_12_months_of_age)_mortality_rate,NUMBER,5.898839786
2014,BiH,_T,infant_(up_to_12_months_of_age)_mortality_rate,NUMBER,5.153957975
2015,BiH,_T,infant_(up_to_12_months_of_age)_mortality_rate,NUMBER,6.113537118
2016,BiH,_T,infant_(up_to_12_months_of_age)_mortality_rate,NUMBER,5.897359441
2017,BiH,_T,infant_(up_to_12_months_of_age)_mortality_rate,NUMBER,6.490066225
2018,BiH,_T,infant_(up_to_12_months_of_age)_mortality_rate,NUMBER,6.210336987
2019,BiH,_T,infant_(up_to_12_months_of_age)_mortality_rate,NUMBER,6.699576869
1996,BiH,M,infant_(up_to_12_months_of_age)_mortality_rate,NUMBER,14.75530781
1997,BiH,M,infant_(up_to_12_months_of_age)_mortality_rate,NUMBER,14.58670989
1998,BiH,M,infant_(up_to_12_months_of_age)_mortality_rate,NUMBER,12.89220918
1999,BiH,M,infant_(up_to_12_months_of_age)_mortality_rate,NUMBER,11.18506193
2000,BiH,M,infant_(up_to_12_months_of_age)_mortality_rate,NUMBER,10.7806145
2001,BiH,M,infant_(up_to_12_months_of_age)_mortality_rate,NUMBER,8.195876289
2002,BiH,M,infant_(up_to_12_months_of_age)_mortality_rate,NUMBER,10.43886976
2003,BiH,M,infant_(up_to_12_months_of_age)_mortality_rate,NUMBER,8.40152755
2004,BiH,M,infant_(up_to_12_months_of_age)_mortality_rate,NUMBER,8.327358959
2005,BiH,M,infant_(up_to_12_months_of_age)_mortality_rate,NUMBER,7.473169635
2006,BiH,M,infant_(up_to_12_months_of_age)_mortality_rate,NUMBER,9.004388215
2007,BiH,M,infant_(up_to_12_months_of_age)_mortality_rate,NUMBER,7.528230866
2008,BiH,M,infant_(up_to_12_months_of_age)_mortality_rate,NUMBER,7.44953085
2009,BiH,M,infant_(up_to_12_months_of_age)_mortality_rate,NUMBER,6.44408644
2010,BiH,M,infant_(up_to_12_months_of_age)_mortality_rate,NUMBER,7.235052382
2011,BiH,M,infant_(up_to_12_months_of_age)_mortality_rate,NUMBER,6.714657311
2012,BiH,M,infant_(up_to_12_months_of_age)_mortality_rate,NUMBER,6.611078023
2013,BiH,M,infant_(up_to_12_months_of_age)_mortality_rate,NUMBER,6.883485949
2014,BiH,M,infant_(up_to_12_months_of_age)_mortality_rate,NUMBER,4.744502148
2015,BiH,M,infant_(up_to_12_months_of_age)_mortality_rate,NUMBER,6.140580089
2016,BiH,M,infant_(up_to_12_months_of_age)_mortality_rate,NUMBER,7.062865869
2017,BiH,M,infant_(up_to_12_months_of_age)_mortality_rate,NUMBER,6.698991961
2018,BiH,M,infant_(up_to_12_months_of_age)_mortality_rate,NUMBER,5.96017815
2019,BiH,M,infant_(up_to_12_months_of_age)_mortality_rate,NUMBER,6.889099014
1996,BiH,F,infant_(up_to_12_months_of_age)_mortality_rate,NUMBER,13.20057668
1997,BiH,F,infant_(up_to_12_months_of_age)_mortality_rate,NUMBER,10.04329004
1998,BiH,F,infant_(up_to_12_months_of_age)_mortality_rate,NUMBER,8.896302474
1999,BiH,F,infant_(up_to_12_months_of_age)_mortality_rate,NUMBER,9.074323027
2000,BiH,F,infant_(up_to_12_months_of_age)_mortality_rate,NUMBER,8.509083316
2001,BiH,F,infant_(up_to_12_months_of_age)_mortality_rate,NUMBER,6.988043894
2002,BiH,F,infant_(up_to_12_months_of_age)_mortality_rate,NUMBER,8.270676692
2003,BiH,F,infant_(up_to_12_months_of_age)_mortality_rate,NUMBER,6.743965925
2004,BiH,F,infant_(up_to_12_months_of_age)_mortality_rate,NUMBER,5.993653778
2005,BiH,F,infant_(up_to_12_months_of_age)_mortality_rate,NUMBER,5.941770648
2006,BiH,F,infant_(up_to_12_months_of_age)_mortality_rate,NUMBER,5.883780177
2007,BiH,F,infant_(up_to_12_months_of_age)_mortality_rate,NUMBER,6.07324704
2008,BiH,F,infant_(up_to_12_months_of_age)_mortality_rate,NUMBER,6.268458803
2009,BiH,F,infant_(up_to_12_months_of_age)_mortality_rate,NUMBER,6.526074083
2010,BiH,F,infant_(up_to_12_months_of_age)_mortality_rate,NUMBER,5.599655406
2011,BiH,F,infant_(up_to_12_months_of_age)_mortality_rate,NUMBER,4.777486911
2012,BiH,F,infant_(up_to_12_months_of_age)_mortality_rate,NUMBER,4.188614584
2013,BiH,F,infant_(up_to_12_months_of_age)_mortality_rate,NUMBER,4.848811368
2014,BiH,F,infant_(up_to_12_months_of_age)_mortality_rate,NUMBER,5.589257719
2015,BiH,F,infant_(up_to_12_months_of_age)_mortality_rate,NUMBER,6.084912184
2016,BiH,F,infant_(up_to_12_months_of_age)_mortality_rate,NUMBER,4.631229695
2017,BiH,F,infant_(up_to_12_months_of_age)_mortality_rate,NUMBER,6.264628941
2018,BiH,F,infant_(up_to_12_months_of_age)_mortality_rate,NUMBER,6.47932953
2019,BiH,F,infant_(up_to_12_months_of_age)_mortality_rate,NUMBER,6.492548325
1996,FBIH,_T,infant_(up_to_12_months_of_age)_mortality_rate,NUMBER,13.8
1997,FBIH,_T,infant_(up_to_12_months_of_age)_mortality_rate,NUMBER,12.97224813
1998,FBIH,_T,infant_(up_to_12_months_of_age)_mortality_rate,NUMBER,12.13468869
1999,FBIH,_T,infant_(up_to_12_months_of_age)_mortality_rate,NUMBER,11.15720212
2000,FBIH,_T,infant_(up_to_12_months_of_age)_mortality_rate,NUMBER,11.03578748
2001,FBIH,_T,infant_(up_to_12_months_of_age)_mortality_rate,NUMBER,8.909984179
2002,FBIH,_T,infant_(up_to_12_months_of_age)_mortality_rate,NUMBER,10.5371812
2003,FBIH,_T,infant_(up_to_12_months_of_age)_mortality_rate,NUMBER,8.718922652
2004,FBIH,_T,infant_(up_to_12_months_of_age)_mortality_rate,NUMBER,8.539325843
2005,FBIH,_T,infant_(up_to_12_months_of_age)_mortality_rate,NUMBER,8.844715966
2006,FBIH,_T,infant_(up_to_12_months_of_age)_mortality_rate,NUMBER,9.48986205
2007,FBIH,_T,infant_(up_to_12_months_of_age)_mortality_rate,NUMBER,8.887865531
2008,FBIH,_T,infant_(up_to_12_months_of_age)_mortality_rate,NUMBER,8.464223386
2009,FBIH,_T,infant_(up_to_12_months_of_age)_mortality_rate,NUMBER,7.550298957
2010,FBIH,_T,infant_(up_to_12_months_of_age)_mortality_rate,NUMBER,7.684746671
2011,FBIH,_T,infant_(up_to_12_months_of_age)_mortality_rate,NUMBER,6.642170718
2012,FBIH,_T,infant_(up_to_12_months_of_age)_mortality_rate,NUMBER,6.473546945
2013,FBIH,_T,infant_(up_to_12_months_of_age)_mortality_rate,NUMBER,7.346736163
2014,FBIH,_T,infant_(up_to_12_months_of_age)_mortality_rate,NUMBER,6.38832998
2015,FBIH,_T,infant_(up_to_12_months_of_age)_mortality_rate,NUMBER,7.95536729
2016,FBIH,_T,infant_(up_to_12_months_of_age)_mortality_rate,NUMBER,7.479012974
2017,FBIH,_T,infant_(up_to_12_months_of_age)_mortality_rate,NUMBER,8.171912833
2018,FBIH,_T,infant_(up_to_12_months_of_age)_mortality_rate,NUMBER,8.3602307
2019,FBIH,_T,infant_(up_to_12_months_of_age)_mortality_rate,NUMBER,9.267994894
1997,FBIH,M,infant_(up_to_12_months_of_age)_mortality_rate,NUMBER,15.36662769
1998,FBIH,M,infant_(up_to_12_months_of_age)_mortality_rate,NUMBER,14.37836515
1999,FBIH,M,infant_(up_to_12_months_of_age)_mortality_rate,NUMBER,12.2173852
2000,FBIH,M,infant_(up_to_12_months_of_age)_mortality_rate,NUMBER,12.45415648
2001,FBIH,M,infant_(up_to_12_months_of_age)_mortality_rate,NUMBER,9.556977403
2002,FBIH,M,infant_(up_to_12_months_of_age)_mortality_rate,NUMBER,11.56553805
2003,FBIH,M,infant_(up_to_12_months_of_age)_mortality_rate,NUMBER,10.09683026
2004,FBIH,M,infant_(up_to_12_months_of_age)_mortality_rate,NUMBER,9.323806204
2005,FBIH,M,infant_(up_to_12_months_of_age)_mortality_rate,NUMBER,10.01151768
2006,FBIH,M,infant_(up_to_12_months_of_age)_mortality_rate,NUMBER,11.33220309
2007,FBIH,M,infant_(up_to_12_months_of_age)_mortality_rate,NUMBER,10.09474896
2008,FBIH,M,infant_(up_to_12_months_of_age)_mortality_rate,NUMBER,9.377664109
2009,FBIH,M,infant_(up_to_12_months_of_age)_mortality_rate,NUMBER,7.325698889
2010,FBIH,M,infant_(up_to_12_months_of_age)_mortality_rate,NUMBER,9.08225932
2011,FBIH,M,infant_(up_to_12_months_of_age)_mortality_rate,NUMBER,7.717450518
2012,FBIH,M,infant_(up_to_12_months_of_age)_mortality_rate,NUMBER,7.620584544
2013,FBIH,M,infant_(up_to_12_months_of_age)_mortality_rate,NUMBER,8.468867289
2014,FBIH,M,infant_(up_to_12_months_of_age)_mortality_rate,NUMBER,6.18556701
2015,FBIH,M,infant_(up_to_12_months_of_age)_mortality_rate,NUMBER,8.498583569
2016,FBIH,M,infant_(up_to_12_months_of_age)_mortality_rate,NUMBER,8.517720775
2017,FBIH,M,infant_(up_to_12_months_of_age)_mortality_rate,NUMBER,8.490289841
2018,FBIH,M,infant_(up_to_12_months_of_age)_mortality_rate,NUMBER,8.314514473
2019,FBIH,M,infant_(up_to_12_months_of_age)_mortality_rate,NUMBER,9.526867908
1997,FBIH,F,infant_(up_to_12_months_of_age)_mortality_rate,NUMBER,10.3408187
1998,FBIH,F,infant_(up_to_12_months_of_age)_mortality_rate,NUMBER,9.711945032
1999,FBIH,F,infant_(up_to_12_months_of_age)_mortality_rate,NUMBER,10.05684303
2000,FBIH,F,infant_(up_to_12_months_of_age)_mortality_rate,NUMBER,9.524584826
2001,FBIH,F,infant_(up_to_12_months_of_age)_mortality_rate,NUMBER,8.225516237
2002,FBIH,F,infant_(up_to_12_months_of_age)_mortality_rate,NUMBER,9.453131902
2003,FBIH,F,infant_(up_to_12_months_of_age)_mortality_rate,NUMBER,7.216959856
2004,FBIH,F,infant_(up_to_12_months_of_age)_mortality_rate,NUMBER,7.703731205
2005,FBIH,F,infant_(up_to_12_months_of_age)_mortality_rate,NUMBER,7.607776839
2006,FBIH,F,infant_(up_to_12_months_of_age)_mortality_rate,NUMBER,7.503607504
2007,FBIH,F,infant_(up_to_12_months_of_age)_mortality_rate,NUMBER,7.580118979
2008,FBIH,F,infant_(up_to_12_months_of_age)_mortality_rate,NUMBER,7.506702413
2009,FBIH,F,infant_(up_to_12_months_of_age)_mortality_rate,NUMBER,7.791972456
2010,FBIH,F,infant_(up_to_12_months_of_age)_mortality_rate,NUMBER,6.191664356
2011,FBIH,F,infant_(up_to_12_months_of_age)_mortality_rate,NUMBER,5.482670844
2012,FBIH,F,infant_(up_to_12_months_of_age)_mortality_rate,NUMBER,5.233572398
2013,FBIH,F,infant_(up_to_12_months_of_age)_mortality_rate,NUMBER,6.151322534
2014,FBIH,F,infant_(up_to_12_months_of_age)_mortality_rate,NUMBER,6.601340897
2015,FBIH,F,infant_(up_to_12_months_of_age)_mortality_rate,NUMBER,7.388642601
2016,FBIH,F,infant_(up_to_12_months_of_age)_mortality_rate,NUMBER,6.355258977
2017,FBIH,F,infant_(up_to_12_months_of_age)_mortality_rate,NUMBER,7.831262399
2018,FBIH,F,infant_(up_to_12_months_of_age)_mortality_rate,NUMBER,8.408867533
2019,FBIH,F,infant_(up_to_12_months_of_age)_mortality_rate,NUMBER,8.98928201
1996,RS,_T,infant_(up_to_12_months_of_age)_mortality_rate,NUMBER,14.59675446
1997,RS,_T,infant_(up_to_12_months_of_age)_mortality_rate,NUMBER,11.33968162
1998,RS,_T,infant_(up_to_12_months_of_age)_mortality_rate,NUMBER,8.279736823
1999,RS,_T,infant_(up_to_12_months_of_age)_mortality_rate,NUMBER,8.206896552
2000,RS,_T,infant_(up_to_12_months_of_age)_mortality_rate,NUMBER,7.258121345
2001,RS,_T,infant_(up_to_12_months_of_age)_mortality_rate,NUMBER,5.328856121
2002,RS,_T,infant_(up_to_12_months_of_age)_mortality_rate,NUMBER,7.214656291
2003,RS,_T,infant_(up_to_12_months_of_age)_mortality_rate,NUMBER,6.073835057
2004,RS,_T,infant_(up_to_12_months_of_age)_mortality_rate,NUMBER,5.73955589
2005,RS,_T,infant_(up_to_12_months_of_age)_mortality_rate,NUMBER,3.584576632
2006,RS,_T,infant_(up_to_12_months_of_age)_mortality_rate,NUMBER,4.75104523
2007,RS,_T,infant_(up_to_12_months_of_age)_mortality_rate,NUMBER,3.758654797
2008,RS,_T,infant_(up_to_12_months_of_age)_mortality_rate,NUMBER,3.922337713
2009,RS,_T,infant_(up_to_12_months_of_age)_mortality_rate,NUMBER,4.809959445
2010,RS,_T,infant_(up_to_12_months_of_age)_mortality_rate,NUMBER,4.336257022
2011,RS,_T,infant_(up_to_12_months_of_age)_mortality_rate,NUMBER,4.497437507
2012,RS,_T,infant_(up_to_12_months_of_age)_mortality_rate,NUMBER,3.708157947
2013,RS,_T,infant_(up_to_12_months_of_age)_mortality_rate,NUMBER,3.470031546
2014,RS,_T,infant_(up_to_12_months_of_age)_mortality_rate,NUMBER,3.106588109
2015,RS,_T,infant_(up_to_12_months_of_age)_mortality_rate,NUMBER,2.778668377
2016,RS,_T,infant_(up_to_12_months_of_age)_mortality_rate,NUMBER,2.43334744
2017,RS,_T,infant_(up_to_12_months_of_age)_mortality_rate,NUMBER,2.784023985
2018,RS,_T,infant_(up_to_12_months_of_age)_mortality_rate,NUMBER,1.776755853
2019,RS,_T,infant_(up_to_12_months_of_age)_mortality_rate,NUMBER,1.617425059
1996,RS,M,infant_(up_to_12_months_of_age)_mortality_rate,NUMBER,15.54648241
1997,RS,M,infant_(up_to_12_months_of_age)_mortality_rate,NUMBER,12.95986622
1998,RS,M,infant_(up_to_12_months_of_age)_mortality_rate,NUMBER,9.461940404
1999,RS,M,infant_(up_to_12_months_of_age)_mortality_rate,NUMBER,9.196645929
2000,RS,M,infant_(up_to_12_months_of_age)_mortality_rate,NUMBER,7.787949173
2001,RS,M,infant_(up_to_12_months_of_age)_mortality_rate,NUMBER,5.813129165
2002,RS,M,infant_(up_to_12_months_of_age)_mortality_rate,NUMBER,8.326787117
2003,RS,M,infant_(up_to_12_months_of_age)_mortality_rate,NUMBER,5.871559633
2004,RS,M,infant_(up_to_12_months_of_age)_mortality_rate,NUMBER,7.796917498
2005,RS,M,infant_(up_to_12_months_of_age)_mortality_rate,NUMBER,3.772161449
2006,RS,M,infant_(up_to_12_months_of_age)_mortality_rate,NUMBER,5.793309662
2007,RS,M,infant_(up_to_12_months_of_age)_mortality_rate,NUMBER,3.459542572
2008,RS,M,infant_(up_to_12_months_of_age)_mortality_rate,NUMBER,3.800836184
2009,RS,M,infant_(up_to_12_months_of_age)_mortality_rate,NUMBER,5.199928277
2010,RS,M,infant_(up_to_12_months_of_age)_mortality_rate,NUMBER,3.858024691
2011,RS,M,infant_(up_to_12_months_of_age)_mortality_rate,NUMBER,5.191693291
2012,RS,M,infant_(up_to_12_months_of_age)_mortality_rate,NUMBER,4.912556494
2013,RS,M,infant_(up_to_12_months_of_age)_mortality_rate,NUMBER,4.279600571
2014,RS,M,infant_(up_to_12_months_of_age)_mortality_rate,NUMBER,2.269913331
2015,RS,M,infant_(up_to_12_months_of_age)_mortality_rate,NUMBER,1.858736059
2016,RS,M,infant_(up_to_12_months_of_age)_mortality_rate,NUMBER,3.447576556
2017,RS,M,infant_(up_to_12_months_of_age)_mortality_rate,NUMBER,2.660663119
2018,RS,M,infant_(up_to_12_months_of_age)_mortality_rate,NUMBER,1.399720056
2019,RS,M,infant_(up_to_12_months_of_age)_mortality_rate,NUMBER,1.426533524
1996,RS,F,infant_(up_to_12_months_of_age)_mortality_rate,NUMBER,13.57082273
1997,RS,F,infant_(up_to_12_months_of_age)_mortality_rate,NUMBER,9.57301322
1998,RS,F,infant_(up_to_12_months_of_age)_mortality_rate,NUMBER,6.981073534
1999,RS,F,infant_(up_to_12_months_of_age)_mortality_rate,NUMBER,7.177033493
2000,RS,F,infant_(up_to_12_months_of_age)_mortality_rate,NUMBER,6.693830035
2001,RS,F,infant_(up_to_12_months_of_age)_mortality_rate,NUMBER,4.814926271
2002,RS,F,infant_(up_to_12_months_of_age)_mortality_rate,NUMBER,6.029140847
2003,RS,F,infant_(up_to_12_months_of_age)_mortality_rate,NUMBER,6.290544525
2004,RS,F,infant_(up_to_12_months_of_age)_mortality_rate,NUMBER,3.520438099
2005,RS,F,infant_(up_to_12_months_of_age)_mortality_rate,NUMBER,3.386454183
2006,RS,F,infant_(up_to_12_months_of_age)_mortality_rate,NUMBER,3.672917069
2007,RS,F,infant_(up_to_12_months_of_age)_mortality_rate,NUMBER,4.075810067
2008,RS,F,infant_(up_to_12_months_of_age)_mortality_rate,NUMBER,4.051863857
2009,RS,F,infant_(up_to_12_months_of_age)_mortality_rate,NUMBER,4.377238361
2010,RS,F,infant_(up_to_12_months_of_age)_mortality_rate,NUMBER,4.835784808
2011,RS,F,infant_(up_to_12_months_of_age)_mortality_rate,NUMBER,3.733801889
2012,RS,F,infant_(up_to_12_months_of_age)_mortality_rate,NUMBER,2.454489671
2013,RS,F,infant_(up_to_12_months_of_age)_mortality_rate,NUMBER,2.606995438
2014,RS,F,infant_(up_to_12_months_of_age)_mortality_rate,NUMBER,4.009801738
2015,RS,F,infant_(up_to_12_months_of_age)_mortality_rate,NUMBER,3.765227021
2016,RS,F,infant_(up_to_12_months_of_age)_mortality_rate,NUMBER,1.327140013
2017,RS,F,infant_(up_to_12_months_of_age)_mortality_rate,NUMBER,2.919380193
2018,RS,F,infant_(up_to_12_months_of_age)_mortality_rate,NUMBER,2.189621196
2019,RS,F,infant_(up_to_12_months_of_age)_mortality_rate,NUMBER,1.831921227
1996,BiH,_T,number_of_infant_deaths,NUMBER,653.0
1997,BiH,_T,number_of_infant_deaths,NUMBER,601.0
1998,BiH,_T,number_of_infant_deaths,NUMBER,494.0
1999,BiH,_T,number_of_infant_deaths,NUMBER,431.0
2000,BiH,_T,number_of_infant_deaths,NUMBER,383.0
2001,BiH,_T,number_of_infant_deaths,NUMBER,287.0
2002,BiH,_T,number_of_infant_deaths,NUMBER,334.0
2003,BiH,_T,number_of_infant_deaths,NUMBER,268.0
2004,BiH,_T,number_of_infant_deaths,NUMBER,253.0
2005,BiH,_T,number_of_infant_deaths,NUMBER,233.0
2006,BiH,_T,number_of_infant_deaths,NUMBER,255.0
2007,BiH,_T,number_of_infant_deaths,NUMBER,231.0
2008,BiH,_T,number_of_infant_deaths,NUMBER,235.0
2009,BiH,_T,number_of_infant_deaths,NUMBER,224.0
2010,BiH,_T,number_of_infant_deaths,NUMBER,216.0
2011,BiH,_T,number_of_infant_deaths,NUMBER,184.0
2012,BiH,_T,number_of_infant_deaths,NUMBER,177.0
2013,BiH,_T,number_of_infant_deaths,NUMBER,181.0
2014,BiH,_T,number_of_infant_deaths,NUMBER,156.0
2015,BiH,_T,number_of_infant_deaths,NUMBER,182.0
2016,BiH,_T,number_of_infant_deaths,NUMBER,178.0
2017,BiH,_T,number_of_infant_deaths,NUMBER,196.0
2018,BiH,_T,number_of_infant_deaths,NUMBER,183.0
2019,BiH,_T,number_of_infant_deaths,NUMBER,190.0
1996,BiH,M,number_of_infant_deaths,NUMBER,360.0
1997,BiH,M,number_of_infant_deaths,NUMBER,369.0
1998,BiH,M,number_of_infant_deaths,NUMBER,302.0
1999,BiH,M,number_of_infant_deaths,NUMBER,242.0
2000,BiH,M,number_of_infant_deaths,NUMBER,220.0
2001,BiH,M,number_of_infant_deaths,NUMBER,159.0
2002,BiH,M,number_of_infant_deaths,NUMBER,191.0
2003,BiH,M,number_of_infant_deaths,NUMBER,154.0
2004,BiH,M,number_of_infant_deaths,NUMBER,151.0
2005,BiH,M,number_of_infant_deaths,NUMBER,133.0
2006,BiH,M,number_of_infant_deaths,NUMBER,158.0
2007,BiH,M,number_of_infant_deaths,NUMBER,132.0
2008,BiH,M,number_of_infant_deaths,NUMBER,131.0
2009,BiH,M,number_of_infant_deaths,NUMBER,116.0
2010,BiH,M,number_of_infant_deaths,NUMBER,125.0
2011,BiH,M,number_of_infant_deaths,NUMBER,111.0
2012,BiH,M,number_of_infant_deaths,NUMBER,111.0
2013,BiH,M,number_of_infant_deaths,NUMBER,109.0
2014,BiH,M,number_of_infant_deaths,NUMBER,74.0
2015,BiH,M,number_of_infant_deaths,NUMBER,94.0
2016,BiH,M,number_of_infant_deaths,NUMBER,111.0
2017,BiH,M,number_of_infant_deaths,NUMBER,105.0
2018,BiH,M,number_of_infant_deaths,NUMBER,91.0
2019,BiH,M,number_of_infant_deaths,NUMBER,102.0
1996,BiH,F,number_of_infant_deaths,NUMBER,293.0
1997,BiH,F,number_of_infant_deaths,NUMBER,232.0
1998,BiH,F,number_of_infant_deaths,NUMBER,192.0
1999,BiH,F,number_of_infant_deaths,NUMBER,189.0
2000,BiH,F,number_of_infant_deaths,NUMBER,163.0
2001,BiH,F,number_of_infant_deaths,NUMBER,128.0
2002,BiH,F,number_of_infant_deaths,NUMBER,143.0
2003,BiH,F,number_of_infant_deaths,NUMBER,114.0
2004,BiH,F,number_of_infant_deaths,NUMBER,102.0
2005,BiH,F,number_of_infant_deaths,NUMBER,100.0
2006,BiH,F,number_of_infant_deaths,NUMBER,97.0
2007,BiH,F,number_of_infant_deaths,NUMBER,99.0
2008,BiH,F,number_of_infant_deaths,NUMBER,104.0
2009,BiH,F,number_of_infant_deaths,NUMBER,108.0
2010,BiH,F,number_of_infant_deaths,NUMBER,91.0
2011,BiH,F,number_of_infant_deaths,NUMBER,73.0
2012,BiH,F,number_of_infant_deaths,NUMBER,66.0
2013,BiH,F,number_of_infant_deaths,NUMBER,72.0
2014,BiH,F,number_of_infant_deaths,NUMBER,82.0
2015,BiH,F,number_of_infant_deaths,NUMBER,88.0
2016,BiH,F,number_of_infant_deaths,NUMBER,67.0
2017,BiH,F,number_of_infant_deaths,NUMBER,91.0
2018,BiH,F,number_of_infant_deaths,NUMBER,92.0
2019,BiH,F,number_of_infant_deaths,NUMBER,88.0
1997,FBIH,_T,number_of_infant_deaths,NUMBER,445.0
1998,FBIH,_T,number_of_infant_deaths,NUMBER,382.0
1999,FBIH,_T,number_of_infant_deaths,NUMBER,312.0
2000,FBIH,_T,number_of_infant_deaths,NUMBER,280.0
2001,FBIH,_T,number_of_infant_deaths,NUMBER,214.0
2002,FBIH,_T,number_of_infant_deaths,NUMBER,245.0
2003,FBIH,_T,number_of_infant_deaths,NUMBER,202.0
2004,FBIH,_T,number_of_infant_deaths,NUMBER,190.0
2005,FBIH,_T,number_of_infant_deaths,NUMBER,194.0
2006,FBIH,_T,number_of_infant_deaths,NUMBER,205.0
2007,FBIH,_T,number_of_infant_deaths,NUMBER,193.0
2008,FBIH,_T,number_of_infant_deaths,NUMBER,194.0
2009,FBIH,_T,number_of_infant_deaths,NUMBER,173.0
2010,FBIH,_T,number_of_infant_deaths,NUMBER,172.0
2011,FBIH,_T,number_of_infant_deaths,NUMBER,141.0
2012,FBIH,_T,number_of_infant_deaths,NUMBER,139.0
2013,FBIH,_T,number_of_infant_deaths,NUMBER,148.0
2014,FBIH,_T,number_of_infant_deaths,NUMBER,127.0
2015,FBIH,_T,number_of_infant_deaths,NUMBER,154.0
2016,FBIH,_T,number_of_infant_deaths,NUMBER,147.0
2017,FBIH,_T,number_of_infant_deaths,NUMBER,162.0
2018,FBIH,_T,number_of_infant_deaths,NUMBER,158.0
2019,FBIH,_T,number_of_infant_deaths,NUMBER,167.0
1997,FBIH,M,number_of_infant_deaths,NUMBER,276.0
1998,FBIH,M,number_of_infant_deaths,NUMBER,235.0
1999,FBIH,M,number_of_infant_deaths,NUMBER,174.0
2000,FBIH,M,number_of_infant_deaths,NUMBER,163.0
2001,FBIH,M,number_of_infant_deaths,NUMBER,118.0
2002,FBIH,M,number_of_infant_deaths,NUMBER,138.0
2003,FBIH,M,number_of_infant_deaths,NUMBER,122.0
2004,FBIH,M,number_of_infant_deaths,NUMBER,107.0
2005,FBIH,M,number_of_infant_deaths,NUMBER,113.0
2006,FBIH,M,number_of_infant_deaths,NUMBER,127.0
2007,FBIH,M,number_of_infant_deaths,NUMBER,114.0
2008,FBIH,M,number_of_infant_deaths,NUMBER,110.0
2009,FBIH,M,number_of_infant_deaths,NUMBER,87.0
2010,FBIH,M,number_of_infant_deaths,NUMBER,105.0
2011,FBIH,M,number_of_infant_deaths,NUMBER,85.0
2012,FBIH,M,number_of_infant_deaths,NUMBER,85.0
2013,FBIH,M,number_of_infant_deaths,NUMBER,88.0
2014,FBIH,M,number_of_infant_deaths,NUMBER,63.0
2015,FBIH,M,number_of_infant_deaths,NUMBER,84.0
2016,FBIH,M,number_of_infant_deaths,NUMBER,87.0
2017,FBIH,M,number_of_infant_deaths,NUMBER,87.0
2018,FBIH,M,number_of_infant_deaths,NUMBER,81.0
2019,FBIH,M,number_of_infant_deaths,NUMBER,89.0
1997,FBIH,F,number_of_infant_deaths,NUMBER,169.0
1998,FBIH,F,number_of_infant_deaths,NUMBER,147.0
1999,FBIH,F,number_of_infant_deaths,NUMBER,138.0
2000,FBIH,F,number_of_infant_deaths,NUMBER,117.0
2001,FBIH,F,number_of_infant_deaths,NUMBER,96.0
2002,FBIH,F,number_of_infant_deaths,NUMBER,107.0
2003,FBIH,F,number_of_infant_deaths,NUMBER,80.0
2004,FBIH,F,number_of_infant_deaths,NUMBER,83.0
2005,FBIH,F,number_of_infant_deaths,NUMBER,81.0
2006,FBIH,F,number_of_infant_deaths,NUMBER,78.0
2007,FBIH,F,number_of_infant_deaths,NUMBER,79.0
2008,FBIH,F,number_of_infant_deaths,NUMBER,84.0
2009,FBIH,F,number_of_infant_deaths,NUMBER,86.0
2010,FBIH,F,number_of_infant_deaths,NUMBER,67.0
2011,FBIH,F,number_of_infant_deaths,NUMBER,56.0
2012,FBIH,F,number_of_infant_deaths,NUMBER,54.0
2013,FBIH,F,number_of_infant_deaths,NUMBER,60.0
2014,FBIH,F,number_of_infant_deaths,NUMBER,64.0
2015,FBIH,F,number_of_infant_deaths,NUMBER,70.0
2016,FBIH,F,number_of_infant_deaths,NUMBER,60.0
2017,FBIH,F,number_of_infant_deaths,NUMBER,75.0
2018,FBIH,F,number_of_infant_deaths,NUMBER,77.0
2019,FBIH,F,number_of_infant_deaths,NUMBER,78.0
1996,RS,_T,infant_(up_to_12_months_of_age)_mortality_rate,NUMBER,179.0
1997,RS,_T,infant_(up_to_12_months_of_age)_mortality_rate,NUMBER,156.0
1998,RS,_T,infant_(up_to_12_months_of_age)_mortality_rate,NUMBER,112.0
1999,RS,_T,infant_(up_to_12_months_of_age)_mortality_rate,NUMBER,119.0
2000,RS,_T,infant_(up_to_12_months_of_age)_mortality_rate,NUMBER,103.0
2001,RS,_T,infant_(up_to_12_months_of_age)_mortality_rate,NUMBER,73.0
2002,RS,_T,infant_(up_to_12_months_of_age)_mortality_rate,NUMBER,89.0
2003,RS,_T,infant_(up_to_12_months_of_age)_mortality_rate,NUMBER,64.0
2004,RS,_T,infant_(up_to_12_months_of_age)_mortality_rate,NUMBER,61.0
2005,RS,_T,infant_(up_to_12_months_of_age)_mortality_rate,NUMBER,37.0
2006,RS,_T,infant_(up_to_12_months_of_age)_mortality_rate,NUMBER,50.0
2007,RS,_T,infant_(up_to_12_months_of_age)_mortality_rate,NUMBER,38.0
2008,RS,_T,infant_(up_to_12_months_of_age)_mortality_rate,NUMBER,40.0
2009,RS,_T,infant_(up_to_12_months_of_age)_mortality_rate,NUMBER,51.0
2010,RS,_T,infant_(up_to_12_months_of_age)_mortality_rate,NUMBER,44.0
2011,RS,_T,infant_(up_to_12_months_of_age)_mortality_rate,NUMBER,43.0
2012,RS,_T,infant_(up_to_12_months_of_age)_mortality_rate,NUMBER,37.0
2013,RS,_T,infant_(up_to_12_months_of_age)_mortality_rate,NUMBER,33.0
2014,RS,_T,infant_(up_to_12_months_of_age)_mortality_rate,NUMBER,29.0
2015,RS,_T,infant_(up_to_12_months_of_age)_mortality_rate,NUMBER,26.0
2016,RS,_T,infant_(up_to_12_months_of_age)_mortality_rate,NUMBER,23.0
2017,RS,_T,infant_(up_to_12_months_of_age)_mortality_rate,NUMBER,26.0
2018,RS,_T,infant_(up_to_12_months_of_age)_mortality_rate,NUMBER,17.0
2019,RS,_T,infant_(up_to_12_months_of_age)_mortality_rate,NUMBER,15.0
1996,RS,M,infant_(up_to_12_months_of_age)_mortality_rate,NUMBER,99.0
1997,RS,M,infant_(up_to_12_months_of_age)_mortality_rate,NUMBER,93.0
1998,RS,M,infant_(up_to_12_months_of_age)_mortality_rate,NUMBER,67.0
1999,RS,M,infant_(up_to_12_months_of_age)_mortality_rate,NUMBER,68.0
2000,RS,M,infant_(up_to_12_months_of_age)_mortality_rate,NUMBER,57.0
2001,RS,M,infant_(up_to_12_months_of_age)_mortality_rate,NUMBER,41.0
2002,RS,M,infant_(up_to_12_months_of_age)_mortality_rate,NUMBER,53.0
2003,RS,M,infant_(up_to_12_months_of_age)_mortality_rate,NUMBER,32.0
2004,RS,M,infant_(up_to_12_months_of_age)_mortality_rate,NUMBER,43.0
2005,RS,M,infant_(up_to_12_months_of_age)_mortality_rate,NUMBER,20.0
2006,RS,M,infant_(up_to_12_months_of_age)_mortality_rate,NUMBER,31.0
2007,RS,M,infant_(up_to_12_months_of_age)_mortality_rate,NUMBER,18.0
2008,RS,M,infant_(up_to_12_months_of_age)_mortality_rate,NUMBER,20.0
2009,RS,M,infant_(up_to_12_months_of_age)_mortality_rate,NUMBER,29.0
2010,RS,M,infant_(up_to_12_months_of_age)_mortality_rate,NUMBER,20.0
2011,RS,M,infant_(up_to_12_months_of_age)_mortality_rate,NUMBER,26.0
2012,RS,M,infant_(up_to_12_months_of_age)_mortality_rate,NUMBER,25.0
2013,RS,M,infant_(up_to_12_months_of_age)_mortality_rate,NUMBER,21.0
2014,RS,M,infant_(up_to_12_months_of_age)_mortality_rate,NUMBER,11.0
2015,RS,M,infant_(up_to_12_months_of_age)_mortality_rate,NUMBER,9.0
2016,RS,M,infant_(up_to_12_months_of_age)_mortality_rate,NUMBER,17.0
2017,RS,M,infant_(up_to_12_months_of_age)_mortality_rate,NUMBER,13.0
2018,RS,M,infant_(up_to_12_months_of_age)_mortality_rate,NUMBER,7.0
2019,RS,M,infant_(up_to_12_months_of_age)_mortality_rate,NUMBER,7.0
1996,RS,F,infant_(up_to_12_months_of_age)_mortality_rate,NUMBER,80.0
1997,RS,F,infant_(up_to_12_months_of_age)_mortality_rate,NUMBER,63.0
1998,RS,F,infant_(up_to_12_months_of_age)_mortality_rate,NUMBER,45.0
1999,RS,F,infant_(up_to_12_months_of_age)_mortality_rate,NUMBER,51.0
2000,RS,F,infant_(up_to_12_months_of_age)_mortality_rate,NUMBER,46.0
2001,RS,F,infant_(up_to_12_months_of_age)_mortality_rate,NUMBER,32.0
2002,RS,F,infant_(up_to_12_months_of_age)_mortality_rate,NUMBER,36.0
2003,RS,F,infant_(up_to_12_months_of_age)_mortality_rate,NUMBER,32.0
2004,RS,F,infant_(up_to_12_months_of_age)_mortality_rate,NUMBER,18.0
2005,RS,F,infant_(up_to_12_months_of_age)_mortality_rate,NUMBER,17.0
2006,RS,F,infant_(up_to_12_months_of_age)_mortality_rate,NUMBER,19.0
2007,RS,F,infant_(up_to_12_months_of_age)_mortality_rate,NUMBER,20.0
2008,RS,F,infant_(up_to_12_months_of_age)_mortality_rate,NUMBER,20.0
2009,RS,F,infant_(up_to_12_months_of_age)_mortality_rate,NUMBER,22.0
2010,RS,F,infant_(up_to_12_months_of_age)_mortality_rate,NUMBER,24.0
2011,RS,F,infant_(up_to_12_months_of_age)_mortality_rate,NUMBER,17.0
2012,RS,F,infant_(up_to_12_months_of_age)_mortality_rate,NUMBER,12.0
2013,RS,F,infant_(up_to_12_months_of_age)_mortality_rate,NUMBER,12.0
2014,RS,F,infant_(up_to_12_months_of_age)_mortality_rate,NUMBER,18.0
2015,RS,F,infant_(up_to_12_months_of_age)_mortality_rate,NUMBER,17.0
2016,RS,F,infant_(up_to_12_months_of_age)_mortality_rate,NUMBER,6.0
2017,RS,F,infant_(up_to_12_months_of_age)_mortality_rate,NUMBER,13.0
2018,RS,F,infant_(up_to_12_months_of_age)_mortality_rate,NUMBER,10.0
2019,RS,F,infant_(up_to_12_months_of_age)_mortality_rate,NUMBER,8.0
