Year,UNIT_MEASURE,SEX,Entity,BIRTHS,Value
1996,NUMBER,_T,BIH,LIVE_BIRTH,46594
1997,NUMBER,_T,BIH,LIVE_BIRTH,48397
1998,NUMBER,_T,BIH,LIVE_BIRTH,45007
1999,NUMBER,_T,BIH,LIVE_BIRTH,42464
2000,NUMBER,_T,BIH,LIVE_BIRTH,39563
2001,NUMBER,_T,BIH,LIVE_BIRTH,37717
2002,NUMBER,_T,BIH,LIVE_BIRTH,35587
2003,NUMBER,_T,BIH,LIVE_BIRTH,35234
2004,NUMBER,_T,BIH,LIVE_BIRTH,35151
2005,NUMBER,_T,BIH,LIVE_BIRTH,34627
2006,NUMBER,_T,BIH,LIVE_BIRTH,34033
2007,NUMBER,_T,BIH,LIVE_BIRTH,33835
2008,NUMBER,_T,BIH,LIVE_BIRTH,34176
2009,NUMBER,_T,BIH,LIVE_BIRTH,34550
2010,NUMBER,_T,BIH,LIVE_BIRTH,33528
2011,NUMBER,_T,BIH,LIVE_BIRTH,31811
2012,NUMBER,_T,BIH,LIVE_BIRTH,32547
2013,NUMBER,_T,BIH,LIVE_BIRTH,30684
2014,NUMBER,_T,BIH,LIVE_BIRTH,30268
2015,NUMBER,_T,BIH,LIVE_BIRTH,29770
2016,NUMBER,_T,BIH,LIVE_BIRTH,30183
2017,NUMBER,_T,BIH,LIVE_BIRTH,30200
2018,NUMBER,_T,BIH,LIVE_BIRTH,29467
2019,NUMBER,_T,BIH,LIVE_BIRTH,28360
1996,NUMBER,M,BIH,LIVE_BIRTH,24398
1997,NUMBER,M,BIH,LIVE_BIRTH,25297
1998,NUMBER,M,BIH,LIVE_BIRTH,23425
1999,NUMBER,M,BIH,LIVE_BIRTH,21636
2000,NUMBER,M,BIH,LIVE_BIRTH,20407
2001,NUMBER,M,BIH,LIVE_BIRTH,19400
2002,NUMBER,M,BIH,LIVE_BIRTH,18297
2003,NUMBER,M,BIH,LIVE_BIRTH,18330
2004,NUMBER,M,BIH,LIVE_BIRTH,18133
2005,NUMBER,M,BIH,LIVE_BIRTH,17797
2006,NUMBER,M,BIH,LIVE_BIRTH,17547
2007,NUMBER,M,BIH,LIVE_BIRTH,17534
2008,NUMBER,M,BIH,LIVE_BIRTH,17585
2009,NUMBER,M,BIH,LIVE_BIRTH,18001
2010,NUMBER,M,BIH,LIVE_BIRTH,17277
2011,NUMBER,M,BIH,LIVE_BIRTH,16531
2012,NUMBER,M,BIH,LIVE_BIRTH,16790
2013,NUMBER,M,BIH,LIVE_BIRTH,15835
2014,NUMBER,M,BIH,LIVE_BIRTH,15597
2015,NUMBER,M,BIH,LIVE_BIRTH,15308
2016,NUMBER,M,BIH,LIVE_BIRTH,15716
2017,NUMBER,M,BIH,LIVE_BIRTH,15674
2018,NUMBER,M,BIH,LIVE_BIRTH,15268
2019,NUMBER,M,BIH,LIVE_BIRTH,14806
1996,NUMBER,F,BIH,LIVE_BIRTH,22196
1997,NUMBER,F,BIH,LIVE_BIRTH,23100
1998,NUMBER,F,BIH,LIVE_BIRTH,21582
1999,NUMBER,F,BIH,LIVE_BIRTH,20828
2000,NUMBER,F,BIH,LIVE_BIRTH,19156
2001,NUMBER,F,BIH,LIVE_BIRTH,18317
2002,NUMBER,F,BIH,LIVE_BIRTH,17290
2003,NUMBER,F,BIH,LIVE_BIRTH,16904
2004,NUMBER,F,BIH,LIVE_BIRTH,17018
2005,NUMBER,F,BIH,LIVE_BIRTH,16830
2006,NUMBER,F,BIH,LIVE_BIRTH,16486
2007,NUMBER,F,BIH,LIVE_BIRTH,16301
2008,NUMBER,F,BIH,LIVE_BIRTH,16591
2009,NUMBER,F,BIH,LIVE_BIRTH,16549
2010,NUMBER,F,BIH,LIVE_BIRTH,16251
2011,NUMBER,F,BIH,LIVE_BIRTH,15280
2012,NUMBER,F,BIH,LIVE_BIRTH,15757
2013,NUMBER,F,BIH,LIVE_BIRTH,14849
2014,NUMBER,F,BIH,LIVE_BIRTH,14671
2015,NUMBER,F,BIH,LIVE_BIRTH,14462
2016,NUMBER,F,BIH,LIVE_BIRTH,14467
2017,NUMBER,F,BIH,LIVE_BIRTH,14526
2018,NUMBER,F,BIH,LIVE_BIRTH,14199
2019,NUMBER,F,BIH,LIVE_BIRTH,13554
1996,NUMBER,_T,BIH,DEATHS,25152
1997,NUMBER,_T,BIH,DEATHS,27875
1998,NUMBER,_T,BIH,DEATHS,28679
1999,NUMBER,_T,BIH,DEATHS,28637
2000,NUMBER,_T,BIH,DEATHS,30482
2001,NUMBER,_T,BIH,DEATHS,30325
2002,NUMBER,_T,BIH,DEATHS,30155
2003,NUMBER,_T,BIH,DEATHS,31757
2004,NUMBER,_T,BIH,DEATHS,32616
2005,NUMBER,_T,BIH,DEATHS,34402
2006,NUMBER,_T,BIH,DEATHS,33221
2007,NUMBER,_T,BIH,DEATHS,35044
2008,NUMBER,_T,BIH,DEATHS,34026
2009,NUMBER,_T,BIH,DEATHS,34904
2010,NUMBER,_T,BIH,DEATHS,35118
2011,NUMBER,_T,BIH,DEATHS,35028
2012,NUMBER,_T,BIH,DEATHS,35817
2013,NUMBER,_T,BIH,DEATHS,35662
2014,NUMBER,_T,BIH,DEATHS,35980
2015,NUMBER,_T,BIH,DEATHS,38150
2016,NUMBER,_T,BIH,DEATHS,36571
2017,NUMBER,_T,BIH,DEATHS,37979
2018,NUMBER,_T,BIH,DEATHS,37744
2019,NUMBER,_T,BIH,DEATHS,38829
1996,NUMBER,M,BIH,DEATHS,13952
1997,NUMBER,M,BIH,DEATHS,15184
1998,NUMBER,M,BIH,DEATHS,15303
1999,NUMBER,M,BIH,DEATHS,15161
2000,NUMBER,M,BIH,DEATHS,16058
2001,NUMBER,M,BIH,DEATHS,16202
2002,NUMBER,M,BIH,DEATHS,15647
2003,NUMBER,M,BIH,DEATHS,16590
2004,NUMBER,M,BIH,DEATHS,16780
2005,NUMBER,M,BIH,DEATHS,18018
2006,NUMBER,M,BIH,DEATHS,17308
2007,NUMBER,M,BIH,DEATHS,18154
2008,NUMBER,M,BIH,DEATHS,17687
2009,NUMBER,M,BIH,DEATHS,17884
2010,NUMBER,M,BIH,DEATHS,17900
2011,NUMBER,M,BIH,DEATHS,17965
2012,NUMBER,M,BIH,DEATHS,18436
2013,NUMBER,M,BIH,DEATHS,18217
2014,NUMBER,M,BIH,DEATHS,18360
2015,NUMBER,M,BIH,DEATHS,19219
2016,NUMBER,M,BIH,DEATHS,18542
2017,NUMBER,M,BIH,DEATHS,19186
2018,NUMBER,M,BIH,DEATHS,19007
2019,NUMBER,M,BIH,DEATHS,19042
1996,NUMBER,F,BIH,DEATHS,11200
1997,NUMBER,F,BIH,DEATHS,12691
1998,NUMBER,F,BIH,DEATHS,13376
1999,NUMBER,F,BIH,DEATHS,13476
2000,NUMBER,F,BIH,DEATHS,14424
2001,NUMBER,F,BIH,DEATHS,14123
2002,NUMBER,F,BIH,DEATHS,14508
2003,NUMBER,F,BIH,DEATHS,15167
2004,NUMBER,F,BIH,DEATHS,15836
2005,NUMBER,F,BIH,DEATHS,16384
2006,NUMBER,F,BIH,DEATHS,15913
2007,NUMBER,F,BIH,DEATHS,16890
2008,NUMBER,F,BIH,DEATHS,16339
2009,NUMBER,F,BIH,DEATHS,17020
2010,NUMBER,F,BIH,DEATHS,17218
2011,NUMBER,F,BIH,DEATHS,17063
2012,NUMBER,F,BIH,DEATHS,17381
2013,NUMBER,F,BIH,DEATHS,17445
2014,NUMBER,F,BIH,DEATHS,17620
2015,NUMBER,F,BIH,DEATHS,18931
2016,NUMBER,F,BIH,DEATHS,18029
2017,NUMBER,F,BIH,DEATHS,18793
2018,NUMBER,F,BIH,DEATHS,18737
2019,NUMBER,F,BIH,DEATHS,19787
1996,NUMBER,_T,BIH,NATURAL_CHANGE,21442
1997,NUMBER,_T,BIH,NATURAL_CHANGE,20522
1998,NUMBER,_T,BIH,NATURAL_CHANGE,16328
1999,NUMBER,_T,BIH,NATURAL_CHANGE,13827
2000,NUMBER,_T,BIH,NATURAL_CHANGE,9081
2001,NUMBER,_T,BIH,NATURAL_CHANGE,7392
2002,NUMBER,_T,BIH,NATURAL_CHANGE,5432
2003,NUMBER,_T,BIH,NATURAL_CHANGE,3477
2004,NUMBER,_T,BIH,NATURAL_CHANGE,2535
2005,NUMBER,_T,BIH,NATURAL_CHANGE,225
2006,NUMBER,_T,BIH,NATURAL_CHANGE,812
2007,NUMBER,_T,BIH,NATURAL_CHANGE,-1209
2008,NUMBER,_T,BIH,NATURAL_CHANGE,150
2009,NUMBER,_T,BIH,NATURAL_CHANGE,-354
2010,NUMBER,_T,BIH,NATURAL_CHANGE,-1590
2011,NUMBER,_T,BIH,NATURAL_CHANGE,-3217
2012,NUMBER,_T,BIH,NATURAL_CHANGE,-3270
2013,NUMBER,_T,BIH,NATURAL_CHANGE,-4978
2014,NUMBER,_T,BIH,NATURAL_CHANGE,-5712
2015,NUMBER,_T,BIH,NATURAL_CHANGE,-8380
2016,NUMBER,_T,BIH,NATURAL_CHANGE,-6388
2017,NUMBER,_T,BIH,NATURAL_CHANGE,-7779
2018,NUMBER,_T,BIH,NATURAL_CHANGE,-8277
2019,NUMBER,_T,BIH,NATURAL_CHANGE,-10469
1997,NUMBER,_T,FBIH,LIVE_BIRTH,34304
1998,NUMBER,_T,FBIH,LIVE_BIRTH,31480
1999,NUMBER,_T,FBIH,LIVE_BIRTH,27964
2000,NUMBER,_T,FBIH,LIVE_BIRTH,25372
2001,NUMBER,_T,FBIH,LIVE_BIRTH,24018
2002,NUMBER,_T,FBIH,LIVE_BIRTH,23251
2003,NUMBER,_T,FBIH,LIVE_BIRTH,23168
2004,NUMBER,_T,FBIH,LIVE_BIRTH,22250
2005,NUMBER,_T,FBIH,LIVE_BIRTH,21934
2006,NUMBER,_T,FBIH,LIVE_BIRTH,21602
2007,NUMBER,_T,FBIH,LIVE_BIRTH,21715
2008,NUMBER,_T,FBIH,LIVE_BIRTH,22920
2009,NUMBER,_T,FBIH,LIVE_BIRTH,22913
2010,NUMBER,_T,FBIH,LIVE_BIRTH,22382
2011,NUMBER,_T,FBIH,LIVE_BIRTH,21228
2012,NUMBER,_T,FBIH,LIVE_BIRTH,21472
2013,NUMBER,_T,FBIH,LIVE_BIRTH,20145
2014,NUMBER,_T,FBIH,LIVE_BIRTH,19880
2015,NUMBER,_T,FBIH,LIVE_BIRTH,19358
2016,NUMBER,_T,FBIH,LIVE_BIRTH,19655
2017,NUMBER,_T,FBIH,LIVE_BIRTH,19824
2018,NUMBER,_T,FBIH,LIVE_BIRTH,18899
2019,NUMBER,_T,FBIH,LIVE_BIRTH,18019
1997,NUMBER,M,FBIH,LIVE_BIRTH,17961
1998,NUMBER,M,FBIH,LIVE_BIRTH,16344
1999,NUMBER,M,FBIH,LIVE_BIRTH,14242
2000,NUMBER,M,FBIH,LIVE_BIRTH,13088
2001,NUMBER,M,FBIH,LIVE_BIRTH,12347
2002,NUMBER,M,FBIH,LIVE_BIRTH,11932
2003,NUMBER,M,FBIH,LIVE_BIRTH,12083
2004,NUMBER,M,FBIH,LIVE_BIRTH,11476
2005,NUMBER,M,FBIH,LIVE_BIRTH,11287
2006,NUMBER,M,FBIH,LIVE_BIRTH,11207
2007,NUMBER,M,FBIH,LIVE_BIRTH,11293
2008,NUMBER,M,FBIH,LIVE_BIRTH,11730
2009,NUMBER,M,FBIH,LIVE_BIRTH,11876
2010,NUMBER,M,FBIH,LIVE_BIRTH,11561
2011,NUMBER,M,FBIH,LIVE_BIRTH,11014
2012,NUMBER,M,FBIH,LIVE_BIRTH,11154
2013,NUMBER,M,FBIH,LIVE_BIRTH,10391
2014,NUMBER,M,FBIH,LIVE_BIRTH,10185
2015,NUMBER,M,FBIH,LIVE_BIRTH,9884
2016,NUMBER,M,FBIH,LIVE_BIRTH,10214
2017,NUMBER,M,FBIH,LIVE_BIRTH,10247
2018,NUMBER,M,FBIH,LIVE_BIRTH,9742
2019,NUMBER,M,FBIH,LIVE_BIRTH,9342
1997,NUMBER,F,FBIH,LIVE_BIRTH,16343
1998,NUMBER,F,FBIH,LIVE_BIRTH,15136
1999,NUMBER,F,FBIH,LIVE_BIRTH,13722
2000,NUMBER,F,FBIH,LIVE_BIRTH,12284
2001,NUMBER,F,FBIH,LIVE_BIRTH,11671
2002,NUMBER,F,FBIH,LIVE_BIRTH,11319
2003,NUMBER,F,FBIH,LIVE_BIRTH,11085
2004,NUMBER,F,FBIH,LIVE_BIRTH,10774
2005,NUMBER,F,FBIH,LIVE_BIRTH,10647
2006,NUMBER,F,FBIH,LIVE_BIRTH,10395
2007,NUMBER,F,FBIH,LIVE_BIRTH,10422
2008,NUMBER,F,FBIH,LIVE_BIRTH,11190
2009,NUMBER,F,FBIH,LIVE_BIRTH,11037
2010,NUMBER,F,FBIH,LIVE_BIRTH,10821
2011,NUMBER,F,FBIH,LIVE_BIRTH,10214
2012,NUMBER,F,FBIH,LIVE_BIRTH,10318
2013,NUMBER,F,FBIH,LIVE_BIRTH,9754
2014,NUMBER,F,FBIH,LIVE_BIRTH,9695
2015,NUMBER,F,FBIH,LIVE_BIRTH,9474
2016,NUMBER,F,FBIH,LIVE_BIRTH,9441
2017,NUMBER,F,FBIH,LIVE_BIRTH,9577
2018,NUMBER,F,FBIH,LIVE_BIRTH,9157
2019,NUMBER,F,FBIH,LIVE_BIRTH,8677
1997,NUMBER,_T,FBIH,DEATHS,14703
1998,NUMBER,_T,FBIH,DEATHS,15311
1999,NUMBER,_T,FBIH,DEATHS,15516
2000,NUMBER,_T,FBIH,DEATHS,16985
2001,NUMBER,_T,FBIH,DEATHS,16756
2002,NUMBER,_T,FBIH,DEATHS,16988
2003,NUMBER,_T,FBIH,DEATHS,18049
2004,NUMBER,_T,FBIH,DEATHS,18122
2005,NUMBER,_T,FBIH,DEATHS,19099
2006,NUMBER,_T,FBIH,DEATHS,18497
2007,NUMBER,_T,FBIH,DEATHS,19280
2008,NUMBER,_T,FBIH,DEATHS,19306
2009,NUMBER,_T,FBIH,DEATHS,19829
2010,NUMBER,_T,FBIH,DEATHS,20256
2011,NUMBER,_T,FBIH,DEATHS,19979
2012,NUMBER,_T,FBIH,DEATHS,20621
2013,NUMBER,_T,FBIH,DEATHS,20269
2014,NUMBER,_T,FBIH,DEATHS,20030
2015,NUMBER,_T,FBIH,DEATHS,21474
2016,NUMBER,_T,FBIH,DEATHS,21105
2017,NUMBER,_T,FBIH,DEATHS,21689
2018,NUMBER,_T,FBIH,DEATHS,21442
2019,NUMBER,_T,FBIH,DEATHS,22024
1997,NUMBER,M,FBIH,DEATHS,7908
1998,NUMBER,M,FBIH,DEATHS,8216
1999,NUMBER,M,FBIH,DEATHS,8194
2000,NUMBER,M,FBIH,DEATHS,8917
2001,NUMBER,M,FBIH,DEATHS,8830
2002,NUMBER,M,FBIH,DEATHS,8757
2003,NUMBER,M,FBIH,DEATHS,9344
2004,NUMBER,M,FBIH,DEATHS,9258
2005,NUMBER,M,FBIH,DEATHS,9934
2006,NUMBER,M,FBIH,DEATHS,9538
2007,NUMBER,M,FBIH,DEATHS,9921
2008,NUMBER,M,FBIH,DEATHS,9982
2009,NUMBER,M,FBIH,DEATHS,10077
2010,NUMBER,M,FBIH,DEATHS,10220
2011,NUMBER,M,FBIH,DEATHS,10234
2012,NUMBER,M,FBIH,DEATHS,10599
2013,NUMBER,M,FBIH,DEATHS,10250
2014,NUMBER,M,FBIH,DEATHS,10184
2015,NUMBER,M,FBIH,DEATHS,10722
2016,NUMBER,M,FBIH,DEATHS,10538
2017,NUMBER,M,FBIH,DEATHS,10979
2018,NUMBER,M,FBIH,DEATHS,10756
2019,NUMBER,M,FBIH,DEATHS,11140
1997,NUMBER,F,FBIH,DEATHS,6795
1998,NUMBER,F,FBIH,DEATHS,7095
1999,NUMBER,F,FBIH,DEATHS,7322
2000,NUMBER,F,FBIH,DEATHS,8068
2001,NUMBER,F,FBIH,DEATHS,7926
2002,NUMBER,F,FBIH,DEATHS,8231
2003,NUMBER,F,FBIH,DEATHS,8705
2004,NUMBER,F,FBIH,DEATHS,8864
2005,NUMBER,F,FBIH,DEATHS,9165
2006,NUMBER,F,FBIH,DEATHS,8959
2007,NUMBER,F,FBIH,DEATHS,9359
2008,NUMBER,F,FBIH,DEATHS,9324
2009,NUMBER,F,FBIH,DEATHS,9752
2010,NUMBER,F,FBIH,DEATHS,10036
2011,NUMBER,F,FBIH,DEATHS,9745
2012,NUMBER,F,FBIH,DEATHS,10022
2013,NUMBER,F,FBIH,DEATHS,10019
2014,NUMBER,F,FBIH,DEATHS,9846
2015,NUMBER,F,FBIH,DEATHS,10752
2016,NUMBER,F,FBIH,DEATHS,10567
2017,NUMBER,F,FBIH,DEATHS,10710
2018,NUMBER,F,FBIH,DEATHS,10686
2019,NUMBER,F,FBIH,DEATHS,10884
1997,NUMBER,_T,FBIH,NATURAL_CHANGE,19601
1998,NUMBER,_T,FBIH,NATURAL_CHANGE,16169
1999,NUMBER,_T,FBIH,NATURAL_CHANGE,12448
2000,NUMBER,_T,FBIH,NATURAL_CHANGE,8387
2001,NUMBER,_T,FBIH,NATURAL_CHANGE,7262
2002,NUMBER,_T,FBIH,NATURAL_CHANGE,6263
2003,NUMBER,_T,FBIH,NATURAL_CHANGE,5119
2004,NUMBER,_T,FBIH,NATURAL_CHANGE,4128
2005,NUMBER,_T,FBIH,NATURAL_CHANGE,2835
2006,NUMBER,_T,FBIH,NATURAL_CHANGE,3105
2007,NUMBER,_T,FBIH,NATURAL_CHANGE,2435
2008,NUMBER,_T,FBIH,NATURAL_CHANGE,3614
2009,NUMBER,_T,FBIH,NATURAL_CHANGE,3084
2010,NUMBER,_T,FBIH,NATURAL_CHANGE,2126
2011,NUMBER,_T,FBIH,NATURAL_CHANGE,1249
2012,NUMBER,_T,FBIH,NATURAL_CHANGE,851
2013,NUMBER,_T,FBIH,NATURAL_CHANGE,-124
2014,NUMBER,_T,FBIH,NATURAL_CHANGE,-150
2015,NUMBER,_T,FBIH,NATURAL_CHANGE,-2116
2016,NUMBER,_T,FBIH,NATURAL_CHANGE,-1450
2017,NUMBER,_T,FBIH,NATURAL_CHANGE,-1865
2018,NUMBER,_T,FBIH,NATURAL_CHANGE,-2543
2019,NUMBER,_T,FBIH,NATURAL_CHANGE,-4005
1996,NUMBER,_T,RS,LIVE_BIRTH,12263
1997,NUMBER,_T,RS,LIVE_BIRTH,13757
1998,NUMBER,_T,RS,LIVE_BIRTH,13527
1999,NUMBER,_T,RS,LIVE_BIRTH,14500
2000,NUMBER,_T,RS,LIVE_BIRTH,14191
2001,NUMBER,_T,RS,LIVE_BIRTH,13699
2002,NUMBER,_T,RS,LIVE_BIRTH,12336
2003,NUMBER,_T,RS,LIVE_BIRTH,10537
2004,NUMBER,_T,RS,LIVE_BIRTH,10628
2005,NUMBER,_T,RS,LIVE_BIRTH,10322
2006,NUMBER,_T,RS,LIVE_BIRTH,10524
2007,NUMBER,_T,RS,LIVE_BIRTH,10110
2008,NUMBER,_T,RS,LIVE_BIRTH,10198
2009,NUMBER,_T,RS,LIVE_BIRTH,10603
2010,NUMBER,_T,RS,LIVE_BIRTH,10147
2011,NUMBER,_T,RS,LIVE_BIRTH,9561
2012,NUMBER,_T,RS,LIVE_BIRTH,9978
2013,NUMBER,_T,RS,LIVE_BIRTH,9510
2014,NUMBER,_T,RS,LIVE_BIRTH,9335
2015,NUMBER,_T,RS,LIVE_BIRTH,9357
2016,NUMBER,_T,RS,LIVE_BIRTH,9452
2017,NUMBER,_T,RS,LIVE_BIRTH,9339
2018,NUMBER,_T,RS,LIVE_BIRTH,9568
2019,NUMBER,_T,RS,LIVE_BIRTH,9274
1996,NUMBER,M,RS,LIVE_BIRTH,6368
1997,NUMBER,M,RS,LIVE_BIRTH,7176
1998,NUMBER,M,RS,LIVE_BIRTH,7081
1999,NUMBER,M,RS,LIVE_BIRTH,7394
2000,NUMBER,M,RS,LIVE_BIRTH,7319
2001,NUMBER,M,RS,LIVE_BIRTH,7053
2002,NUMBER,M,RS,LIVE_BIRTH,6365
2003,NUMBER,M,RS,LIVE_BIRTH,5450
2004,NUMBER,M,RS,LIVE_BIRTH,5515
2005,NUMBER,M,RS,LIVE_BIRTH,5302
2006,NUMBER,M,RS,LIVE_BIRTH,5351
2007,NUMBER,M,RS,LIVE_BIRTH,5203
2008,NUMBER,M,RS,LIVE_BIRTH,5262
2009,NUMBER,M,RS,LIVE_BIRTH,5577
2010,NUMBER,M,RS,LIVE_BIRTH,5184
2011,NUMBER,M,RS,LIVE_BIRTH,5008
2012,NUMBER,M,RS,LIVE_BIRTH,5089
2013,NUMBER,M,RS,LIVE_BIRTH,4907
2014,NUMBER,M,RS,LIVE_BIRTH,4846
2015,NUMBER,M,RS,LIVE_BIRTH,4842
2016,NUMBER,M,RS,LIVE_BIRTH,4931
2017,NUMBER,M,RS,LIVE_BIRTH,4886
2018,NUMBER,M,RS,LIVE_BIRTH,5001
2019,NUMBER,M,RS,LIVE_BIRTH,4907
1996,NUMBER,F,RS,LIVE_BIRTH,5895
1997,NUMBER,F,RS,LIVE_BIRTH,6581
1998,NUMBER,F,RS,LIVE_BIRTH,6446
1999,NUMBER,F,RS,LIVE_BIRTH,7106
2000,NUMBER,F,RS,LIVE_BIRTH,6872
2001,NUMBER,F,RS,LIVE_BIRTH,6646
2002,NUMBER,F,RS,LIVE_BIRTH,5971
2003,NUMBER,F,RS,LIVE_BIRTH,5087
2004,NUMBER,F,RS,LIVE_BIRTH,5113
2005,NUMBER,F,RS,LIVE_BIRTH,5020
2006,NUMBER,F,RS,LIVE_BIRTH,5173
2007,NUMBER,F,RS,LIVE_BIRTH,4907
2008,NUMBER,F,RS,LIVE_BIRTH,4936
2009,NUMBER,F,RS,LIVE_BIRTH,5026
2010,NUMBER,F,RS,LIVE_BIRTH,4963
2011,NUMBER,F,RS,LIVE_BIRTH,4553
2012,NUMBER,F,RS,LIVE_BIRTH,4889
2013,NUMBER,F,RS,LIVE_BIRTH,4603
2014,NUMBER,F,RS,LIVE_BIRTH,4489
2015,NUMBER,F,RS,LIVE_BIRTH,4515
2016,NUMBER,F,RS,LIVE_BIRTH,4521
2017,NUMBER,F,RS,LIVE_BIRTH,4453
2018,NUMBER,F,RS,LIVE_BIRTH,4567
2019,NUMBER,F,RS,LIVE_BIRTH,4367
1996,NUMBER,_T,RS,DEATHS,10931
1997,NUMBER,_T,RS,DEATHS,11755
1998,NUMBER,_T,RS,DEATHS,12123
1999,NUMBER,_T,RS,DEATHS,12152
2000,NUMBER,_T,RS,DEATHS,12960
2001,NUMBER,_T,RS,DEATHS,12932
2002,NUMBER,_T,RS,DEATHS,12980
2003,NUMBER,_T,RS,DEATHS,12988
2004,NUMBER,_T,RS,DEATHS,13082
2005,NUMBER,_T,RS,DEATHS,13802
2006,NUMBER,_T,RS,DEATHS,13232
2007,NUMBER,_T,RS,DEATHS,14146
2008,NUMBER,_T,RS,DEATHS,13501
2009,NUMBER,_T,RS,DEATHS,13775
2010,NUMBER,_T,RS,DEATHS,13517
2011,NUMBER,_T,RS,DEATHS,13658
2012,NUMBER,_T,RS,DEATHS,13796
2013,NUMBER,_T,RS,DEATHS,13978
2014,NUMBER,_T,RS,DEATHS,14409
2015,NUMBER,_T,RS,DEATHS,15059
2016,NUMBER,_T,RS,DEATHS,13970
2017,NUMBER,_T,RS,DEATHS,14663
2018,NUMBER,_T,RS,DEATHS,14763
2019,NUMBER,_T,RS,DEATHS,15081
1996,NUMBER,M,RS,DEATHS,6056
1997,NUMBER,M,RS,DEATHS,6495
1998,NUMBER,M,RS,DEATHS,6418
1999,NUMBER,M,RS,DEATHS,6462
2000,NUMBER,M,RS,DEATHS,6861
2001,NUMBER,M,RS,DEATHS,7026
2002,NUMBER,M,RS,DEATHS,6791
2003,NUMBER,M,RS,DEATHS,6804
2004,NUMBER,M,RS,DEATHS,6735
2005,NUMBER,M,RS,DEATHS,7239
2006,NUMBER,M,RS,DEATHS,6904
2007,NUMBER,M,RS,DEATHS,7302
2008,NUMBER,M,RS,DEATHS,7058
2009,NUMBER,M,RS,DEATHS,7099
2010,NUMBER,M,RS,DEATHS,6935
2011,NUMBER,M,RS,DEATHS,7001
2012,NUMBER,M,RS,DEATHS,7064
2013,NUMBER,M,RS,DEATHS,7237
2014,NUMBER,M,RS,DEATHS,7386
2015,NUMBER,M,RS,DEATHS,7640
2016,NUMBER,M,RS,DEATHS,7198
2017,NUMBER,M,RS,DEATHS,7363
2018,NUMBER,M,RS,DEATHS,7449
2019,NUMBER,M,RS,DEATHS,7753
1996,NUMBER,F,RS,DEATHS,4875
1997,NUMBER,F,RS,DEATHS,5260
1998,NUMBER,F,RS,DEATHS,5705
1999,NUMBER,F,RS,DEATHS,5690
2000,NUMBER,F,RS,DEATHS,6099
2001,NUMBER,F,RS,DEATHS,5906
2002,NUMBER,F,RS,DEATHS,6189
2003,NUMBER,F,RS,DEATHS,6184
2004,NUMBER,F,RS,DEATHS,6347
2005,NUMBER,F,RS,DEATHS,6563
2006,NUMBER,F,RS,DEATHS,6328
2007,NUMBER,F,RS,DEATHS,6844
2008,NUMBER,F,RS,DEATHS,6443
2009,NUMBER,F,RS,DEATHS,6676
2010,NUMBER,F,RS,DEATHS,6582
2011,NUMBER,F,RS,DEATHS,6657
2012,NUMBER,F,RS,DEATHS,6732
2013,NUMBER,F,RS,DEATHS,6741
2014,NUMBER,F,RS,DEATHS,7023
2015,NUMBER,F,RS,DEATHS,7419
2016,NUMBER,F,RS,DEATHS,6772
2017,NUMBER,F,RS,DEATHS,7300
2018,NUMBER,F,RS,DEATHS,7314
2019,NUMBER,F,RS,DEATHS,7328
1996,NUMBER,_T,RS,NATURAL_CHANGE,1332
1997,NUMBER,_T,RS,NATURAL_CHANGE,2002
1998,NUMBER,_T,RS,NATURAL_CHANGE,1404
1999,NUMBER,_T,RS,NATURAL_CHANGE,2348
2000,NUMBER,_T,RS,NATURAL_CHANGE,1231
2001,NUMBER,_T,RS,NATURAL_CHANGE,767
2002,NUMBER,_T,RS,NATURAL_CHANGE,-644
2003,NUMBER,_T,RS,NATURAL_CHANGE,-2451
2004,NUMBER,_T,RS,NATURAL_CHANGE,-2454
2005,NUMBER,_T,RS,NATURAL_CHANGE,-3480
2006,NUMBER,_T,RS,NATURAL_CHANGE,-2708
2007,NUMBER,_T,RS,NATURAL_CHANGE,-4036
2008,NUMBER,_T,RS,NATURAL_CHANGE,-3303
2009,NUMBER,_T,RS,NATURAL_CHANGE,-3172
2010,NUMBER,_T,RS,NATURAL_CHANGE,-3370
2011,NUMBER,_T,RS,NATURAL_CHANGE,-4097
2012,NUMBER,_T,RS,NATURAL_CHANGE,-3818
2013,NUMBER,_T,RS,NATURAL_CHANGE,-4468
2014,NUMBER,_T,RS,NATURAL_CHANGE,-5074
2015,NUMBER,_T,RS,NATURAL_CHANGE,-5702
2016,NUMBER,_T,RS,NATURAL_CHANGE,-4518
2017,NUMBER,_T,RS,NATURAL_CHANGE,-5324
2018,NUMBER,_T,RS,NATURAL_CHANGE,-5195
2019,NUMBER,_T,RS,NATURAL_CHANGE,-5807
2002,NUMBER,_T,BD,LIVE_BIRTH,898
2003,NUMBER,_T,BD,LIVE_BIRTH,987
2004,NUMBER,_T,BD,LIVE_BIRTH,984
2005,NUMBER,_T,BD,LIVE_BIRTH,977
2006,NUMBER,_T,BD,LIVE_BIRTH,912
2007,NUMBER,_T,BD,LIVE_BIRTH,976
2008,NUMBER,_T,BD,LIVE_BIRTH,905
2009,NUMBER,_T,BD,LIVE_BIRTH,933
2010,NUMBER,_T,BD,LIVE_BIRTH,916
2011,NUMBER,_T,BD,LIVE_BIRTH,905
2012,NUMBER,_T,BD,LIVE_BIRTH,964
2013,NUMBER,_T,BD,LIVE_BIRTH,896
2014,NUMBER,_T,BD,LIVE_BIRTH,919
2015,NUMBER,_T,BD,LIVE_BIRTH,932
2016,NUMBER,_T,BD,LIVE_BIRTH,878
2017,NUMBER,_T,BD,LIVE_BIRTH,898
2018,NUMBER,_T,BD,LIVE_BIRTH,861
2019,NUMBER,_T,BD,LIVE_BIRTH,899
2002,NUMBER,M,BD,LIVE_BIRTH,507
2003,NUMBER,M,BD,LIVE_BIRTH,501
2004,NUMBER,M,BD,LIVE_BIRTH,469
2005,NUMBER,M,BD,LIVE_BIRTH,506
2006,NUMBER,M,BD,LIVE_BIRTH,480
2007,NUMBER,M,BD,LIVE_BIRTH,504
2008,NUMBER,M,BD,LIVE_BIRTH,511
2009,NUMBER,M,BD,LIVE_BIRTH,496
2010,NUMBER,M,BD,LIVE_BIRTH,488
2011,NUMBER,M,BD,LIVE_BIRTH,448
2012,NUMBER,M,BD,LIVE_BIRTH,481
2013,NUMBER,M,BD,LIVE_BIRTH,476
2014,NUMBER,M,BD,LIVE_BIRTH,499
2015,NUMBER,M,BD,LIVE_BIRTH,514
2016,NUMBER,M,BD,LIVE_BIRTH,472
2017,NUMBER,M,BD,LIVE_BIRTH,472
2018,NUMBER,M,BD,LIVE_BIRTH,448
2019,NUMBER,M,BD,LIVE_BIRTH,456
2002,NUMBER,F,BD,LIVE_BIRTH,391
2003,NUMBER,F,BD,LIVE_BIRTH,486
2004,NUMBER,F,BD,LIVE_BIRTH,515
2005,NUMBER,F,BD,LIVE_BIRTH,471
2006,NUMBER,F,BD,LIVE_BIRTH,432
2007,NUMBER,F,BD,LIVE_BIRTH,472
2008,NUMBER,F,BD,LIVE_BIRTH,394
2009,NUMBER,F,BD,LIVE_BIRTH,437
2010,NUMBER,F,BD,LIVE_BIRTH,428
2011,NUMBER,F,BD,LIVE_BIRTH,457
2012,NUMBER,F,BD,LIVE_BIRTH,483
2013,NUMBER,F,BD,LIVE_BIRTH,420
2014,NUMBER,F,BD,LIVE_BIRTH,420
2015,NUMBER,F,BD,LIVE_BIRTH,418
2016,NUMBER,F,BD,LIVE_BIRTH,406
2017,NUMBER,F,BD,LIVE_BIRTH,426
2018,NUMBER,F,BD,LIVE_BIRTH,413
2019,NUMBER,F,BD,LIVE_BIRTH,443
2002,NUMBER,_T,BD,DEATHS,676
2003,NUMBER,_T,BD,DEATHS,771
2004,NUMBER,_T,BD,DEATHS,791
2005,NUMBER,_T,BD,DEATHS,830
2006,NUMBER,_T,BD,DEATHS,742
2007,NUMBER,_T,BD,DEATHS,818
2008,NUMBER,_T,BD,DEATHS,890
2009,NUMBER,_T,BD,DEATHS,912
2010,NUMBER,_T,BD,DEATHS,906
2011,NUMBER,_T,BD,DEATHS,954
2012,NUMBER,_T,BD,DEATHS,923
2013,NUMBER,_T,BD,DEATHS,936
2014,NUMBER,_T,BD,DEATHS,1000
2015,NUMBER,_T,BD,DEATHS,1114
2016,NUMBER,_T,BD,DEATHS,990
2017,NUMBER,_T,BD,DEATHS,1101
2018,NUMBER,_T,BD,DEATHS,1032
2019,NUMBER,_T,BD,DEATHS,1132
2002,NUMBER,M,BD,NATURAL_CHANGE,386
2003,NUMBER,M,BD,NATURAL_CHANGE,425
2004,NUMBER,M,BD,NATURAL_CHANGE,407
2005,NUMBER,M,BD,NATURAL_CHANGE,429
2006,NUMBER,M,BD,NATURAL_CHANGE,399
2007,NUMBER,M,BD,NATURAL_CHANGE,427
2008,NUMBER,M,BD,NATURAL_CHANGE,464
2009,NUMBER,M,BD,NATURAL_CHANGE,483
2010,NUMBER,M,BD,NATURAL_CHANGE,493
2011,NUMBER,M,BD,NATURAL_CHANGE,480
2012,NUMBER,M,BD,NATURAL_CHANGE,508
2013,NUMBER,M,BD,NATURAL_CHANGE,474
2014,NUMBER,M,BD,NATURAL_CHANGE,515
2015,NUMBER,M,BD,NATURAL_CHANGE,557
2016,NUMBER,M,BD,NATURAL_CHANGE,508
2017,NUMBER,M,BD,NATURAL_CHANGE,553
2018,NUMBER,M,BD,NATURAL_CHANGE,515
2019,NUMBER,M,BD,NATURAL_CHANGE,565
2002,NUMBER,F,BD,NATURAL_CHANGE,290
2003,NUMBER,F,BD,NATURAL_CHANGE,346
2004,NUMBER,F,BD,NATURAL_CHANGE,384
2005,NUMBER,F,BD,NATURAL_CHANGE,401
2006,NUMBER,F,BD,NATURAL_CHANGE,343
2007,NUMBER,F,BD,NATURAL_CHANGE,391
2008,NUMBER,F,BD,NATURAL_CHANGE,426
2009,NUMBER,F,BD,NATURAL_CHANGE,429
2010,NUMBER,F,BD,NATURAL_CHANGE,413
2011,NUMBER,F,BD,NATURAL_CHANGE,474
2012,NUMBER,F,BD,NATURAL_CHANGE,415
2013,NUMBER,F,BD,NATURAL_CHANGE,462
2014,NUMBER,F,BD,NATURAL_CHANGE,485
2015,NUMBER,F,BD,NATURAL_CHANGE,557
2016,NUMBER,F,BD,NATURAL_CHANGE,482
2017,NUMBER,F,BD,NATURAL_CHANGE,548
2018,NUMBER,F,BD,NATURAL_CHANGE,517
2019,NUMBER,F,BD,NATURAL_CHANGE,567
2002,NUMBER,_T,BD,NATURAL_CHANGE,222
2003,NUMBER,_T,BD,NATURAL_CHANGE,216
2004,NUMBER,_T,BD,NATURAL_CHANGE,193
2005,NUMBER,_T,BD,NATURAL_CHANGE,147
2006,NUMBER,_T,BD,NATURAL_CHANGE,170
2007,NUMBER,_T,BD,NATURAL_CHANGE,158
2008,NUMBER,_T,BD,NATURAL_CHANGE,15
2009,NUMBER,_T,BD,NATURAL_CHANGE,21
2010,NUMBER,_T,BD,NATURAL_CHANGE,10
2011,NUMBER,_T,BD,NATURAL_CHANGE,-49
2012,NUMBER,_T,BD,NATURAL_CHANGE,41
2013,NUMBER,_T,BD,NATURAL_CHANGE,-40
2014,NUMBER,_T,BD,NATURAL_CHANGE,-81
2015,NUMBER,_T,BD,NATURAL_CHANGE,-182
2016,NUMBER,_T,BD,NATURAL_CHANGE,-112
2017,NUMBER,_T,BD,NATURAL_CHANGE,-203
2018,NUMBER,_T,BD,NATURAL_CHANGE,-171
2019,NUMBER,_T,BD,NATURAL_CHANGE,-233
