Year,SERIES,UNIT_MEASURE,Value
2000,DC_ODA_POVLG,PT,0.50427
2001,DC_ODA_POVLG,PT,0.93125
2002,DC_ODA_POVLG,PT,0.13714
2003,DC_ODA_POVLG,PT,0.25946
2004,DC_ODA_POVLG,PT,0.23321
2005,DC_ODA_POVLG,PT,0.1206
2006,DC_ODA_POVLG,PT,0.14395
2007,DC_ODA_POVLG,PT,0.10574
2008,DC_ODA_POVLG,PT,0.0942
2009,DC_ODA_POVLG,PT,0.06307
2010,DC_ODA_POVLG,PT,0.14942
2011,DC_ODA_POVLG,PT,0.18138
2012,DC_ODA_POVLG,PT,0.27539
2013,DC_ODA_POVLG,PT,0.16629
2014,DC_ODA_POVLG,PT,0.09827
2015,DC_ODA_POVLG,PT,0.26383
2016,DC_ODA_POVLG,PT,0.16277
2017,DC_ODA_POVLG,PT,0.13437
2018,DC_ODA_POVLG,PT,0.07866
