Year,CAUSE_OF_DEATH,UNIT_MEASURE,SEX,Value
1999,neoplasms,NUMBER,_T,4591
1999,diseases_of_the_circulatory,NUMBER,_T,15911
1999,diseases_of_the_respiratory,NUMBER,_T,866
1999,diseases_of_the_digestive,NUMBER,_T,709
1999,symptoms_signs_and_abnormal,NUMBER,_T,2552
1999,injuries_poisoning_and_consequences,NUMBER,_T,1022
1999,total,NUMBER,_T,25651
1999,neoplasms,NUMBER,M,2752
1999,diseases_of_the_circulatory,NUMBER,M,77
1999,diseases_of_the_respiratory,NUMBER,M,498
1999,diseases_of_the_digestive,NUMBER,M,445
1999,symptoms_signs_and_abnormal,NUMBER,M,1347
1999,injuries_poisoning_and_consequences,NUMBER,M,786
1999,total,NUMBER,M,13528
1999,neoplasms,NUMBER,F,1839
1999,diseases_of_the_circulatory,NUMBER,F,8211
1999,diseases_of_the_respiratory,NUMBER,F,368
1999,diseases_of_the_digestive,NUMBER,F,264
1999,symptoms_signs_and_abnormal,NUMBER,F,1205
1999,injuries_poisoning_and_consequences,NUMBER,F,236
1999,total,NUMBER,F,12123
2000,neoplasms,NUMBER,_T,5122
2000,diseases_of_the_circulatory,NUMBER,_T,16283
2000,diseases_of_the_respiratory,NUMBER,_T,805
2000,diseases_of_the_digestive,NUMBER,_T,848
2000,symptoms_signs_and_abnormal,NUMBER,_T,2860
2000,injuries_poisoning_and_consequences,NUMBER,_T,1091
2000,total,NUMBER,_T,27009
2000,neoplasms,NUMBER,M,3144
2000,diseases_of_the_circulatory,NUMBER,M,781
2000,diseases_of_the_respiratory,NUMBER,M,464
2000,diseases_of_the_digestive,NUMBER,M,518
2000,symptoms_signs_and_abnormal,NUMBER,M,1484
2000,injuries_poisoning_and_consequences,NUMBER,M,812
2000,total,NUMBER,M,14232
2000,neoplasms,NUMBER,F,1978
2000,diseases_of_the_circulatory,NUMBER,F,8473
2000,diseases_of_the_respiratory,NUMBER,F,341
2000,diseases_of_the_digestive,NUMBER,F,330
2000,symptoms_signs_and_abnormal,NUMBER,F,1376
2000,injuries_poisoning_and_consequences,NUMBER,F,279
2000,total,NUMBER,F,12777
2001,infectious_and_parasitic,NUMBER,_T,257
2001,neoplasms,NUMBER,_T,5347
2001,diseases_of_the_blood,NUMBER,_T,20
2001,endocrine_metabolic_and_nutritional,NUMBER,_T,667
2001,mental_and_behavioural_disorders,NUMBER,_T,48
2001,diseases_of_the_nervous,NUMBER,_T,161
2001,diseases_of_the_eye,NUMBER,_T,1
2001,diseases_of_the_circulatory,NUMBER,_T,16328
2001,diseases_of_the_respiratory,NUMBER,_T,745
2001,diseases_of_the_digestive,NUMBER,_T,827
2001,diseases_of_the_skin,NUMBER,_T,17
2001,diseases_of_the_musculoskeletal,NUMBER,_T,14
2001,diseases_of_the_genitourinary,NUMBER,_T,397
2001,pregnancy_childbirth_and_the,NUMBER,_T,1
2001,certain_conditions_originating,NUMBER,_T,188
2001,congenital_malformations_deformations,NUMBER,_T,43
2001,symptoms_signs_and_abnormal,NUMBER,_T,3031
2001,injuries_poisoning_and_consequences,NUMBER,_T,1017
2001,external_causes_of_mortality,NUMBER,_T,261
2001,factors_influencing_health_status,NUMBER,_T,1
2001,unknown,NUMBER,_T,954
2001,total,NUMBER,_T,30325
2001,infectious_and_parasitic,NUMBER,M,157
2001,neoplasms,NUMBER,M,3288
2001,diseases_of_the_blood,NUMBER,M,7
2001,endocrine_metabolic_and_nutritional,NUMBER,M,240
2001,mental_and_behavioural_disorders,NUMBER,M,37
2001,diseases_of_the_nervous,NUMBER,M,79
2001,diseases_of_the_eye,NUMBER,M,1
2001,diseases_of_the_circulatory,NUMBER,M,7943
2001,diseases_of_the_respiratory,NUMBER,M,434
2001,diseases_of_the_digestive,NUMBER,M,540
2001,diseases_of_the_skin,NUMBER,M,5
2001,diseases_of_the_musculoskeletal,NUMBER,M,6
2001,diseases_of_the_genitourinary,NUMBER,M,200
2001,pregnancy_childbirth_and_the,NUMBER,M,0
2001,certain_conditions_originating,NUMBER,M,109
2001,congenital_malformations_deformations,NUMBER,M,18
2001,symptoms_signs_and_abnormal,NUMBER,M,1637
2001,injuries_poisoning_and_consequences,NUMBER,M,768
2001,external_causes_of_mortality,NUMBER,M,206
2001,unknown,NUMBER,M,527
2001,total,NUMBER,M,16202
2001,infectious_and_parasitic,NUMBER,F,100
2001,neoplasms,NUMBER,F,2059
2001,diseases_of_the_blood,NUMBER,F,13
2001,endocrine_metabolic_and_nutritional,NUMBER,F,427
2001,mental_and_behavioural_disorders,NUMBER,F,11
2001,diseases_of_the_nervous,NUMBER,F,82
2001,diseases_of_the_circulatory,NUMBER,F,8385
2001,diseases_of_the_respiratory,NUMBER,F,311
2001,diseases_of_the_digestive,NUMBER,F,287
2001,diseases_of_the_skin,NUMBER,F,12
2001,diseases_of_the_musculoskeletal,NUMBER,F,8
2001,diseases_of_the_genitourinary,NUMBER,F,197
2001,pregnancy_childbirth_and_the,NUMBER,F,1
2001,certain_conditions_originating,NUMBER,F,79
2001,congenital_malformations_deformations,NUMBER,F,25
2001,symptoms_signs_and_abnormal,NUMBER,F,1394
2001,injuries_poisoning_and_consequences,NUMBER,F,249
2001,external_causes_of_mortality,NUMBER,F,55
2001,factors_influencing_health_status,NUMBER,F,1
2001,unknown,NUMBER,F,427
2001,total,NUMBER,F,14123
2002,infectious_and_parasitic,NUMBER,_T,263
2002,neoplasms,NUMBER,_T,5288
2002,diseases_of_the_blood,NUMBER,_T,19
2002,endocrine_metabolic_and_nutritional,NUMBER,_T,862
2002,mental_and_behavioural_disorders,NUMBER,_T,66
2002,diseases_of_the_nervous,NUMBER,_T,157
2002,diseases_of_the_eye,NUMBER,_T,1
2002,diseases_of_the_circulatory,NUMBER,_T,16007
2002,diseases_of_the_respiratory,NUMBER,_T,817
2002,diseases_of_the_digestive,NUMBER,_T,820
2002,diseases_of_the_skin,NUMBER,_T,17
2002,diseases_of_the_musculoskeletal,NUMBER,_T,10
2002,diseases_of_the_genitourinary,NUMBER,_T,219
2002,pregnancy_childbirth_and_the,NUMBER,_T,3
2002,certain_conditions_originating,NUMBER,_T,226
2002,congenital_malformations_deformations,NUMBER,_T,56
2002,symptoms_signs_and_abnormal,NUMBER,_T,2983
2002,injuries_poisoning_and_consequences,NUMBER,_T,984
2002,external_causes_of_mortality,NUMBER,_T,242
2002,factors_influencing_health_status,NUMBER,_T,1
2002,unknown,NUMBER,_T,1790
2002,total,NUMBER,_T,30831
2002,infectious_and_parasitic,NUMBER,M,160
2002,neoplasms,NUMBER,M,3201
2002,diseases_of_the_blood,NUMBER,M,11
2002,endocrine_metabolic_and_nutritional,NUMBER,M,300
2002,mental_and_behavioural_disorders,NUMBER,M,39
2002,diseases_of_the_nervous,NUMBER,M,87
2002,diseases_of_the_eye,NUMBER,M,1
2002,diseases_of_the_circulatory,NUMBER,M,7544
2002,diseases_of_the_respiratory,NUMBER,M,478
2002,diseases_of_the_digestive,NUMBER,M,495
2002,diseases_of_the_skin,NUMBER,M,3
2002,diseases_of_the_musculoskeletal,NUMBER,M,2
2002,diseases_of_the_genitourinary,NUMBER,M,120
2002,pregnancy_childbirth_and_the,NUMBER,M,0
2002,certain_conditions_originating,NUMBER,M,128
2002,congenital_malformations_deformations,NUMBER,M,32
2002,symptoms_signs_and_abnormal,NUMBER,M,1535
2002,injuries_poisoning_and_consequences,NUMBER,M,751
2002,external_causes_of_mortality,NUMBER,M,180
2002,factors_influencing_health_status,NUMBER,M,1
2002,unknown,NUMBER,M,965
2002,total,NUMBER,M,16033
2002,infectious_and_parasitic,NUMBER,F,103
2002,neoplasms,NUMBER,F,2087
2002,diseases_of_the_blood,NUMBER,F,8
2002,endocrine_metabolic_and_nutritional,NUMBER,F,562
2002,mental_and_behavioural_disorders,NUMBER,F,27
2002,diseases_of_the_nervous,NUMBER,F,70
2002,diseases_of_the_circulatory,NUMBER,F,8463
2002,diseases_of_the_respiratory,NUMBER,F,339
2002,diseases_of_the_digestive,NUMBER,F,325
2002,diseases_of_the_skin,NUMBER,F,14
2002,diseases_of_the_musculoskeletal,NUMBER,F,8
2002,diseases_of_the_genitourinary,NUMBER,F,99
2002,pregnancy_childbirth_and_the,NUMBER,F,3
2002,certain_conditions_originating,NUMBER,F,98
2002,congenital_malformations_deformations,NUMBER,F,24
2002,symptoms_signs_and_abnormal,NUMBER,F,1448
2002,injuries_poisoning_and_consequences,NUMBER,F,233
2002,external_causes_of_mortality,NUMBER,F,62
2002,unknown,NUMBER,F,825
2002,total,NUMBER,F,14798
2003,neoplasms,NUMBER,_T,5771
2003,diseases_of_the_circulatory,NUMBER,_T,1699
2003,diseases_of_the_respiratory,NUMBER,_T,876
2003,diseases_of_the_digestive,NUMBER,_T,810
2003,symptoms_signs_and_abnormal,NUMBER,_T,3166
2003,injuries_poisoning_and_consequences,NUMBER,_T,950
2003,unknown,NUMBER,_T,770
2003,total,NUMBER,_T,29333
2003,neoplasms,NUMBER,M,3499
2003,diseases_of_the_circulatory,NUMBER,M,8001
2003,diseases_of_the_respiratory,NUMBER,M,542
2003,diseases_of_the_digestive,NUMBER,M,499
2003,symptoms_signs_and_abnormal,NUMBER,M,1612
2003,injuries_poisoning_and_consequences,NUMBER,M,706
2003,unknown,NUMBER,M,424
2003,total,NUMBER,M,15283
2003,neoplasms,NUMBER,F,2272
2003,diseases_of_the_circulatory,NUMBER,F,8989
2003,diseases_of_the_respiratory,NUMBER,F,334
2003,diseases_of_the_digestive,NUMBER,F,311
2003,symptoms_signs_and_abnormal,NUMBER,F,1554
2003,injuries_poisoning_and_consequences,NUMBER,F,244
2003,unknown,NUMBER,F,346
2003,total,NUMBER,F,14050
2004,infectious_and_parasitic,NUMBER,_T,255
2004,neoplasms,NUMBER,_T,5709
2004,diseases_of_the_blood,NUMBER,_T,31
2004,endocrine_metabolic_and_nutritional,NUMBER,_T,993
2004,mental_and_behavioural_disorders,NUMBER,_T,104
2004,diseases_of_the_nervous,NUMBER,_T,251
2004,diseases_of_the_circulatory,NUMBER,_T,177
2004,diseases_of_the_respiratory,NUMBER,_T,907
2004,diseases_of_the_digestive,NUMBER,_T,839
2004,diseases_of_the_skin,NUMBER,_T,11
2004,diseases_of_the_musculoskeletal,NUMBER,_T,16
2004,diseases_of_the_genitourinary,NUMBER,_T,467
2004,pregnancy_childbirth_and_the,NUMBER,_T,1
2004,certain_conditions_originating,NUMBER,_T,163
2004,congenital_malformations_deformations,NUMBER,_T,42
2004,symptoms_signs_and_abnormal,NUMBER,_T,2723
2004,injuries_poisoning_and_consequences,NUMBER,_T,920
2004,external_causes_of_mortality,NUMBER,_T,273
2004,factors_influencing_health_status,NUMBER,_T,1
2004,unknown,NUMBER,_T,1210
2004,total,NUMBER,_T,32616
2004,infectious_and_parasitic,NUMBER,M,152
2004,neoplasms,NUMBER,M,3398
2004,diseases_of_the_blood,NUMBER,M,10
2004,endocrine_metabolic_and_nutritional,NUMBER,M,377
2004,mental_and_behavioural_disorders,NUMBER,M,80
2004,diseases_of_the_nervous,NUMBER,M,126
2004,diseases_of_the_circulatory,NUMBER,M,8262
2004,diseases_of_the_respiratory,NUMBER,M,551
2004,diseases_of_the_digestive,NUMBER,M,498
2004,diseases_of_the_skin,NUMBER,M,2
2004,diseases_of_the_musculoskeletal,NUMBER,M,9
2004,diseases_of_the_genitourinary,NUMBER,M,248
2004,certain_conditions_originating,NUMBER,M,101
2004,congenital_malformations_deformations,NUMBER,M,26
2004,symptoms_signs_and_abnormal,NUMBER,M,1399
2004,injuries_poisoning_and_consequences,NUMBER,M,691
2004,external_causes_of_mortality,NUMBER,M,198
2004,factors_influencing_health_status,NUMBER,M,1
2004,unknown,NUMBER,M,651
2004,total,NUMBER,M,16780
2004,infectious_and_parasitic,NUMBER,F,103
2004,neoplasms,NUMBER,F,2311
2004,diseases_of_the_blood,NUMBER,F,21
2004,endocrine_metabolic_and_nutritional,NUMBER,F,616
2004,mental_and_behavioural_disorders,NUMBER,F,24
2004,diseases_of_the_nervous,NUMBER,F,125
2004,diseases_of_the_circulatory,NUMBER,F,9438
2004,diseases_of_the_respiratory,NUMBER,F,356
2004,diseases_of_the_digestive,NUMBER,F,341
2004,diseases_of_the_skin,NUMBER,F,9
2004,diseases_of_the_musculoskeletal,NUMBER,F,7
2004,diseases_of_the_genitourinary,NUMBER,F,219
2004,pregnancy_childbirth_and_the,NUMBER,F,1
2004,certain_conditions_originating,NUMBER,F,62
2004,congenital_malformations_deformations,NUMBER,F,16
2004,symptoms_signs_and_abnormal,NUMBER,F,1324
2004,injuries_poisoning_and_consequences,NUMBER,F,229
2004,external_causes_of_mortality,NUMBER,F,75
2004,unknown,NUMBER,F,559
2004,total,NUMBER,F,15836
2005,neoplasms,NUMBER,_T,6255
2005,diseases_of_the_circulatory,NUMBER,_T,17915
2005,diseases_of_the_respiratory,NUMBER,_T,1242
2005,diseases_of_the_digestive,NUMBER,_T,818
2005,symptoms_signs_and_abnormal,NUMBER,_T,2394
2005,injuries_poisoning_and_consequences,NUMBER,_T,952
2005,total,NUMBER,_T,29576
2005,neoplasms,NUMBER,M,3766
2005,diseases_of_the_circulatory,NUMBER,M,8559
2005,diseases_of_the_respiratory,NUMBER,M,726
2005,diseases_of_the_digestive,NUMBER,M,491
2005,symptoms_signs_and_abnormal,NUMBER,M,1312
2005,injuries_poisoning_and_consequences,NUMBER,M,718
2005,total,NUMBER,M,15572
2005,neoplasms,NUMBER,F,2489
2005,diseases_of_the_circulatory,NUMBER,F,9356
2005,diseases_of_the_respiratory,NUMBER,F,516
2005,diseases_of_the_digestive,NUMBER,F,327
2005,symptoms_signs_and_abnormal,NUMBER,F,1082
2005,injuries_poisoning_and_consequences,NUMBER,F,234
2005,total,NUMBER,F,14004
2006,infectious_and_parasitic,NUMBER,_T,237
2006,neoplasms,NUMBER,_T,6252
2006,diseases_of_the_blood,NUMBER,_T,20
2006,endocrine_metabolic_and_nutritional,NUMBER,_T,1537
2006,mental_and_behavioural_disorders,NUMBER,_T,118
2006,diseases_of_the_nervous,NUMBER,_T,298
2006,diseases_of_the_eye,NUMBER,_T,1
2006,diseases_of_the_circulatory,NUMBER,_T,16967
2006,diseases_of_the_respiratory,NUMBER,_T,1132
2006,diseases_of_the_digestive,NUMBER,_T,826
2006,diseases_of_the_skin,NUMBER,_T,11
2006,diseases_of_the_musculoskeletal,NUMBER,_T,16
2006,diseases_of_the_genitourinary,NUMBER,_T,547
2006,pregnancy_childbirth_and_the,NUMBER,_T,3
2006,certain_conditions_originating,NUMBER,_T,185
2006,congenital_malformations_deformations,NUMBER,_T,56
2006,symptoms_signs_and_abnormal,NUMBER,_T,2744
2006,injuries_poisoning_and_consequences,NUMBER,_T,1017
2006,external_causes_of_mortality,NUMBER,_T,212
2006,factors_influencing_health_status,NUMBER,_T,1
2006,unknown,NUMBER,_T,1041
2006,total,NUMBER,_T,33221
2006,infectious_and_parasitic,NUMBER,M,147
2006,neoplasms,NUMBER,M,3697
2006,diseases_of_the_blood,NUMBER,M,9
2006,endocrine_metabolic_and_nutritional,NUMBER,M,598
2006,mental_and_behavioural_disorders,NUMBER,M,88
2006,diseases_of_the_nervous,NUMBER,M,174
2006,diseases_of_the_circulatory,NUMBER,M,7941
2006,diseases_of_the_respiratory,NUMBER,M,677
2006,diseases_of_the_digestive,NUMBER,M,493
2006,diseases_of_the_skin,NUMBER,M,6
2006,diseases_of_the_musculoskeletal,NUMBER,M,3
2006,diseases_of_the_genitourinary,NUMBER,M,293
2006,certain_conditions_originating,NUMBER,M,118
2006,congenital_malformations_deformations,NUMBER,M,32
2006,symptoms_signs_and_abnormal,NUMBER,M,1527
2006,injuries_poisoning_and_consequences,NUMBER,M,775
2006,external_causes_of_mortality,NUMBER,M,152
2006,unknown,NUMBER,M,578
2006,total,NUMBER,M,17308
2006,infectious_and_parasitic,NUMBER,F,90
2006,neoplasms,NUMBER,F,2555
2006,diseases_of_the_blood,NUMBER,F,11
2006,endocrine_metabolic_and_nutritional,NUMBER,F,939
2006,mental_and_behavioural_disorders,NUMBER,F,30
2006,diseases_of_the_nervous,NUMBER,F,124
2006,diseases_of_the_eye,NUMBER,F,1
2006,diseases_of_the_circulatory,NUMBER,F,9026
2006,diseases_of_the_respiratory,NUMBER,F,455
2006,diseases_of_the_digestive,NUMBER,F,333
2006,diseases_of_the_skin,NUMBER,F,5
2006,diseases_of_the_musculoskeletal,NUMBER,F,13
2006,diseases_of_the_genitourinary,NUMBER,F,254
2006,pregnancy_childbirth_and_the,NUMBER,F,3
2006,certain_conditions_originating,NUMBER,F,67
2006,congenital_malformations_deformations,NUMBER,F,24
2006,symptoms_signs_and_abnormal,NUMBER,F,1217
2006,injuries_poisoning_and_consequences,NUMBER,F,242
2006,external_causes_of_mortality,NUMBER,F,60
2006,factors_influencing_health_status,NUMBER,F,1
2006,unknown,NUMBER,F,463
2006,total,NUMBER,F,15913
2007,infectious_and_parasitic,NUMBER,_T,250
2007,neoplasms,NUMBER,_T,6713
2007,diseases_of_the_blood,NUMBER,_T,54
2007,endocrine_metabolic_and_nutritional,NUMBER,_T,1582
2007,mental_and_behavioural_disorders,NUMBER,_T,162
2007,diseases_of_the_nervous,NUMBER,_T,317
2007,diseases_of_the_eye,NUMBER,_T,1
2007,diseases_of_the_circulatory,NUMBER,_T,18516
2007,diseases_of_the_respiratory,NUMBER,_T,1145
2007,diseases_of_the_digestive,NUMBER,_T,924
2007,diseases_of_the_skin,NUMBER,_T,10
2007,diseases_of_the_musculoskeletal,NUMBER,_T,32
2007,diseases_of_the_genitourinary,NUMBER,_T,558
2007,pregnancy_childbirth_and_the,NUMBER,_T,1
2007,certain_conditions_originating,NUMBER,_T,133
2007,congenital_malformations_deformations,NUMBER,_T,54
2007,symptoms_signs_and_abnormal,NUMBER,_T,2219
2007,injuries_poisoning_and_consequences,NUMBER,_T,1030
2007,external_causes_of_mortality,NUMBER,_T,267
2007,unknown,NUMBER,_T,1076
2007,total,NUMBER,_T,35044
2007,infectious_and_parasitic,NUMBER,M,164
2007,neoplasms,NUMBER,M,3983
2007,diseases_of_the_blood,NUMBER,M,22
2007,endocrine_metabolic_and_nutritional,NUMBER,M,609
2007,mental_and_behavioural_disorders,NUMBER,M,113
2007,diseases_of_the_nervous,NUMBER,M,161
2007,diseases_of_the_eye,NUMBER,M,1
2007,diseases_of_the_circulatory,NUMBER,M,8697
2007,diseases_of_the_respiratory,NUMBER,M,664
2007,diseases_of_the_digestive,NUMBER,M,570
2007,diseases_of_the_skin,NUMBER,M,4
2007,diseases_of_the_musculoskeletal,NUMBER,M,9
2007,diseases_of_the_genitourinary,NUMBER,M,320
2007,pregnancy_childbirth_and_the,NUMBER,M,0
2007,certain_conditions_originating,NUMBER,M,79
2007,congenital_malformations_deformations,NUMBER,M,28
2007,symptoms_signs_and_abnormal,NUMBER,M,1143
2007,injuries_poisoning_and_consequences,NUMBER,M,766
2007,external_causes_of_mortality,NUMBER,M,199
2007,unknown,NUMBER,M,622
2007,total,NUMBER,M,18154
2007,infectious_and_parasitic,NUMBER,F,86
2007,neoplasms,NUMBER,F,273
2007,diseases_of_the_blood,NUMBER,F,32
2007,endocrine_metabolic_and_nutritional,NUMBER,F,973
2007,mental_and_behavioural_disorders,NUMBER,F,49
2007,diseases_of_the_nervous,NUMBER,F,156
2007,diseases_of_the_circulatory,NUMBER,F,9819
2007,diseases_of_the_respiratory,NUMBER,F,481
2007,diseases_of_the_digestive,NUMBER,F,354
2007,diseases_of_the_skin,NUMBER,F,6
2007,diseases_of_the_musculoskeletal,NUMBER,F,23
2007,diseases_of_the_genitourinary,NUMBER,F,238
2007,pregnancy_childbirth_and_the,NUMBER,F,1
2007,certain_conditions_originating,NUMBER,F,54
2007,congenital_malformations_deformations,NUMBER,F,26
2007,symptoms_signs_and_abnormal,NUMBER,F,1076
2007,injuries_poisoning_and_consequences,NUMBER,F,264
2007,external_causes_of_mortality,NUMBER,F,68
2007,unknown,NUMBER,F,454
2007,total,NUMBER,F,16890
2008,infectious_and_parasitic,NUMBER,_T,275
2008,neoplasms,NUMBER,_T,6734
2008,diseases_of_the_blood,NUMBER,_T,37
2008,endocrine_metabolic_and_nutritional,NUMBER,_T,1563
2008,mental_and_behavioural_disorders,NUMBER,_T,169
2008,diseases_of_the_nervous,NUMBER,_T,287
2008,diseases_of_the_eye,NUMBER,_T,1
2008,diseases_of_the_circulatory,NUMBER,_T,17988
2008,diseases_of_the_respiratory,NUMBER,_T,1035
2008,diseases_of_the_digestive,NUMBER,_T,846
2008,diseases_of_the_skin,NUMBER,_T,10
2008,diseases_of_the_musculoskeletal,NUMBER,_T,40
2008,diseases_of_the_genitourinary,NUMBER,_T,571
2008,pregnancy_childbirth_and_the,NUMBER,_T,4
2008,certain_conditions_originating,NUMBER,_T,136
2008,congenital_malformations_deformations,NUMBER,_T,61
2008,symptoms_signs_and_abnormal,NUMBER,_T,2028
2008,injuries_poisoning_and_consequences,NUMBER,_T,1200
2008,external_causes_of_mortality,NUMBER,_T,2
2008,unknown,NUMBER,_T,1039
2008,total,NUMBER,_T,34026
2008,infectious_and_parasitic,NUMBER,M,170
2008,neoplasms,NUMBER,M,4053
2008,diseases_of_the_blood,NUMBER,M,16
2008,endocrine_metabolic_and_nutritional,NUMBER,M,618
2008,mental_and_behavioural_disorders,NUMBER,M,127
2008,diseases_of_the_nervous,NUMBER,M,167
2008,diseases_of_the_circulatory,NUMBER,M,8385
2008,diseases_of_the_respiratory,NUMBER,M,627
2008,diseases_of_the_digestive,NUMBER,M,512
2008,diseases_of_the_skin,NUMBER,M,3
2008,diseases_of_the_musculoskeletal,NUMBER,M,14
2008,diseases_of_the_genitourinary,NUMBER,M,306
2008,certain_conditions_originating,NUMBER,M,75
2008,congenital_malformations_deformations,NUMBER,M,32
2008,symptoms_signs_and_abnormal,NUMBER,M,1052
2008,injuries_poisoning_and_consequences,NUMBER,M,942
2008,external_causes_of_mortality,NUMBER,M,2
2008,unknown,NUMBER,M,586
2008,total,NUMBER,M,17687
2008,infectious_and_parasitic,NUMBER,F,105
2008,neoplasms,NUMBER,F,2681
2008,diseases_of_the_blood,NUMBER,F,21
2008,endocrine_metabolic_and_nutritional,NUMBER,F,945
2008,mental_and_behavioural_disorders,NUMBER,F,42
2008,diseases_of_the_nervous,NUMBER,F,120
2008,diseases_of_the_eye,NUMBER,F,1
2008,diseases_of_the_circulatory,NUMBER,F,9603
2008,diseases_of_the_respiratory,NUMBER,F,408
2008,diseases_of_the_digestive,NUMBER,F,334
2008,diseases_of_the_skin,NUMBER,F,7
2008,diseases_of_the_musculoskeletal,NUMBER,F,26
2008,diseases_of_the_genitourinary,NUMBER,F,265
2008,pregnancy_childbirth_and_the,NUMBER,F,4
2008,certain_conditions_originating,NUMBER,F,61
2008,congenital_malformations_deformations,NUMBER,F,29
2008,symptoms_signs_and_abnormal,NUMBER,F,976
2008,injuries_poisoning_and_consequences,NUMBER,F,258
2008,unknown,NUMBER,F,453
2008,total,NUMBER,F,16339
2009,infectious_and_parasitic,NUMBER,_T,287
2009,neoplasms,NUMBER,_T,697
2009,diseases_of_the_blood,NUMBER,_T,41
2009,endocrine_metabolic_and_nutritional,NUMBER,_T,1999
2009,mental_and_behavioural_disorders,NUMBER,_T,191
2009,diseases_of_the_nervous,NUMBER,_T,319
2009,diseases_of_the_circulatory,NUMBER,_T,18295
2009,diseases_of_the_respiratory,NUMBER,_T,1133
2009,diseases_of_the_digestive,NUMBER,_T,936
2009,diseases_of_the_skin,NUMBER,_T,9
2009,diseases_of_the_musculoskeletal,NUMBER,_T,35
2009,diseases_of_the_genitourinary,NUMBER,_T,588
2009,pregnancy_childbirth_and_the,NUMBER,_T,1
2009,certain_conditions_originating,NUMBER,_T,144
2009,congenital_malformations_deformations,NUMBER,_T,61
2009,symptoms_signs_and_abnormal,NUMBER,_T,1985
2009,injuries_poisoning_and_consequences,NUMBER,_T,1256
2009,external_causes_of_mortality,NUMBER,_T,2
2009,factors_influencing_health_status,NUMBER,_T,2
2009,unknown,NUMBER,_T,650
2009,total,NUMBER,_T,34904
2009,infectious_and_parasitic,NUMBER,M,180
2009,neoplasms,NUMBER,M,4118
2009,diseases_of_the_blood,NUMBER,M,17
2009,endocrine_metabolic_and_nutritional,NUMBER,M,766
2009,mental_and_behavioural_disorders,NUMBER,M,127
2009,diseases_of_the_nervous,NUMBER,M,167
2009,diseases_of_the_circulatory,NUMBER,M,8586
2009,diseases_of_the_respiratory,NUMBER,M,644
2009,diseases_of_the_digestive,NUMBER,M,559
2009,diseases_of_the_skin,NUMBER,M,4
2009,diseases_of_the_musculoskeletal,NUMBER,M,8
2009,diseases_of_the_genitourinary,NUMBER,M,299
2009,certain_conditions_originating,NUMBER,M,76
2009,congenital_malformations_deformations,NUMBER,M,31
2009,symptoms_signs_and_abnormal,NUMBER,M,1012
2009,injuries_poisoning_and_consequences,NUMBER,M,941
2009,external_causes_of_mortality,NUMBER,M,2
2009,factors_influencing_health_status,NUMBER,M,1
2009,unknown,NUMBER,M,346
2009,total,NUMBER,M,17884
2009,infectious_and_parasitic,NUMBER,F,107
2009,neoplasms,NUMBER,F,2852
2009,diseases_of_the_blood,NUMBER,F,24
2009,endocrine_metabolic_and_nutritional,NUMBER,F,1233
2009,mental_and_behavioural_disorders,NUMBER,F,64
2009,diseases_of_the_nervous,NUMBER,F,152
2009,diseases_of_the_circulatory,NUMBER,F,9709
2009,diseases_of_the_respiratory,NUMBER,F,489
2009,diseases_of_the_digestive,NUMBER,F,377
2009,diseases_of_the_skin,NUMBER,F,5
2009,diseases_of_the_musculoskeletal,NUMBER,F,27
2009,diseases_of_the_genitourinary,NUMBER,F,289
2009,pregnancy_childbirth_and_the,NUMBER,F,1
2009,certain_conditions_originating,NUMBER,F,68
2009,congenital_malformations_deformations,NUMBER,F,30
2009,symptoms_signs_and_abnormal,NUMBER,F,973
2009,injuries_poisoning_and_consequences,NUMBER,F,315
2009,factors_influencing_health_status,NUMBER,F,1
2009,unknown,NUMBER,F,304
2009,total,NUMBER,F,17020
2010,infectious_and_parasitic,NUMBER,_T,285
2010,neoplasms,NUMBER,_T,6973
2010,diseases_of_the_blood,NUMBER,_T,45
2010,endocrine_metabolic_and_nutritional,NUMBER,_T,1903
2010,mental_and_behavioural_disorders,NUMBER,_T,171
2010,diseases_of_the_nervous,NUMBER,_T,350
2010,diseases_of_the_eye,NUMBER,_T,2
2010,diseases_of_the_circulatory,NUMBER,_T,18805
2010,diseases_of_the_respiratory,NUMBER,_T,1145
2010,diseases_of_the_digestive,NUMBER,_T,918
2010,diseases_of_the_skin,NUMBER,_T,14
2010,diseases_of_the_musculoskeletal,NUMBER,_T,42
2010,diseases_of_the_genitourinary,NUMBER,_T,577
2010,pregnancy_childbirth_and_the,NUMBER,_T,1
2010,certain_conditions_originating,NUMBER,_T,138
2010,congenital_malformations_deformations,NUMBER,_T,63
2010,symptoms_signs_and_abnormal,NUMBER,_T,1916
2010,injuries_poisoning_and_consequences,NUMBER,_T,1117
2010,external_causes_of_mortality,NUMBER,_T,15
2010,factors_influencing_health_status,NUMBER,_T,0
2010,unknown,NUMBER,_T,638
2010,total,NUMBER,_T,35118
2010,infectious_and_parasitic,NUMBER,M,183
2010,neoplasms,NUMBER,M,4059
2010,diseases_of_the_blood,NUMBER,M,17
2010,endocrine_metabolic_and_nutritional,NUMBER,M,729
2010,mental_and_behavioural_disorders,NUMBER,M,118
2010,diseases_of_the_nervous,NUMBER,M,178
2010,diseases_of_the_eye,NUMBER,M,1
2010,diseases_of_the_circulatory,NUMBER,M,8699
2010,diseases_of_the_respiratory,NUMBER,M,681
2010,diseases_of_the_digestive,NUMBER,M,544
2010,diseases_of_the_skin,NUMBER,M,5
2010,diseases_of_the_musculoskeletal,NUMBER,M,16
2010,diseases_of_the_genitourinary,NUMBER,M,296
2010,certain_conditions_originating,NUMBER,M,76
2010,congenital_malformations_deformations,NUMBER,M,37
2010,symptoms_signs_and_abnormal,NUMBER,M,1008
2010,injuries_poisoning_and_consequences,NUMBER,M,878
2010,external_causes_of_mortality,NUMBER,M,11
2010,unknown,NUMBER,M,364
2010,total,NUMBER,M,17900
2010,infectious_and_parasitic,NUMBER,F,102
2010,neoplasms,NUMBER,F,2914
2010,diseases_of_the_blood,NUMBER,F,28
2010,endocrine_metabolic_and_nutritional,NUMBER,F,1174
2010,mental_and_behavioural_disorders,NUMBER,F,53
2010,diseases_of_the_nervous,NUMBER,F,172
2010,diseases_of_the_eye,NUMBER,F,1
2010,diseases_of_the_circulatory,NUMBER,F,10106
2010,diseases_of_the_respiratory,NUMBER,F,464
2010,diseases_of_the_digestive,NUMBER,F,374
2010,diseases_of_the_skin,NUMBER,F,9
2010,diseases_of_the_musculoskeletal,NUMBER,F,26
2010,diseases_of_the_genitourinary,NUMBER,F,281
2010,pregnancy_childbirth_and_the,NUMBER,F,1
2010,certain_conditions_originating,NUMBER,F,62
2010,congenital_malformations_deformations,NUMBER,F,26
2010,symptoms_signs_and_abnormal,NUMBER,F,908
2010,injuries_poisoning_and_consequences,NUMBER,F,239
2010,external_causes_of_mortality,NUMBER,F,4
2010,unknown,NUMBER,F,274
2010,total,NUMBER,F,17218
2011,infectious_and_parasitic,NUMBER,_T,298
2011,neoplasms,NUMBER,_T,7214
2011,diseases_of_the_blood,NUMBER,_T,59
2011,endocrine_metabolic_and_nutritional,NUMBER,_T,194
2011,mental_and_behavioural_disorders,NUMBER,_T,161
2011,diseases_of_the_nervous,NUMBER,_T,410
2011,diseases_of_the_circulatory,NUMBER,_T,18468
2011,diseases_of_the_respiratory,NUMBER,_T,1281
2011,diseases_of_the_digestive,NUMBER,_T,874
2011,diseases_of_the_skin,NUMBER,_T,12
2011,diseases_of_the_musculoskeletal,NUMBER,_T,45
2011,diseases_of_the_genitourinary,NUMBER,_T,551
2011,pregnancy_childbirth_and_the,NUMBER,_T,2
2011,certain_conditions_originating,NUMBER,_T,118
2011,congenital_malformations_deformations,NUMBER,_T,58
2011,symptoms_signs_and_abnormal,NUMBER,_T,1665
2011,injuries_poisoning_and_consequences,NUMBER,_T,1162
2011,external_causes_of_mortality,NUMBER,_T,14
2011,factors_influencing_health_status,NUMBER,_T,1
2011,unknown,NUMBER,_T,695
2011,total,NUMBER,_T,35028
2011,infectious_and_parasitic,NUMBER,M,192
2011,neoplasms,NUMBER,M,4316
2011,diseases_of_the_blood,NUMBER,M,20
2011,endocrine_metabolic_and_nutritional,NUMBER,M,761
2011,mental_and_behavioural_disorders,NUMBER,M,89
2011,diseases_of_the_nervous,NUMBER,M,213
2011,diseases_of_the_circulatory,NUMBER,M,8542
2011,diseases_of_the_respiratory,NUMBER,M,725
2011,diseases_of_the_digestive,NUMBER,M,543
2011,diseases_of_the_skin,NUMBER,M,2
2011,diseases_of_the_musculoskeletal,NUMBER,M,12
2011,diseases_of_the_genitourinary,NUMBER,M,302
2011,certain_conditions_originating,NUMBER,M,67
2011,congenital_malformations_deformations,NUMBER,M,30
2011,symptoms_signs_and_abnormal,NUMBER,M,829
2011,injuries_poisoning_and_consequences,NUMBER,M,930
2011,external_causes_of_mortality,NUMBER,M,13
2011,factors_influencing_health_status,NUMBER,M,1
2011,unknown,NUMBER,M,378
2011,total,NUMBER,M,17965
2011,infectious_and_parasitic,NUMBER,F,106
2011,neoplasms,NUMBER,F,2898
2011,diseases_of_the_blood,NUMBER,F,39
2011,endocrine_metabolic_and_nutritional,NUMBER,F,1179
2011,mental_and_behavioural_disorders,NUMBER,F,72
2011,diseases_of_the_nervous,NUMBER,F,197
2011,diseases_of_the_circulatory,NUMBER,F,9926
2011,diseases_of_the_respiratory,NUMBER,F,556
2011,diseases_of_the_digestive,NUMBER,F,331
2011,diseases_of_the_skin,NUMBER,F,10
2011,diseases_of_the_musculoskeletal,NUMBER,F,33
2011,diseases_of_the_genitourinary,NUMBER,F,249
2011,pregnancy_childbirth_and_the,NUMBER,F,2
2011,certain_conditions_originating,NUMBER,F,51
2011,congenital_malformations_deformations,NUMBER,F,28
2011,symptoms_signs_and_abnormal,NUMBER,F,836
2011,injuries_poisoning_and_consequences,NUMBER,F,232
2011,external_causes_of_mortality,NUMBER,F,1
2011,unknown,NUMBER,F,317
2011,total,NUMBER,F,17063
2012,infectious_and_parasitic,NUMBER,_T,344
2012,neoplasms,NUMBER,_T,7598
2012,diseases_of_the_blood,NUMBER,_T,47
2012,endocrine_metabolic_and_nutritional,NUMBER,_T,1926
2012,mental_and_behavioural_disorders,NUMBER,_T,160
2012,diseases_of_the_nervous,NUMBER,_T,409
2012,diseases_of_the_eye,NUMBER,_T,1
2012,diseases_of_the_circulatory,NUMBER,_T,19252
2012,diseases_of_the_respiratory,NUMBER,_T,1266
2012,diseases_of_the_digestive,NUMBER,_T,978
2012,diseases_of_the_skin,NUMBER,_T,13
2012,diseases_of_the_musculoskeletal,NUMBER,_T,54
2012,diseases_of_the_genitourinary,NUMBER,_T,601
2012,pregnancy_childbirth_and_the,NUMBER,_T,3
2012,certain_conditions_originating,NUMBER,_T,111
2012,congenital_malformations_deformations,NUMBER,_T,40
2012,symptoms_signs_and_abnormal,NUMBER,_T,1207
2012,injuries_poisoning_and_consequences,NUMBER,_T,1067
2012,unknown,NUMBER,_T,740
2012,total,NUMBER,_T,35817
2012,infectious_and_parasitic,NUMBER,M,185
2012,neoplasms,NUMBER,M,4458
2012,diseases_of_the_blood,NUMBER,M,25
2012,endocrine_metabolic_and_nutritional,NUMBER,M,785
2012,mental_and_behavioural_disorders,NUMBER,M,109
2012,diseases_of_the_nervous,NUMBER,M,207
2012,diseases_of_the_circulatory,NUMBER,M,906
2012,diseases_of_the_respiratory,NUMBER,M,754
2012,diseases_of_the_digestive,NUMBER,M,588
2012,diseases_of_the_skin,NUMBER,M,6
2012,diseases_of_the_musculoskeletal,NUMBER,M,15
2012,diseases_of_the_genitourinary,NUMBER,M,303
2012,pregnancy_childbirth_and_the,NUMBER,M,0
2012,certain_conditions_originating,NUMBER,M,67
2012,congenital_malformations_deformations,NUMBER,M,26
2012,symptoms_signs_and_abnormal,NUMBER,M,609
2012,injuries_poisoning_and_consequences,NUMBER,M,830
2012,unknown,NUMBER,M,409
2012,total,NUMBER,M,18436
2012,infectious_and_parasitic,NUMBER,F,159
2012,neoplasms,NUMBER,F,314
2012,diseases_of_the_blood,NUMBER,F,22
2012,endocrine_metabolic_and_nutritional,NUMBER,F,1141
2012,mental_and_behavioural_disorders,NUMBER,F,51
2012,diseases_of_the_nervous,NUMBER,F,202
2012,diseases_of_the_eye,NUMBER,F,1
2012,diseases_of_the_circulatory,NUMBER,F,10192
2012,diseases_of_the_respiratory,NUMBER,F,512
2012,diseases_of_the_digestive,NUMBER,F,390
2012,diseases_of_the_skin,NUMBER,F,7
2012,diseases_of_the_musculoskeletal,NUMBER,F,39
2012,diseases_of_the_genitourinary,NUMBER,F,298
2012,pregnancy_childbirth_and_the,NUMBER,F,3
2012,certain_conditions_originating,NUMBER,F,44
2012,congenital_malformations_deformations,NUMBER,F,14
2012,symptoms_signs_and_abnormal,NUMBER,F,598
2012,injuries_poisoning_and_consequences,NUMBER,F,237
2012,unknown,NUMBER,F,331
2012,total,NUMBER,F,17381
2013,infectious_and_parasitic,NUMBER,_T,268
2013,neoplasms,NUMBER,_T,7506
2013,diseases_of_the_blood,NUMBER,_T,50
2013,endocrine_metabolic_and_nutritional,NUMBER,_T,197
2013,mental_and_behavioural_disorders,NUMBER,_T,192
2013,diseases_of_the_nervous,NUMBER,_T,382
2013,diseases_of_the_circulatory,NUMBER,_T,18186
2013,diseases_of_the_respiratory,NUMBER,_T,1428
2013,diseases_of_the_digestive,NUMBER,_T,955
2013,diseases_of_the_skin,NUMBER,_T,31
2013,diseases_of_the_musculoskeletal,NUMBER,_T,57
2013,diseases_of_the_genitourinary,NUMBER,_T,581
2013,certain_conditions_originating,NUMBER,_T,101
2013,congenital_malformations_deformations,NUMBER,_T,38
2013,symptoms_signs_and_abnormal,NUMBER,_T,2107
2013,injuries_poisoning_and_consequences,NUMBER,_T,1024
2013,external_causes_of_mortality,NUMBER,_T,4
2013,unknown,NUMBER,_T,782
2013,total,NUMBER,_T,35662
2013,infectious_and_parasitic,NUMBER,M,165
2013,neoplasms,NUMBER,M,4384
2013,diseases_of_the_blood,NUMBER,M,20
2013,endocrine_metabolic_and_nutritional,NUMBER,M,820
2013,mental_and_behavioural_disorders,NUMBER,M,101
2013,diseases_of_the_nervous,NUMBER,M,198
2013,diseases_of_the_circulatory,NUMBER,M,8458
2013,diseases_of_the_respiratory,NUMBER,M,827
2013,diseases_of_the_digestive,NUMBER,M,526
2013,diseases_of_the_skin,NUMBER,M,12
2013,diseases_of_the_musculoskeletal,NUMBER,M,18
2013,diseases_of_the_genitourinary,NUMBER,M,304
2013,certain_conditions_originating,NUMBER,M,62
2013,congenital_malformations_deformations,NUMBER,M,19
2013,symptoms_signs_and_abnormal,NUMBER,M,1112
2013,injuries_poisoning_and_consequences,NUMBER,M,794
2013,external_causes_of_mortality,NUMBER,M,4
2013,unknown,NUMBER,M,393
2013,total,NUMBER,M,18217
2013,infectious_and_parasitic,NUMBER,F,103
2013,neoplasms,NUMBER,F,3122
2013,diseases_of_the_blood,NUMBER,F,30
2013,endocrine_metabolic_and_nutritional,NUMBER,F,115
2013,mental_and_behavioural_disorders,NUMBER,F,91
2013,diseases_of_the_nervous,NUMBER,F,184
2013,diseases_of_the_circulatory,NUMBER,F,9728
2013,diseases_of_the_respiratory,NUMBER,F,601
2013,diseases_of_the_digestive,NUMBER,F,429
2013,diseases_of_the_skin,NUMBER,F,19
2013,diseases_of_the_musculoskeletal,NUMBER,F,39
2013,diseases_of_the_genitourinary,NUMBER,F,277
2013,certain_conditions_originating,NUMBER,F,39
2013,congenital_malformations_deformations,NUMBER,F,19
2013,symptoms_signs_and_abnormal,NUMBER,F,995
2013,injuries_poisoning_and_consequences,NUMBER,F,230
2013,unknown,NUMBER,F,389
2013,total,NUMBER,F,17445
2014,infectious_and_parasitic,NUMBER,_T,291
2014,neoplasms,NUMBER,_T,7821
2014,diseases_of_the_blood,NUMBER,_T,42
2014,endocrine_metabolic_and_nutritional,NUMBER,_T,2267
2014,mental_and_behavioural_disorders,NUMBER,_T,225
2014,diseases_of_the_nervous,NUMBER,_T,396
2014,diseases_of_the_eye,NUMBER,_T,6
2014,diseases_of_the_circulatory,NUMBER,_T,1793
2014,diseases_of_the_respiratory,NUMBER,_T,1409
2014,diseases_of_the_digestive,NUMBER,_T,949
2014,diseases_of_the_skin,NUMBER,_T,32
2014,diseases_of_the_musculoskeletal,NUMBER,_T,61
2014,diseases_of_the_genitourinary,NUMBER,_T,536
2014,certain_conditions_originating,NUMBER,_T,85
2014,congenital_malformations_deformations,NUMBER,_T,49
2014,symptoms_signs_and_abnormal,NUMBER,_T,2241
2014,injuries_poisoning_and_consequences,NUMBER,_T,1032
2014,external_causes_of_mortality,NUMBER,_T,17
2014,factors_influencing_health_status,NUMBER,_T,1
2014,unknown,NUMBER,_T,590
2014,total,NUMBER,_T,35980
2014,infectious_and_parasitic,NUMBER,M,164
2014,neoplasms,NUMBER,M,4569
2014,diseases_of_the_blood,NUMBER,M,14
2014,endocrine_metabolic_and_nutritional,NUMBER,M,925
2014,mental_and_behavioural_disorders,NUMBER,M,142
2014,diseases_of_the_nervous,NUMBER,M,207
2014,diseases_of_the_circulatory,NUMBER,M,8336
2014,diseases_of_the_respiratory,NUMBER,M,840
2014,diseases_of_the_digestive,NUMBER,M,545
2014,diseases_of_the_skin,NUMBER,M,16
2014,diseases_of_the_musculoskeletal,NUMBER,M,16
2014,diseases_of_the_genitourinary,NUMBER,M,260
2014,certain_conditions_originating,NUMBER,M,42
2014,congenital_malformations_deformations,NUMBER,M,20
2014,symptoms_signs_and_abnormal,NUMBER,M,1132
2014,injuries_poisoning_and_consequences,NUMBER,M,795
2014,external_causes_of_mortality,NUMBER,M,10
2014,unknown,NUMBER,M,327
2014,total,NUMBER,M,18360
2014,infectious_and_parasitic,NUMBER,F,127
2014,neoplasms,NUMBER,F,3252
2014,diseases_of_the_blood,NUMBER,F,28
2014,endocrine_metabolic_and_nutritional,NUMBER,F,1342
2014,mental_and_behavioural_disorders,NUMBER,F,83
2014,diseases_of_the_nervous,NUMBER,F,189
2014,diseases_of_the_eye,NUMBER,F,6
2014,diseases_of_the_circulatory,NUMBER,F,9594
2014,diseases_of_the_respiratory,NUMBER,F,569
2014,diseases_of_the_digestive,NUMBER,F,404
2014,diseases_of_the_skin,NUMBER,F,16
2014,diseases_of_the_musculoskeletal,NUMBER,F,45
2014,diseases_of_the_genitourinary,NUMBER,F,276
2014,certain_conditions_originating,NUMBER,F,43
2014,congenital_malformations_deformations,NUMBER,F,29
2014,symptoms_signs_and_abnormal,NUMBER,F,1109
2014,injuries_poisoning_and_consequences,NUMBER,F,237
2014,external_causes_of_mortality,NUMBER,F,7
2014,factors_influencing_health_status,NUMBER,F,1
2014,unknown,NUMBER,F,263
2014,total,NUMBER,F,17620
2015,infectious_and_parasitic,NUMBER,_T,370
2015,neoplasms,NUMBER,_T,7956
2015,diseases_of_the_blood,NUMBER,_T,55
2015,endocrine_metabolic_and_nutritional,NUMBER,_T,2025
2015,mental_and_behavioural_disorders,NUMBER,_T,188
2015,diseases_of_the_nervous,NUMBER,_T,447
2015,diseases_of_the_eye,NUMBER,_T,1
2015,diseases_of_the_circulatory,NUMBER,_T,19713
2015,diseases_of_the_respiratory,NUMBER,_T,1718
2015,diseases_of_the_digestive,NUMBER,_T,988
2015,diseases_of_the_skin,NUMBER,_T,42
2015,diseases_of_the_musculoskeletal,NUMBER,_T,55
2015,diseases_of_the_genitourinary,NUMBER,_T,684
2015,pregnancy_childbirth_and_the,NUMBER,_T,1
2015,certain_conditions_originating,NUMBER,_T,126
2015,congenital_malformations_deformations,NUMBER,_T,31
2015,symptoms_signs_and_abnormal,NUMBER,_T,2098
2015,injuries_poisoning_and_consequences,NUMBER,_T,1103
2015,external_causes_of_mortality,NUMBER,_T,8
2015,unknown,NUMBER,_T,541
2015,total,NUMBER,_T,38150
2015,infectious_and_parasitic,NUMBER,M,207
2015,neoplasms,NUMBER,M,4525
2015,diseases_of_the_blood,NUMBER,M,19
2015,endocrine_metabolic_and_nutritional,NUMBER,M,856
2015,mental_and_behavioural_disorders,NUMBER,M,102
2015,diseases_of_the_nervous,NUMBER,M,241
2015,diseases_of_the_circulatory,NUMBER,M,9012
2015,diseases_of_the_respiratory,NUMBER,M,972
2015,diseases_of_the_digestive,NUMBER,M,571
2015,diseases_of_the_skin,NUMBER,M,16
2015,diseases_of_the_musculoskeletal,NUMBER,M,21
2015,diseases_of_the_genitourinary,NUMBER,M,331
2015,certain_conditions_originating,NUMBER,M,67
2015,congenital_malformations_deformations,NUMBER,M,15
2015,symptoms_signs_and_abnormal,NUMBER,M,1102
2015,injuries_poisoning_and_consequences,NUMBER,M,840
2015,external_causes_of_mortality,NUMBER,M,5
2015,unknown,NUMBER,M,317
2015,total,NUMBER,M,19219
2015,infectious_and_parasitic,NUMBER,F,163
2015,neoplasms,NUMBER,F,3431
2015,diseases_of_the_blood,NUMBER,F,36
2015,endocrine_metabolic_and_nutritional,NUMBER,F,1169
2015,mental_and_behavioural_disorders,NUMBER,F,86
2015,diseases_of_the_nervous,NUMBER,F,206
2015,diseases_of_the_eye,NUMBER,F,1
2015,diseases_of_the_circulatory,NUMBER,F,10701
2015,diseases_of_the_respiratory,NUMBER,F,746
2015,diseases_of_the_digestive,NUMBER,F,417
2015,diseases_of_the_skin,NUMBER,F,26
2015,diseases_of_the_musculoskeletal,NUMBER,F,34
2015,diseases_of_the_genitourinary,NUMBER,F,353
2015,pregnancy_childbirth_and_the,NUMBER,F,1
2015,certain_conditions_originating,NUMBER,F,59
2015,congenital_malformations_deformations,NUMBER,F,16
2015,symptoms_signs_and_abnormal,NUMBER,F,996
2015,injuries_poisoning_and_consequences,NUMBER,F,263
2015,external_causes_of_mortality,NUMBER,F,3
2015,unknown,NUMBER,F,224
2015,total,NUMBER,F,18931
2016,infectious_and_parasitic,NUMBER,_T,412
2016,neoplasms,NUMBER,_T,7761
2016,diseases_of_the_blood,NUMBER,_T,54
2016,endocrine_metabolic_and_nutritional,NUMBER,_T,1961
2016,mental_and_behavioural_disorders,NUMBER,_T,226
2016,diseases_of_the_nervous,NUMBER,_T,386
2016,diseases_of_the_eye,NUMBER,_T,8
2016,diseases_of_the_circulatory,NUMBER,_T,18959
2016,diseases_of_the_respiratory,NUMBER,_T,1487
2016,diseases_of_the_digestive,NUMBER,_T,1077
2016,diseases_of_the_skin,NUMBER,_T,35
2016,diseases_of_the_musculoskeletal,NUMBER,_T,46
2016,diseases_of_the_genitourinary,NUMBER,_T,696
2016,pregnancy_childbirth_and_the,NUMBER,_T,1
2016,certain_conditions_originating,NUMBER,_T,117
2016,congenital_malformations_deformations,NUMBER,_T,16
2016,symptoms_signs_and_abnormal,NUMBER,_T,1730
2016,injuries_poisoning_and_consequences,NUMBER,_T,1040
2016,external_causes_of_mortality,NUMBER,_T,14
2016,unknown,NUMBER,_T,545
2016,total,NUMBER,_T,36571
2016,infectious_and_parasitic,NUMBER,M,214
2016,neoplasms,NUMBER,M,4464
2016,diseases_of_the_blood,NUMBER,M,22
2016,endocrine_metabolic_and_nutritional,NUMBER,M,789
2016,mental_and_behavioural_disorders,NUMBER,M,141
2016,diseases_of_the_nervous,NUMBER,M,213
2016,diseases_of_the_eye,NUMBER,M,6
2016,diseases_of_the_circulatory,NUMBER,M,878
2016,diseases_of_the_respiratory,NUMBER,M,879
2016,diseases_of_the_digestive,NUMBER,M,619
2016,diseases_of_the_skin,NUMBER,M,16
2016,diseases_of_the_musculoskeletal,NUMBER,M,9
2016,diseases_of_the_genitourinary,NUMBER,M,345
2016,certain_conditions_originating,NUMBER,M,74
2016,congenital_malformations_deformations,NUMBER,M,9
2016,symptoms_signs_and_abnormal,NUMBER,M,872
2016,injuries_poisoning_and_consequences,NUMBER,M,783
2016,external_causes_of_mortality,NUMBER,M,11
2016,unknown,NUMBER,M,296
2016,total,NUMBER,M,18542
2016,infectious_and_parasitic,NUMBER,F,198
2016,neoplasms,NUMBER,F,3297
2016,diseases_of_the_blood,NUMBER,F,32
2016,endocrine_metabolic_and_nutritional,NUMBER,F,1172
2016,mental_and_behavioural_disorders,NUMBER,F,85
2016,diseases_of_the_nervous,NUMBER,F,173
2016,diseases_of_the_eye,NUMBER,F,2
2016,diseases_of_the_circulatory,NUMBER,F,10179
2016,diseases_of_the_respiratory,NUMBER,F,608
2016,diseases_of_the_digestive,NUMBER,F,458
2016,diseases_of_the_skin,NUMBER,F,19
2016,diseases_of_the_musculoskeletal,NUMBER,F,37
2016,diseases_of_the_genitourinary,NUMBER,F,351
2016,pregnancy_childbirth_and_the,NUMBER,F,1
2016,certain_conditions_originating,NUMBER,F,43
2016,congenital_malformations_deformations,NUMBER,F,7
2016,symptoms_signs_and_abnormal,NUMBER,F,858
2016,injuries_poisoning_and_consequences,NUMBER,F,257
2016,external_causes_of_mortality,NUMBER,F,3
2016,unknown,NUMBER,F,249
2016,total,NUMBER,F,18029
2017,infectious_and_parasitic,NUMBER,_T,395
2017,neoplasms,NUMBER,_T,8136
2017,diseases_of_the_blood,NUMBER,_T,69
2017,endocrine_metabolic_and_nutritional,NUMBER,_T,217
2017,mental_and_behavioural_disorders,NUMBER,_T,265
2017,diseases_of_the_nervous,NUMBER,_T,382
2017,diseases_of_the_eye,NUMBER,_T,5
2017,diseases_of_the_circulatory,NUMBER,_T,19207
2017,diseases_of_the_respiratory,NUMBER,_T,1579
2017,diseases_of_the_digestive,NUMBER,_T,1007
2017,diseases_of_the_skin,NUMBER,_T,44
2017,diseases_of_the_musculoskeletal,NUMBER,_T,44
2017,diseases_of_the_genitourinary,NUMBER,_T,587
2017,certain_conditions_originating,NUMBER,_T,136
2017,congenital_malformations_deformations,NUMBER,_T,27
2017,symptoms_signs_and_abnormal,NUMBER,_T,2294
2017,injuries_poisoning_and_consequences,NUMBER,_T,1067
2017,external_causes_of_mortality,NUMBER,_T,15
2017,unknown,NUMBER,_T,550
2017,total,NUMBER,_T,37979
2017,infectious_and_parasitic,NUMBER,M,209
2017,neoplasms,NUMBER,M,4632
2017,diseases_of_the_blood,NUMBER,M,25
2017,endocrine_metabolic_and_nutritional,NUMBER,M,885
2017,mental_and_behavioural_disorders,NUMBER,M,147
2017,diseases_of_the_nervous,NUMBER,M,193
2017,diseases_of_the_eye,NUMBER,M,2
2017,diseases_of_the_circulatory,NUMBER,M,888
2017,diseases_of_the_respiratory,NUMBER,M,936
2017,diseases_of_the_digestive,NUMBER,M,570
2017,diseases_of_the_skin,NUMBER,M,12
2017,diseases_of_the_musculoskeletal,NUMBER,M,17
2017,diseases_of_the_genitourinary,NUMBER,M,299
2017,certain_conditions_originating,NUMBER,M,75
2017,congenital_malformations_deformations,NUMBER,M,16
2017,symptoms_signs_and_abnormal,NUMBER,M,1168
2017,injuries_poisoning_and_consequences,NUMBER,M,780
2017,external_causes_of_mortality,NUMBER,M,9
2017,unknown,NUMBER,M,331
2017,total,NUMBER,M,19186
2017,infectious_and_parasitic,NUMBER,F,186
2017,neoplasms,NUMBER,F,3504
2017,diseases_of_the_blood,NUMBER,F,44
2017,endocrine_metabolic_and_nutritional,NUMBER,F,1285
2017,mental_and_behavioural_disorders,NUMBER,F,118
2017,diseases_of_the_nervous,NUMBER,F,189
2017,diseases_of_the_eye,NUMBER,F,3
2017,diseases_of_the_circulatory,NUMBER,F,10327
2017,diseases_of_the_respiratory,NUMBER,F,643
2017,diseases_of_the_digestive,NUMBER,F,437
2017,diseases_of_the_skin,NUMBER,F,32
2017,diseases_of_the_musculoskeletal,NUMBER,F,27
2017,diseases_of_the_genitourinary,NUMBER,F,288
2017,certain_conditions_originating,NUMBER,F,61
2017,congenital_malformations_deformations,NUMBER,F,Value
2017,symptoms_signs_and_abnormal,NUMBER,F,4591
2017,injuries_poisoning_and_consequences,NUMBER,F,15911
2017,external_causes_of_mortality,NUMBER,F,866
2017,unknown,NUMBER,F,709
2017,total,NUMBER,F,2552
2018,infectious_and_parasitic,NUMBER,_T,1022
2018,neoplasms,NUMBER,_T,25651
2018,diseases_of_the_blood,NUMBER,_T,2752
2018,endocrine_metabolic_and_nutritional,NUMBER,_T,77
2018,mental_and_behavioural_disorders,NUMBER,_T,498
2018,diseases_of_the_nervous,NUMBER,_T,445
2018,diseases_of_the_circulatory,NUMBER,_T,1347
2018,diseases_of_the_respiratory,NUMBER,_T,786
2018,diseases_of_the_digestive,NUMBER,_T,13528
2018,diseases_of_the_skin,NUMBER,_T,1839
2018,diseases_of_the_musculoskeletal,NUMBER,_T,8211
2018,diseases_of_the_genitourinary,NUMBER,_T,368
2018,pregnancy_childbirth_and_the,NUMBER,_T,264
2018,certain_conditions_originating,NUMBER,_T,1205
2018,congenital_malformations_deformations,NUMBER,_T,236
2018,symptoms_signs_and_abnormal,NUMBER,_T,12123
2018,injuries_poisoning_and_consequences,NUMBER,_T,5122
2018,external_causes_of_mortality,NUMBER,_T,16283
2018,factors_influencing_health_status,NUMBER,_T,805
2018,unknown,NUMBER,_T,848
2018,total,NUMBER,_T,2860
2018,infectious_and_parasitic,NUMBER,M,1091
2018,neoplasms,NUMBER,M,27009
2018,diseases_of_the_blood,NUMBER,M,3144
2018,endocrine_metabolic_and_nutritional,NUMBER,M,781
2018,mental_and_behavioural_disorders,NUMBER,M,464
2018,diseases_of_the_nervous,NUMBER,M,518
2018,diseases_of_the_circulatory,NUMBER,M,1484
2018,diseases_of_the_respiratory,NUMBER,M,812
2018,diseases_of_the_digestive,NUMBER,M,14232
2018,diseases_of_the_skin,NUMBER,M,1978
2018,diseases_of_the_musculoskeletal,NUMBER,M,8473
2018,diseases_of_the_genitourinary,NUMBER,M,341
2018,certain_conditions_originating,NUMBER,M,330
2018,congenital_malformations_deformations,NUMBER,M,1376
2018,symptoms_signs_and_abnormal,NUMBER,M,279
2018,injuries_poisoning_and_consequences,NUMBER,M,12777
2018,external_causes_of_mortality,NUMBER,M,257
2018,factors_influencing_health_status,NUMBER,M,5347
2018,unknown,NUMBER,M,20
2018,total,NUMBER,M,667
2018,infectious_and_parasitic,NUMBER,F,48
2018,neoplasms,NUMBER,F,161
2018,diseases_of_the_blood,NUMBER,F,1
2018,endocrine_metabolic_and_nutritional,NUMBER,F,16328
2018,mental_and_behavioural_disorders,NUMBER,F,745
2018,diseases_of_the_nervous,NUMBER,F,827
2018,diseases_of_the_circulatory,NUMBER,F,17
2018,diseases_of_the_respiratory,NUMBER,F,14
2018,diseases_of_the_digestive,NUMBER,F,397
2018,diseases_of_the_skin,NUMBER,F,1
2018,diseases_of_the_musculoskeletal,NUMBER,F,188
2018,diseases_of_the_genitourinary,NUMBER,F,43
2018,pregnancy_childbirth_and_the,NUMBER,F,3031
2018,certain_conditions_originating,NUMBER,F,1017
2018,congenital_malformations_deformations,NUMBER,F,261
2018,symptoms_signs_and_abnormal,NUMBER,F,1
2018,injuries_poisoning_and_consequences,NUMBER,F,954
2018,external_causes_of_mortality,NUMBER,F,30325
2018,unknown,NUMBER,F,157
2018,total,NUMBER,F,3288
2019,infectious_and_parasitic,NUMBER,_T,7
2019,neoplasms,NUMBER,_T,240
2019,diseases_of_the_blood,NUMBER,_T,37
2019,endocrine_metabolic_and_nutritional,NUMBER,_T,79
2019,mental_and_behavioural_disorders,NUMBER,_T,1
2019,diseases_of_the_nervous,NUMBER,_T,7943
2019,diseases_of_the_eye,NUMBER,_T,434
2019,diseases_of_the_circulatory,NUMBER,_T,540
2019,diseases_of_the_respiratory,NUMBER,_T,5
2019,diseases_of_the_digestive,NUMBER,_T,6
2019,diseases_of_the_skin,NUMBER,_T,200
2019,diseases_of_the_musculoskeletal,NUMBER,_T,0
2019,diseases_of_the_genitourinary,NUMBER,_T,109
2019,pregnancy_childbirth_and_the,NUMBER,_T,18
2019,certain_conditions_originating,NUMBER,_T,1637
2019,congenital_malformations_deformations,NUMBER,_T,768
2019,symptoms_signs_and_abnormal,NUMBER,_T,206
2019,injuries_poisoning_and_consequences,NUMBER,_T,527
2019,external_causes_of_mortality,NUMBER,_T,16202
2019,factors_influencing_health_status,NUMBER,_T,100
2019,unknown,NUMBER,_T,2059
2019,total,NUMBER,_T,13
2019,infectious_and_parasitic,NUMBER,M,427
2019,neoplasms,NUMBER,M,11
2019,diseases_of_the_blood,NUMBER,M,82
2019,endocrine_metabolic_and_nutritional,NUMBER,M,8385
2019,mental_and_behavioural_disorders,NUMBER,M,311
2019,diseases_of_the_nervous,NUMBER,M,287
2019,diseases_of_the_eye,NUMBER,M,12
2019,diseases_of_the_circulatory,NUMBER,M,8
2019,diseases_of_the_respiratory,NUMBER,M,197
2019,diseases_of_the_digestive,NUMBER,M,1
2019,diseases_of_the_skin,NUMBER,M,79
2019,diseases_of_the_musculoskeletal,NUMBER,M,25
2019,diseases_of_the_genitourinary,NUMBER,M,1394
2019,certain_conditions_originating,NUMBER,M,249
2019,congenital_malformations_deformations,NUMBER,M,55
2019,symptoms_signs_and_abnormal,NUMBER,M,1
2019,injuries_poisoning_and_consequences,NUMBER,M,427
2019,external_causes_of_mortality,NUMBER,M,14123
2019,factors_influencing_health_status,NUMBER,M,263
2019,unknown,NUMBER,M,5288
2019,total,NUMBER,M,19
2019,infectious_and_parasitic,NUMBER,F,862
2019,neoplasms,NUMBER,F,66
2019,diseases_of_the_blood,NUMBER,F,157
2019,endocrine_metabolic_and_nutritional,NUMBER,F,1
2019,mental_and_behavioural_disorders,NUMBER,F,16007
2019,diseases_of_the_nervous,NUMBER,F,817
2019,diseases_of_the_eye,NUMBER,F,820
2019,diseases_of_the_circulatory,NUMBER,F,17
2019,diseases_of_the_respiratory,NUMBER,F,10
2019,diseases_of_the_digestive,NUMBER,F,219
2019,diseases_of_the_skin,NUMBER,F,3
2019,diseases_of_the_musculoskeletal,NUMBER,F,226
2019,diseases_of_the_genitourinary,NUMBER,F,56
2019,pregnancy_childbirth_and_the,NUMBER,F,2983
2019,certain_conditions_originating,NUMBER,F,984
2019,congenital_malformations_deformations,NUMBER,F,242
2019,symptoms_signs_and_abnormal,NUMBER,F,1
2019,injuries_poisoning_and_consequences,NUMBER,F,1790
2019,external_causes_of_mortality,NUMBER,F,30831
2019,factors_influencing_health_status,NUMBER,F,160
2019,unknown,NUMBER,F,3201
2019,total,NUMBER,F,11
