Year,UNIT_MEASURE,SEX,STILLBIRTH_RATE,Entity,Value
1996,NUMBER,_T,per_1000,BiH,5.82
1997,NUMBER,_T,per_1000,BiH,4.96
1998,NUMBER,_T,per_1000,BiH,4.49
1999,NUMBER,_T,per_1000,BiH,5.28
2000,NUMBER,_T,per_1000,BiH,4.02
2001,NUMBER,_T,per_1000,BiH,5.12
2002,NUMBER,_T,per_1000,BiH,3.88
2003,NUMBER,_T,per_1000,BiH,4.26
2004,NUMBER,_T,per_1000,BiH,4.78
2005,NUMBER,_T,per_1000,BiH,4.25
2006,NUMBER,_T,per_1000,BiH,4.03
2007,NUMBER,_T,per_1000,BiH,5.14
2008,NUMBER,_T,per_1000,BiH,5.0
2009,NUMBER,_T,per_1000,BiH,3.94
2010,NUMBER,_T,per_1000,BiH,4.27
2011,NUMBER,_T,per_1000,BiH,3.71
2012,NUMBER,_T,per_1000,BiH,3.69
2013,NUMBER,_T,per_1000,BiH,3.32
2014,NUMBER,_T,per_1000,BiH,2.54
2015,NUMBER,_T,per_1000,BiH,3.83
2016,NUMBER,_T,per_1000,BiH,3.64
2017,NUMBER,_T,per_1000,BiH,3.41
2018,NUMBER,_T,per_1000,BiH,2.99
2019,NUMBER,_T,per_1000,BiH,2.89
1997,NUMBER,_T,per_1000,FBiH,4.87
1998,NUMBER,_T,per_1000,FBiH,4.64
1999,NUMBER,_T,per_1000,FBiH,5.51
2000,NUMBER,_T,per_1000,FBiH,4.22
2001,NUMBER,_T,per_1000,FBiH,4.83
2002,NUMBER,_T,per_1000,FBiH,4.21
2003,NUMBER,_T,per_1000,FBiH,4.7
2004,NUMBER,_T,per_1000,FBiH,5.53
2005,NUMBER,_T,per_1000,FBiH,5.02
2006,NUMBER,_T,per_1000,FBiH,4.86
2007,NUMBER,_T,per_1000,FBiH,5.99
2008,NUMBER,_T,per_1000,FBiH,5.63
2009,NUMBER,_T,per_1000,FBiH,3.93
2010,NUMBER,_T,per_1000,FBiH,3.8
2011,NUMBER,_T,per_1000,FBiH,3.58
2012,NUMBER,_T,per_1000,FBiH,3.17
2013,NUMBER,_T,per_1000,FBiH,2.98
2014,NUMBER,_T,per_1000,FBiH,2.67
2015,NUMBER,_T,per_1000,FBiH,5.01
2016,NUMBER,_T,per_1000,FBiH,4.83
2017,NUMBER,_T,per_1000,FBiH,4.24
2018,NUMBER,_T,per_1000,FBiH,3.6
2019,NUMBER,_T,per_1000,FBiH,3.83
1997,NUMBER,_T,per_1000,RS,5.6
1998,NUMBER,_T,per_1000,RS,4.14
1999,NUMBER,_T,per_1000,RS,4.83
2000,NUMBER,_T,per_1000,RS,3.66
2001,NUMBER,_T,per_1000,RS,5.62
2002,NUMBER,_T,per_1000,RS,3.24
2003,NUMBER,_T,per_1000,RS,3.51
2004,NUMBER,_T,per_1000,RS,3.29
2005,NUMBER,_T,per_1000,RS,3.88
2006,NUMBER,_T,per_1000,RS,2.57
2007,NUMBER,_T,per_1000,RS,3.86
2008,NUMBER,_T,per_1000,RS,3.33
2009,NUMBER,_T,per_1000,RS,3.02
2010,NUMBER,_T,per_1000,RS,4.04
2011,NUMBER,_T,per_1000,RS,3.03
2012,NUMBER,_T,per_1000,RS,3.81
2013,NUMBER,_T,per_1000,RS,3.89
2014,NUMBER,_T,per_1000,RS,2.36
2015,NUMBER,_T,per_1000,RS,1.82
2016,NUMBER,_T,per_1000,RS,1.59
2017,NUMBER,_T,per_1000,RS,1.82
2018,NUMBER,_T,per_1000,RS,1.88
2019,NUMBER,_T,per_1000,RS,1.4
2001,NUMBER,_T,per_1000,BD,10.16
2002,NUMBER,_T,per_1000,BD,11.26
2003,NUMBER,_T,per_1000,BD,5.48
2004,NUMBER,_T,per_1000,BD,4.1
2005,NUMBER,_T,per_1000,BD,8.84
2006,NUMBER,_T,per_1000,BD,12.86
2007,NUMBER,_T,per_1000,BD,16.38
2008,NUMBER,_T,per_1000,BD,12.15
2009,NUMBER,_T,per_1000,BD,13.49
2010,NUMBER,_T,per_1000,BD,4.46
2011,NUMBER,_T,per_1000,BD,2.18
2017,NUMBER,_T,per_1000,BD,3.41
2018,NUMBER,_T,per_1000,BD,2.99
2019,NUMBER,_T,per_1000,BD,2.89
2001,NUMBER,M,number_of_stillbirths,BiH,98.0
2002,NUMBER,M,number_of_stillbirths,BiH,77.0
2003,NUMBER,M,number_of_stillbirths,BiH,91.0
2004,NUMBER,M,number_of_stillbirths,BiH,94.0
2005,NUMBER,M,number_of_stillbirths,BiH,85.0
2006,NUMBER,M,number_of_stillbirths,BiH,83.0
2007,NUMBER,M,number_of_stillbirths,BiH,98.0
2008,NUMBER,M,number_of_stillbirths,BiH,102.0
2009,NUMBER,M,number_of_stillbirths,BiH,80.0
2010,NUMBER,M,number_of_stillbirths,BiH,83.0
2011,NUMBER,M,number_of_stillbirths,BiH,57.0
2012,NUMBER,M,number_of_stillbirths,BiH,64.0
2013,NUMBER,M,number_of_stillbirths,BiH,45.0
2014,NUMBER,M,number_of_stillbirths,BiH,45.0
2015,NUMBER,M,number_of_stillbirths,BiH,56.0
2016,NUMBER,M,number_of_stillbirths,BiH,54.0
2017,NUMBER,M,number_of_stillbirths,BiH,51.0
2018,NUMBER,M,number_of_stillbirths,BiH,49.0
2019,NUMBER,M,number_of_stillbirths,BiH,40.0
2001,NUMBER,F,number_of_stillbirths,BiH,95.0
2002,NUMBER,F,number_of_stillbirths,BiH,61.0
2003,NUMBER,F,number_of_stillbirths,BiH,59.0
2004,NUMBER,F,number_of_stillbirths,BiH,74.0
2005,NUMBER,F,number_of_stillbirths,BiH,62.0
2006,NUMBER,F,number_of_stillbirths,BiH,54.0
2007,NUMBER,F,number_of_stillbirths,BiH,76.0
2008,NUMBER,F,number_of_stillbirths,BiH,69.0
2009,NUMBER,F,number_of_stillbirths,BiH,56.0
2010,NUMBER,F,number_of_stillbirths,BiH,60.0
2011,NUMBER,F,number_of_stillbirths,BiH,61.0
2012,NUMBER,F,number_of_stillbirths,BiH,56.0
2013,NUMBER,F,number_of_stillbirths,BiH,57.0
2014,NUMBER,F,number_of_stillbirths,BiH,32.0
2015,NUMBER,F,number_of_stillbirths,BiH,58.0
2016,NUMBER,F,number_of_stillbirths,BiH,56.0
2017,NUMBER,F,number_of_stillbirths,BiH,52.0
2018,NUMBER,F,number_of_stillbirths,BiH,39.0
2019,NUMBER,F,number_of_stillbirths,BiH,42.0
1996,NUMBER,_T,number_of_stillbirths,BiH,271.0
1997,NUMBER,_T,number_of_stillbirths,BiH,240.0
1998,NUMBER,_T,number_of_stillbirths,BiH,202.0
1999,NUMBER,_T,number_of_stillbirths,BiH,224.0
2000,NUMBER,_T,number_of_stillbirths,BiH,159.0
2001,NUMBER,_T,number_of_stillbirths,BiH,193.0
2002,NUMBER,_T,number_of_stillbirths,BiH,138.0
2003,NUMBER,_T,number_of_stillbirths,BiH,150.0
2004,NUMBER,_T,number_of_stillbirths,BiH,168.0
2005,NUMBER,_T,number_of_stillbirths,BiH,147.0
2006,NUMBER,_T,number_of_stillbirths,BiH,137.0
2007,NUMBER,_T,number_of_stillbirths,BiH,174.0
2008,NUMBER,_T,number_of_stillbirths,BiH,171.0
2009,NUMBER,_T,number_of_stillbirths,BiH,136.0
2010,NUMBER,_T,number_of_stillbirths,BiH,143.0
2011,NUMBER,_T,number_of_stillbirths,BiH,118.0
2012,NUMBER,_T,number_of_stillbirths,BiH,120.0
2013,NUMBER,_T,number_of_stillbirths,BiH,102.0
2014,NUMBER,_T,number_of_stillbirths,BiH,77.0
2015,NUMBER,_T,number_of_stillbirths,BiH,114.0
2016,NUMBER,_T,number_of_stillbirths,BiH,110.0
2017,NUMBER,_T,number_of_stillbirths,BiH,103.0
2018,NUMBER,_T,number_of_stillbirths,BiH,88.0
2019,NUMBER,_T,number_of_stillbirths,BiH,82.0
1997,NUMBER,M,number_of_stillbirths,FBiH,98.0
1998,NUMBER,M,number_of_stillbirths,FBiH,76.0
1999,NUMBER,M,number_of_stillbirths,FBiH,88.0
2000,NUMBER,M,number_of_stillbirths,FBiH,59.0
2001,NUMBER,M,number_of_stillbirths,FBiH,60.0
2002,NUMBER,M,number_of_stillbirths,FBiH,60.0
2003,NUMBER,M,number_of_stillbirths,FBiH,72.0
2004,NUMBER,M,number_of_stillbirths,FBiH,70.0
2005,NUMBER,M,number_of_stillbirths,FBiH,69.0
2006,NUMBER,M,number_of_stillbirths,FBiH,62.0
2007,NUMBER,M,number_of_stillbirths,FBiH,73.0
2008,NUMBER,M,number_of_stillbirths,FBiH,79.0
2009,NUMBER,M,number_of_stillbirths,FBiH,52.0
2010,NUMBER,M,number_of_stillbirths,FBiH,55.0
2011,NUMBER,M,number_of_stillbirths,FBiH,39.0
2012,NUMBER,M,number_of_stillbirths,FBiH,36.0
2013,NUMBER,M,number_of_stillbirths,FBiH,27.0
2014,NUMBER,M,number_of_stillbirths,FBiH,32.0
2015,NUMBER,M,number_of_stillbirths,FBiH,48.0
2016,NUMBER,M,number_of_stillbirths,FBiH,54.0
2017,NUMBER,M,number_of_stillbirths,FBiH,41.0
2018,NUMBER,M,number_of_stillbirths,FBiH,37.0
2019,NUMBER,M,number_of_stillbirths,FBiH,36.0
1997,NUMBER,F,number_of_stillbirths,FBiH,69.0
1998,NUMBER,F,number_of_stillbirths,FBiH,70.0
1999,NUMBER,F,number_of_stillbirths,FBiH,66.0
2000,NUMBER,F,number_of_stillbirths,FBiH,48.0
2001,NUMBER,F,number_of_stillbirths,FBiH,56.0
2002,NUMBER,F,number_of_stillbirths,FBiH,38.0
2003,NUMBER,F,number_of_stillbirths,FBiH,37.0
2004,NUMBER,F,number_of_stillbirths,FBiH,53.0
2005,NUMBER,F,number_of_stillbirths,FBiH,41.0
2006,NUMBER,F,number_of_stillbirths,FBiH,43.0
2007,NUMBER,F,number_of_stillbirths,FBiH,57.0
2008,NUMBER,F,number_of_stillbirths,FBiH,50.0
2009,NUMBER,F,number_of_stillbirths,FBiH,38.0
2010,NUMBER,F,number_of_stillbirths,FBiH,30.0
2011,NUMBER,F,number_of_stillbirths,FBiH,37.0
2012,NUMBER,F,number_of_stillbirths,FBiH,32.0
2013,NUMBER,F,number_of_stillbirths,FBiH,33.0
2014,NUMBER,F,number_of_stillbirths,FBiH,21.0
2015,NUMBER,F,number_of_stillbirths,FBiH,49.0
2016,NUMBER,F,number_of_stillbirths,FBiH,41.0
2017,NUMBER,F,number_of_stillbirths,FBiH,43.0
2018,NUMBER,F,number_of_stillbirths,FBiH,31.0
2019,NUMBER,F,number_of_stillbirths,FBiH,33.0
1997,NUMBER,_T,number_of_stillbirths,FBiH,167.0
1998,NUMBER,_T,number_of_stillbirths,FBiH,146.0
1999,NUMBER,_T,number_of_stillbirths,FBiH,154.0
2000,NUMBER,_T,number_of_stillbirths,FBiH,107.0
2001,NUMBER,_T,number_of_stillbirths,FBiH,116.0
2002,NUMBER,_T,number_of_stillbirths,FBiH,98.0
2003,NUMBER,_T,number_of_stillbirths,FBiH,109.0
2004,NUMBER,_T,number_of_stillbirths,FBiH,123.0
2005,NUMBER,_T,number_of_stillbirths,FBiH,110.0
2006,NUMBER,_T,number_of_stillbirths,FBiH,105.0
2007,NUMBER,_T,number_of_stillbirths,FBiH,130.0
2008,NUMBER,_T,number_of_stillbirths,FBiH,129.0
2009,NUMBER,_T,number_of_stillbirths,FBiH,90.0
2010,NUMBER,_T,number_of_stillbirths,FBiH,85.0
2011,NUMBER,_T,number_of_stillbirths,FBiH,76.0
2012,NUMBER,_T,number_of_stillbirths,FBiH,68.0
2013,NUMBER,_T,number_of_stillbirths,FBiH,60.0
2014,NUMBER,_T,number_of_stillbirths,FBiH,53.0
2015,NUMBER,_T,number_of_stillbirths,FBiH,97.0
2016,NUMBER,_T,number_of_stillbirths,FBiH,95.0
2017,NUMBER,_T,number_of_stillbirths,FBiH,84.0
2018,NUMBER,_T,number_of_stillbirths,FBiH,68.0
2019,NUMBER,_T,number_of_stillbirths,FBiH,69.0
1997,NUMBER,M,number_of_stillbirths,RS,38.0
1998,NUMBER,M,number_of_stillbirths,RS,19.0
1999,NUMBER,M,number_of_stillbirths,RS,39.0
2000,NUMBER,M,number_of_stillbirths,RS,27.0
2001,NUMBER,M,number_of_stillbirths,RS,38.0
2002,NUMBER,M,number_of_stillbirths,RS,17.0
2003,NUMBER,M,number_of_stillbirths,RS,17.0
2004,NUMBER,M,number_of_stillbirths,RS,19.0
2005,NUMBER,M,number_of_stillbirths,RS,20.0
2006,NUMBER,M,number_of_stillbirths,RS,20.0
2007,NUMBER,M,number_of_stillbirths,RS,23.0
2008,NUMBER,M,number_of_stillbirths,RS,20.0
2009,NUMBER,M,number_of_stillbirths,RS,21.0
2010,NUMBER,M,number_of_stillbirths,RS,23.0
2011,NUMBER,M,number_of_stillbirths,RS,12.0
2012,NUMBER,M,number_of_stillbirths,RS,24.0
2013,NUMBER,M,number_of_stillbirths,RS,17.0
2014,NUMBER,M,number_of_stillbirths,RS,13.0
2015,NUMBER,M,number_of_stillbirths,RS,8.0
2016,NUMBER,M,number_of_stillbirths,RS,5.0
2017,NUMBER,M,number_of_stillbirths,RS,10.0
2018,NUMBER,M,number_of_stillbirths,RS,11.0
2019,NUMBER,M,number_of_stillbirths,RS,4.0
1997,NUMBER,F,number_of_stillbirths,RS,39.0
1998,NUMBER,F,number_of_stillbirths,RS,37.0
1999,NUMBER,F,number_of_stillbirths,RS,31.0
2000,NUMBER,F,number_of_stillbirths,RS,25.0
2001,NUMBER,F,number_of_stillbirths,RS,39.0
2002,NUMBER,F,number_of_stillbirths,RS,23.0
2003,NUMBER,F,number_of_stillbirths,RS,20.0
2004,NUMBER,F,number_of_stillbirths,RS,16.0
2005,NUMBER,F,number_of_stillbirths,RS,20.0
2006,NUMBER,F,number_of_stillbirths,RS,7.0
2007,NUMBER,F,number_of_stillbirths,RS,16.0
2008,NUMBER,F,number_of_stillbirths,RS,14.0
2009,NUMBER,F,number_of_stillbirths,RS,11.0
2010,NUMBER,F,number_of_stillbirths,RS,18.0
2011,NUMBER,F,number_of_stillbirths,RS,17.0
2012,NUMBER,F,number_of_stillbirths,RS,14.0
2013,NUMBER,F,number_of_stillbirths,RS,20.0
2014,NUMBER,F,number_of_stillbirths,RS,9.0
2015,NUMBER,F,number_of_stillbirths,RS,9.0
2016,NUMBER,F,number_of_stillbirths,RS,10.0
2017,NUMBER,F,number_of_stillbirths,RS,7.0
2018,NUMBER,F,number_of_stillbirths,RS,7.0
2019,NUMBER,F,number_of_stillbirths,RS,9.0
1997,NUMBER,_T,number_of_stillbirths,RS,77.0
1998,NUMBER,_T,number_of_stillbirths,RS,56.0
1999,NUMBER,_T,number_of_stillbirths,RS,70.0
2000,NUMBER,_T,number_of_stillbirths,RS,52.0
2001,NUMBER,_T,number_of_stillbirths,RS,77.0
2002,NUMBER,_T,number_of_stillbirths,RS,40.0
2003,NUMBER,_T,number_of_stillbirths,RS,37.0
2004,NUMBER,_T,number_of_stillbirths,RS,35.0
2005,NUMBER,_T,number_of_stillbirths,RS,40.0
2006,NUMBER,_T,number_of_stillbirths,RS,27.0
2007,NUMBER,_T,number_of_stillbirths,RS,39.0
2008,NUMBER,_T,number_of_stillbirths,RS,34.0
2009,NUMBER,_T,number_of_stillbirths,RS,32.0
2010,NUMBER,_T,number_of_stillbirths,RS,41.0
2011,NUMBER,_T,number_of_stillbirths,RS,29.0
2012,NUMBER,_T,number_of_stillbirths,RS,38.0
2013,NUMBER,_T,number_of_stillbirths,RS,37.0
2014,NUMBER,_T,number_of_stillbirths,RS,22.0
2015,NUMBER,_T,number_of_stillbirths,RS,17.0
2016,NUMBER,_T,number_of_stillbirths,RS,15.0
2017,NUMBER,_T,number_of_stillbirths,RS,17.0
2018,NUMBER,_T,number_of_stillbirths,RS,18.0
2019,NUMBER,_T,number_of_stillbirths,RS,13.0
2004,NUMBER,M,number_of_stillbirths,BD,4.0
2006,NUMBER,M,number_of_stillbirths,BD,1.0
2007,NUMBER,M,number_of_stillbirths,BD,1.0
2008,NUMBER,M,number_of_stillbirths,BD,3.0
2009,NUMBER,M,number_of_stillbirths,BD,6.0
2010,NUMBER,M,number_of_stillbirths,BD,4.0
2011,NUMBER,M,number_of_stillbirths,BD,5.0
2012,NUMBER,M,number_of_stillbirths,BD,4.0
2013,NUMBER,M,number_of_stillbirths,BD,1.0
2014,NUMBER,M,number_of_stillbirths,BD,1.0
2004,NUMBER,F,number_of_stillbirths,BD,6.0
2005,NUMBER,F,number_of_stillbirths,BD,11.0
2006,NUMBER,F,number_of_stillbirths,BD,4.0
2007,NUMBER,F,number_of_stillbirths,BD,3.0
2008,NUMBER,F,number_of_stillbirths,BD,5.0
2009,NUMBER,F,number_of_stillbirths,BD,6.0
2010,NUMBER,F,number_of_stillbirths,BD,11.0
2011,NUMBER,F,number_of_stillbirths,BD,6.0
2012,NUMBER,F,number_of_stillbirths,BD,9.0
2013,NUMBER,F,number_of_stillbirths,BD,3.0
2014,NUMBER,F,number_of_stillbirths,BD,1.0
2004,NUMBER,_T,number_of_stillbirths,BD,10.0
2005,NUMBER,_T,number_of_stillbirths,BD,11.0
2006,NUMBER,_T,number_of_stillbirths,BD,5.0
2007,NUMBER,_T,number_of_stillbirths,BD,4.0
2008,NUMBER,_T,number_of_stillbirths,BD,8.0
2009,NUMBER,_T,number_of_stillbirths,BD,12.0
2010,NUMBER,_T,number_of_stillbirths,BD,15.0
2011,NUMBER,_T,number_of_stillbirths,BD,11.0
2012,NUMBER,_T,number_of_stillbirths,BD,13.0
2013,NUMBER,_T,number_of_stillbirths,BD,4.0
2014,NUMBER,_T,number_of_stillbirths,BD,2.0
