Year,CAUSE_OF_DEATH,UNIT_MEASURE,Value
1996,estimated_number_of_population,NUMBER,3645000.0
1997,estimated_number_of_population,NUMBER,3738000.0
1998,estimated_number_of_population,NUMBER,3653000.0
1999,estimated_number_of_population,NUMBER,3725000.0
1999,neoplasms,NUMBER,123.0
1999,diseases_of_the_circulatory,NUMBER,427.0
1999,diseases_of_the_respiratory,NUMBER,23.25
1999,diseases_of_the_digestive,NUMBER,19.0
1999,symptoms_signs_and_abnormal,NUMBER,68.51
1999,injuries_poisoning_and_consequences,NUMBER,27.44
2000,estimated_number_of_population,NUMBER,3781000.0
2000,neoplasms,NUMBER,135.0
2000,diseases_of_the_circulatory,NUMBER,431.0
2000,diseases_of_the_respiratory,NUMBER,21.29
2000,diseases_of_the_digestive,NUMBER,22.0
2000,symptoms_signs_and_abnormal,NUMBER,75.64
2000,injuries_poisoning_and_consequences,NUMBER,28.85
2001,estimated_number_of_population,NUMBER,3798000.0
2000,infectious_and_parasitic,NUMBER,6.77
2000,neoplasms,NUMBER,141.0
2000,diseases_of_the_blood,NUMBER,0.53
2000,endocrine_metabolic_and_nutritional,NUMBER,18.0
2000,mental_and_behavioural_disorders,NUMBER,1.26
2000,diseases_of_the_nervous,NUMBER,4.0
2000,diseases_of_the_eye,NUMBER,0.03
2000,diseases_of_the_circulatory,NUMBER,430.0
2000,diseases_of_the_respiratory,NUMBER,19.62
2000,diseases_of_the_digestive,NUMBER,22.0
2000,diseases_of_the_skin,NUMBER,0.45
2000,diseases_of_the_genitourinary,NUMBER,10.45
2000,certain_conditions_originating,NUMBER,4.95
2000,congenital_malformations_deformations,NUMBER,1.13
2000,symptoms_signs_and_abnormal,NUMBER,79.81
2000,injuries_poisoning_and_consequences,NUMBER,26.78
2000,external_causes_of_mortality,NUMBER,6.87
2000,factors_influencing_health_status,NUMBER,0.03
2000,unknown,NUMBER,25.12
2002,estimated_number_of_population,NUMBER,3828000.0
2002,infectious_and_parasitic,NUMBER,6.87
2002,neoplasms,NUMBER,138.0
2002,diseases_of_the_blood,NUMBER,0.5
2002,endocrine_metabolic_and_nutritional,NUMBER,23.0
2002,mental_and_behavioural_disorders,NUMBER,1.72
2002,diseases_of_the_nervous,NUMBER,4.0
2002,diseases_of_the_eye,NUMBER,0.03
2002,diseases_of_the_circulatory,NUMBER,418.0
2002,diseases_of_the_respiratory,NUMBER,21.34
2002,diseases_of_the_digestive,NUMBER,21.0
2002,diseases_of_the_skin,NUMBER,0.44
2002,diseases_of_the_genitourinary,NUMBER,5.72
2002,certain_conditions_originating,NUMBER,5.9
2002,congenital_malformations_deformations,NUMBER,1.46
2002,symptoms_signs_and_abnormal,NUMBER,77.93
2002,injuries_poisoning_and_consequences,NUMBER,25.71
2002,external_causes_of_mortality,NUMBER,6.32
2002,factors_influencing_health_status,NUMBER,0.03
2002,unknown,NUMBER,46.76
2003,estimated_number_of_population,NUMBER,3832000.0
2003,neoplasms,NUMBER,151.0
2003,diseases_of_the_circulatory,NUMBER,443.0
2003,diseases_of_the_respiratory,NUMBER,22.86
2003,diseases_of_the_digestive,NUMBER,21.0
2003,symptoms_signs_and_abnormal,NUMBER,82.62
2003,injuries_poisoning_and_consequences,NUMBER,24.79
2003,unknown,NUMBER,20.09
2004,estimated_number_of_population,NUMBER,3842000.0
2004,infectious_and_parasitic,NUMBER,6.64
2004,neoplasms,NUMBER,149.0
2004,diseases_of_the_blood,NUMBER,0.81
2004,endocrine_metabolic_and_nutritional,NUMBER,26.0
2004,mental_and_behavioural_disorders,NUMBER,2.71
2004,diseases_of_the_nervous,NUMBER,7.0
2004,diseases_of_the_circulatory,NUMBER,461.0
2004,diseases_of_the_respiratory,NUMBER,23.61
2004,diseases_of_the_digestive,NUMBER,22.0
2004,diseases_of_the_skin,NUMBER,0.29
2004,diseases_of_the_genitourinary,NUMBER,12.16
2004,certain_conditions_originating,NUMBER,4.24
2004,congenital_malformations_deformations,NUMBER,1.09
2004,symptoms_signs_and_abnormal,NUMBER,70.87
2004,injuries_poisoning_and_consequences,NUMBER,23.95
2004,external_causes_of_mortality,NUMBER,7.11
2004,factors_influencing_health_status,NUMBER,0.03
2004,unknown,NUMBER,31.49
2005,estimated_number_of_population,NUMBER,3843000.0
2005,neoplasms,NUMBER,163.0
2005,diseases_of_the_circulatory,NUMBER,466.0
2005,diseases_of_the_respiratory,NUMBER,32.32
2005,diseases_of_the_digestive,NUMBER,21.0
2005,symptoms_signs_and_abnormal,NUMBER,62.3
2005,injuries_poisoning_and_consequences,NUMBER,24.77
2005,estimated_number_of_population,NUMBER,159.0
2005,neoplasms,NUMBER,3.14
2005,diseases_of_the_circulatory,NUMBER,10.19
2005,diseases_of_the_respiratory,NUMBER,512.0
2005,diseases_of_the_digestive,NUMBER,390.0
2005,symptoms_signs_and_abnormal,NUMBER,62.3
2005,injuries_poisoning_and_consequences,NUMBER,24.77
2006,estimated_number_of_population,NUMBER,3843000.0
2006,infectious_and_parasitic,NUMBER,6.17
2006,neoplasms,NUMBER,163.0
2006,diseases_of_the_blood,NUMBER,0.52
2006,endocrine_metabolic_and_nutritional,NUMBER,40.0
2006,mental_and_behavioural_disorders,NUMBER,3.07
2006,diseases_of_the_nervous,NUMBER,8.0
2006,diseases_of_the_eye,NUMBER,0.03
2006,diseases_of_the_circulatory,NUMBER,442.0
2006,diseases_of_the_respiratory,NUMBER,29.46
2006,diseases_of_the_digestive,NUMBER,21.0
2006,diseases_of_the_skin,NUMBER,0.29
2006,diseases_of_the_genitourinary,NUMBER,14.23
2006,certain_conditions_originating,NUMBER,4.81
2006,congenital_malformations_deformations,NUMBER,1.46
2006,symptoms_signs_and_abnormal,NUMBER,71.4
2006,injuries_poisoning_and_consequences,NUMBER,26.46
2006,external_causes_of_mortality,NUMBER,5.52
2006,factors_influencing_health_status,NUMBER,0.03
2006,unknown,NUMBER,27.09
2007,estimated_number_of_population,NUMBER,3842000.0
2007,infectious_and_parasitic,NUMBER,6.51
2007,neoplasms,NUMBER,175.0
2007,diseases_of_the_blood,NUMBER,1.41
2007,endocrine_metabolic_and_nutritional,NUMBER,41.0
2007,mental_and_behavioural_disorders,NUMBER,4.22
2007,diseases_of_the_nervous,NUMBER,8.0
2007,diseases_of_the_eye,NUMBER,0.03
2007,diseases_of_the_circulatory,NUMBER,482.0
2007,diseases_of_the_respiratory,NUMBER,29.8
2007,diseases_of_the_digestive,NUMBER,24.0
2007,diseases_of_the_skin,NUMBER,0.26
2007,diseases_of_the_musculoskeletal,NUMBER,1.0
2007,diseases_of_the_genitourinary,NUMBER,14.52
2007,certain_conditions_originating,NUMBER,3.46
2007,congenital_malformations_deformations,NUMBER,1.41
2007,symptoms_signs_and_abnormal,NUMBER,57.76
2007,injuries_poisoning_and_consequences,NUMBER,26.81
2007,external_causes_of_mortality,NUMBER,6.95
2007,unknown,NUMBER,28.01
2008,estimated_number_of_population,NUMBER,3842000.0
2008,infectious_and_parasitic,NUMBER,7.16
2008,neoplasms,NUMBER,175.0
2008,diseases_of_the_blood,NUMBER,0.96
2008,endocrine_metabolic_and_nutritional,NUMBER,41.0
2008,mental_and_behavioural_disorders,NUMBER,4.4
2008,diseases_of_the_nervous,NUMBER,7.0
2008,diseases_of_the_eye,NUMBER,0.03
2008,diseases_of_the_circulatory,NUMBER,468.0
2008,diseases_of_the_respiratory,NUMBER,26.94
2008,diseases_of_the_digestive,NUMBER,22.0
2008,diseases_of_the_skin,NUMBER,0.26
2008,diseases_of_the_musculoskeletal,NUMBER,1.0
2008,diseases_of_the_genitourinary,NUMBER,14.86
2008,certain_conditions_originating,NUMBER,3.54
2008,congenital_malformations_deformations,NUMBER,1.59
2008,symptoms_signs_and_abnormal,NUMBER,52.79
2008,injuries_poisoning_and_consequences,NUMBER,31.23
2008,external_causes_of_mortality,NUMBER,0.05
2008,unknown,NUMBER,27.04
2009,estimated_number_of_population,NUMBER,3843000.0
2009,infectious_and_parasitic,NUMBER,7.47
2009,neoplasms,NUMBER,181.0
2009,diseases_of_the_blood,NUMBER,1.07
2009,endocrine_metabolic_and_nutritional,NUMBER,52.0
2009,mental_and_behavioural_disorders,NUMBER,4.97
2009,diseases_of_the_nervous,NUMBER,8.0
2009,diseases_of_the_circulatory,NUMBER,476.0
2009,diseases_of_the_respiratory,NUMBER,29.48
2009,diseases_of_the_digestive,NUMBER,24.0
2009,diseases_of_the_skin,NUMBER,0.23
2009,diseases_of_the_musculoskeletal,NUMBER,1.0
2009,diseases_of_the_genitourinary,NUMBER,15.3
2009,certain_conditions_originating,NUMBER,3.75
2009,congenital_malformations_deformations,NUMBER,1.59
2009,symptoms_signs_and_abnormal,NUMBER,51.65
2009,injuries_poisoning_and_consequences,NUMBER,32.68
2009,external_causes_of_mortality,NUMBER,0.05
2009,factors_influencing_health_status,NUMBER,0.05
2009,unknown,NUMBER,16.91
2010,estimated_number_of_population,NUMBER,3843000.0
2010,infectious_and_parasitic,NUMBER,7.42
2010,neoplasms,NUMBER,181.0
2010,diseases_of_the_blood,NUMBER,1.17
2010,endocrine_metabolic_and_nutritional,NUMBER,50.0
2010,mental_and_behavioural_disorders,NUMBER,4.45
2010,diseases_of_the_nervous,NUMBER,9.0
2010,diseases_of_the_eye,NUMBER,0.05
2010,diseases_of_the_circulatory,NUMBER,489.0
2010,diseases_of_the_respiratory,NUMBER,29.79
2010,diseases_of_the_digestive,NUMBER,24.0
2010,diseases_of_the_skin,NUMBER,0.36
2010,diseases_of_the_musculoskeletal,NUMBER,1.0
2010,diseases_of_the_genitourinary,NUMBER,15.01
2010,certain_conditions_originating,NUMBER,3.59
2010,congenital_malformations_deformations,NUMBER,1.64
2010,symptoms_signs_and_abnormal,NUMBER,49.86
2010,injuries_poisoning_and_consequences,NUMBER,29.07
2010,external_causes_of_mortality,NUMBER,0.39
2010,unknown,NUMBER,16.6
2011,estimated_number_of_population,NUMBER,3840000.0
2011,infectious_and_parasitic,NUMBER,7.76
2011,neoplasms,NUMBER,188.0
2011,diseases_of_the_blood,NUMBER,1.54
2011,endocrine_metabolic_and_nutritional,NUMBER,51.0
2011,mental_and_behavioural_disorders,NUMBER,4.19
2011,diseases_of_the_nervous,NUMBER,11.0
2011,diseases_of_the_circulatory,NUMBER,481.0
2011,diseases_of_the_respiratory,NUMBER,33.36
2011,diseases_of_the_digestive,NUMBER,23.0
2011,diseases_of_the_skin,NUMBER,0.31
2011,diseases_of_the_musculoskeletal,NUMBER,1.0
2011,diseases_of_the_genitourinary,NUMBER,14.35
2011,certain_conditions_originating,NUMBER,3.07
2011,congenital_malformations_deformations,NUMBER,1.51
2011,symptoms_signs_and_abnormal,NUMBER,43.36
2011,injuries_poisoning_and_consequences,NUMBER,30.26
2011,external_causes_of_mortality,NUMBER,0.36
2011,factors_influencing_health_status,NUMBER,0.03
2011,unknown,NUMBER,18.1
2012,estimated_number_of_population,NUMBER,3836000.0
2012,infectious_and_parasitic,NUMBER,8.97
2012,neoplasms,NUMBER,198.0
2012,diseases_of_the_blood,NUMBER,1.23
2012,endocrine_metabolic_and_nutritional,NUMBER,50.0
2012,mental_and_behavioural_disorders,NUMBER,4.17
2012,diseases_of_the_nervous,NUMBER,11.0
2012,diseases_of_the_eye,NUMBER,0.03
2012,diseases_of_the_circulatory,NUMBER,502.0
2012,diseases_of_the_respiratory,NUMBER,33.0
2012,diseases_of_the_digestive,NUMBER,25.0
2012,diseases_of_the_skin,NUMBER,0.34
2012,diseases_of_the_musculoskeletal,NUMBER,1.0
2012,diseases_of_the_genitourinary,NUMBER,15.67
2012,certain_conditions_originating,NUMBER,2.89
2012,congenital_malformations_deformations,NUMBER,1.04
2012,symptoms_signs_and_abnormal,NUMBER,31.47
2012,injuries_poisoning_and_consequences,NUMBER,27.82
2012,unknown,NUMBER,19.29
2013,estimated_number_of_population,NUMBER,3531000.0
2013,infectious_and_parasitic,NUMBER,7.59
2013,neoplasms,NUMBER,213.0
2013,diseases_of_the_blood,NUMBER,1.42
2013,endocrine_metabolic_and_nutritional,NUMBER,56.0
2013,mental_and_behavioural_disorders,NUMBER,5.44
2013,diseases_of_the_nervous,NUMBER,11.0
2013,diseases_of_the_circulatory,NUMBER,515.0
2013,diseases_of_the_respiratory,NUMBER,40.44
2013,diseases_of_the_digestive,NUMBER,27.0
2013,diseases_of_the_skin,NUMBER,0.88
2013,diseases_of_the_musculoskeletal,NUMBER,2.0
2013,diseases_of_the_genitourinary,NUMBER,16.45
2013,certain_conditions_originating,NUMBER,2.86
2013,congenital_malformations_deformations,NUMBER,1.08
2013,symptoms_signs_and_abnormal,NUMBER,59.67
2013,injuries_poisoning_and_consequences,NUMBER,29.0
2013,external_causes_of_mortality,NUMBER,0.11
2013,unknown,NUMBER,22.15
2014,estimated_number_of_population,NUMBER,3526000.0
2014,infectious_and_parasitic,NUMBER,8.25
2014,neoplasms,NUMBER,222.0
2014,diseases_of_the_blood,NUMBER,1.19
2014,endocrine_metabolic_and_nutritional,NUMBER,64.0
2014,mental_and_behavioural_disorders,NUMBER,6.38
2014,diseases_of_the_nervous,NUMBER,11.0
2014,diseases_of_the_eye,NUMBER,0.17
2014,diseases_of_the_circulatory,NUMBER,509.0
2014,diseases_of_the_respiratory,NUMBER,39.96
2014,diseases_of_the_digestive,NUMBER,27.0
2014,diseases_of_the_skin,NUMBER,0.91
2014,diseases_of_the_musculoskeletal,NUMBER,2.0
2014,diseases_of_the_genitourinary,NUMBER,15.2
2014,certain_conditions_originating,NUMBER,2.41
2014,congenital_malformations_deformations,NUMBER,1.39
2014,symptoms_signs_and_abnormal,NUMBER,63.56
2014,injuries_poisoning_and_consequences,NUMBER,29.27
2014,external_causes_of_mortality,NUMBER,0.48
2014,factors_influencing_health_status,NUMBER,0.03
2014,unknown,NUMBER,16.73
2015,estimated_number_of_population,NUMBER,3518000.0
2015,infectious_and_parasitic,NUMBER,10.52
2015,neoplasms,NUMBER,226.0
2015,diseases_of_the_blood,NUMBER,1.56
2015,endocrine_metabolic_and_nutritional,NUMBER,58.0
2015,mental_and_behavioural_disorders,NUMBER,5.34
2015,diseases_of_the_nervous,NUMBER,13.0
2015,diseases_of_the_eye,NUMBER,0.03
2015,diseases_of_the_circulatory,NUMBER,560.0
2015,diseases_of_the_respiratory,NUMBER,48.83
2015,diseases_of_the_digestive,NUMBER,28.0
2015,diseases_of_the_skin,NUMBER,1.19
2015,diseases_of_the_musculoskeletal,NUMBER,2.0
2015,diseases_of_the_genitourinary,NUMBER,19.44
2015,certain_conditions_originating,NUMBER,3.58
2015,congenital_malformations_deformations,NUMBER,0.88
2015,symptoms_signs_and_abnormal,NUMBER,59.64
2015,injuries_poisoning_and_consequences,NUMBER,31.35
2015,external_causes_of_mortality,NUMBER,0.23
2015,unknown,NUMBER,15.38
2016,estimated_number_of_population,NUMBER,3511000.0
2016,infectious_and_parasitic,NUMBER,11.73
2016,neoplasms,NUMBER,221.0
2016,diseases_of_the_blood,NUMBER,1.54
2016,endocrine_metabolic_and_nutritional,NUMBER,56.0
2016,mental_and_behavioural_disorders,NUMBER,6.44
2016,diseases_of_the_nervous,NUMBER,11.0
2016,diseases_of_the_eye,NUMBER,0.23
2016,diseases_of_the_circulatory,NUMBER,540.0
2016,diseases_of_the_respiratory,NUMBER,42.35
2016,diseases_of_the_digestive,NUMBER,31.0
2016,diseases_of_the_skin,NUMBER,1.0
2016,diseases_of_the_musculoskeletal,NUMBER,1.0
2016,diseases_of_the_genitourinary,NUMBER,19.82
2016,certain_conditions_originating,NUMBER,3.33
2016,congenital_malformations_deformations,NUMBER,0.46
2016,symptoms_signs_and_abnormal,NUMBER,49.27
2016,injuries_poisoning_and_consequences,NUMBER,29.62
2016,external_causes_of_mortality,NUMBER,0.4
2016,unknown,NUMBER,15.52
2017,estimated_number_of_population,NUMBER,3504000.0
2017,infectious_and_parasitic,NUMBER,11.27
2017,neoplasms,NUMBER,232.0
2017,diseases_of_the_blood,NUMBER,1.97
2017,endocrine_metabolic_and_nutritional,NUMBER,62.0
2017,mental_and_behavioural_disorders,NUMBER,7.56
2017,diseases_of_the_nervous,NUMBER,11.0
2017,diseases_of_the_eye,NUMBER,0.14
2017,diseases_of_the_circulatory,NUMBER,548.0
2017,diseases_of_the_respiratory,NUMBER,45.06
2017,diseases_of_the_digestive,NUMBER,29.0
2017,diseases_of_the_skin,NUMBER,1.26
2017,diseases_of_the_musculoskeletal,NUMBER,1.0
2017,diseases_of_the_genitourinary,NUMBER,16.75
2017,certain_conditions_originating,NUMBER,3.88
2017,congenital_malformations_deformations,NUMBER,0.77
2017,symptoms_signs_and_abnormal,NUMBER,65.47
2017,injuries_poisoning_and_consequences,NUMBER,30.45
2017,external_causes_of_mortality,NUMBER,0.43
2017,unknown,NUMBER,15.7
2018,estimated_number_of_population,NUMBER,3496000.0
2018,infectious_and_parasitic,NUMBER,12.67
2018,neoplasms,NUMBER,225.0
2018,diseases_of_the_blood,NUMBER,2.06
2018,endocrine_metabolic_and_nutritional,NUMBER,60.0
2018,mental_and_behavioural_disorders,NUMBER,6.75
2018,diseases_of_the_nervous,NUMBER,10.0
2018,diseases_of_the_circulatory,NUMBER,538.0
2018,diseases_of_the_respiratory,NUMBER,53.09
2018,diseases_of_the_digestive,NUMBER,30.0
2018,diseases_of_the_skin,NUMBER,1.14
2018,diseases_of_the_musculoskeletal,NUMBER,2.0
2018,diseases_of_the_genitourinary,NUMBER,18.05
2018,certain_conditions_originating,NUMBER,3.83
2018,congenital_malformations_deformations,NUMBER,0.74
2018,symptoms_signs_and_abnormal,NUMBER,73.83
2018,injuries_poisoning_and_consequences,NUMBER,29.03
2018,external_causes_of_mortality,NUMBER,0.31
2018,factors_influencing_health_status,NUMBER,0.03
2018,unknown,NUMBER,13.44
2001,pregnancy_childbirth_and_the,NUMBER,0.03
2002,pregnancy_childbirth_and_the,NUMBER,0.08
2004,pregnancy_childbirth_and_the,NUMBER,0.03
2006,pregnancy_childbirth_and_the,NUMBER,0.08
2007,pregnancy_childbirth_and_the,NUMBER,0.03
2008,pregnancy_childbirth_and_the,NUMBER,0.1
2009,pregnancy_childbirth_and_the,NUMBER,0.03
2010,pregnancy_childbirth_and_the,NUMBER,0.03
2011,pregnancy_childbirth_and_the,NUMBER,0.05
2012,pregnancy_childbirth_and_the,NUMBER,0.08
2015,pregnancy_childbirth_and_the,NUMBER,0.03
2016,pregnancy_childbirth_and_the,NUMBER,0.03
2018,pregnancy_childbirth_and_the,NUMBER,0.03
