Year,health_indicators,UNIT_MEASURE,Entity,Value
1997,number_of_new_cases_of_HIV,NUMBER,BiH,5.0
1997,number_of_new_cases_of_HIV,NUMBER,RS,5.0
1997,number_of_new_cases_of_HIV_per_100000_population,NUMBER,RS,0.42
1998,number_of_new_cases_of_HIV,NUMBER,BiH,19.0
1998,number_of_new_cases_of_HIV,NUMBER,RS,19.0
1998,number_of_new_cases_of_HIV_per_100000_population,NUMBER,RS,1.59
1999,number_of_new_cases_of_HIV,NUMBER,BiH,6.0
1999,number_of_beds_in_hospitals,NUMBER,BiH,5.47
1999,number_of_medical_doctors_providing_health_care_in_public_institutions,NUMBER,BiH,1.754
1999,number_of_general_practitioners,NUMBER,BiH,352.0
1999,number_of_new_cases_of_HIV,NUMBER,RS,6.0
1999,number_of_new_cases_of_HIV_per_100000_population,NUMBER,RS,0.5
1999,number_of_beds_in_hospitals,NUMBER,RS,5.47
1999,number_of_beds_in_hospitals_per_100000_population,NUMBER,RS,457.0
1999,number_of_medical_doctors_providing_health_care_in_public_institutions,NUMBER,RS,1.754
1999,number_of_medical_doctors_providing_health_care_in_public_institutions_per_100000_population,NUMBER,RS,147.0
1999,number_of_general_practitioners,NUMBER,RS,352.0
1999,number_of_population_per_general_practitioner,NUMBER,RS,3.401
2000,number_of_beds_in_hospitals,NUMBER,BiH,4.697
2000,number_of_medical_doctors_providing_health_care_in_public_institutions,NUMBER,BiH,1.716
2000,number_of_general_practitioners,NUMBER,BiH,341.0
2000,number_of_beds_in_hospitals,NUMBER,RS,4.697
2000,number_of_beds_in_hospitals_per_100000_population,NUMBER,RS,393.0
2000,number_of_medical_doctors_providing_health_care_in_public_institutions,NUMBER,RS,1.716
2000,number_of_medical_doctors_providing_health_care_in_public_institutions_per_100000_population,NUMBER,RS,143.0
2000,number_of_general_practitioners,NUMBER,RS,341.0
2000,number_of_population_per_general_practitioner,NUMBER,RS,3.508
2001,number_of_new_cases_of_HIV,NUMBER,BiH,5.0
2001,number_of_beds_in_hospitals,NUMBER,BiH,4.565
2001,number_of_medical_doctors_providing_health_care_in_public_institutions,NUMBER,BiH,1.731
2001,number_of_general_practitioners,NUMBER,BiH,324.0
2001,number_of_new_cases_of_HIV,NUMBER,RS,5.0
2001,number_of_new_cases_of_HIV_per_100000_population,NUMBER,RS,0.42
2001,number_of_beds_in_hospitals,NUMBER,RS,4.565
2001,number_of_beds_in_hospitals_per_100000_population,NUMBER,RS,382.0
2001,number_of_medical_doctors_providing_health_care_in_public_institutions,NUMBER,RS,1.731
2001,number_of_medical_doctors_providing_health_care_in_public_institutions_per_100000_population,NUMBER,RS,145.0
2001,number_of_general_practitioners,NUMBER,RS,324.0
2001,number_of_population_per_general_practitioner,NUMBER,RS,3.689
2002,number_of_new_cases_of_syphilis,NUMBER,BiH,10.0
2002,number_of_new_cases_of_AIDS_clinically_diagnosed,NUMBER,BiH,3.0
2002,number_of_new_cases_of_HIV,NUMBER,BiH,4.0
2002,number_of_beds_in_hospitals,NUMBER,BiH,3.985
2002,number_of_medical_doctors_providing_health_care_in_public_institutions,NUMBER,BiH,1.786
2002,number_of_general_practitioners,NUMBER,BiH,313.0
2002,number_of_new_cases_of_syphilis,NUMBER,FBiH,10.0
2002,number_of_new_cases_of_AIDS_clinically_diagnosed,NUMBER,FBiH,3.0
2002,number_of_new_cases_of_HIV,NUMBER,RS,4.0
2002,number_of_new_cases_of_HIV_per_100000_population,NUMBER,RS,0.33
2002,number_of_beds_in_hospitals,NUMBER,RS,3.985
2002,number_of_beds_in_hospitals_per_100000_population,NUMBER,RS,334.0
2002,number_of_medical_doctors_providing_health_care_in_public_institutions,NUMBER,RS,1.786
2002,number_of_medical_doctors_providing_health_care_in_public_institutions_per_100000_population,NUMBER,RS,150.0
2002,number_of_general_practitioners,NUMBER,RS,313.0
2002,number_of_population_per_general_practitioner,NUMBER,RS,3.815
2003,number_of_new_cases_of_syphilis,NUMBER,BiH,5.0
2003,number_of_new_cases_of_AIDS_clinically_diagnosed,NUMBER,BiH,3.0
2003,number_of_new_cases_of_HIV,NUMBER,BiH,12.0
2003,number_of_beds_in_hospitals,NUMBER,BiH,3.881
2003,number_of_medical_doctors_providing_health_care_in_public_institutions,NUMBER,BiH,1.802
2003,number_of_general_practitioners,NUMBER,BiH,328.0
2003,number_of_new_cases_of_syphilis,NUMBER,FBiH,5.0
2003,number_of_new_cases_of_AIDS_clinically_diagnosed,NUMBER,FBiH,3.0
2003,number_of_new_cases_of_HIV,NUMBER,FBiH,8.0
2003,number_of_new_cases_of_HIV_per_100000_population,NUMBER,FBiH,0.34
2003,number_of_new_cases_of_HIV,NUMBER,RS,4.0
2003,number_of_new_cases_of_HIV_per_100000_population,NUMBER,RS,0.34
2003,number_of_beds_in_hospitals,NUMBER,RS,3.881
2003,number_of_beds_in_hospitals_per_100000_population,NUMBER,RS,325.0
2003,number_of_medical_doctors_providing_health_care_in_public_institutions,NUMBER,RS,1.802
2003,number_of_medical_doctors_providing_health_care_in_public_institutions_per_100000_population,NUMBER,RS,151.0
2003,number_of_general_practitioners,NUMBER,RS,328.0
2003,number_of_population_per_general_practitioner,NUMBER,RS,3.636
2004,number_of_new_cases_of_syphilis,NUMBER,BiH,18.0
2004,number_of_new_cases_of_AIDS_clinically_diagnosed,NUMBER,BiH,3.0
2004,number_of_new_cases_of_HIV,NUMBER,BiH,11.0
2004,number_of_beds_in_hospitals,NUMBER,BiH,3.652
2004,number_of_medical_doctors_providing_health_care_in_public_institutions,NUMBER,BiH,1.838
2004,number_of_general_practitioners,NUMBER,BiH,359.0
2004,number_of_new_cases_of_syphilis,NUMBER,FBiH,18.0
2004,number_of_new_cases_of_AIDS_clinically_diagnosed,NUMBER,FBiH,3.0
2004,number_of_new_cases_of_HIV,NUMBER,FBiH,10.0
2004,number_of_new_cases_of_HIV_per_100000_population,NUMBER,FBiH,0.43
2004,number_of_new_cases_of_HIV,NUMBER,RS,1.0
2004,number_of_new_cases_of_HIV_per_100000_population,NUMBER,RS,0.08
2004,number_of_beds_in_hospitals,NUMBER,RS,3.652
2004,number_of_beds_in_hospitals_per_100000_population,NUMBER,RS,307.0
2004,number_of_medical_doctors_providing_health_care_in_public_institutions,NUMBER,RS,1.838
2004,number_of_medical_doctors_providing_health_care_in_public_institutions_per_100000_population,NUMBER,RS,154.0
2004,number_of_general_practitioners,NUMBER,RS,359.0
2004,number_of_population_per_general_practitioner,NUMBER,RS,3.316
2005,number_of_new_cases_of_cervical_cancer,NUMBER,BiH,142.0
2005,number_of_new_cases_of_female_breast_cancer,NUMBER,BiH,351.0
2005,number_of_new_cases_of_syphilis,NUMBER,BiH,18.0
2005,number_of_new_cases_of_gonorrhea,NUMBER,BiH,3.0
2005,number_of_new_cases_of_AIDS_clinically_diagnosed,NUMBER,BiH,7.0
2005,number_of_new_cases_of_HIV,NUMBER,BiH,11.0
2005,number_of_beds_in_hospitals,NUMBER,BiH,3.804
2005,number_of_medical_doctors_providing_health_care_in_public_institutions,NUMBER,BiH,5.54
2005,number_of_general_practitioners,NUMBER,BiH,399.0
2005,number_of_midwives,NUMBER,BiH,421.0
2005,number_of_new_cases_of_syphilis,NUMBER,FBiH,9.0
2005,number_of_new_cases_of_AIDS_clinically_diagnosed,NUMBER,FBiH,4.0
2005,number_of_new_cases_of_HIV,NUMBER,FBiH,11.0
2005,number_of_new_cases_of_HIV_per_100000_population,NUMBER,FBiH,0.47
2005,number_of_medical_doctors_providing_health_care_in_public_institutions,NUMBER,FBiH,3.683
2005,number_of_medical_doctors_providing_health_care_in_public_institutions_per_100000_population,NUMBER,FBiH,158.0
2005,total_population_(as_per_Public_Health_Institute_or_NSO_reports),NUMBER,FBiH,2328434.0
2005,male_population,NUMBER,FBiH,1101958.0
2005,female_population,NUMBER,FBiH,1226476.0
2005,number_of_new_cases_of_cervical_cancer,NUMBER,RS,142.0
2005,number_of_new_cases_of_cervical_cancer_per_100000_female_population,NUMBER,RS,19.12767047
2005,number_of_new_cases_of_female_breast_cancer,NUMBER,RS,351.0
2005,number_of_new_cases_of_female_breast_cancer_per_100000,NUMBER,RS,47.28036854
2005,number_of_new_cases_of_syphilis,NUMBER,RS,9.0
2005,number_of_new_cases_of_gonorrhea,NUMBER,RS,3.0
2005,number_of_new_cases_of_AIDS_clinically_diagnosed,NUMBER,RS,3.0
2005,number_of_beds_in_hospitals,NUMBER,RS,3804.0
2005,number_of_beds_in_hospitals_per_100000_population,NUMBER,RS,262.9946966
2005,number_of_medical_doctors_providing_health_care_in_public_institutions,NUMBER,RS,1857.0
2005,number_of_medical_doctors_providing_health_care_in_public_institutions_per_100000_population,NUMBER,RS,128.3862123
2005,number_of_general_practitioners,NUMBER,RS,399.0
2005,number_of_population_per_general_practitioner,NUMBER,RS,3625.105263
2005,number_of_midwives,NUMBER,RS,421.0
2005,total_population_(as_per_Public_Health_Institute_or_NSO_reports),NUMBER,RS,1446417.0
2005,male_population,NUMBER,RS,704037.0
2005,female_population,NUMBER,RS,742380.0
2005,total_population_(as_per_Public_Health_Institute_or_NSO_reports),NUMBER,BD,83930.0
2005,male_population,NUMBER,BD,41785.0
2005,female_population,NUMBER,BD,42145.0
2006,number_of_new_cases_of_cervical_cancer,NUMBER,BiH,139.0
2006,number_of_new_cases_of_female_breast_cancer,NUMBER,BiH,331.0
2006,number_of_new_cases_of_syphilis,NUMBER,BiH,15.0
2006,number_of_new_cases_of_AIDS_clinically_diagnosed,NUMBER,BiH,3.0
2006,number_of_new_cases_of_HIV,NUMBER,BiH,17.0
2006,number_of_beds_in_hospitals,NUMBER,BiH,4017.0
2006,number_of_medical_doctors_providing_health_care_in_public_institutions,NUMBER,BiH,5684.0
2006,number_of_general_practitioners,NUMBER,BiH,467.0
2006,number_of_midwives,NUMBER,BiH,409.0
2006,number_of_new_cases_of_syphilis,NUMBER,FBiH,15.0
2006,number_of_new_cases_of_AIDS_clinically_diagnosed,NUMBER,FBiH,3.0
2006,number_of_new_cases_of_HIV,NUMBER,FBiH,12.0
2006,number_of_new_cases_of_HIV_per_100000_population,NUMBER,FBiH,0.516125036
2006,number_of_medical_doctors_providing_health_care_in_public_institutions,NUMBER,FBiH,3767.0
2006,number_of_medical_doctors_providing_health_care_in_public_institutions_per_100000_population,NUMBER,FBiH,162.020251
2006,total_population_(as_per_Public_Health_Institute_or_NSO_reports),NUMBER,FBiH,2325018.0
2006,male_population,NUMBER,FBiH,1137682.0
2006,female_population,NUMBER,FBiH,1187336.0
2006,number_of_new_cases_of_cervical_cancer,NUMBER,RS,139.0
2006,number_of_new_cases_of_cervical_cancer_per_100000_female_population,NUMBER,RS,18.75866239
2006,number_of_new_cases_of_female_breast_cancer,NUMBER,RS,331.0
2006,number_of_new_cases_of_female_breast_cancer_per_100000,NUMBER,RS,44.66990827
2006,number_of_new_cases_of_HIV,NUMBER,RS,5.0
2006,number_of_new_cases_of_HIV_per_100000_population,NUMBER,RS,0.346330181
2006,number_of_beds_in_hospitals,NUMBER,RS,4017.0
2006,number_of_beds_in_hospitals_per_100000_population,NUMBER,RS,278.2416678
2006,number_of_medical_doctors_providing_health_care_in_public_institutions,NUMBER,RS,1917.0
2006,number_of_medical_doctors_providing_health_care_in_public_institutions_per_100000_population,NUMBER,RS,132.7829916
2006,number_of_general_practitioners,NUMBER,RS,467.0
2006,number_of_population_per_general_practitioner,NUMBER,RS,3091.453961
2006,number_of_midwives,NUMBER,RS,409.0
2006,total_population_(as_per_Public_Health_Institute_or_NSO_reports),NUMBER,RS,1443709.0
2006,male_population,NUMBER,RS,702718.0
2006,female_population,NUMBER,RS,740991.0
2006,total_population_(as_per_Public_Health_Institute_or_NSO_reports),NUMBER,BD,84100.0
2006,male_population,NUMBER,BD,41866.0
2006,female_population,NUMBER,BD,42234.0
2007,number_of_new_cases_of_cervical_cancer,NUMBER,BiH,362.0
2007,number_of_new_cases_of_female_breast_cancer,NUMBER,BiH,918.0
2007,number_of_new_cases_of_syphilis,NUMBER,BiH,22.0
2007,number_of_new_cases_of_gonorrhea,NUMBER,BiH,3.0
2007,number_of_new_cases_of_AIDS_clinically_diagnosed,NUMBER,BiH,4.0
2007,number_of_new_cases_of_HIV,NUMBER,BiH,5.0
2007,number_of_beds_in_hospitals,NUMBER,BiH,12674.0
2007,number_of_medical_doctors_providing_health_care_in_public_institutions,NUMBER,BiH,5967.0
2007,number_of_general_practitioners,NUMBER,BiH,1037.0
2007,number_of_midwives,NUMBER,BiH,797.0
2007,number_of_new_cases_of_cervical_cancer,NUMBER,FBiH,178.0
2007,number_of_new_cases_of_cervical_cancer_per_100000_female_population,NUMBER,FBiH,14.9701606
2007,number_of_new_cases_of_female_breast_cancer,NUMBER,FBiH,521.0
2007,number_of_new_cases_of_female_breast_cancer_per_100000,NUMBER,FBiH,43.81715547
2007,number_of_new_cases_of_syphilis,NUMBER,FBiH,17.0
2007,number_of_new_cases_of_AIDS_clinically_diagnosed,NUMBER,FBiH,4.0
2007,number_of_new_cases_of_HIV,NUMBER,FBiH,4.0
2007,number_of_new_cases_of_HIV_per_100000_population,NUMBER,FBiH,0.171794813
2007,number_of_beds_in_hospitals,NUMBER,FBiH,8165.0
2007,number_of_beds_in_hospitals_per_100000_population,NUMBER,FBiH,350.6761629
2007,number_of_medical_doctors_providing_health_care_in_public_institutions,NUMBER,FBiH,3979.0
2007,number_of_medical_doctors_providing_health_care_in_public_institutions_per_100000_population,NUMBER,FBiH,170.8928907
2007,number_of_general_practitioners,NUMBER,FBiH,500.0
2007,number_of_population_per_general_practitioner,NUMBER,FBiH,4656.718
2007,number_of_midwives,NUMBER,FBiH,797.0
2007,total_population_(as_per_Public_Health_Institute_or_NSO_reports),NUMBER,FBiH,2328359.0
2007,male_population,NUMBER,FBiH,1139327.0
2007,female_population,NUMBER,FBiH,1189032.0
2007,number_of_new_cases_of_cervical_cancer,NUMBER,RS,184.0
2007,number_of_new_cases_of_cervical_cancer_per_100000_female_population,NUMBER,RS,24.90124087
2007,number_of_new_cases_of_female_breast_cancer,NUMBER,RS,397.0
2007,number_of_new_cases_of_female_breast_cancer_per_100000,NUMBER,RS,53.72713383
2007,number_of_new_cases_of_syphilis,NUMBER,RS,5.0
2007,number_of_new_cases_of_gonorrhea,NUMBER,RS,3.0
2007,number_of_new_cases_of_HIV,NUMBER,RS,1.0
2007,number_of_new_cases_of_HIV_per_100000_population,NUMBER,RS,0.069460218
2007,number_of_beds_in_hospitals,NUMBER,RS,4509.0
2007,number_of_beds_in_hospitals_per_100000_population,NUMBER,RS,313.1961216
2007,number_of_medical_doctors_providing_health_care_in_public_institutions,NUMBER,RS,1988.0
2007,number_of_medical_doctors_providing_health_care_in_public_institutions_per_100000_population,NUMBER,RS,138.0869128
2007,number_of_general_practitioners,NUMBER,RS,537.0
2007,number_of_population_per_general_practitioner,NUMBER,RS,2680.955307
2007,total_population_(as_per_Public_Health_Institute_or_NSO_reports),NUMBER,RS,1439673.0
2007,male_population,NUMBER,RS,700754.0
2007,female_population,NUMBER,RS,738919.0
2007,total_population_(as_per_Public_Health_Institute_or_NSO_reports),NUMBER,BD,84258.0
2007,male_population,NUMBER,BD,41943.0
2007,female_population,NUMBER,BD,42315.0
2008,number_of_new_cases_of_cervical_cancer,NUMBER,BiH,326.0
2008,number_of_new_cases_of_female_breast_cancer,NUMBER,BiH,852.0
2008,number_of_new_cases_of_syphilis,NUMBER,BiH,15.0
2008,number_of_new_cases_of_gonorrhea,NUMBER,BiH,4.0
2008,number_of_new_cases_of_AIDS_clinically_diagnosed,NUMBER,BiH,4.0
2008,number_of_new_cases_of_HIV,NUMBER,BiH,7.0
2008,number_of_caesarean_sections,NUMBER,BiH,4105.0
2008,number_of_beds_in_hospitals,NUMBER,BiH,12546.0
2008,number_of_medical_doctors_providing_health_care_in_public_institutions,NUMBER,BiH,6165.0
2008,number_of_general_practitioners,NUMBER,BiH,1083.0
2008,number_of_midwives,NUMBER,BiH,1235.0
2008,number_of_new_cases_of_cervical_cancer,NUMBER,FBiH,131.0
2008,number_of_new_cases_of_cervical_cancer_per_100000_female_population,NUMBER,FBiH,11.02287204
2008,number_of_new_cases_of_female_breast_cancer,NUMBER,FBiH,425.0
2008,number_of_new_cases_of_female_breast_cancer_per_100000,NUMBER,FBiH,35.76122608
2008,number_of_new_cases_of_syphilis,NUMBER,FBiH,11.0
2008,number_of_new_cases_of_AIDS_clinically_diagnosed,NUMBER,FBiH,4.0
2008,number_of_new_cases_of_HIV,NUMBER,FBiH,7.0
2008,number_of_new_cases_of_HIV_per_100000_population,NUMBER,FBiH,0.300791296
2008,number_of_caesarean_sections,NUMBER,FBiH,4105.0
2008,number_of_caesarean_sections_per_1000_live_births,NUMBER,FBiH,189.5
2008,number_of_beds_in_hospitals,NUMBER,FBiH,8091.0
2008,number_of_beds_in_hospitals_per_100000_population,NUMBER,FBiH,347.6717679
2008,number_of_medical_doctors_providing_health_care_in_public_institutions,NUMBER,FBiH,4117.0
2008,number_of_medical_doctors_providing_health_care_in_public_institutions_per_100000_population,NUMBER,FBiH,176.9082522
2008,number_of_general_practitioners,NUMBER,FBiH,500.0
2008,number_of_population_per_general_practitioner,NUMBER,FBiH,4654.39
2008,number_of_midwives,NUMBER,FBiH,818.0
2008,total_population_(as_per_Public_Health_Institute_or_NSO_reports),NUMBER,FBiH,2327195.0
2008,male_population,NUMBER,FBiH,1138757.0
2008,female_population,NUMBER,FBiH,1188438.0
2008,number_of_new_cases_of_cervical_cancer,NUMBER,RS,195.0
2008,number_of_new_cases_of_cervical_cancer_per_100000_female_population,NUMBER,RS,26.43021339
2008,number_of_new_cases_of_female_breast_cancer,NUMBER,RS,427.0
2008,number_of_new_cases_of_female_breast_cancer_per_100000,NUMBER,RS,57.87539035
2008,number_of_new_cases_of_syphilis,NUMBER,RS,4.0
2008,number_of_new_cases_of_gonorrhea,NUMBER,RS,4.0
2008,number_of_beds_in_hospitals,NUMBER,RS,4455.0
2008,number_of_beds_in_hospitals_per_100000_population,NUMBER,RS,309.9180022
2008,number_of_medical_doctors_providing_health_care_in_public_institutions,NUMBER,RS,2048.0
2008,number_of_medical_doctors_providing_health_care_in_public_institutions_per_100000_population,NUMBER,RS,142.4718448
2008,number_of_general_practitioners,NUMBER,RS,583.0
2008,number_of_population_per_general_practitioner,NUMBER,RS,2465.655232
2008,number_of_midwives,NUMBER,RS,417.0
2008,total_population_(as_per_Public_Health_Institute_or_NSO_reports),NUMBER,RS,1437477.0
2008,male_population,NUMBER,RS,699685.0
2008,female_population,NUMBER,RS,737792.0
2008,total_population_(as_per_Public_Health_Institute_or_NSO_reports),NUMBER,BD,84233.0
2008,male_population,NUMBER,BD,41897.0
2008,female_population,NUMBER,BD,42336.0
2009,number_of_new_cases_of_cervical_cancer,NUMBER,BiH,369.0
2009,number_of_new_cases_of_female_breast_cancer,NUMBER,BiH,963.0
2009,number_of_new_cases_of_syphilis,NUMBER,BiH,10.0
2009,number_of_new_cases_of_gonorrhea,NUMBER,BiH,5.0
2009,number_of_new_cases_of_AIDS_clinically_diagnosed,NUMBER,BiH,2.0
2009,number_of_new_cases_of_HIV,NUMBER,BiH,8.0
2009,number_of_caesarean_sections,NUMBER,BiH,3806.0
2009,number_of_beds_in_hospitals,NUMBER,BiH,12795.0
2009,number_of_medical_doctors_providing_health_care_in_public_institutions,NUMBER,BiH,6369.0
2009,number_of_general_practitioners,NUMBER,BiH,1156.0
2009,number_of_midwives,NUMBER,BiH,1226.0
2009,number_of_new_cases_of_cervical_cancer,NUMBER,FBiH,177.0
2009,number_of_new_cases_of_cervical_cancer_per_100000_female_population,NUMBER,FBiH,14.89272192
2009,number_of_new_cases_of_female_breast_cancer,NUMBER,FBiH,560.0
2009,number_of_new_cases_of_female_breast_cancer_per_100000,NUMBER,FBiH,47.11821624
2009,number_of_new_cases_of_syphilis,NUMBER,FBiH,5.0
2009,number_of_new_cases_of_AIDS_clinically_diagnosed,NUMBER,FBiH,2.0
2009,number_of_new_cases_of_HIV,NUMBER,FBiH,4.0
2009,number_of_new_cases_of_HIV_per_100000_population,NUMBER,FBiH,0.171871657
2009,number_of_caesarean_sections,NUMBER,FBiH,3806.0
2009,number_of_caesarean_sections_per_1000_live_births,NUMBER,FBiH,190.0
2009,number_of_beds_in_hospitals,NUMBER,FBiH,8409.0
2009,number_of_beds_in_hospitals_per_100000_population,NUMBER,FBiH,361.31719
2009,number_of_medical_doctors_providing_health_care_in_public_institutions,NUMBER,FBiH,4268.0
2009,number_of_medical_doctors_providing_health_care_in_public_institutions_per_100000_population,NUMBER,FBiH,183.3870575
2009,number_of_general_practitioners,NUMBER,FBiH,527.0
2009,number_of_population_per_general_practitioner,NUMBER,FBiH,4416.163188
2009,number_of_midwives,NUMBER,FBiH,820.0
2009,total_population_(as_per_Public_Health_Institute_or_NSO_reports),NUMBER,FBiH,2327318.0
2009,male_population,NUMBER,FBiH,1138818.0
2009,female_population,NUMBER,FBiH,1188500.0
2009,number_of_new_cases_of_cervical_cancer,NUMBER,RS,192.0
2009,number_of_new_cases_of_cervical_cancer_per_100000_female_population,NUMBER,RS,26.06528267
2009,number_of_new_cases_of_female_breast_cancer,NUMBER,RS,403.0
2009,number_of_new_cases_of_female_breast_cancer_per_100000,NUMBER,RS,54.70994228
2009,number_of_new_cases_of_syphilis,NUMBER,RS,5.0
2009,number_of_new_cases_of_gonorrhea,NUMBER,RS,5.0
2009,number_of_new_cases_of_HIV,NUMBER,RS,4.0
2009,number_of_new_cases_of_HIV_per_100000_population,NUMBER,RS,0.278710879
2009,number_of_beds_in_hospitals,NUMBER,RS,4386.0
2009,number_of_beds_in_hospitals_per_100000_population,NUMBER,RS,305.6064784
2009,number_of_medical_doctors_providing_health_care_in_public_institutions,NUMBER,RS,2101.0
2009,number_of_medical_doctors_providing_health_care_in_public_institutions_per_100000_population,NUMBER,RS,146.392889
2009,number_of_general_practitioners,NUMBER,RS,629.0
2009,number_of_population_per_general_practitioner,NUMBER,RS,2281.683625
2009,number_of_midwives,NUMBER,RS,406.0
2009,total_population_(as_per_Public_Health_Institute_or_NSO_reports),NUMBER,RS,1435179.0
2009,male_population,NUMBER,RS,698567.0
2009,female_population,NUMBER,RS,736612.0
2009,total_population_(as_per_Public_Health_Institute_or_NSO_reports),NUMBER,BD,84260.0
2009,male_population,NUMBER,BD,41830.0
2009,female_population,NUMBER,BD,42430.0
2010,number_of_new_cases_of_cervical_cancer,NUMBER,BiH,424.0
2010,number_of_new_cases_of_female_breast_cancer,NUMBER,BiH,876.0
2010,number_of_new_cases_of_syphilis,NUMBER,BiH,22.0
2010,number_of_new_cases_of_gonorrhea,NUMBER,BiH,4.0
2010,number_of_new_cases_of_AIDS_clinically_diagnosed,NUMBER,BiH,6.0
2010,number_of_new_cases_of_HIV,NUMBER,BiH,7.0
2010,number_of_caesarean_sections,NUMBER,BiH,3080.0
2010,number_of_beds_in_hospitals,NUMBER,BiH,12967.0
2010,number_of_medical_doctors_providing_health_care_in_public_institutions,NUMBER,BiH,6540.0
2010,number_of_general_practitioners,NUMBER,BiH,1209.0
2010,number_of_midwives,NUMBER,BiH,1226.0
2010,number_of_new_cases_of_cervical_cancer,NUMBER,FBiH,151.0
2010,number_of_new_cases_of_cervical_cancer_per_100000_female_population,NUMBER,FBiH,12.64888619
2010,number_of_new_cases_of_female_breast_cancer,NUMBER,FBiH,465.0
2010,number_of_new_cases_of_female_breast_cancer_per_100000,NUMBER,FBiH,38.95186806
2010,number_of_new_cases_of_syphilis,NUMBER,FBiH,7.0
2010,number_of_new_cases_of_AIDS_clinically_diagnosed,NUMBER,FBiH,3.0
2010,number_of_new_cases_of_HIV,NUMBER,FBiH,3.0
2010,number_of_new_cases_of_HIV_per_100000_population,NUMBER,FBiH,0.128333462
2010,number_of_caesarean_sections,NUMBER,FBiH,3080.0
2010,number_of_caesarean_sections_per_1000_live_births,NUMBER,FBiH,157.8
2010,number_of_beds_in_hospitals,NUMBER,FBiH,8597.0
2010,number_of_beds_in_hospitals_per_100000_population,NUMBER,FBiH,367.7609233
2010,number_of_medical_doctors_providing_health_care_in_public_institutions,NUMBER,FBiH,4355.0
2010,number_of_medical_doctors_providing_health_care_in_public_institutions_per_100000_population,NUMBER,FBiH,186.2974085
2010,number_of_general_practitioners,NUMBER,FBiH,554.0
2010,number_of_population_per_general_practitioner,NUMBER,FBiH,4219.602888
2010,number_of_midwives,NUMBER,FBiH,831.0
2010,total_population_(as_per_Public_Health_Institute_or_NSO_reports),NUMBER,FBiH,2337660.0
2010,male_population,NUMBER,FBiH,1143879.0
2010,female_population,NUMBER,FBiH,1193781.0
2010,number_of_new_cases_of_cervical_cancer,NUMBER,RS,273.0
2010,number_of_new_cases_of_cervical_cancer_per_100000_female_population,NUMBER,RS,37.11690056
2010,number_of_new_cases_of_female_breast_cancer,NUMBER,RS,411.0
2010,number_of_new_cases_of_female_breast_cancer_per_100000,NUMBER,RS,55.87928986
2010,number_of_new_cases_of_syphilis,NUMBER,RS,15.0
2010,number_of_new_cases_of_gonorrhea,NUMBER,RS,4.0
2010,number_of_new_cases_of_AIDS_clinically_diagnosed,NUMBER,RS,3.0
2010,number_of_new_cases_of_HIV,NUMBER,RS,4.0
2010,number_of_new_cases_of_HIV_per_100000_population,NUMBER,RS,0.279127281
2010,number_of_caesarean_sections_per_1000_live_births,NUMBER,RS,204.9
2010,number_of_beds_in_hospitals,NUMBER,RS,4370.0
2010,number_of_beds_in_hospitals_per_100000_population,NUMBER,RS,304.9465541
2010,number_of_medical_doctors_providing_health_care_in_public_institutions,NUMBER,RS,2185.0
2010,number_of_medical_doctors_providing_health_care_in_public_institutions_per_100000_population,NUMBER,RS,152.4732771
2010,number_of_general_practitioners,NUMBER,RS,655.0
2010,number_of_population_per_general_practitioner,NUMBER,RS,2187.844275
2010,number_of_midwives,NUMBER,RS,395.0
2010,total_population_(as_per_Public_Health_Institute_or_NSO_reports),NUMBER,RS,1433038.0
2010,male_population,NUMBER,RS,697524.0
2010,female_population,NUMBER,RS,735514.0
2010,total_population_(as_per_Public_Health_Institute_or_NSO_reports),NUMBER,BD,83995.0
2010,male_population,NUMBER,BD,41609.0
2010,female_population,NUMBER,BD,42386.0
2011,number_of_new_cases_of_cervical_cancer,NUMBER,BiH,299.0
2011,number_of_new_cases_of_female_breast_cancer,NUMBER,BiH,852.0
2011,number_of_new_cases_of_syphilis,NUMBER,BiH,30.0
2011,number_of_new_cases_of_gonorrhea,NUMBER,BiH,2.0
2011,number_of_new_cases_of_AIDS_clinically_diagnosed,NUMBER,BiH,7.0
2011,number_of_new_cases_of_HIV,NUMBER,BiH,25.0
2011,number_of_caesarean_sections,NUMBER,BiH,4598.0
2011,number_of_beds_in_hospitals,NUMBER,BiH,13001.0
2011,number_of_medical_doctors_providing_health_care_in_public_institutions,NUMBER,BiH,6729.0
2011,number_of_general_practitioners,NUMBER,BiH,1179.0
2011,number_of_midwives,NUMBER,BiH,1224.0
2011,number_of_new_cases_of_cervical_cancer,NUMBER,FBiH,123.0
2011,number_of_new_cases_of_cervical_cancer_per_100000_female_population,NUMBER,FBiH,10.31430972
2011,number_of_new_cases_of_female_breast_cancer,NUMBER,FBiH,419.0
2011,number_of_new_cases_of_female_breast_cancer_per_100000,NUMBER,FBiH,35.13573799
2011,number_of_new_cases_of_syphilis,NUMBER,FBiH,5.0
2011,number_of_new_cases_of_AIDS_clinically_diagnosed,NUMBER,FBiH,5.0
2011,number_of_new_cases_of_HIV,NUMBER,FBiH,20.0
2011,number_of_new_cases_of_HIV_per_100000_population,NUMBER,FBiH,0.855333216
2011,number_of_caesarean_sections,NUMBER,FBiH,4598.0
2011,number_of_caesarean_sections_per_1000_live_births,NUMBER,FBiH,217.3
2011,number_of_beds_in_hospitals,NUMBER,FBiH,8598.0
2011,number_of_beds_in_hospitals_per_100000_population,NUMBER,FBiH,367.7077497
2011,number_of_medical_doctors_providing_health_care_in_public_institutions,NUMBER,FBiH,4443.0
2011,number_of_medical_doctors_providing_health_care_in_public_institutions_per_100000_population,NUMBER,FBiH,190.012274
2011,number_of_general_practitioners,NUMBER,FBiH,516.0
2011,number_of_population_per_general_practitioner,NUMBER,FBiH,4531.531008
2011,number_of_midwives,NUMBER,FBiH,834.0
2011,total_population_(as_per_Public_Health_Institute_or_NSO_reports),NUMBER,FBiH,2338270.0
2011,male_population,NUMBER,FBiH,1145752.0
2011,female_population,NUMBER,FBiH,1192518.0
2011,number_of_new_cases_of_cervical_cancer,NUMBER,RS,176.0
2011,number_of_new_cases_of_cervical_cancer_per_100000_female_population,NUMBER,RS,23.98525997
2011,number_of_new_cases_of_female_breast_cancer,NUMBER,RS,433.0
2011,number_of_new_cases_of_female_breast_cancer_per_100000,NUMBER,RS,59.00919072
2011,number_of_new_cases_of_syphilis,NUMBER,RS,25.0
2011,number_of_new_cases_of_gonorrhea,NUMBER,RS,2.0
2011,number_of_new_cases_of_AIDS_clinically_diagnosed,NUMBER,RS,2.0
2011,number_of_new_cases_of_HIV,NUMBER,RS,5.0
2011,number_of_new_cases_of_HIV_per_100000_population,NUMBER,RS,0.349731546
2011,number_of_caesarean_sections_per_1000_live_births,NUMBER,RS,218.3
2011,number_of_beds_in_hospitals,NUMBER,RS,4403.0
2011,number_of_beds_in_hospitals_per_100000_population,NUMBER,RS,307.9735995
2011,number_of_medical_doctors_providing_health_care_in_public_institutions,NUMBER,RS,2286.0
2011,number_of_medical_doctors_providing_health_care_in_public_institutions_per_100000_population,NUMBER,RS,159.8972629
2011,number_of_general_practitioners,NUMBER,RS,663.0
2011,number_of_population_per_general_practitioner,NUMBER,RS,2156.361991
2011,number_of_midwives,NUMBER,RS,390.0
2011,total_population_(as_per_Public_Health_Institute_or_NSO_reports),NUMBER,RS,1429668.0
2011,male_population,NUMBER,RS,695884.0
2011,female_population,NUMBER,RS,733784.0
2011,total_population_(as_per_Public_Health_Institute_or_NSO_reports),NUMBER,BD,83723.0
2011,male_population,NUMBER,BD,41441.0
2011,female_population,NUMBER,BD,42282.0
2012,number_of_new_cases_of_cervical_cancer,NUMBER,BiH,174.0
2012,number_of_new_cases_of_female_breast_cancer,NUMBER,BiH,488.0
2012,number_of_new_cases_of_syphilis,NUMBER,BiH,18.0
2012,number_of_new_cases_of_gonorrhea,NUMBER,BiH,4.0
2012,number_of_new_cases_of_AIDS_clinically_diagnosed,NUMBER,BiH,4.0
2012,number_of_new_cases_of_HIV,NUMBER,BiH,25.0
2012,number_of_caesarean_sections,NUMBER,BiH,4823.0
2012,number_of_beds_in_hospitals,NUMBER,BiH,13107.0
2012,number_of_medical_doctors_providing_health_care_in_public_institutions,NUMBER,BiH,6874.0
2012,number_of_general_practitioners,NUMBER,BiH,1274.0
2012,number_of_midwives,NUMBER,BiH,1244.0
2012,number_of_new_cases_of_cervical_cancer,NUMBER,FBiH,174.0
2012,number_of_new_cases_of_cervical_cancer_per_100000_female_population,NUMBER,FBiH,14.77548899
2012,number_of_new_cases_of_female_breast_cancer,NUMBER,FBiH,488.0
2012,number_of_new_cases_of_female_breast_cancer_per_100000,NUMBER,FBiH,41.43930246
2012,number_of_new_cases_of_syphilis,NUMBER,FBiH,6.0
2012,number_of_new_cases_of_AIDS_clinically_diagnosed,NUMBER,FBiH,3.0
2012,number_of_new_cases_of_HIV,NUMBER,FBiH,17.0
2012,number_of_new_cases_of_HIV_per_100000_population,NUMBER,FBiH,0.727031057
2012,number_of_caesarean_sections,NUMBER,FBiH,4823.0
2012,number_of_caesarean_sections_per_1000_live_births,NUMBER,FBiH,232.3
2012,number_of_beds_in_hospitals,NUMBER,FBiH,8549.0
2012,number_of_beds_in_hospitals_per_100000_population,NUMBER,FBiH,365.6110888
2012,number_of_medical_doctors_providing_health_care_in_public_institutions,NUMBER,FBiH,4519.0
2012,number_of_medical_doctors_providing_health_care_in_public_institutions_per_100000_population,NUMBER,FBiH,193.2619617
2012,number_of_general_practitioners,NUMBER,FBiH,593.0
2012,number_of_population_per_general_practitioner,NUMBER,FBiH,3943.131535
2012,number_of_midwives,NUMBER,FBiH,847.0
2012,total_population_(as_per_Public_Health_Institute_or_NSO_reports),NUMBER,FBiH,2338277.0
2012,male_population,NUMBER,FBiH,1160651.0
2012,female_population,NUMBER,FBiH,1177626.0
2012,number_of_new_cases_of_syphilis,NUMBER,RS,12.0
2012,number_of_new_cases_of_gonorrhea,NUMBER,RS,4.0
2012,number_of_new_cases_of_AIDS_clinically_diagnosed,NUMBER,RS,1.0
2012,number_of_new_cases_of_HIV,NUMBER,RS,8.0
2012,number_of_new_cases_of_HIV_per_100000_population,NUMBER,RS,0.559718462
2012,number_of_caesarean_sections_per_1000_live_births,NUMBER,RS,226.9
2012,number_of_beds_in_hospitals,NUMBER,RS,4558.0
2012,number_of_beds_in_hospitals_per_100000_population,NUMBER,RS,318.8995935
2012,number_of_medical_doctors_providing_health_care_in_public_institutions,NUMBER,RS,2355.0
2012,number_of_medical_doctors_providing_health_care_in_public_institutions_per_100000_population,NUMBER,RS,164.7671221
2012,number_of_general_practitioners,NUMBER,RS,681.0
2012,number_of_population_per_general_practitioner,NUMBER,RS,2098.810573
2012,number_of_midwives,NUMBER,RS,397.0
2012,total_population_(as_per_Public_Health_Institute_or_NSO_reports),NUMBER,RS,1429290.0
2012,male_population,NUMBER,RS,695700.0
2012,female_population,NUMBER,RS,733590.0
2012,total_population_(as_per_Public_Health_Institute_or_NSO_reports),NUMBER,BD,83516.0
2012,male_population,NUMBER,BD,41235.0
2012,female_population,NUMBER,BD,42281.0
2013,number_of_new_cases_of_cervical_cancer,NUMBER,BiH,99.0
2013,number_of_new_cases_of_female_breast_cancer,NUMBER,BiH,307.0
2013,number_of_new_cases_of_syphilis,NUMBER,BiH,14.0
2013,number_of_new_cases_of_gonorrhea,NUMBER,BiH,3.0
2013,number_of_new_cases_of_AIDS_clinically_diagnosed,NUMBER,BiH,7.0
2013,number_of_new_cases_of_HIV,NUMBER,BiH,24.0
2013,number_of_caesarean_sections,NUMBER,BiH,4597.0
2013,number_of_beds_in_hospitals,NUMBER,BiH,12748.0
2013,number_of_medical_doctors_providing_health_care_in_public_institutions,NUMBER,BiH,7068.0
2013,number_of_general_practitioners,NUMBER,BiH,1350.0
2013,number_of_midwives,NUMBER,BiH,1132.0
2013,number_of_new_cases_of_cervical_cancer,NUMBER,FBiH,99.0
2013,number_of_new_cases_of_cervical_cancer_per_100000_female_population,NUMBER,FBiH,8.410614705
2013,number_of_new_cases_of_female_breast_cancer,NUMBER,FBiH,307.0
2013,number_of_new_cases_of_female_breast_cancer_per_100000,NUMBER,FBiH,26.08140116
2013,number_of_new_cases_of_syphilis,NUMBER,FBiH,5.0
2013,number_of_new_cases_of_AIDS_clinically_diagnosed,NUMBER,FBiH,4.0
2013,number_of_new_cases_of_HIV,NUMBER,FBiH,16.0
2013,number_of_new_cases_of_HIV_per_100000_population,NUMBER,FBiH,0.684579839
2013,number_of_caesarean_sections,NUMBER,FBiH,4597.0
2013,number_of_caesarean_sections_per_1000_live_births,NUMBER,FBiH,235.1
2013,number_of_beds_in_hospitals,NUMBER,FBiH,8183.0
2013,number_of_beds_in_hospitals_per_100000_population,NUMBER,FBiH,350.1198015
2013,number_of_medical_doctors_providing_health_care_in_public_institutions,NUMBER,FBiH,4625.0
2013,number_of_medical_doctors_providing_health_care_in_public_institutions_per_100000_population,NUMBER,FBiH,197.8863597
2013,number_of_general_practitioners,NUMBER,FBiH,665.0
2013,number_of_population_per_general_practitioner,NUMBER,FBiH,3514.586466
2013,number_of_midwives,NUMBER,FBiH,755.0
2013,total_population_(as_per_Public_Health_Institute_or_NSO_reports),NUMBER,FBiH,2337200.0
2013,male_population,NUMBER,FBiH,1160116.0
2013,female_population,NUMBER,FBiH,1177084.0
2013,number_of_new_cases_of_syphilis,NUMBER,RS,9.0
2013,number_of_new_cases_of_gonorrhea,NUMBER,RS,3.0
2013,number_of_new_cases_of_AIDS_clinically_diagnosed,NUMBER,RS,3.0
2013,number_of_new_cases_of_HIV,NUMBER,RS,8.0
2013,number_of_new_cases_of_HIV_per_100000_population,NUMBER,RS,0.561187304
2013,number_of_caesarean_sections_per_1000_live_births,NUMBER,RS,251.7
2013,number_of_beds_in_hospitals,NUMBER,RS,4565.0
2013,number_of_beds_in_hospitals_per_100000_population,NUMBER,RS,320.2275053
2013,number_of_medical_doctors_providing_health_care_in_public_institutions,NUMBER,RS,2443.0
2013,number_of_medical_doctors_providing_health_care_in_public_institutions_per_100000_population,NUMBER,RS,171.372573
2013,number_of_general_practitioners,NUMBER,RS,685.0
2013,number_of_population_per_general_practitioner,NUMBER,RS,2081.093431
2013,number_of_midwives,NUMBER,RS,377.0
2013,total_population_(as_per_Public_Health_Institute_or_NSO_reports),NUMBER,RS,1425549.0
2013,male_population,NUMBER,RS,693879.0
2013,female_population,NUMBER,RS,731670.0
2013,total_population_(as_per_Public_Health_Institute_or_NSO_reports),NUMBER,BD,82410.0
2013,male_population,NUMBER,BD,41191.0
2013,female_population,NUMBER,BD,41219.0
2014,number_of_new_cases_of_cervical_cancer,NUMBER,BiH,169.0
2014,number_of_new_cases_of_female_breast_cancer,NUMBER,BiH,208.0
2014,number_of_new_cases_of_syphilis,NUMBER,BiH,21.0
2014,number_of_new_cases_of_gonorrhea,NUMBER,BiH,1.0
2014,number_of_new_cases_of_AIDS_clinically_diagnosed,NUMBER,BiH,8.0
2014,number_of_new_cases_of_HIV,NUMBER,BiH,17.0
2014,number_of_caesarean_sections,NUMBER,BiH,4730.0
2014,number_of_beds_in_hospitals,NUMBER,BiH,12989.0
2014,number_of_medical_doctors_providing_health_care_in_public_institutions,NUMBER,BiH,7272.0
2014,number_of_general_practitioners,NUMBER,BiH,1356.0
2014,number_of_midwives,NUMBER,BiH,1116.0
2014,number_of_new_cases_of_cervical_cancer,NUMBER,FBiH,169.0
2014,number_of_new_cases_of_cervical_cancer_per_100000_female_population,NUMBER,FBiH,14.35602605
2014,number_of_new_cases_of_female_breast_cancer,NUMBER,FBiH,208.0
2014,number_of_new_cases_of_female_breast_cancer_per_100000,NUMBER,FBiH,17.66895514
2014,number_of_new_cases_of_syphilis,NUMBER,FBiH,6.0
2014,number_of_new_cases_of_AIDS_clinically_diagnosed,NUMBER,FBiH,6.0
2014,number_of_new_cases_of_HIV,NUMBER,FBiH,15.0
2014,number_of_new_cases_of_HIV_per_100000_population,NUMBER,FBiH,0.641924885
2014,number_of_caesarean_sections,NUMBER,FBiH,4730.0
2014,number_of_caesarean_sections_per_1000_live_births,NUMBER,FBiH,240.7
2014,number_of_beds_in_hospitals,NUMBER,FBiH,8361.0
2014,number_of_beds_in_hospitals_per_100000_population,NUMBER,FBiH,357.8089306
2014,number_of_medical_doctors_providing_health_care_in_public_institutions,NUMBER,FBiH,4801.0
2014,number_of_medical_doctors_providing_health_care_in_public_institutions_per_100000_population,NUMBER,FBiH,205.458758
2014,number_of_general_practitioners,NUMBER,FBiH,671.0
2014,number_of_population_per_general_practitioner,NUMBER,FBiH,3482.447094
2014,number_of_midwives,NUMBER,FBiH,737.0
2014,total_population_(as_per_Public_Health_Institute_or_NSO_reports),NUMBER,FBiH,2336722.0
2014,male_population,NUMBER,FBiH,1159516.0
2014,female_population,NUMBER,FBiH,1177206.0
2014,number_of_new_cases_of_syphilis,NUMBER,RS,15.0
2014,number_of_new_cases_of_gonorrhea,NUMBER,RS,1.0
2014,number_of_new_cases_of_AIDS_clinically_diagnosed,NUMBER,RS,2.0
2014,number_of_new_cases_of_HIV,NUMBER,RS,2.0
2014,number_of_new_cases_of_HIV_per_100000_population,NUMBER,RS,0.140715256
2014,number_of_caesarean_sections_per_1000_live_births,NUMBER,RS,237.9
2014,number_of_beds_in_hospitals,NUMBER,RS,4628.0
2014,number_of_beds_in_hospitals_per_100000_population,NUMBER,RS,325.6151016
2014,number_of_medical_doctors_providing_health_care_in_public_institutions,NUMBER,RS,2471.0
2014,number_of_medical_doctors_providing_health_care_in_public_institutions_per_100000_population,NUMBER,RS,173.8536983
2014,number_of_general_practitioners,NUMBER,RS,685.0
2014,number_of_population_per_general_practitioner,NUMBER,RS,2074.905109
2014,number_of_midwives,NUMBER,RS,379.0
2014,total_population_(as_per_Public_Health_Institute_or_NSO_reports),NUMBER,RS,1421310.0
2014,male_population,NUMBER,RS,691725.0
2014,female_population,NUMBER,RS,729585.0
2014,total_population_(as_per_Public_Health_Institute_or_NSO_reports),NUMBER,BD,83309.0
2014,male_population,NUMBER,BD,41119.0
2014,female_population,NUMBER,BD,42190.0
2015,number_of_new_cases_of_cervical_cancer,NUMBER,BiH,158.0
2015,number_of_new_cases_of_female_breast_cancer,NUMBER,BiH,538.0
2015,number_of_new_cases_of_syphilis,NUMBER,BiH,12.0
2015,number_of_new_cases_of_AIDS_clinically_diagnosed,NUMBER,BiH,6.0
2015,number_of_new_cases_of_HIV,NUMBER,BiH,12.0
2015,number_of_caesarean_sections,NUMBER,BiH,4788.0
2015,number_of_beds_in_hospitals,NUMBER,BiH,12965.0
2015,number_of_medical_doctors_providing_health_care_in_public_institutions,NUMBER,BiH,7255.0
2015,number_of_general_practitioners,NUMBER,BiH,1355.0
2015,number_of_midwives,NUMBER,BiH,1088.0
2015,number_of_new_cases_of_cervical_cancer,NUMBER,FBiH,158.0
2015,number_of_new_cases_of_cervical_cancer_per_100000_female_population,NUMBER,FBiH,13.4352599
2015,number_of_new_cases_of_female_breast_cancer,NUMBER,FBiH,538.0
2015,number_of_new_cases_of_female_breast_cancer_per_100000,NUMBER,FBiH,45.74791031
2015,number_of_new_cases_of_syphilis,NUMBER,FBiH,4.0
2015,number_of_new_cases_of_AIDS_clinically_diagnosed,NUMBER,FBiH,4.0
2015,number_of_new_cases_of_HIV,NUMBER,FBiH,10.0
2015,number_of_new_cases_of_HIV_per_100000_population,NUMBER,FBiH,0.428385142
2015,number_of_caesarean_sections,NUMBER,FBiH,4788.0
2015,number_of_caesarean_sections_per_1000_live_births,NUMBER,FBiH,249.3
2015,number_of_beds_in_hospitals,NUMBER,FBiH,8322.0
2015,number_of_beds_in_hospitals_per_100000_population,NUMBER,FBiH,356.5021154
2015,number_of_medical_doctors_providing_health_care_in_public_institutions,NUMBER,FBiH,4764.0
2015,number_of_medical_doctors_providing_health_care_in_public_institutions_per_100000_population,NUMBER,FBiH,204.0826818
2015,number_of_general_practitioners,NUMBER,FBiH,673.0
2015,number_of_population_per_general_practitioner,NUMBER,FBiH,3468.570579
2015,number_of_midwives,NUMBER,FBiH,717.0
2015,total_population_(as_per_Public_Health_Institute_or_NSO_reports),NUMBER,FBiH,2334348.0
2015,male_population,NUMBER,FBiH,1158338.0
2015,female_population,NUMBER,FBiH,1176010.0
2015,number_of_new_cases_of_syphilis,NUMBER,RS,8.0
2015,number_of_new_cases_of_AIDS_clinically_diagnosed,NUMBER,RS,2.0
2015,number_of_new_cases_of_HIV,NUMBER,RS,2.0
2015,number_of_new_cases_of_HIV_per_100000_population,NUMBER,RS,0.172092751
2015,number_of_caesarean_sections_per_1000_live_births,NUMBER,RS,263.7
2015,number_of_beds_in_hospitals,NUMBER,RS,4643.0
2015,number_of_beds_in_hospitals_per_100000_population,NUMBER,RS,399.5133217
2015,number_of_medical_doctors_providing_health_care_in_public_institutions,NUMBER,RS,2491.0
2015,number_of_medical_doctors_providing_health_care_in_public_institutions_per_100000_population,NUMBER,RS,214.3415215
2015,number_of_general_practitioners,NUMBER,RS,682.0
2015,number_of_population_per_general_practitioner,NUMBER,RS,1704.052786
2015,number_of_midwives,NUMBER,RS,371.0
2015,total_population_(as_per_Public_Health_Institute_or_NSO_reports),NUMBER,RS,1162164.0
2015,male_population,NUMBER,RS,567711.0
2015,female_population,NUMBER,RS,594453.0
2015,total_population_(as_per_Public_Health_Institute_or_NSO_reports),NUMBER,BD,83236.0
2015,male_population,NUMBER,BD,41105.0
2015,female_population,NUMBER,BD,42131.0
2016,number_of_new_cases_of_cervical_cancer,NUMBER,BiH,407.0
2016,number_of_new_cases_of_female_breast_cancer,NUMBER,BiH,1023.0
2016,number_of_new_cases_of_syphilis,NUMBER,BiH,16.0
2016,number_of_new_cases_of_gonorrhea,NUMBER,BiH,3.0
2016,number_of_new_cases_of_AIDS_clinically_diagnosed,NUMBER,BiH,7.0
2016,number_of_new_cases_of_HIV,NUMBER,BiH,23.0
2016,number_of_caesarean_sections,NUMBER,BiH,4909.0
2016,number_of_beds_in_hospitals,NUMBER,BiH,12937.0
2016,number_of_medical_doctors_providing_health_care_in_public_institutions,NUMBER,BiH,7285.0
2016,number_of_general_practitioners,NUMBER,BiH,1377.0
2016,number_of_midwives,NUMBER,BiH,1075.0
2016,number_of_new_cases_of_cervical_cancer,NUMBER,FBiH,215.0
2016,number_of_new_cases_of_cervical_cancer_per_100000_female_population,NUMBER,FBiH,19.12823301
2016,number_of_new_cases_of_female_breast_cancer,NUMBER,FBiH,574.0
2016,number_of_new_cases_of_female_breast_cancer_per_100000,NUMBER,FBiH,51.0679337
2016,number_of_new_cases_of_syphilis,NUMBER,FBiH,9.0
2016,number_of_new_cases_of_AIDS_clinically_diagnosed,NUMBER,FBiH,4.0
2016,number_of_new_cases_of_HIV,NUMBER,FBiH,16.0
2016,number_of_new_cases_of_HIV_per_100000_population,NUMBER,FBiH,0.72521871
2016,number_of_caesarean_sections,NUMBER,FBiH,4909.0
2016,number_of_caesarean_sections_per_1000_live_births,NUMBER,FBiH,254.2
2016,number_of_beds_in_hospitals,NUMBER,FBiH,8309.0
2016,number_of_beds_in_hospitals_per_100000_population,NUMBER,FBiH,376.6151414
2016,number_of_medical_doctors_providing_health_care_in_public_institutions,NUMBER,FBiH,4755.0
2016,number_of_medical_doctors_providing_health_care_in_public_institutions_per_100000_population,NUMBER,FBiH,215.5259354
2016,number_of_general_practitioners,NUMBER,FBiH,676.0
2016,number_of_population_per_general_practitioner,NUMBER,FBiH,3263.655325
2016,number_of_midwives,NUMBER,FBiH,704.0
2016,total_population_(as_per_Public_Health_Institute_or_NSO_reports),NUMBER,FBiH,2206231.0
2016,male_population,NUMBER,FBiH,1082238.0
2016,female_population,NUMBER,FBiH,1123993.0
2016,number_of_new_cases_of_cervical_cancer,NUMBER,RS,192.0
2016,number_of_new_cases_of_cervical_cancer_per_100000_female_population,NUMBER,RS,32.42432635
2016,number_of_new_cases_of_female_breast_cancer,NUMBER,RS,449.0
2016,number_of_new_cases_of_female_breast_cancer_per_100000,NUMBER,RS,75.82563819
2016,number_of_new_cases_of_syphilis,NUMBER,RS,7.0
2016,number_of_new_cases_of_gonorrhea,NUMBER,RS,3.0
2016,number_of_new_cases_of_AIDS_clinically_diagnosed,NUMBER,RS,3.0
2016,number_of_new_cases_of_HIV,NUMBER,RS,7.0
2016,number_of_new_cases_of_HIV_per_100000_population,NUMBER,RS,0.604743261
2016,number_of_caesarean_sections_per_1000_live_births,NUMBER,RS,272.1
2016,number_of_beds_in_hospitals,NUMBER,RS,4628.0
2016,number_of_beds_in_hospitals_per_100000_population,NUMBER,RS,399.8216871
2016,number_of_medical_doctors_providing_health_care_in_public_institutions,NUMBER,RS,2530.0
2016,number_of_medical_doctors_providing_health_care_in_public_institutions_per_100000_population,NUMBER,RS,218.5714927
2016,number_of_general_practitioners,NUMBER,RS,701.0
2016,number_of_population_per_general_practitioner,NUMBER,RS,1651.235378
2016,number_of_midwives,NUMBER,RS,371.0
2016,total_population_(as_per_Public_Health_Institute_or_NSO_reports),NUMBER,RS,1157516.0
2016,male_population,NUMBER,RS,565368.0
2016,female_population,NUMBER,RS,592148.0
2016,total_population_(as_per_Public_Health_Institute_or_NSO_reports),NUMBER,BD,83254.0
2016,male_population,NUMBER,BD,41104.0
2016,female_population,NUMBER,BD,42150.0
2017,number_of_new_cases_of_cervical_cancer,NUMBER,BiH,115.0
2017,number_of_new_cases_of_female_breast_cancer,NUMBER,BiH,556.0
2017,number_of_new_cases_of_syphilis,NUMBER,BiH,20.0
2017,number_of_new_cases_of_gonorrhea,NUMBER,BiH,1.0
2017,number_of_new_cases_of_AIDS_clinically_diagnosed,NUMBER,BiH,3.0
2017,number_of_new_cases_of_HIV,NUMBER,BiH,12.0
2017,number_of_caesarean_sections,NUMBER,BiH,5038.0
2017,number_of_beds_in_hospitals,NUMBER,BiH,12756.0
2017,number_of_medical_doctors_providing_health_care_in_public_institutions,NUMBER,BiH,7330.0
2017,number_of_general_practitioners,NUMBER,BiH,1404.0
2017,number_of_midwives,NUMBER,BiH,1050.0
2017,number_of_new_cases_of_cervical_cancer,NUMBER,FBiH,115.0
2017,number_of_new_cases_of_cervical_cancer_per_100000_female_population,NUMBER,FBiH,10.258359
2017,number_of_new_cases_of_female_breast_cancer,NUMBER,FBiH,556.0
2017,number_of_new_cases_of_female_breast_cancer_per_100000,NUMBER,FBiH,49.59693569
2017,number_of_new_cases_of_syphilis,NUMBER,FBiH,9.0
2017,number_of_new_cases_of_AIDS_clinically_diagnosed,NUMBER,FBiH,1.0
2017,number_of_new_cases_of_HIV,NUMBER,FBiH,7.0
2017,number_of_new_cases_of_HIV_per_100000_population,NUMBER,FBiH,0.31800937
2017,number_of_caesarean_sections,NUMBER,FBiH,5038.0
2017,number_of_caesarean_sections_per_1000_live_births,NUMBER,FBiH,258.6
2017,number_of_beds_in_hospitals,NUMBER,FBiH,8206.0
2017,number_of_beds_in_hospitals_per_100000_population,NUMBER,FBiH,372.7978419
2017,number_of_medical_doctors_providing_health_care_in_public_institutions,NUMBER,FBiH,4810.0
2017,number_of_medical_doctors_providing_health_care_in_public_institutions_per_100000_population,NUMBER,FBiH,218.5178674
2017,number_of_general_practitioners,NUMBER,FBiH,735.0
2017,number_of_population_per_general_practitioner,NUMBER,FBiH,2994.820408
2017,number_of_midwives,NUMBER,FBiH,687.0
2017,total_population_(as_per_Public_Health_Institute_or_NSO_reports),NUMBER,FBiH,2201193.0
2017,male_population,NUMBER,FBiH,1080156.0
2017,female_population,NUMBER,FBiH,1121037.0
2017,number_of_new_cases_of_syphilis,NUMBER,RS,11.0
2017,number_of_new_cases_of_gonorrhea,NUMBER,RS,1.0
2017,number_of_new_cases_of_AIDS_clinically_diagnosed,NUMBER,RS,2.0
2017,number_of_new_cases_of_HIV,NUMBER,RS,5.0
2017,number_of_new_cases_of_HIV_per_100000_population,NUMBER,RS,0.433644951
2017,number_of_caesarean_sections_per_1000_live_births,NUMBER,RS,290.1
2017,number_of_beds_in_hospitals,NUMBER,RS,4550.0
2017,number_of_beds_in_hospitals_per_100000_population,NUMBER,RS,394.616905
2017,number_of_medical_doctors_providing_health_care_in_public_institutions,NUMBER,RS,2520.0
2017,number_of_medical_doctors_providing_health_care_in_public_institutions_per_100000_population,NUMBER,RS,218.5570551
2017,number_of_general_practitioners,NUMBER,RS,669.0
2017,number_of_population_per_general_practitioner,NUMBER,RS,1723.493274
2017,number_of_midwives,NUMBER,RS,363.0
2017,total_population_(as_per_Public_Health_Institute_or_NSO_reports),NUMBER,RS,1153017.0
2017,male_population,NUMBER,RS,563187.0
2017,female_population,NUMBER,RS,589830.0
2017,total_population_(as_per_Public_Health_Institute_or_NSO_reports),NUMBER,BD,83243.0
2017,male_population,NUMBER,BD,41094.0
2017,female_population,NUMBER,BD,42149.0
2018,number_of_new_cases_of_syphilis,NUMBER,BiH,17.0
2018,number_of_new_cases_of_gonorrhea,NUMBER,BiH,9.0
2018,number_of_new_cases_of_AIDS_clinically_diagnosed,NUMBER,BiH,12.0
2018,number_of_new_cases_of_HIV,NUMBER,BiH,24.0
2018,number_of_caesarean_sections,NUMBER,BiH,4910.0
2018,number_of_beds_in_hospitals,NUMBER,BiH,13078.0
2018,number_of_medical_doctors_providing_health_care_in_public_institutions,NUMBER,BiH,7653.0
2018,number_of_general_practitioners,NUMBER,BiH,1498.0
2018,number_of_midwives,NUMBER,BiH,1063.0
2018,number_of_new_cases_of_syphilis,NUMBER,FBiH,5.0
2018,number_of_new_cases_of_gonorrhea,NUMBER,FBiH,1.0
2018,number_of_new_cases_of_AIDS_clinically_diagnosed,NUMBER,FBiH,7.0
2018,number_of_new_cases_of_HIV,NUMBER,FBiH,19.0
2018,number_of_new_cases_of_HIV_per_100000_population,NUMBER,FBiH,0.865117681
2018,number_of_caesarean_sections,NUMBER,FBiH,4910.0
2018,number_of_caesarean_sections_per_1000_live_births,NUMBER,FBiH,279.6
2018,number_of_beds_in_hospitals,NUMBER,FBiH,7954.0
2018,number_of_beds_in_hospitals_per_100000_population,NUMBER,FBiH,362.1655808
2018,number_of_medical_doctors_providing_health_care_in_public_institutions,NUMBER,FBiH,4922.0
2018,number_of_medical_doctors_providing_health_care_in_public_institutions_per_100000_population,NUMBER,FBiH,224.1110119
2018,number_of_general_practitioners,NUMBER,FBiH,798.0
2018,number_of_population_per_general_practitioner,NUMBER,FBiH,2752.171679
2018,number_of_midwives,NUMBER,FBiH,689.0
2018,total_population_(as_per_Public_Health_Institute_or_NSO_reports),NUMBER,FBiH,2196233.0
2018,male_population,NUMBER,FBiH,1077981.0
2018,female_population,NUMBER,FBiH,1118252.0
2018,number_of_new_cases_of_syphilis,NUMBER,RS,12.0
2018,number_of_new_cases_of_gonorrhea,NUMBER,RS,8.0
2018,number_of_new_cases_of_AIDS_clinically_diagnosed,NUMBER,RS,5.0
2018,number_of_new_cases_of_HIV,NUMBER,RS,5.0
2018,number_of_new_cases_of_HIV_per_100000_population,NUMBER,RS,0.435577253
2018,number_of_beds_in_hospitals,NUMBER,RS,4820.0
2018,number_of_beds_in_hospitals_per_100000_population,NUMBER,RS,419.896472
2018,number_of_medical_doctors_providing_health_care_in_public_institutions,NUMBER,RS,2588.0
2018,number_of_medical_doctors_providing_health_care_in_public_institutions_per_100000_population,NUMBER,RS,225.4547862
2018,number_of_general_practitioners,NUMBER,RS,670.0
2018,number_of_population_per_general_practitioner,NUMBER,RS,1713.286567
2018,number_of_midwives,NUMBER,RS,371.0
2018,total_population_(as_per_Public_Health_Institute_or_NSO_reports),NUMBER,RS,1147902.0
2018,male_population,NUMBER,RS,560795.0
2018,female_population,NUMBER,RS,587107.0
2018,number_of_beds_in_hospitals,NUMBER,BD,304.0
2018,number_of_beds_in_hospitals_per_100000_population,NUMBER,BD,365.2353605
2018,number_of_medical_doctors_providing_health_care_in_public_institutions,NUMBER,BD,143.0
2018,number_of_medical_doctors_providing_health_care_in_public_institutions_per_100000_population,NUMBER,BD,171.8047913
2018,number_of_general_practitioners,NUMBER,BD,30.0
2018,number_of_population_per_general_practitioner,NUMBER,BD,2774.466667
2018,number_of_midwives,NUMBER,BD,3.0
2018,total_population_(as_per_Public_Health_Institute_or_NSO_reports),NUMBER,BD,83234.0
2018,male_population,NUMBER,BD,41093.0
2018,female_population,NUMBER,BD,42141.0
2019,number_of_new_cases_of_syphilis,NUMBER,BiH,42.0
2019,number_of_new_cases_of_gonorrhea,NUMBER,BiH,10.0
2019,number_of_new_cases_of_AIDS_clinically_diagnosed,NUMBER,BiH,4.0
2019,number_of_new_cases_of_HIV,NUMBER,BiH,21.0
2019,number_of_beds_in_hospitals,NUMBER,BiH,7872.0
2019,number_of_medical_doctors_providing_health_care_in_public_institutions,NUMBER,BiH,5092.0
2019,number_of_general_practitioners,NUMBER,BiH,873.0
2019,number_of_midwives,NUMBER,BiH,701.0
2019,number_of_new_cases_of_syphilis,NUMBER,FBiH,42.0
2019,number_of_new_cases_of_gonorrhea,NUMBER,FBiH,10.0
2019,number_of_new_cases_of_AIDS_clinically_diagnosed,NUMBER,FBiH,4.0
2019,number_of_new_cases_of_HIV,NUMBER,FBiH,21.0
2019,number_of_new_cases_of_HIV_per_100000_population,NUMBER,FBiH,0.958861202
2019,number_of_beds_in_hospitals,NUMBER,FBiH,7872.0
2019,number_of_beds_in_hospitals_per_100000_population,NUMBER,FBiH,359.4359704
2019,number_of_medical_doctors_providing_health_care_in_public_institutions,NUMBER,FBiH,5092.0
2019,number_of_medical_doctors_providing_health_care_in_public_institutions_per_100000_population,NUMBER,FBiH,232.5010114
2019,number_of_general_practitioners,NUMBER,FBiH,873.0
2019,number_of_population_per_general_practitioner,NUMBER,FBiH,2508.703322
2019,number_of_midwives,NUMBER,FBiH,701.0
2019,total_population_(as_per_Public_Health_Institute_or_NSO_reports),NUMBER,FBiH,2190098.0
2019,male_population,NUMBER,FBiH,1075017.0
2019,female_population,NUMBER,FBiH,1115081.0
2019,total_population_(as_per_Public_Health_Institute_or_NSO_reports),NUMBER,RS,1142495.0
2019,male_population,NUMBER,RS,558093.0
2019,female_population,NUMBER,RS,584402.0
2019,total_population_(as_per_Public_Health_Institute_or_NSO_reports),NUMBER,BD,83159.0
2019,male_population,NUMBER,BD,41061.0
2019,female_population,NUMBER,BD,42098.0
