Year,UNIT_MEASURE,Entity,Value
1999,NUMBER,BiH,5470.0
1999,NUMBER,RS,5470.0
2000,NUMBER,BiH,4697.0
2000,NUMBER,RS,4697.0
2001,NUMBER,BiH,4565.0
2001,NUMBER,RS,4565.0
2002,NUMBER,BiH,3985.0
2002,NUMBER,RS,3985.0
2003,NUMBER,BiH,3881.0
2003,NUMBER,RS,3881.0
2004,NUMBER,BiH,3652.0
2004,NUMBER,RS,3652.0
2005,NUMBER,BiH,3804.0
2005,NUMBER,RS,3804.0
2006,NUMBER,,
2006,NUMBER,,
2007,NUMBER,,
2007,NUMBER,,
2007,NUMBER,,
2008,NUMBER,,
2008,NUMBER,,
2008,NUMBER,,
2009,NUMBER,,
2009,NUMBER,,
2009,NUMBER,,
2010,NUMBER,,
2010,NUMBER,,
2010,NUMBER,,
2011,NUMBER,,
2011,NUMBER,,
2011,NUMBER,,
2012,NUMBER,,
2012,NUMBER,,
2012,NUMBER,,
2013,NUMBER,,
2013,NUMBER,,
2013,NUMBER,,
2014,NUMBER,,
2014,NUMBER,,
2014,NUMBER,,
2015,NUMBER,,
2015,NUMBER,,
2015,NUMBER,,
2016,NUMBER,,
2016,NUMBER,,
2016,NUMBER,,
2017,NUMBER,,
2017,NUMBER,,
2017,NUMBER,,
2018,NUMBER,,
2018,NUMBER,,
2018,NUMBER,,
2018,NUMBER,,
2019,NUMBER,,
2019,NUMBER,,
