Year,UNIT_MEASURE,SPOL,AGE,Entitet,Value
2013,Broj,Oba spola,0,Federacija BiH,21718
2013,Broj,Oba spola,1,Federacija BiH,22690
2013,Broj,Oba spola,2,Federacija BiH,22691
2013,Broj,Oba spola,3,Federacija BiH,23664
2013,Broj,Oba spola,4,Federacija BiH,24080
2013,Broj,Oba spola,5,Federacija BiH,23892
2013,Broj,Oba spola,6,Federacija BiH,22901
2013,Broj,Oba spola,7,Federacija BiH,22965
2013,Broj,Oba spola,8,Federacija BiH,23147
2013,Broj,Oba spola,9,Federacija BiH,23147
2013,Broj,Oba spola,10,Federacija BiH,23884
2013,Broj,Oba spola,11,Federacija BiH,24043
2013,Broj,Oba spola,12,Federacija BiH,24989
2013,Broj,Oba spola,13,Federacija BiH,25785
2013,Broj,Oba spola,14,Federacija BiH,27352
2013,Broj,Oba spola,15,Federacija BiH,30464
2013,Broj,Oba spola,16,Federacija BiH,35091
2013,Broj,Oba spola,17,Federacija BiH,35286
2013,Broj,Oba spola,18,Federacija BiH,33903
2013,Broj,Oba spola,19,Federacija BiH,27137
2013,Broj,Oba spola,20,Federacija BiH,25325
2013,Broj,Oba spola,21,Federacija BiH,29600
2013,Broj,Oba spola,22,Federacija BiH,32119
2013,Broj,Oba spola,23,Federacija BiH,31990
2013,Broj,Oba spola,24,Federacija BiH,31868
2013,Broj,Oba spola,25,Federacija BiH,32919
2013,Broj,Oba spola,26,Federacija BiH,32539
2013,Broj,Oba spola,27,Federacija BiH,32484
2013,Broj,Oba spola,28,Federacija BiH,32610
2013,Broj,Oba spola,29,Federacija BiH,33651
2013,Broj,Oba spola,30,Federacija BiH,32390
2013,Broj,Oba spola,31,Federacija BiH,32319
2013,Broj,Oba spola,32,Federacija BiH,32749
2013,Broj,Oba spola,33,Federacija BiH,31974
2013,Broj,Oba spola,34,Federacija BiH,31556
2013,Broj,Oba spola,35,Federacija BiH,31528
2013,Broj,Oba spola,36,Federacija BiH,31538
2013,Broj,Oba spola,37,Federacija BiH,32341
2013,Broj,Oba spola,38,Federacija BiH,31321
2013,Broj,Oba spola,39,Federacija BiH,30987
2013,Broj,Oba spola,40,Federacija BiH,30584
2013,Broj,Oba spola,41,Federacija BiH,31771
2013,Broj,Oba spola,42,Federacija BiH,31017
2013,Broj,Oba spola,43,Federacija BiH,29652
2013,Broj,Oba spola,44,Federacija BiH,31806
2013,Broj,Oba spola,45,Federacija BiH,32017
2013,Broj,Oba spola,46,Federacija BiH,33018
2013,Broj,Oba spola,47,Federacija BiH,33813
2013,Broj,Oba spola,48,Federacija BiH,34178
2013,Broj,Oba spola,49,Federacija BiH,34083
2013,Broj,Oba spola,50,Federacija BiH,34340
2013,Broj,Oba spola,51,Federacija BiH,35525
2013,Broj,Oba spola,52,Federacija BiH,35006
2013,Broj,Oba spola,53,Federacija BiH,34518
2013,Broj,Oba spola,54,Federacija BiH,34607
2013,Broj,Oba spola,55,Federacija BiH,32581
2013,Broj,Oba spola,56,Federacija BiH,30906
2013,Broj,Oba spola,57,Federacija BiH,31264
2013,Broj,Oba spola,58,Federacija BiH,31461
2013,Broj,Oba spola,59,Federacija BiH,29877
2013,Broj,Oba spola,60,Federacija BiH,29631
2013,Broj,Oba spola,61,Federacija BiH,26762
2013,Broj,Oba spola,62,Federacija BiH,24438
2013,Broj,Oba spola,63,Federacija BiH,24535
2013,Broj,Oba spola,64,Federacija BiH,23247
2013,Broj,Oba spola,65,Federacija BiH,20490
2013,Broj,Oba spola,66,Federacija BiH,21656
2013,Broj,Oba spola,67,Federacija BiH,16531
2013,Broj,Oba spola,68,Federacija BiH,15234
2013,Broj,Oba spola,69,Federacija BiH,14480
2013,Broj,Oba spola,70,Federacija BiH,14562
2013,Broj,Oba spola,71,Federacija BiH,16128
2013,Broj,Oba spola,72,Federacija BiH,16725
2013,Broj,Oba spola,73,Federacija BiH,17668
2013,Broj,Oba spola,74,Federacija BiH,15940
2013,Broj,Oba spola,75,Federacija BiH,15320
2013,Broj,Oba spola,76,Federacija BiH,14194
2013,Broj,Oba spola,77,Federacija BiH,13342
2013,Broj,Oba spola,78,Federacija BiH,11991
2013,Broj,Oba spola,79,Federacija BiH,10766
2013,Broj,Oba spola,80,Federacija BiH,9117
2013,Broj,Oba spola,81,Federacija BiH,8359
2013,Broj,Oba spola,82,Federacija BiH,6844
2013,Broj,Oba spola,83,Federacija BiH,6095
2013,Broj,Oba spola,84,Federacija BiH,4812
2013,Broj,Oba spola,85+,Federacija BiH,15692
2013,Broj,Oba spola,Unknown,Federacija BiH,0
2013,Broj,Oba spola,Total,Federacija BiH,2219220
2013,Broj,M,0,Federacija BiH,11137
2013,Broj,M,1,Federacija BiH,11702
2013,Broj,M,2,Federacija BiH,11635
2013,Broj,M,3,Federacija BiH,12190
2013,Broj,M,4,Federacija BiH,12353
2013,Broj,M,5,Federacija BiH,12274
2013,Broj,M,6,Federacija BiH,11829
2013,Broj,M,7,Federacija BiH,11750
2013,Broj,M,8,Federacija BiH,11870
2013,Broj,M,9,Federacija BiH,11910
2013,Broj,M,10,Federacija BiH,12366
2013,Broj,M,11,Federacija BiH,12362
2013,Broj,M,12,Federacija BiH,12787
2013,Broj,M,13,Federacija BiH,13148
2013,Broj,M,14,Federacija BiH,13830
2013,Broj,M,15,Federacija BiH,15585
2013,Broj,M,16,Federacija BiH,18159
2013,Broj,M,17,Federacija BiH,18218
2013,Broj,M,18,Federacija BiH,17312
2013,Broj,M,19,Federacija BiH,14024
2013,Broj,M,20,Federacija BiH,13053
2013,Broj,M,21,Federacija BiH,14849
2013,Broj,M,22,Federacija BiH,16459
2013,Broj,M,23,Federacija BiH,16474
2013,Broj,M,24,Federacija BiH,16268
2013,Broj,M,25,Federacija BiH,16801
2013,Broj,M,26,Federacija BiH,16894
2013,Broj,M,27,Federacija BiH,16638
2013,Broj,M,28,Federacija BiH,16721
2013,Broj,M,29,Federacija BiH,17065
2013,Broj,M,30,Federacija BiH,16504
2013,Broj,M,31,Federacija BiH,16570
2013,Broj,M,32,Federacija BiH,16694
2013,Broj,M,33,Federacija BiH,16163
2013,Broj,M,34,Federacija BiH,16001
2013,Broj,M,35,Federacija BiH,15902
2013,Broj,M,36,Federacija BiH,15826
2013,Broj,M,37,Federacija BiH,16187
2013,Broj,M,38,Federacija BiH,15675
2013,Broj,M,39,Federacija BiH,15349
2013,Broj,M,40,Federacija BiH,15127
2013,Broj,M,41,Federacija BiH,15825
2013,Broj,M,42,Federacija BiH,15475
2013,Broj,M,43,Federacija BiH,14747
2013,Broj,M,44,Federacija BiH,15948
2013,Broj,M,45,Federacija BiH,15855
2013,Broj,M,46,Federacija BiH,16405
2013,Broj,M,47,Federacija BiH,16673
2013,Broj,M,48,Federacija BiH,16805
2013,Broj,M,49,Federacija BiH,16856
2013,Broj,M,50,Federacija BiH,16932
2013,Broj,M,51,Federacija BiH,17349
2013,Broj,M,52,Federacija BiH,17203
2013,Broj,M,53,Federacija BiH,16748
2013,Broj,M,54,Federacija BiH,17071
2013,Broj,M,55,Federacija BiH,15630
2013,Broj,M,56,Federacija BiH,15129
2013,Broj,M,57,Federacija BiH,15231
2013,Broj,M,58,Federacija BiH,15090
2013,Broj,M,59,Federacija BiH,14488
2013,Broj,M,60,Federacija BiH,14056
2013,Broj,M,61,Federacija BiH,12507
2013,Broj,M,62,Federacija BiH,11394
2013,Broj,M,63,Federacija BiH,11285
2013,Broj,M,64,Federacija BiH,10657
2013,Broj,M,65,Federacija BiH,9092
2013,Broj,M,66,Federacija BiH,9797
2013,Broj,M,67,Federacija BiH,7429
2013,Broj,M,68,Federacija BiH,6681
2013,Broj,M,69,Federacija BiH,6439
2013,Broj,M,70,Federacija BiH,6237
2013,Broj,M,71,Federacija BiH,6969
2013,Broj,M,72,Federacija BiH,7080
2013,Broj,M,73,Federacija BiH,7467
2013,Broj,M,74,Federacija BiH,6692
2013,Broj,M,75,Federacija BiH,6253
2013,Broj,M,76,Federacija BiH,5904
2013,Broj,M,77,Federacija BiH,5463
2013,Broj,M,78,Federacija BiH,4769
2013,Broj,M,79,Federacija BiH,4306
2013,Broj,M,80,Federacija BiH,3486
2013,Broj,M,81,Federacija BiH,3255
2013,Broj,M,82,Federacija BiH,2677
2013,Broj,M,83,Federacija BiH,2263
2013,Broj,M,84,Federacija BiH,1812
2013,Broj,M,85+,Federacija BiH,4902
2013,Broj,M,Unknown,Federacija BiH,0
2013,Broj,M,Total,Federacija BiH,1087993
2013,Broj,Ž,0,Federacija BiH,10581
2013,Broj,Ž,1,Federacija BiH,10988
2013,Broj,Ž,2,Federacija BiH,11056
2013,Broj,Ž,3,Federacija BiH,11474
2013,Broj,Ž,4,Federacija BiH,11727
2013,Broj,Ž,5,Federacija BiH,11618
2013,Broj,Ž,6,Federacija BiH,11072
2013,Broj,Ž,7,Federacija BiH,11215
2013,Broj,Ž,8,Federacija BiH,11277
2013,Broj,Ž,9,Federacija BiH,11237
2013,Broj,Ž,10,Federacija BiH,11518
2013,Broj,Ž,11,Federacija BiH,11681
2013,Broj,Ž,12,Federacija BiH,12202
2013,Broj,Ž,13,Federacija BiH,12637
2013,Broj,Ž,14,Federacija BiH,13522
2013,Broj,Ž,15,Federacija BiH,14879
2013,Broj,Ž,16,Federacija BiH,16932
2013,Broj,Ž,17,Federacija BiH,17068
2013,Broj,Ž,18,Federacija BiH,16591
2013,Broj,Ž,19,Federacija BiH,13113
2013,Broj,Ž,20,Federacija BiH,12272
2013,Broj,Ž,21,Federacija BiH,14751
2013,Broj,Ž,22,Federacija BiH,15660
2013,Broj,Ž,23,Federacija BiH,15516
2013,Broj,Ž,24,Federacija BiH,15600
2013,Broj,Ž,25,Federacija BiH,16118
2013,Broj,Ž,26,Federacija BiH,15645
2013,Broj,Ž,27,Federacija BiH,15846
2013,Broj,Ž,28,Federacija BiH,15889
2013,Broj,Ž,29,Federacija BiH,16586
2013,Broj,Ž,30,Federacija BiH,15886
2013,Broj,Ž,31,Federacija BiH,15749
2013,Broj,Ž,32,Federacija BiH,16055
2013,Broj,Ž,33,Federacija BiH,15811
2013,Broj,Ž,34,Federacija BiH,15555
2013,Broj,Ž,35,Federacija BiH,15626
2013,Broj,Ž,36,Federacija BiH,15712
2013,Broj,Ž,37,Federacija BiH,16154
2013,Broj,Ž,38,Federacija BiH,15646
2013,Broj,Ž,39,Federacija BiH,15638
2013,Broj,Ž,40,Federacija BiH,15457
2013,Broj,Ž,41,Federacija BiH,15946
2013,Broj,Ž,42,Federacija BiH,15542
2013,Broj,Ž,43,Federacija BiH,14905
2013,Broj,Ž,44,Federacija BiH,15858
2013,Broj,Ž,45,Federacija BiH,16162
2013,Broj,Ž,46,Federacija BiH,16613
2013,Broj,Ž,47,Federacija BiH,17140
2013,Broj,Ž,48,Federacija BiH,17373
2013,Broj,Ž,49,Federacija BiH,17227
2013,Broj,Ž,50,Federacija BiH,17408
2013,Broj,Ž,51,Federacija BiH,18176
2013,Broj,Ž,52,Federacija BiH,17803
2013,Broj,Ž,53,Federacija BiH,17770
2013,Broj,Ž,54,Federacija BiH,17536
2013,Broj,Ž,55,Federacija BiH,16951
2013,Broj,Ž,56,Federacija BiH,15777
2013,Broj,Ž,57,Federacija BiH,16033
2013,Broj,Ž,58,Federacija BiH,16371
2013,Broj,Ž,59,Federacija BiH,15389
2013,Broj,Ž,60,Federacija BiH,15575
2013,Broj,Ž,61,Federacija BiH,14255
2013,Broj,Ž,62,Federacija BiH,13044
2013,Broj,Ž,63,Federacija BiH,13250
2013,Broj,Ž,64,Federacija BiH,12590
2013,Broj,Ž,65,Federacija BiH,11398
2013,Broj,Ž,66,Federacija BiH,11859
2013,Broj,Ž,67,Federacija BiH,9102
2013,Broj,Ž,68,Federacija BiH,8553
2013,Broj,Ž,69,Federacija BiH,8041
2013,Broj,Ž,70,Federacija BiH,8325
2013,Broj,Ž,71,Federacija BiH,9159
2013,Broj,Ž,72,Federacija BiH,9645
2013,Broj,Ž,73,Federacija BiH,10201
2013,Broj,Ž,74,Federacija BiH,9248
2013,Broj,Ž,75,Federacija BiH,9067
2013,Broj,Ž,76,Federacija BiH,8290
2013,Broj,Ž,77,Federacija BiH,7879
2013,Broj,Ž,78,Federacija BiH,7222
2013,Broj,Ž,79,Federacija BiH,6460
2013,Broj,Ž,80,Federacija BiH,5631
2013,Broj,Ž,81,Federacija BiH,5104
2013,Broj,Ž,82,Federacija BiH,4167
2013,Broj,Ž,83,Federacija BiH,3832
2013,Broj,Ž,84,Federacija BiH,3000
2013,Broj,Ž,85+,Federacija BiH,10790
2013,Broj,Ž,Unknown,Federacija BiH,0
2013,Broj,Ž,Total,Federacija BiH,1131227
2013,Broj,Oba spola,0,Republika Srpska,10429
2013,Broj,Oba spola,1,Republika Srpska,10772
2013,Broj,Oba spola,2,Republika Srpska,10843
2013,Broj,Oba spola,3,Republika Srpska,11419
2013,Broj,Oba spola,4,Republika Srpska,11593
2013,Broj,Oba spola,5,Republika Srpska,11423
2013,Broj,Oba spola,6,Republika Srpska,11101
2013,Broj,Oba spola,7,Republika Srpska,11156
2013,Broj,Oba spola,8,Republika Srpska,11439
2013,Broj,Oba spola,9,Republika Srpska,11497
2013,Broj,Oba spola,10,Republika Srpska,11647
2013,Broj,Oba spola,11,Republika Srpska,11856
2013,Broj,Oba spola,12,Republika Srpska,12663
2013,Broj,Oba spola,13,Republika Srpska,12738
2013,Broj,Oba spola,14,Republika Srpska,13114
2013,Broj,Oba spola,15,Republika Srpska,14028
2013,Broj,Oba spola,16,Republika Srpska,15755
2013,Broj,Oba spola,17,Republika Srpska,15004
2013,Broj,Oba spola,18,Republika Srpska,15395
2013,Broj,Oba spola,19,Republika Srpska,15356
2013,Broj,Oba spola,20,Republika Srpska,12674
2013,Broj,Oba spola,21,Republika Srpska,13765
2013,Broj,Oba spola,22,Republika Srpska,15228
2013,Broj,Oba spola,23,Republika Srpska,15159
2013,Broj,Oba spola,24,Republika Srpska,15392
2013,Broj,Oba spola,25,Republika Srpska,16111
2013,Broj,Oba spola,26,Republika Srpska,16026
2013,Broj,Oba spola,27,Republika Srpska,16257
2013,Broj,Oba spola,28,Republika Srpska,16601
2013,Broj,Oba spola,29,Republika Srpska,17391
2013,Broj,Oba spola,30,Republika Srpska,17114
2013,Broj,Oba spola,31,Republika Srpska,17339
2013,Broj,Oba spola,32,Republika Srpska,17074
2013,Broj,Oba spola,33,Republika Srpska,17163
2013,Broj,Oba spola,34,Republika Srpska,16964
2013,Broj,Oba spola,35,Republika Srpska,17055
2013,Broj,Oba spola,36,Republika Srpska,17205
2013,Broj,Oba spola,37,Republika Srpska,17747
2013,Broj,Oba spola,38,Republika Srpska,16968
2013,Broj,Oba spola,39,Republika Srpska,16470
2013,Broj,Oba spola,40,Republika Srpska,16378
2013,Broj,Oba spola,41,Republika Srpska,16692
2013,Broj,Oba spola,42,Republika Srpska,15959
2013,Broj,Oba spola,43,Republika Srpska,15159
2013,Broj,Oba spola,44,Republika Srpska,15975
2013,Broj,Oba spola,45,Republika Srpska,16366
2013,Broj,Oba spola,46,Republika Srpska,17354
2013,Broj,Oba spola,47,Republika Srpska,17644
2013,Broj,Oba spola,48,Republika Srpska,18118
2013,Broj,Oba spola,49,Republika Srpska,17764
2013,Broj,Oba spola,50,Republika Srpska,18129
2013,Broj,Oba spola,51,Republika Srpska,19279
2013,Broj,Oba spola,52,Republika Srpska,19220
2013,Broj,Oba spola,53,Republika Srpska,19247
2013,Broj,Oba spola,54,Republika Srpska,20131
2013,Broj,Oba spola,55,Republika Srpska,18809
2013,Broj,Oba spola,56,Republika Srpska,18331
2013,Broj,Oba spola,57,Republika Srpska,19518
2013,Broj,Oba spola,58,Republika Srpska,20118
2013,Broj,Oba spola,59,Republika Srpska,19897
2013,Broj,Oba spola,60,Republika Srpska,20106
2013,Broj,Oba spola,61,Republika Srpska,18842
2013,Broj,Oba spola,62,Republika Srpska,16910
2013,Broj,Oba spola,63,Republika Srpska,16983
2013,Broj,Oba spola,64,Republika Srpska,16649
2013,Broj,Oba spola,65,Republika Srpska,14404
2013,Broj,Oba spola,66,Republika Srpska,15233
2013,Broj,Oba spola,67,Republika Srpska,11899
2013,Broj,Oba spola,68,Republika Srpska,9855
2013,Broj,Oba spola,69,Republika Srpska,9879
2013,Broj,Oba spola,70,Republika Srpska,9798
2013,Broj,Oba spola,71,Republika Srpska,10268
2013,Broj,Oba spola,72,Republika Srpska,11904
2013,Broj,Oba spola,73,Republika Srpska,12421
2013,Broj,Oba spola,74,Republika Srpska,11682
2013,Broj,Oba spola,75,Republika Srpska,11369
2013,Broj,Oba spola,76,Republika Srpska,10585
2013,Broj,Oba spola,77,Republika Srpska,10014
2013,Broj,Oba spola,78,Republika Srpska,8706
2013,Broj,Oba spola,79,Republika Srpska,8117
2013,Broj,Oba spola,80,Republika Srpska,6749
2013,Broj,Oba spola,81,Republika Srpska,6055
2013,Broj,Oba spola,82,Republika Srpska,4955
2013,Broj,Oba spola,83,Republika Srpska,4658
2013,Broj,Oba spola,84,Republika Srpska,3592
2013,Broj,Oba spola,85+,Republika Srpska,11771
2013,Broj,Oba spola,Unknown,Republika Srpska,0
2013,Broj,Oba spola,Total,Republika Srpska,1228423
2013,Broj,M,0,Republika Srpska,5330
2013,Broj,M,1,Republika Srpska,5435
2013,Broj,M,2,Republika Srpska,5617
2013,Broj,M,3,Republika Srpska,5812
2013,Broj,M,4,Republika Srpska,6053
2013,Broj,M,5,Republika Srpska,5889
2013,Broj,M,6,Republika Srpska,5619
2013,Broj,M,7,Republika Srpska,5667
2013,Broj,M,8,Republika Srpska,5903
2013,Broj,M,9,Republika Srpska,5935
2013,Broj,M,10,Republika Srpska,6009
2013,Broj,M,11,Republika Srpska,6093
2013,Broj,M,12,Republika Srpska,6516
2013,Broj,M,13,Republika Srpska,6505
2013,Broj,M,14,Republika Srpska,6626
2013,Broj,M,15,Republika Srpska,7306
2013,Broj,M,16,Republika Srpska,8099
2013,Broj,M,17,Republika Srpska,7621
2013,Broj,M,18,Republika Srpska,7885
2013,Broj,M,19,Republika Srpska,7972
2013,Broj,M,20,Republika Srpska,6576
2013,Broj,M,21,Republika Srpska,7089
2013,Broj,M,22,Republika Srpska,7914
2013,Broj,M,23,Republika Srpska,7872
2013,Broj,M,24,Republika Srpska,7801
2013,Broj,M,25,Republika Srpska,8267
2013,Broj,M,26,Republika Srpska,8234
2013,Broj,M,27,Republika Srpska,8197
2013,Broj,M,28,Republika Srpska,8623
2013,Broj,M,29,Republika Srpska,8900
2013,Broj,M,30,Republika Srpska,8788
2013,Broj,M,31,Republika Srpska,8854
2013,Broj,M,32,Republika Srpska,8715
2013,Broj,M,33,Republika Srpska,8746
2013,Broj,M,34,Republika Srpska,8644
2013,Broj,M,35,Republika Srpska,8818
2013,Broj,M,36,Republika Srpska,8821
2013,Broj,M,37,Republika Srpska,9154
2013,Broj,M,38,Republika Srpska,8748
2013,Broj,M,39,Republika Srpska,8540
2013,Broj,M,40,Republika Srpska,8485
2013,Broj,M,41,Republika Srpska,8652
2013,Broj,M,42,Republika Srpska,8241
2013,Broj,M,43,Republika Srpska,7740
2013,Broj,M,44,Republika Srpska,8229
2013,Broj,M,45,Republika Srpska,8297
2013,Broj,M,46,Republika Srpska,8826
2013,Broj,M,47,Republika Srpska,8964
2013,Broj,M,48,Republika Srpska,9100
2013,Broj,M,49,Republika Srpska,8870
2013,Broj,M,50,Republika Srpska,8995
2013,Broj,M,51,Republika Srpska,9574
2013,Broj,M,52,Republika Srpska,9575
2013,Broj,M,53,Republika Srpska,9548
2013,Broj,M,54,Republika Srpska,9833
2013,Broj,M,55,Republika Srpska,9160
2013,Broj,M,56,Republika Srpska,8931
2013,Broj,M,57,Republika Srpska,9518
2013,Broj,M,58,Republika Srpska,9803
2013,Broj,M,59,Republika Srpska,9734
2013,Broj,M,60,Republika Srpska,9704
2013,Broj,M,61,Republika Srpska,8999
2013,Broj,M,62,Republika Srpska,8098
2013,Broj,M,63,Republika Srpska,8022
2013,Broj,M,64,Republika Srpska,7849
2013,Broj,M,65,Republika Srpska,6607
2013,Broj,M,66,Republika Srpska,7031
2013,Broj,M,67,Republika Srpska,5391
2013,Broj,M,68,Republika Srpska,4414
2013,Broj,M,69,Republika Srpska,4439
2013,Broj,M,70,Republika Srpska,4144
2013,Broj,M,71,Republika Srpska,4446
2013,Broj,M,72,Republika Srpska,5149
2013,Broj,M,73,Republika Srpska,5273
2013,Broj,M,74,Republika Srpska,4938
2013,Broj,M,75,Republika Srpska,4752
2013,Broj,M,76,Republika Srpska,4366
2013,Broj,M,77,Republika Srpska,3935
2013,Broj,M,78,Republika Srpska,3377
2013,Broj,M,79,Republika Srpska,3135
2013,Broj,M,80,Republika Srpska,2568
2013,Broj,M,81,Republika Srpska,2288
2013,Broj,M,82,Republika Srpska,1859
2013,Broj,M,83,Republika Srpska,1713
2013,Broj,M,84,Republika Srpska,1335
2013,Broj,M,85+,Republika Srpska,3927
2013,Broj,M,Unknown,Republika Srpska,0
2013,Broj,M,Total,Republika Srpska,603027
2013,Broj,Ž,0,Republika Srpska,5099
2013,Broj,Ž,1,Republika Srpska,5337
2013,Broj,Ž,2,Republika Srpska,5226
2013,Broj,Ž,3,Republika Srpska,5607
2013,Broj,Ž,4,Republika Srpska,5540
2013,Broj,Ž,5,Republika Srpska,5534
2013,Broj,Ž,6,Republika Srpska,5482
2013,Broj,Ž,7,Republika Srpska,5489
2013,Broj,Ž,8,Republika Srpska,5536
2013,Broj,Ž,9,Republika Srpska,5562
2013,Broj,Ž,10,Republika Srpska,5638
2013,Broj,Ž,11,Republika Srpska,5763
2013,Broj,Ž,12,Republika Srpska,6147
2013,Broj,Ž,13,Republika Srpska,6233
2013,Broj,Ž,14,Republika Srpska,6488
2013,Broj,Ž,15,Republika Srpska,6722
2013,Broj,Ž,16,Republika Srpska,7656
2013,Broj,Ž,17,Republika Srpska,7383
2013,Broj,Ž,18,Republika Srpska,7510
2013,Broj,Ž,19,Republika Srpska,7384
2013,Broj,Ž,20,Republika Srpska,6098
2013,Broj,Ž,21,Republika Srpska,6676
2013,Broj,Ž,22,Republika Srpska,7314
2013,Broj,Ž,23,Republika Srpska,7287
2013,Broj,Ž,24,Republika Srpska,7591
2013,Broj,Ž,25,Republika Srpska,7844
2013,Broj,Ž,26,Republika Srpska,7792
2013,Broj,Ž,27,Republika Srpska,8060
2013,Broj,Ž,28,Republika Srpska,7978
2013,Broj,Ž,29,Republika Srpska,8491
2013,Broj,Ž,30,Republika Srpska,8326
2013,Broj,Ž,31,Republika Srpska,8485
2013,Broj,Ž,32,Republika Srpska,8359
2013,Broj,Ž,33,Republika Srpska,8417
2013,Broj,Ž,34,Republika Srpska,8320
2013,Broj,Ž,35,Republika Srpska,8237
2013,Broj,Ž,36,Republika Srpska,8384
2013,Broj,Ž,37,Republika Srpska,8593
2013,Broj,Ž,38,Republika Srpska,8220
2013,Broj,Ž,39,Republika Srpska,7930
2013,Broj,Ž,40,Republika Srpska,7893
2013,Broj,Ž,41,Republika Srpska,8040
2013,Broj,Ž,42,Republika Srpska,7718
2013,Broj,Ž,43,Republika Srpska,7419
2013,Broj,Ž,44,Republika Srpska,7746
2013,Broj,Ž,45,Republika Srpska,8069
2013,Broj,Ž,46,Republika Srpska,8528
2013,Broj,Ž,47,Republika Srpska,8680
2013,Broj,Ž,48,Republika Srpska,9018
2013,Broj,Ž,49,Republika Srpska,8894
2013,Broj,Ž,50,Republika Srpska,9134
2013,Broj,Ž,51,Republika Srpska,9705
2013,Broj,Ž,52,Republika Srpska,9645
2013,Broj,Ž,53,Republika Srpska,9699
2013,Broj,Ž,54,Republika Srpska,10298
2013,Broj,Ž,55,Republika Srpska,9649
2013,Broj,Ž,56,Republika Srpska,9400
2013,Broj,Ž,57,Republika Srpska,10000
2013,Broj,Ž,58,Republika Srpska,10315
2013,Broj,Ž,59,Republika Srpska,10163
2013,Broj,Ž,60,Republika Srpska,10402
2013,Broj,Ž,61,Republika Srpska,9843
2013,Broj,Ž,62,Republika Srpska,8812
2013,Broj,Ž,63,Republika Srpska,8961
2013,Broj,Ž,64,Republika Srpska,8800
2013,Broj,Ž,65,Republika Srpska,7797
2013,Broj,Ž,66,Republika Srpska,8202
2013,Broj,Ž,67,Republika Srpska,6508
2013,Broj,Ž,68,Republika Srpska,5441
2013,Broj,Ž,69,Republika Srpska,5440
2013,Broj,Ž,70,Republika Srpska,5654
2013,Broj,Ž,71,Republika Srpska,5822
2013,Broj,Ž,72,Republika Srpska,6755
2013,Broj,Ž,73,Republika Srpska,7148
2013,Broj,Ž,74,Republika Srpska,6744
2013,Broj,Ž,75,Republika Srpska,6617
2013,Broj,Ž,76,Republika Srpska,6219
2013,Broj,Ž,77,Republika Srpska,6079
2013,Broj,Ž,78,Republika Srpska,5329
2013,Broj,Ž,79,Republika Srpska,4982
2013,Broj,Ž,80,Republika Srpska,4181
2013,Broj,Ž,81,Republika Srpska,3767
2013,Broj,Ž,82,Republika Srpska,3096
2013,Broj,Ž,83,Republika Srpska,2945
2013,Broj,Ž,84,Republika Srpska,2257
2013,Broj,Ž,85+,Republika Srpska,7844
2013,Broj,Ž,Unknown,Republika Srpska,0
2013,Broj,Ž,Total,Republika Srpska,625396
2013,Broj,Oba spola,0,Brčko Distrikt BiH,839
2013,Broj,Oba spola,1,Brčko Distrikt BiH,832
2013,Broj,Oba spola,2,Brčko Distrikt BiH,855
2013,Broj,Oba spola,3,Brčko Distrikt BiH,791
2013,Broj,Oba spola,4,Brčko Distrikt BiH,848
2013,Broj,Oba spola,5,Brčko Distrikt BiH,851
2013,Broj,Oba spola,6,Brčko Distrikt BiH,917
2013,Broj,Oba spola,7,Brčko Distrikt BiH,822
2013,Broj,Oba spola,8,Brčko Distrikt BiH,865
2013,Broj,Oba spola,9,Brčko Distrikt BiH,857
2013,Broj,Oba spola,10,Brčko Distrikt BiH,922
2013,Broj,Oba spola,11,Brčko Distrikt BiH,876
2013,Broj,Oba spola,12,Brčko Distrikt BiH,944
2013,Broj,Oba spola,13,Brčko Distrikt BiH,933
2013,Broj,Oba spola,14,Brčko Distrikt BiH,929
2013,Broj,Oba spola,15,Brčko Distrikt BiH,1072
2013,Broj,Oba spola,16,Brčko Distrikt BiH,1169
2013,Broj,Oba spola,17,Brčko Distrikt BiH,1113
2013,Broj,Oba spola,18,Brčko Distrikt BiH,1013
2013,Broj,Oba spola,19,Brčko Distrikt BiH,956
2013,Broj,Oba spola,20,Brčko Distrikt BiH,826
2013,Broj,Oba spola,21,Brčko Distrikt BiH,989
2013,Broj,Oba spola,22,Brčko Distrikt BiH,1056
2013,Broj,Oba spola,23,Brčko Distrikt BiH,1047
2013,Broj,Oba spola,24,Brčko Distrikt BiH,1018
2013,Broj,Oba spola,25,Brčko Distrikt BiH,1103
2013,Broj,Oba spola,26,Brčko Distrikt BiH,1113
2013,Broj,Oba spola,27,Brčko Distrikt BiH,1054
2013,Broj,Oba spola,28,Brčko Distrikt BiH,1235
2013,Broj,Oba spola,29,Brčko Distrikt BiH,1224
2013,Broj,Oba spola,30,Brčko Distrikt BiH,1230
2013,Broj,Oba spola,31,Brčko Distrikt BiH,1253
2013,Broj,Oba spola,32,Brčko Distrikt BiH,1154
2013,Broj,Oba spola,33,Brčko Distrikt BiH,1196
2013,Broj,Oba spola,34,Brčko Distrikt BiH,1158
2013,Broj,Oba spola,35,Brčko Distrikt BiH,1205
2013,Broj,Oba spola,36,Brčko Distrikt BiH,1176
2013,Broj,Oba spola,37,Brčko Distrikt BiH,1239
2013,Broj,Oba spola,38,Brčko Distrikt BiH,1207
2013,Broj,Oba spola,39,Brčko Distrikt BiH,1279
2013,Broj,Oba spola,40,Brčko Distrikt BiH,1256
2013,Broj,Oba spola,41,Brčko Distrikt BiH,1277
2013,Broj,Oba spola,42,Brčko Distrikt BiH,1160
2013,Broj,Oba spola,43,Brčko Distrikt BiH,1204
2013,Broj,Oba spola,44,Brčko Distrikt BiH,1248
2013,Broj,Oba spola,45,Brčko Distrikt BiH,1288
2013,Broj,Oba spola,46,Brčko Distrikt BiH,1301
2013,Broj,Oba spola,47,Brčko Distrikt BiH,1313
2013,Broj,Oba spola,48,Brčko Distrikt BiH,1404
2013,Broj,Oba spola,49,Brčko Distrikt BiH,1267
2013,Broj,Oba spola,50,Brčko Distrikt BiH,1317
2013,Broj,Oba spola,51,Brčko Distrikt BiH,1325
2013,Broj,Oba spola,52,Brčko Distrikt BiH,1362
2013,Broj,Oba spola,53,Brčko Distrikt BiH,1311
2013,Broj,Oba spola,54,Brčko Distrikt BiH,1258
2013,Broj,Oba spola,55,Brčko Distrikt BiH,1199
2013,Broj,Oba spola,56,Brčko Distrikt BiH,1110
2013,Broj,Oba spola,57,Brčko Distrikt BiH,1150
2013,Broj,Oba spola,58,Brčko Distrikt BiH,1167
2013,Broj,Oba spola,59,Brčko Distrikt BiH,1149
2013,Broj,Oba spola,60,Brčko Distrikt BiH,1100
2013,Broj,Oba spola,61,Brčko Distrikt BiH,1073
2013,Broj,Oba spola,62,Brčko Distrikt BiH,983
2013,Broj,Oba spola,63,Brčko Distrikt BiH,1052
2013,Broj,Oba spola,64,Brčko Distrikt BiH,940
2013,Broj,Oba spola,65,Brčko Distrikt BiH,899
2013,Broj,Oba spola,66,Brčko Distrikt BiH,899
2013,Broj,Oba spola,67,Brčko Distrikt BiH,750
2013,Broj,Oba spola,68,Brčko Distrikt BiH,655
2013,Broj,Oba spola,69,Brčko Distrikt BiH,705
2013,Broj,Oba spola,70,Brčko Distrikt BiH,698
2013,Broj,Oba spola,71,Brčko Distrikt BiH,594
2013,Broj,Oba spola,72,Brčko Distrikt BiH,698
2013,Broj,Oba spola,73,Brčko Distrikt BiH,687
2013,Broj,Oba spola,74,Brčko Distrikt BiH,682
2013,Broj,Oba spola,75,Brčko Distrikt BiH,620
2013,Broj,Oba spola,76,Brčko Distrikt BiH,634
2013,Broj,Oba spola,77,Brčko Distrikt BiH,594
2013,Broj,Oba spola,78,Brčko Distrikt BiH,535
2013,Broj,Oba spola,79,Brčko Distrikt BiH,480
2013,Broj,Oba spola,80,Brčko Distrikt BiH,365
2013,Broj,Oba spola,81,Brčko Distrikt BiH,327
2013,Broj,Oba spola,82,Brčko Distrikt BiH,260
2013,Broj,Oba spola,83,Brčko Distrikt BiH,246
2013,Broj,Oba spola,84,Brčko Distrikt BiH,202
2013,Broj,Oba spola,85+,Brčko Distrikt BiH,606
2013,Broj,Oba spola,Unknown,Brčko Distrikt BiH,0
2013,Broj,Oba spola,Total,Brčko Distrikt BiH,83516
2013,Broj,M,0,Brčko Distrikt BiH,436
2013,Broj,M,1,Brčko Distrikt BiH,417
2013,Broj,M,2,Brčko Distrikt BiH,450
2013,Broj,M,3,Brčko Distrikt BiH,412
2013,Broj,M,4,Brčko Distrikt BiH,463
2013,Broj,M,5,Brčko Distrikt BiH,465
2013,Broj,M,6,Brčko Distrikt BiH,471
2013,Broj,M,7,Brčko Distrikt BiH,423
2013,Broj,M,8,Brčko Distrikt BiH,460
2013,Broj,M,9,Brčko Distrikt BiH,416
2013,Broj,M,10,Brčko Distrikt BiH,477
2013,Broj,M,11,Brčko Distrikt BiH,472
2013,Broj,M,12,Brčko Distrikt BiH,489
2013,Broj,M,13,Brčko Distrikt BiH,489
2013,Broj,M,14,Brčko Distrikt BiH,484
2013,Broj,M,15,Brčko Distrikt BiH,560
2013,Broj,M,16,Brčko Distrikt BiH,602
2013,Broj,M,17,Brčko Distrikt BiH,547
2013,Broj,M,18,Brčko Distrikt BiH,523
2013,Broj,M,19,Brčko Distrikt BiH,487
2013,Broj,M,20,Brčko Distrikt BiH,417
2013,Broj,M,21,Brčko Distrikt BiH,533
2013,Broj,M,22,Brčko Distrikt BiH,546
2013,Broj,M,23,Brčko Distrikt BiH,533
2013,Broj,M,24,Brčko Distrikt BiH,499
2013,Broj,M,25,Brčko Distrikt BiH,545
2013,Broj,M,26,Brčko Distrikt BiH,577
2013,Broj,M,27,Brčko Distrikt BiH,550
2013,Broj,M,28,Brčko Distrikt BiH,634
2013,Broj,M,29,Brčko Distrikt BiH,602
2013,Broj,M,30,Brčko Distrikt BiH,626
2013,Broj,M,31,Brčko Distrikt BiH,618
2013,Broj,M,32,Brčko Distrikt BiH,568
2013,Broj,M,33,Brčko Distrikt BiH,575
2013,Broj,M,34,Brčko Distrikt BiH,527
2013,Broj,M,35,Brčko Distrikt BiH,591
2013,Broj,M,36,Brčko Distrikt BiH,610
2013,Broj,M,37,Brčko Distrikt BiH,619
2013,Broj,M,38,Brčko Distrikt BiH,625
2013,Broj,M,39,Brčko Distrikt BiH,680
2013,Broj,M,40,Brčko Distrikt BiH,631
2013,Broj,M,41,Brčko Distrikt BiH,637
2013,Broj,M,42,Brčko Distrikt BiH,572
2013,Broj,M,43,Brčko Distrikt BiH,650
2013,Broj,M,44,Brčko Distrikt BiH,636
2013,Broj,M,45,Brčko Distrikt BiH,708
2013,Broj,M,46,Brčko Distrikt BiH,692
2013,Broj,M,47,Brčko Distrikt BiH,669
2013,Broj,M,48,Brčko Distrikt BiH,717
2013,Broj,M,49,Brčko Distrikt BiH,650
2013,Broj,M,50,Brčko Distrikt BiH,681
2013,Broj,M,51,Brčko Distrikt BiH,685
2013,Broj,M,52,Brčko Distrikt BiH,705
2013,Broj,M,53,Brčko Distrikt BiH,636
2013,Broj,M,54,Brčko Distrikt BiH,618
2013,Broj,M,55,Brčko Distrikt BiH,618
2013,Broj,M,56,Brčko Distrikt BiH,575
2013,Broj,M,57,Brčko Distrikt BiH,558
2013,Broj,M,58,Brčko Distrikt BiH,566
2013,Broj,M,59,Brčko Distrikt BiH,545
2013,Broj,M,60,Brčko Distrikt BiH,504
2013,Broj,M,61,Brčko Distrikt BiH,495
2013,Broj,M,62,Brčko Distrikt BiH,484
2013,Broj,M,63,Brčko Distrikt BiH,484
2013,Broj,M,64,Brčko Distrikt BiH,432
2013,Broj,M,65,Brčko Distrikt BiH,394
2013,Broj,M,66,Brčko Distrikt BiH,405
2013,Broj,M,67,Brčko Distrikt BiH,348
2013,Broj,M,68,Brčko Distrikt BiH,295
2013,Broj,M,69,Brčko Distrikt BiH,304
2013,Broj,M,70,Brčko Distrikt BiH,327
2013,Broj,M,71,Brčko Distrikt BiH,267
2013,Broj,M,72,Brčko Distrikt BiH,297
2013,Broj,M,73,Brčko Distrikt BiH,283
2013,Broj,M,74,Brčko Distrikt BiH,285
2013,Broj,M,75,Brčko Distrikt BiH,241
2013,Broj,M,76,Brčko Distrikt BiH,261
2013,Broj,M,77,Brčko Distrikt BiH,244
2013,Broj,M,78,Brčko Distrikt BiH,215
2013,Broj,M,79,Brčko Distrikt BiH,182
2013,Broj,M,80,Brčko Distrikt BiH,144
2013,Broj,M,81,Brčko Distrikt BiH,131
2013,Broj,M,82,Brčko Distrikt BiH,82
2013,Broj,M,83,Brčko Distrikt BiH,89
2013,Broj,M,84,Brčko Distrikt BiH,67
2013,Broj,M,85+,Brčko Distrikt BiH,223
2013,Broj,M,Unknown,Brčko Distrikt BiH,0
2013,Broj,M,Total,Brčko Distrikt BiH,41250
2013,Broj,Ž,0,Brčko Distrikt BiH,403
2013,Broj,Ž,1,Brčko Distrikt BiH,415
2013,Broj,Ž,2,Brčko Distrikt BiH,405
2013,Broj,Ž,3,Brčko Distrikt BiH,379
2013,Broj,Ž,4,Brčko Distrikt BiH,385
2013,Broj,Ž,5,Brčko Distrikt BiH,386
2013,Broj,Ž,6,Brčko Distrikt BiH,446
2013,Broj,Ž,7,Brčko Distrikt BiH,399
2013,Broj,Ž,8,Brčko Distrikt BiH,405
2013,Broj,Ž,9,Brčko Distrikt BiH,441
2013,Broj,Ž,10,Brčko Distrikt BiH,445
2013,Broj,Ž,11,Brčko Distrikt BiH,404
2013,Broj,Ž,12,Brčko Distrikt BiH,455
2013,Broj,Ž,13,Brčko Distrikt BiH,444
2013,Broj,Ž,14,Brčko Distrikt BiH,445
2013,Broj,Ž,15,Brčko Distrikt BiH,512
2013,Broj,Ž,16,Brčko Distrikt BiH,567
2013,Broj,Ž,17,Brčko Distrikt BiH,566
2013,Broj,Ž,18,Brčko Distrikt BiH,490
2013,Broj,Ž,19,Brčko Distrikt BiH,469
2013,Broj,Ž,20,Brčko Distrikt BiH,409
2013,Broj,Ž,21,Brčko Distrikt BiH,456
2013,Broj,Ž,22,Brčko Distrikt BiH,510
2013,Broj,Ž,23,Brčko Distrikt BiH,514
2013,Broj,Ž,24,Brčko Distrikt BiH,519
2013,Broj,Ž,25,Brčko Distrikt BiH,558
2013,Broj,Ž,26,Brčko Distrikt BiH,536
2013,Broj,Ž,27,Brčko Distrikt BiH,504
2013,Broj,Ž,28,Brčko Distrikt BiH,601
2013,Broj,Ž,29,Brčko Distrikt BiH,622
2013,Broj,Ž,30,Brčko Distrikt BiH,604
2013,Broj,Ž,31,Brčko Distrikt BiH,635
2013,Broj,Ž,32,Brčko Distrikt BiH,586
2013,Broj,Ž,33,Brčko Distrikt BiH,621
2013,Broj,Ž,34,Brčko Distrikt BiH,631
2013,Broj,Ž,35,Brčko Distrikt BiH,614
2013,Broj,Ž,36,Brčko Distrikt BiH,566
2013,Broj,Ž,37,Brčko Distrikt BiH,620
2013,Broj,Ž,38,Brčko Distrikt BiH,582
2013,Broj,Ž,39,Brčko Distrikt BiH,599
2013,Broj,Ž,40,Brčko Distrikt BiH,625
2013,Broj,Ž,41,Brčko Distrikt BiH,640
2013,Broj,Ž,42,Brčko Distrikt BiH,588
2013,Broj,Ž,43,Brčko Distrikt BiH,554
2013,Broj,Ž,44,Brčko Distrikt BiH,612
2013,Broj,Ž,45,Brčko Distrikt BiH,580
2013,Broj,Ž,46,Brčko Distrikt BiH,609
2013,Broj,Ž,47,Brčko Distrikt BiH,644
2013,Broj,Ž,48,Brčko Distrikt BiH,687
2013,Broj,Ž,49,Brčko Distrikt BiH,617
2013,Broj,Ž,50,Brčko Distrikt BiH,636
2013,Broj,Ž,51,Brčko Distrikt BiH,640
2013,Broj,Ž,52,Brčko Distrikt BiH,657
2013,Broj,Ž,53,Brčko Distrikt BiH,675
2013,Broj,Ž,54,Brčko Distrikt BiH,640
2013,Broj,Ž,55,Brčko Distrikt BiH,581
2013,Broj,Ž,56,Brčko Distrikt BiH,535
2013,Broj,Ž,57,Brčko Distrikt BiH,592
2013,Broj,Ž,58,Brčko Distrikt BiH,601
2013,Broj,Ž,59,Brčko Distrikt BiH,604
2013,Broj,Ž,60,Brčko Distrikt BiH,596
2013,Broj,Ž,61,Brčko Distrikt BiH,578
2013,Broj,Ž,62,Brčko Distrikt BiH,499
2013,Broj,Ž,63,Brčko Distrikt BiH,568
2013,Broj,Ž,64,Brčko Distrikt BiH,508
2013,Broj,Ž,65,Brčko Distrikt BiH,505
2013,Broj,Ž,66,Brčko Distrikt BiH,494
2013,Broj,Ž,67,Brčko Distrikt BiH,402
2013,Broj,Ž,68,Brčko Distrikt BiH,360
2013,Broj,Ž,69,Brčko Distrikt BiH,401
2013,Broj,Ž,70,Brčko Distrikt BiH,371
2013,Broj,Ž,71,Brčko Distrikt BiH,327
2013,Broj,Ž,72,Brčko Distrikt BiH,401
2013,Broj,Ž,73,Brčko Distrikt BiH,404
2013,Broj,Ž,74,Brčko Distrikt BiH,397
2013,Broj,Ž,75,Brčko Distrikt BiH,379
2013,Broj,Ž,76,Brčko Distrikt BiH,373
2013,Broj,Ž,77,Brčko Distrikt BiH,350
2013,Broj,Ž,78,Brčko Distrikt BiH,320
2013,Broj,Ž,79,Brčko Distrikt BiH,298
2013,Broj,Ž,80,Brčko Distrikt BiH,221
2013,Broj,Ž,81,Brčko Distrikt BiH,196
2013,Broj,Ž,82,Brčko Distrikt BiH,178
2013,Broj,Ž,83,Brčko Distrikt BiH,157
2013,Broj,Ž,84,Brčko Distrikt BiH,135
2013,Broj,Ž,85+,Brčko Distrikt BiH,383
2013,Broj,Ž,Unknown,Brčko Distrikt BiH,0
2013,Broj,Ž,Total,Brčko Distrikt BiH,42266
