Year,UNIT_MEASURE,Spol,AGE,Value
1971,Broj,Oba spola,0,78188
1971,Broj,Oba spola,1,78436
1971,Broj,Oba spola,2,79185
1971,Broj,Oba spola,3,83244
1971,Broj,Oba spola,4,86452
1971,Broj,Oba spola,5,87769
1971,Broj,Oba spola,6,87799
1971,Broj,Oba spola,7,88629
1971,Broj,Oba spola,8,88698
1971,Broj,Oba spola,9,89770
1971,Broj,Oba spola,10,91769
1971,Broj,Oba spola,11,88438
1971,Broj,Oba spola,12,91254
1971,Broj,Oba spola,13,84816
1971,Broj,Oba spola,14,85922
1971,Broj,Oba spola,15,85979
1971,Broj,Oba spola,16,90521
1971,Broj,Oba spola,17,81829
1971,Broj,Oba spola,18,86722
1971,Broj,Oba spola,19,66336
1971,Broj,Oba spola,20,72810
1971,Broj,Oba spola,21,69228
1971,Broj,Oba spola,22,61911
1971,Broj,Oba spola,23,57263
1971,Broj,Oba spola,24,58105
1971,Broj,Oba spola,25,43515
1971,Broj,Oba spola,26,42568
1971,Broj,Oba spola,27,42705
1971,Broj,Oba spola,28,45326
1971,Broj,Oba spola,29,51613
1971,Broj,Oba spola,30,55927
1971,Broj,Oba spola,31,58757
1971,Broj,Oba spola,32,56737
1971,Broj,Oba spola,33,59159
1971,Broj,Oba spola,34,59230
1971,Broj,Oba spola,35,59449
1971,Broj,Oba spola,36,58439
1971,Broj,Oba spola,37,57138
1971,Broj,Oba spola,38,54962
1971,Broj,Oba spola,39,50494
1971,Broj,Oba spola,40,53335
1971,Broj,Oba spola,41,51482
1971,Broj,Oba spola,42,51670
1971,Broj,Oba spola,43,45131
1971,Broj,Oba spola,44,41398
1971,Broj,Oba spola,45,38430
1971,Broj,Oba spola,46,34889
1971,Broj,Oba spola,47,32616
1971,Broj,Oba spola,48,32560
1971,Broj,Oba spola,49,27746
1971,Broj,Oba spola,50,31304
1971,Broj,Oba spola,51,27640
1971,Broj,Oba spola,52,16290
1971,Broj,Oba spola,53,13739
1971,Broj,Oba spola,54,12867
1971,Broj,Oba spola,55,17033
1971,Broj,Oba spola,56,26007
1971,Broj,Oba spola,57,23600
1971,Broj,Oba spola,58,25741
1971,Broj,Oba spola,59,22248
1971,Broj,Oba spola,60,27390
1971,Broj,Oba spola,61,23213
1971,Broj,Oba spola,62,20179
1971,Broj,Oba spola,63,21543
1971,Broj,Oba spola,64,20402
1971,Broj,Oba spola,65,19860
1971,Broj,Oba spola,66,17912
1971,Broj,Oba spola,67,15368
1971,Broj,Oba spola,68,14263
1971,Broj,Oba spola,69,12405
1971,Broj,Oba spola,70,20948
1971,Broj,Oba spola,71,11331
1971,Broj,Oba spola,72,7947
1971,Broj,Oba spola,73,6982
1971,Broj,Oba spola,74,6341
1971,Broj,Oba spola,75,6359
1971,Broj,Oba spola,76,5014
1971,Broj,Oba spola,77,4151
1971,Broj,Oba spola,78,4413
1971,Broj,Oba spola,79,3113
1971,Broj,Oba spola,80,3754
1971,Broj,Oba spola,81,2432
1971,Broj,Oba spola,82,2709
1971,Broj,Oba spola,83,1765
1971,Broj,Oba spola,84,1492
1971,Broj,Oba spola,85,1675
1971,Broj,Oba spola,86,1205
1971,Broj,Oba spola,87,808
1971,Broj,Oba spola,88,784
1971,Broj,Oba spola,89,640
1971,Broj,Oba spola,90,823
1971,Broj,Oba spola,91,417
1971,Broj,Oba spola,92,287
1971,Broj,Oba spola,93,196
1971,Broj,Oba spola,94,215
1971,Broj,Oba spola,95,249
1971,Broj,Oba spola,96,153
1971,Broj,Oba spola,97,132
1971,Broj,Oba spola,98,105
1971,Broj,Oba spola,99,33
1971,Broj,Oba spola,100,62
1971,Broj,Oba spola,101,0
1971,Broj,Oba spola,102,0
1971,Broj,Oba spola,103,0
1971,Broj,Oba spola,104,0
1971,Broj,Oba spola,105,0
1971,Broj,Oba spola,106,0
1971,Broj,Oba spola,107,0
1971,Broj,Oba spola,108,0
1971,Broj,Oba spola,109,0
1971,Broj,Oba spola,110,0
1971,Broj,Oba spola,111,0
1971,Broj,Oba spola,112,0
1971,Broj,Oba spola,113,0
1971,Broj,Oba spola,114,0
1971,Broj,Oba spola,115,0
1971,Broj,Oba spola,116,0
1971,Broj,Oba spola,117,0
1971,Broj,Oba spola,118,0
1971,Broj,Oba spola,119,0
1971,Broj,Oba spola,120,0
1971,Broj,Oba spola,Unknown,14223
1971,Broj,Oba spola,Total,3746111
1981,Broj,Oba spola,0,71881
1981,Broj,Oba spola,1,69965
1981,Broj,Oba spola,2,67249
1981,Broj,Oba spola,3,68657
1981,Broj,Oba spola,4,70968
1981,Broj,Oba spola,5,71951
1981,Broj,Oba spola,6,71141
1981,Broj,Oba spola,7,71151
1981,Broj,Oba spola,8,73640
1981,Broj,Oba spola,9,74972
1981,Broj,Oba spola,10,72003
1981,Broj,Oba spola,11,74982
1981,Broj,Oba spola,12,77107
1981,Broj,Oba spola,13,80150
1981,Broj,Oba spola,14,83627
1981,Broj,Oba spola,15,85479
1981,Broj,Oba spola,16,84935
1981,Broj,Oba spola,17,85902
1981,Broj,Oba spola,18,85978
1981,Broj,Oba spola,19,86377
1981,Broj,Oba spola,20,86257
1981,Broj,Oba spola,21,80015
1981,Broj,Oba spola,22,80476
1981,Broj,Oba spola,23,73088
1981,Broj,Oba spola,24,72440
1981,Broj,Oba spola,25,70240
1981,Broj,Oba spola,26,73331
1981,Broj,Oba spola,27,65100
1981,Broj,Oba spola,28,69395
1981,Broj,Oba spola,29,52038
1981,Broj,Oba spola,30,57265
1981,Broj,Oba spola,31,55625
1981,Broj,Oba spola,32,50152
1981,Broj,Oba spola,33,46632
1981,Broj,Oba spola,34,49504
1981,Broj,Oba spola,35,36693
1981,Broj,Oba spola,36,36263
1981,Broj,Oba spola,37,37126
1981,Broj,Oba spola,38,39913
1981,Broj,Oba spola,39,45793
1981,Broj,Oba spola,40,49958
1981,Broj,Oba spola,41,52693
1981,Broj,Oba spola,42,50845
1981,Broj,Oba spola,43,53135
1981,Broj,Oba spola,44,53909
1981,Broj,Oba spola,45,53870
1981,Broj,Oba spola,46,53207
1981,Broj,Oba spola,47,51809
1981,Broj,Oba spola,48,50023
1981,Broj,Oba spola,49,46034
1981,Broj,Oba spola,50,48966
1981,Broj,Oba spola,51,46995
1981,Broj,Oba spola,52,47799
1981,Broj,Oba spola,53,42166
1981,Broj,Oba spola,54,38248
1981,Broj,Oba spola,55,35727
1981,Broj,Oba spola,56,32192
1981,Broj,Oba spola,57,29910
1981,Broj,Oba spola,58,29938
1981,Broj,Oba spola,59,24809
1981,Broj,Oba spola,60,28495
1981,Broj,Oba spola,61,24597
1981,Broj,Oba spola,62,13866
1981,Broj,Oba spola,63,11860
1981,Broj,Oba spola,64,10839
1981,Broj,Oba spola,65,14108
1981,Broj,Oba spola,66,21522
1981,Broj,Oba spola,67,19181
1981,Broj,Oba spola,68,20595
1981,Broj,Oba spola,69,16691
1981,Broj,Oba spola,70,20293
1981,Broj,Oba spola,71,16267
1981,Broj,Oba spola,72,13683
1981,Broj,Oba spola,73,14215
1981,Broj,Oba spola,74,13034
1981,Broj,Oba spola,75,12425
1981,Broj,Oba spola,76,10471
1981,Broj,Oba spola,77,8492
1981,Broj,Oba spola,78,7556
1981,Broj,Oba spola,79,5602
1981,Broj,Oba spola,80,11337
1981,Broj,Oba spola,81,4313
1981,Broj,Oba spola,82,3108
1981,Broj,Oba spola,83,2576
1981,Broj,Oba spola,84,2235
1981,Broj,Oba spola,85,2047
1981,Broj,Oba spola,86,1471
1981,Broj,Oba spola,87,1161
1981,Broj,Oba spola,88,1460
1981,Broj,Oba spola,89,742
1981,Broj,Oba spola,90,909
1981,Broj,Oba spola,91,475
1981,Broj,Oba spola,92,527
1981,Broj,Oba spola,93,334
1981,Broj,Oba spola,94,363
1981,Broj,Oba spola,95,300
1981,Broj,Oba spola,96,219
1981,Broj,Oba spola,97,195
1981,Broj,Oba spola,98,183
1981,Broj,Oba spola,99,103
1981,Broj,Oba spola,100,106
1981,Broj,Oba spola,101,0
1981,Broj,Oba spola,102,0
1981,Broj,Oba spola,103,0
1981,Broj,Oba spola,104,0
1981,Broj,Oba spola,105,0
1981,Broj,Oba spola,106,0
1981,Broj,Oba spola,107,0
1981,Broj,Oba spola,108,0
1981,Broj,Oba spola,109,0
1981,Broj,Oba spola,110,0
1981,Broj,Oba spola,111,0
1981,Broj,Oba spola,112,0
1981,Broj,Oba spola,113,0
1981,Broj,Oba spola,114,0
1981,Broj,Oba spola,115,0
1981,Broj,Oba spola,116,0
1981,Broj,Oba spola,117,0
1981,Broj,Oba spola,118,0
1981,Broj,Oba spola,119,0
1981,Broj,Oba spola,120,0
1981,Broj,Oba spola,Unknown,5666
1981,Broj,Oba spola,Total,3941316
1991,Broj,Oba spola,0,62844
1991,Broj,Oba spola,1,63482
1991,Broj,Oba spola,2,64263
1991,Broj,Oba spola,3,66490
1991,Broj,Oba spola,4,65409
1991,Broj,Oba spola,5,66820
1991,Broj,Oba spola,6,67400
1991,Broj,Oba spola,7,67606
1991,Broj,Oba spola,8,67996
1991,Broj,Oba spola,9,67288
1991,Broj,Oba spola,10,67020
1991,Broj,Oba spola,11,67029
1991,Broj,Oba spola,12,65604
1991,Broj,Oba spola,13,66900
1991,Broj,Oba spola,14,68184
1991,Broj,Oba spola,15,68565
1991,Broj,Oba spola,16,67490
1991,Broj,Oba spola,17,67137
1991,Broj,Oba spola,18,69170
1991,Broj,Oba spola,19,70167
1991,Broj,Oba spola,20,65291
1991,Broj,Oba spola,21,67179
1991,Broj,Oba spola,22,66881
1991,Broj,Oba spola,23,69027
1991,Broj,Oba spola,24,70680
1991,Broj,Oba spola,25,70898
1991,Broj,Oba spola,26,69164
1991,Broj,Oba spola,27,69353
1991,Broj,Oba spola,28,70092
1991,Broj,Oba spola,29,71862
1991,Broj,Oba spola,30,71702
1991,Broj,Oba spola,31,68913
1991,Broj,Oba spola,32,70992
1991,Broj,Oba spola,33,65886
1991,Broj,Oba spola,34,65769
1991,Broj,Oba spola,35,64904
1991,Broj,Oba spola,36,68679
1991,Broj,Oba spola,37,60518
1991,Broj,Oba spola,38,66180
1991,Broj,Oba spola,39,50627
1991,Broj,Oba spola,40,54989
1991,Broj,Oba spola,41,54080
1991,Broj,Oba spola,42,47761
1991,Broj,Oba spola,43,44484
1991,Broj,Oba spola,44,47685
1991,Broj,Oba spola,45,34566
1991,Broj,Oba spola,46,34330
1991,Broj,Oba spola,47,35315
1991,Broj,Oba spola,48,37144
1991,Broj,Oba spola,49,42966
1991,Broj,Oba spola,50,47496
1991,Broj,Oba spola,51,49238
1991,Broj,Oba spola,52,47272
1991,Broj,Oba spola,53,49628
1991,Broj,Oba spola,54,49149
1991,Broj,Oba spola,55,49502
1991,Broj,Oba spola,56,48937
1991,Broj,Oba spola,57,47310
1991,Broj,Oba spola,58,44742
1991,Broj,Oba spola,59,42557
1991,Broj,Oba spola,60,44157
1991,Broj,Oba spola,61,42001
1991,Broj,Oba spola,62,40853
1991,Broj,Oba spola,63,36630
1991,Broj,Oba spola,64,32878
1991,Broj,Oba spola,65,29739
1991,Broj,Oba spola,66,26525
1991,Broj,Oba spola,67,24528
1991,Broj,Oba spola,68,23225
1991,Broj,Oba spola,69,20157
1991,Broj,Oba spola,70,20604
1991,Broj,Oba spola,71,18037
1991,Broj,Oba spola,72,9370
1991,Broj,Oba spola,73,7833
1991,Broj,Oba spola,74,6855
1991,Broj,Oba spola,75,8380
1991,Broj,Oba spola,76,12499
1991,Broj,Oba spola,77,10635
1991,Broj,Oba spola,78,10578
1991,Broj,Oba spola,79,8577
1991,Broj,Oba spola,80,8905
1991,Broj,Oba spola,81,7090
1991,Broj,Oba spola,82,5437
1991,Broj,Oba spola,83,5124
1991,Broj,Oba spola,84,4203
1991,Broj,Oba spola,85,3599
1991,Broj,Oba spola,86,2920
1991,Broj,Oba spola,87,2136
1991,Broj,Oba spola,88,1701
1991,Broj,Oba spola,89,1168
1991,Broj,Oba spola,90,1395
1991,Broj,Oba spola,91,656
1991,Broj,Oba spola,92,385
1991,Broj,Oba spola,93,271
1991,Broj,Oba spola,94,179
1991,Broj,Oba spola,95,149
1991,Broj,Oba spola,96,105
1991,Broj,Oba spola,97,76
1991,Broj,Oba spola,98,67
1991,Broj,Oba spola,99,38
1991,Broj,Oba spola,100,41
1991,Broj,Oba spola,101,24
1991,Broj,Oba spola,102,11
1991,Broj,Oba spola,103,17
1991,Broj,Oba spola,104,6
1991,Broj,Oba spola,105,7
1991,Broj,Oba spola,106,3
1991,Broj,Oba spola,107,4
1991,Broj,Oba spola,108,3
1991,Broj,Oba spola,109,2
1991,Broj,Oba spola,110,3
1991,Broj,Oba spola,111,3
1991,Broj,Oba spola,112,2
1991,Broj,Oba spola,113,3
1991,Broj,Oba spola,114,2
1991,Broj,Oba spola,115,3
1991,Broj,Oba spola,116,1
1991,Broj,Oba spola,117,0
1991,Broj,Oba spola,118,0
1991,Broj,Oba spola,119,0
1991,Broj,Oba spola,120,0
1991,Broj,Oba spola,Unknown,70227
1991,Broj,Oba spola,Total,4140639
2013,Broj,Oba spola,0,32986
2013,Broj,Oba spola,1,34294
2013,Broj,Oba spola,2,34389
2013,Broj,Oba spola,3,35874
2013,Broj,Oba spola,4,36521
2013,Broj,Oba spola,5,36166
2013,Broj,Oba spola,6,34919
2013,Broj,Oba spola,7,34943
2013,Broj,Oba spola,8,35451
2013,Broj,Oba spola,9,35501
2013,Broj,Oba spola,10,36453
2013,Broj,Oba spola,11,36775
2013,Broj,Oba spola,12,38596
2013,Broj,Oba spola,13,39456
2013,Broj,Oba spola,14,41395
2013,Broj,Oba spola,15,45564
2013,Broj,Oba spola,16,52015
2013,Broj,Oba spola,17,51403
2013,Broj,Oba spola,18,50311
2013,Broj,Oba spola,19,43449
2013,Broj,Oba spola,20,38825
2013,Broj,Oba spola,21,44354
2013,Broj,Oba spola,22,48403
2013,Broj,Oba spola,23,48196
2013,Broj,Oba spola,24,48278
2013,Broj,Oba spola,25,50133
2013,Broj,Oba spola,26,49678
2013,Broj,Oba spola,27,49795
2013,Broj,Oba spola,28,50446
2013,Broj,Oba spola,29,52266
2013,Broj,Oba spola,30,50734
2013,Broj,Oba spola,31,50911
2013,Broj,Oba spola,32,50977
2013,Broj,Oba spola,33,50333
2013,Broj,Oba spola,34,49678
2013,Broj,Oba spola,35,49788
2013,Broj,Oba spola,36,49919
2013,Broj,Oba spola,37,51327
2013,Broj,Oba spola,38,49496
2013,Broj,Oba spola,39,48736
2013,Broj,Oba spola,40,48218
2013,Broj,Oba spola,41,49740
2013,Broj,Oba spola,42,48136
2013,Broj,Oba spola,43,46015
2013,Broj,Oba spola,44,49029
2013,Broj,Oba spola,45,49671
2013,Broj,Oba spola,46,51673
2013,Broj,Oba spola,47,52770
2013,Broj,Oba spola,48,53700
2013,Broj,Oba spola,49,53114
2013,Broj,Oba spola,50,53786
2013,Broj,Oba spola,51,56129
2013,Broj,Oba spola,52,55588
2013,Broj,Oba spola,53,55076
2013,Broj,Oba spola,54,55996
2013,Broj,Oba spola,55,52589
2013,Broj,Oba spola,56,50347
2013,Broj,Oba spola,57,51932
2013,Broj,Oba spola,58,52746
2013,Broj,Oba spola,59,50923
2013,Broj,Oba spola,60,50837
2013,Broj,Oba spola,61,46677
2013,Broj,Oba spola,62,42331
2013,Broj,Oba spola,63,42570
2013,Broj,Oba spola,64,40836
2013,Broj,Oba spola,65,35793
2013,Broj,Oba spola,66,37788
2013,Broj,Oba spola,67,29180
2013,Broj,Oba spola,68,25744
2013,Broj,Oba spola,69,25064
2013,Broj,Oba spola,70,25058
2013,Broj,Oba spola,71,26990
2013,Broj,Oba spola,72,29327
2013,Broj,Oba spola,73,30776
2013,Broj,Oba spola,74,28304
2013,Broj,Oba spola,75,27309
2013,Broj,Oba spola,76,25413
2013,Broj,Oba spola,77,23950
2013,Broj,Oba spola,78,21232
2013,Broj,Oba spola,79,19363
2013,Broj,Oba spola,80,16231
2013,Broj,Oba spola,81,14741
2013,Broj,Oba spola,82,12059
2013,Broj,Oba spola,83,10999
2013,Broj,Oba spola,84,8606
2013,Broj,Oba spola,85,7600
2013,Broj,Oba spola,86,5358
2013,Broj,Oba spola,87,4159
2013,Broj,Oba spola,88,3055
2013,Broj,Oba spola,89,2350
2013,Broj,Oba spola,90,1745
2013,Broj,Oba spola,91,1230
2013,Broj,Oba spola,92,825
2013,Broj,Oba spola,93,724
2013,Broj,Oba spola,94,338
2013,Broj,Oba spola,95,149
2013,Broj,Oba spola,96,119
2013,Broj,Oba spola,97,66
2013,Broj,Oba spola,98,92
2013,Broj,Oba spola,99,58
2013,Broj,Oba spola,100,38
2013,Broj,Oba spola,101,24
2013,Broj,Oba spola,102,28
2013,Broj,Oba spola,103,12
2013,Broj,Oba spola,104,6
2013,Broj,Oba spola,105,9
2013,Broj,Oba spola,106,9
2013,Broj,Oba spola,107,8
2013,Broj,Oba spola,108,4
2013,Broj,Oba spola,109,4
2013,Broj,Oba spola,110,5
2013,Broj,Oba spola,111,3
2013,Broj,Oba spola,112,20
2013,Broj,Oba spola,113,31
2013,Broj,Oba spola,114,0
2013,Broj,Oba spola,115,0
2013,Broj,Oba spola,116,0
2013,Broj,Oba spola,117,0
2013,Broj,Oba spola,118,0
2013,Broj,Oba spola,119,0
2013,Broj,Oba spola,120,0
2013,Broj,Oba spola,Unknown,0
2013,Broj,Oba spola,Total,3531159
1971,Broj,Muškarci,0,39855
1971,Broj,Muškarci,1,40140
1971,Broj,Muškarci,2,40345
1971,Broj,Muškarci,3,42514
1971,Broj,Muškarci,4,44275
1971,Broj,Muškarci,5,44853
1971,Broj,Muškarci,6,44602
1971,Broj,Muškarci,7,45387
1971,Broj,Muškarci,8,45063
1971,Broj,Muškarci,9,45821
1971,Broj,Muškarci,10,46696
1971,Broj,Muškarci,11,44938
1971,Broj,Muškarci,12,46389
1971,Broj,Muškarci,13,43294
1971,Broj,Muškarci,14,43749
1971,Broj,Muškarci,15,43702
1971,Broj,Muškarci,16,46056
1971,Broj,Muškarci,17,41463
1971,Broj,Muškarci,18,43651
1971,Broj,Muškarci,19,34343
1971,Broj,Muškarci,20,37872
1971,Broj,Muškarci,21,35178
1971,Broj,Muškarci,22,31105
1971,Broj,Muškarci,23,28805
1971,Broj,Muškarci,24,29113
1971,Broj,Muškarci,25,21479
1971,Broj,Muškarci,26,20768
1971,Broj,Muškarci,27,20683
1971,Broj,Muškarci,28,21739
1971,Broj,Muškarci,29,25055
1971,Broj,Muškarci,30,27209
1971,Broj,Muškarci,31,28265
1971,Broj,Muškarci,32,27411
1971,Broj,Muškarci,33,29128
1971,Broj,Muškarci,34,28939
1971,Broj,Muškarci,35,29324
1971,Broj,Muškarci,36,28795
1971,Broj,Muškarci,37,28014
1971,Broj,Muškarci,38,26985
1971,Broj,Muškarci,39,25917
1971,Broj,Muškarci,40,26833
1971,Broj,Muškarci,41,25872
1971,Broj,Muškarci,42,25694
1971,Broj,Muškarci,43,21742
1971,Broj,Muškarci,44,18640
1971,Broj,Muškarci,45,16598
1971,Broj,Muškarci,46,14941
1971,Broj,Muškarci,47,13862
1971,Broj,Muškarci,48,12951
1971,Broj,Muškarci,49,11665
1971,Broj,Muškarci,50,12359
1971,Broj,Muškarci,51,11862
1971,Broj,Muškarci,52,6178
1971,Broj,Muškarci,53,5402
1971,Broj,Muškarci,54,5268
1971,Broj,Muškarci,55,6888
1971,Broj,Muškarci,56,10612
1971,Broj,Muškarci,57,10436
1971,Broj,Muškarci,58,11002
1971,Broj,Muškarci,59,9890
1971,Broj,Muškarci,60,11575
1971,Broj,Muškarci,61,11193
1971,Broj,Muškarci,62,9774
1971,Broj,Muškarci,63,10562
1971,Broj,Muškarci,64,9983
1971,Broj,Muškarci,65,9043
1971,Broj,Muškarci,66,8630
1971,Broj,Muškarci,67,7437
1971,Broj,Muškarci,68,6961
1971,Broj,Muškarci,69,5519
1971,Broj,Muškarci,70,8199
1971,Broj,Muškarci,71,5243
1971,Broj,Muškarci,72,3603
1971,Broj,Muškarci,73,3350
1971,Broj,Muškarci,74,2741
1971,Broj,Muškarci,75,2471
1971,Broj,Muškarci,76,2143
1971,Broj,Muškarci,77,1806
1971,Broj,Muškarci,78,1858
1971,Broj,Muškarci,79,1224
1971,Broj,Muškarci,80,1214
1971,Broj,Muškarci,81,892
1971,Broj,Muškarci,82,1006
1971,Broj,Muškarci,83,682
1971,Broj,Muškarci,84,506
1971,Broj,Muškarci,85,504
1971,Broj,Muškarci,86,404
1971,Broj,Muškarci,87,278
1971,Broj,Muškarci,88,253
1971,Broj,Muškarci,89,197
1971,Broj,Muškarci,90,211
1971,Broj,Muškarci,91,129
1971,Broj,Muškarci,92,77
1971,Broj,Muškarci,93,74
1971,Broj,Muškarci,94,64
1971,Broj,Muškarci,95,43
1971,Broj,Muškarci,96,34
1971,Broj,Muškarci,97,37
1971,Broj,Muškarci,98,33
1971,Broj,Muškarci,99,11
1971,Broj,Muškarci,100,15
1971,Broj,Muškarci,101,0
1971,Broj,Muškarci,102,0
1971,Broj,Muškarci,103,0
1971,Broj,Muškarci,104,0
1971,Broj,Muškarci,105,0
1971,Broj,Muškarci,106,0
1971,Broj,Muškarci,107,0
1971,Broj,Muškarci,108,0
1971,Broj,Muškarci,109,0
1971,Broj,Muškarci,110,0
1971,Broj,Muškarci,111,0
1971,Broj,Muškarci,112,0
1971,Broj,Muškarci,113,0
1971,Broj,Muškarci,114,0
1971,Broj,Muškarci,115,0
1971,Broj,Muškarci,116,0
1971,Broj,Muškarci,117,0
1971,Broj,Muškarci,118,0
1971,Broj,Muškarci,119,0
1971,Broj,Muškarci,120,0
1971,Broj,Muškarci,Unknown,7006
1971,Broj,Muškarci,Total,1834600
1981,Broj,Muškarci,0,36601
1981,Broj,Muškarci,1,35731
1981,Broj,Muškarci,2,34457
1981,Broj,Muškarci,3,35075
1981,Broj,Muškarci,4,36166
1981,Broj,Muškarci,5,36782
1981,Broj,Muškarci,6,36370
1981,Broj,Muškarci,7,36359
1981,Broj,Muškarci,8,37880
1981,Broj,Muškarci,9,38334
1981,Broj,Muškarci,10,36650
1981,Broj,Muškarci,11,38700
1981,Broj,Muškarci,12,39445
1981,Broj,Muškarci,13,41035
1981,Broj,Muškarci,14,42892
1981,Broj,Muškarci,15,43763
1981,Broj,Muškarci,16,43345
1981,Broj,Muškarci,17,44354
1981,Broj,Muškarci,18,44226
1981,Broj,Muškarci,19,45087
1981,Broj,Muškarci,20,45362
1981,Broj,Muškarci,21,42076
1981,Broj,Muškarci,22,42161
1981,Broj,Muškarci,23,38241
1981,Broj,Muškarci,24,37745
1981,Broj,Muškarci,25,36794
1981,Broj,Muškarci,26,38345
1981,Broj,Muškarci,27,33791
1981,Broj,Muškarci,28,35120
1981,Broj,Muškarci,29,26356
1981,Broj,Muškarci,30,28535
1981,Broj,Muškarci,31,27225
1981,Broj,Muškarci,32,23897
1981,Broj,Muškarci,33,22296
1981,Broj,Muškarci,34,23753
1981,Broj,Muškarci,35,17364
1981,Broj,Muškarci,36,16892
1981,Broj,Muškarci,37,17210
1981,Broj,Muškarci,38,18470
1981,Broj,Muškarci,39,21455
1981,Broj,Muškarci,40,23725
1981,Broj,Muškarci,41,24614
1981,Broj,Muškarci,42,23891
1981,Broj,Muškarci,43,25278
1981,Broj,Muškarci,44,25675
1981,Broj,Muškarci,45,25979
1981,Broj,Muškarci,46,25687
1981,Broj,Muškarci,47,24732
1981,Broj,Muškarci,48,23989
1981,Broj,Muškarci,49,22940
1981,Broj,Muškarci,50,24081
1981,Broj,Muškarci,51,23115
1981,Broj,Muškarci,52,23325
1981,Broj,Muškarci,53,19890
1981,Broj,Muškarci,54,16828
1981,Broj,Muškarci,55,14997
1981,Broj,Muškarci,56,13348
1981,Broj,Muškarci,57,12332
1981,Broj,Muškarci,58,11517
1981,Broj,Muškarci,59,10288
1981,Broj,Muškarci,60,10841
1981,Broj,Muškarci,61,10181
1981,Broj,Muškarci,62,5076
1981,Broj,Muškarci,63,4585
1981,Broj,Muškarci,64,4351
1981,Broj,Muškarci,65,5558
1981,Broj,Muškarci,66,8522
1981,Broj,Muškarci,67,8138
1981,Broj,Muškarci,68,8302
1981,Broj,Muškarci,69,7310
1981,Broj,Muškarci,70,8162
1981,Broj,Muškarci,71,7654
1981,Broj,Muškarci,72,6266
1981,Broj,Muškarci,73,6610
1981,Broj,Muškarci,74,6008
1981,Broj,Muškarci,75,5281
1981,Broj,Muškarci,76,4722
1981,Broj,Muškarci,77,3667
1981,Broj,Muškarci,78,3343
1981,Broj,Muškarci,79,2386
1981,Broj,Muškarci,80,4385
1981,Broj,Muškarci,81,1862
1981,Broj,Muškarci,82,1290
1981,Broj,Muškarci,83,1045
1981,Broj,Muškarci,84,864
1981,Broj,Muškarci,85,731
1981,Broj,Muškarci,86,518
1981,Broj,Muškarci,87,429
1981,Broj,Muškarci,88,504
1981,Broj,Muškarci,89,253
1981,Broj,Muškarci,90,255
1981,Broj,Muškarci,91,140
1981,Broj,Muškarci,92,175
1981,Broj,Muškarci,93,128
1981,Broj,Muškarci,94,112
1981,Broj,Muškarci,95,99
1981,Broj,Muškarci,96,74
1981,Broj,Muškarci,97,72
1981,Broj,Muškarci,98,53
1981,Broj,Muškarci,99,22
1981,Broj,Muškarci,100,25
1981,Broj,Muškarci,101,0
1981,Broj,Muškarci,102,0
1981,Broj,Muškarci,103,0
1981,Broj,Muškarci,104,0
1981,Broj,Muškarci,105,0
1981,Broj,Muškarci,106,0
1981,Broj,Muškarci,107,0
1981,Broj,Muškarci,108,0
1981,Broj,Muškarci,109,0
1981,Broj,Muškarci,110,0
1981,Broj,Muškarci,111,0
1981,Broj,Muškarci,112,0
1981,Broj,Muškarci,113,0
1981,Broj,Muškarci,114,0
1981,Broj,Muškarci,115,0
1981,Broj,Muškarci,116,0
1981,Broj,Muškarci,117,0
1981,Broj,Muškarci,118,0
1981,Broj,Muškarci,119,0
1981,Broj,Muškarci,120,0
1981,Broj,Muškarci,Unknown,2923
1981,Broj,Muškarci,Total,1935493
1991,Broj,Muškarci,0,32274
1991,Broj,Muškarci,1,32468
1991,Broj,Muškarci,2,32868
1991,Broj,Muškarci,3,34113
1991,Broj,Muškarci,4,33657
1991,Broj,Muškarci,5,34040
1991,Broj,Muškarci,6,34522
1991,Broj,Muškarci,7,34638
1991,Broj,Muškarci,8,34952
1991,Broj,Muškarci,9,34433
1991,Broj,Muškarci,10,34268
1991,Broj,Muškarci,11,34324
1991,Broj,Muškarci,12,33652
1991,Broj,Muškarci,13,34356
1991,Broj,Muškarci,14,34725
1991,Broj,Muškarci,15,35051
1991,Broj,Muškarci,16,34644
1991,Broj,Muškarci,17,34509
1991,Broj,Muškarci,18,36086
1991,Broj,Muškarci,19,36609
1991,Broj,Muškarci,20,34136
1991,Broj,Muškarci,21,35254
1991,Broj,Muškarci,22,34945
1991,Broj,Muškarci,23,35919
1991,Broj,Muškarci,24,36710
1991,Broj,Muškarci,25,36796
1991,Broj,Muškarci,26,35497
1991,Broj,Muškarci,27,35752
1991,Broj,Muškarci,28,35888
1991,Broj,Muškarci,29,36817
1991,Broj,Muškarci,30,36453
1991,Broj,Muškarci,31,35099
1991,Broj,Muškarci,32,36161
1991,Broj,Muškarci,33,33695
1991,Broj,Muškarci,34,33544
1991,Broj,Muškarci,35,33207
1991,Broj,Muškarci,36,35260
1991,Broj,Muškarci,37,31059
1991,Broj,Muškarci,38,33157
1991,Broj,Muškarci,39,25492
1991,Broj,Muškarci,40,27188
1991,Broj,Muškarci,41,26357
1991,Broj,Muškarci,42,22818
1991,Broj,Muškarci,43,21125
1991,Broj,Muškarci,44,22696
1991,Broj,Muškarci,45,16415
1991,Broj,Muškarci,46,15996
1991,Broj,Muškarci,47,16545
1991,Broj,Muškarci,48,17336
1991,Broj,Muškarci,49,20005
1991,Broj,Muškarci,50,22366
1991,Broj,Muškarci,51,22985
1991,Broj,Muškarci,52,22073
1991,Broj,Muškarci,53,23390
1991,Broj,Muškarci,54,23260
1991,Broj,Muškarci,55,23457
1991,Broj,Muškarci,56,23161
1991,Broj,Muškarci,57,22409
1991,Broj,Muškarci,58,21197
1991,Broj,Muškarci,59,20574
1991,Broj,Muškarci,60,21178
1991,Broj,Muškarci,61,20078
1991,Broj,Muškarci,62,19542
1991,Broj,Muškarci,63,16668
1991,Broj,Muškarci,64,13925
1991,Broj,Muškarci,65,11854
1991,Broj,Muškarci,66,10384
1991,Broj,Muškarci,67,9513
1991,Broj,Muškarci,68,8489
1991,Broj,Muškarci,69,7556
1991,Broj,Muškarci,70,7330
1991,Broj,Muškarci,71,6868
1991,Broj,Muškarci,72,3278
1991,Broj,Muškarci,73,2779
1991,Broj,Muškarci,74,2530
1991,Broj,Muškarci,75,3042
1991,Broj,Muškarci,76,4594
1991,Broj,Muškarci,77,4065
1991,Broj,Muškarci,78,3921
1991,Broj,Muškarci,79,3454
1991,Broj,Muškarci,80,3395
1991,Broj,Muškarci,81,3035
1991,Broj,Muškarci,82,2295
1991,Broj,Muškarci,83,2148
1991,Broj,Muškarci,84,1741
1991,Broj,Muškarci,85,1384
1991,Broj,Muškarci,86,1126
1991,Broj,Muškarci,87,777
1991,Broj,Muškarci,88,655
1991,Broj,Muškarci,89,425
1991,Broj,Muškarci,90,430
1991,Broj,Muškarci,91,239
1991,Broj,Muškarci,92,122
1991,Broj,Muškarci,93,84
1991,Broj,Muškarci,94,52
1991,Broj,Muškarci,95,35
1991,Broj,Muškarci,96,29
1991,Broj,Muškarci,97,11
1991,Broj,Muškarci,98,22
1991,Broj,Muškarci,99,9
1991,Broj,Muškarci,100,4
1991,Broj,Muškarci,101,5
1991,Broj,Muškarci,102,1
1991,Broj,Muškarci,103,3
1991,Broj,Muškarci,104,1
1991,Broj,Muškarci,105,2
1991,Broj,Muškarci,106,0
1991,Broj,Muškarci,107,2
1991,Broj,Muškarci,108,2
1991,Broj,Muškarci,109,1
1991,Broj,Muškarci,110,0
1991,Broj,Muškarci,111,1
1991,Broj,Muškarci,112,1
1991,Broj,Muškarci,113,2
1991,Broj,Muškarci,114,0
1991,Broj,Muškarci,115,1
1991,Broj,Muškarci,116,1
1991,Broj,Muškarci,117,0
1991,Broj,Muškarci,118,0
1991,Broj,Muškarci,119,0
1991,Broj,Muškarci,120,0
1991,Broj,Muškarci,Unknown,33305
1991,Broj,Muškarci,Total,2040777
2013,Broj,Muškarci,0,16903
2013,Broj,Muškarci,1,17554
2013,Broj,Muškarci,2,17702
2013,Broj,Muškarci,3,18414
2013,Broj,Muškarci,4,18869
2013,Broj,Muškarci,5,18628
2013,Broj,Muškarci,6,17919
2013,Broj,Muškarci,7,17840
2013,Broj,Muškarci,8,18233
2013,Broj,Muškarci,9,18261
2013,Broj,Muškarci,10,18852
2013,Broj,Muškarci,11,18927
2013,Broj,Muškarci,12,19792
2013,Broj,Muškarci,13,20142
2013,Broj,Muškarci,14,20940
2013,Broj,Muškarci,15,23451
2013,Broj,Muškarci,16,26860
2013,Broj,Muškarci,17,26386
2013,Broj,Muškarci,18,25720
2013,Broj,Muškarci,19,22483
2013,Broj,Muškarci,20,20046
2013,Broj,Muškarci,21,22471
2013,Broj,Muškarci,22,24919
2013,Broj,Muškarci,23,24879
2013,Broj,Muškarci,24,24568
2013,Broj,Muškarci,25,25613
2013,Broj,Muškarci,26,25705
2013,Broj,Muškarci,27,25385
2013,Broj,Muškarci,28,25978
2013,Broj,Muškarci,29,26567
2013,Broj,Muškarci,30,25918
2013,Broj,Muškarci,31,26042
2013,Broj,Muškarci,32,25977
2013,Broj,Muškarci,33,25484
2013,Broj,Muškarci,34,25172
2013,Broj,Muškarci,35,25311
2013,Broj,Muškarci,36,25257
2013,Broj,Muškarci,37,25960
2013,Broj,Muškarci,38,25048
2013,Broj,Muškarci,39,24569
2013,Broj,Muškarci,40,24243
2013,Broj,Muškarci,41,25114
2013,Broj,Muškarci,42,24288
2013,Broj,Muškarci,43,23137
2013,Broj,Muškarci,44,24813
2013,Broj,Muškarci,45,24860
2013,Broj,Muškarci,46,25923
2013,Broj,Muškarci,47,26306
2013,Broj,Muškarci,48,26622
2013,Broj,Muškarci,49,26376
2013,Broj,Muškarci,50,26608
2013,Broj,Muškarci,51,27608
2013,Broj,Muškarci,52,27483
2013,Broj,Muškarci,53,26932
2013,Broj,Muškarci,54,27522
2013,Broj,Muškarci,55,25408
2013,Broj,Muškarci,56,24635
2013,Broj,Muškarci,57,25307
2013,Broj,Muškarci,58,25459
2013,Broj,Muškarci,59,24767
2013,Broj,Muškarci,60,24264
2013,Broj,Muškarci,61,22001
2013,Broj,Muškarci,62,19976
2013,Broj,Muškarci,63,19791
2013,Broj,Muškarci,64,18938
2013,Broj,Muškarci,65,16093
2013,Broj,Muškarci,66,17233
2013,Broj,Muškarci,67,13168
2013,Broj,Muškarci,68,11390
2013,Broj,Muškarci,69,11182
2013,Broj,Muškarci,70,10708
2013,Broj,Muškarci,71,11682
2013,Broj,Muškarci,72,12526
2013,Broj,Muškarci,73,13023
2013,Broj,Muškarci,74,11915
2013,Broj,Muškarci,75,11246
2013,Broj,Muškarci,76,10531
2013,Broj,Muškarci,77,9642
2013,Broj,Muškarci,78,8361
2013,Broj,Muškarci,79,7623
2013,Broj,Muškarci,80,6198
2013,Broj,Muškarci,81,5674
2013,Broj,Muškarci,82,4618
2013,Broj,Muškarci,83,4065
2013,Broj,Muškarci,84,3214
2013,Broj,Muškarci,85,2842
2013,Broj,Muškarci,86,1811
2013,Broj,Muškarci,87,1307
2013,Broj,Muškarci,88,902
2013,Broj,Muškarci,89,693
2013,Broj,Muškarci,90,477
2013,Broj,Muškarci,91,338
2013,Broj,Muškarci,92,232
2013,Broj,Muškarci,93,173
2013,Broj,Muškarci,94,91
2013,Broj,Muškarci,95,31
2013,Broj,Muškarci,96,26
2013,Broj,Muškarci,97,15
2013,Broj,Muškarci,98,19
2013,Broj,Muškarci,99,17
2013,Broj,Muškarci,100,8
2013,Broj,Muškarci,101,4
2013,Broj,Muškarci,102,8
2013,Broj,Muškarci,103,4
2013,Broj,Muškarci,104,5
2013,Broj,Muškarci,105,3
2013,Broj,Muškarci,106,4
2013,Broj,Muškarci,107,5
2013,Broj,Muškarci,108,2
2013,Broj,Muškarci,109,3
2013,Broj,Muškarci,110,3
2013,Broj,Muškarci,111,2
2013,Broj,Muškarci,112,11
2013,Broj,Muškarci,113,16
2013,Broj,Muškarci,114,0
2013,Broj,Muškarci,115,0
2013,Broj,Muškarci,116,0
2013,Broj,Muškarci,117,0
2013,Broj,Muškarci,118,0
2013,Broj,Muškarci,119,0
2013,Broj,Muškarci,120,0
2013,Broj,Muškarci,Unknown,0
2013,Broj,Muškarci,Total,1732270
1971,Broj,Žene,0,38333
1971,Broj,Žene,1,38296
1971,Broj,Žene,2,38840
1971,Broj,Žene,3,40730
1971,Broj,Žene,4,42177
1971,Broj,Žene,5,42916
1971,Broj,Žene,6,43197
1971,Broj,Žene,7,43242
1971,Broj,Žene,8,43635
1971,Broj,Žene,9,43949
1971,Broj,Žene,10,45073
1971,Broj,Žene,11,43500
1971,Broj,Žene,12,44865
1971,Broj,Žene,13,41522
1971,Broj,Žene,14,42173
1971,Broj,Žene,15,42277
1971,Broj,Žene,16,44465
1971,Broj,Žene,17,40366
1971,Broj,Žene,18,43071
1971,Broj,Žene,19,31993
1971,Broj,Žene,20,34938
1971,Broj,Žene,21,34050
1971,Broj,Žene,22,30806
1971,Broj,Žene,23,28458
1971,Broj,Žene,24,28992
1971,Broj,Žene,25,22036
1971,Broj,Žene,26,21800
1971,Broj,Žene,27,22022
1971,Broj,Žene,28,23587
1971,Broj,Žene,29,26558
1971,Broj,Žene,30,28718
1971,Broj,Žene,31,30492
1971,Broj,Žene,32,29326
1971,Broj,Žene,33,30031
1971,Broj,Žene,34,30291
1971,Broj,Žene,35,30125
1971,Broj,Žene,36,29644
1971,Broj,Žene,37,29124
1971,Broj,Žene,38,27977
1971,Broj,Žene,39,24577
1971,Broj,Žene,40,26502
1971,Broj,Žene,41,25610
1971,Broj,Žene,42,25976
1971,Broj,Žene,43,23389
1971,Broj,Žene,44,22758
1971,Broj,Žene,45,21832
1971,Broj,Žene,46,19948
1971,Broj,Žene,47,18754
1971,Broj,Žene,48,19609
1971,Broj,Žene,49,16081
1971,Broj,Žene,50,18945
1971,Broj,Žene,51,15778
1971,Broj,Žene,52,10112
1971,Broj,Žene,53,8337
1971,Broj,Žene,54,7599
1971,Broj,Žene,55,10145
1971,Broj,Žene,56,15395
1971,Broj,Žene,57,13164
1971,Broj,Žene,58,14739
1971,Broj,Žene,59,12358
1971,Broj,Žene,60,15815
1971,Broj,Žene,61,12020
1971,Broj,Žene,62,10405
1971,Broj,Žene,63,10981
1971,Broj,Žene,64,10419
1971,Broj,Žene,65,10817
1971,Broj,Žene,66,9282
1971,Broj,Žene,67,7931
1971,Broj,Žene,68,7302
1971,Broj,Žene,69,6886
1971,Broj,Žene,70,12749
1971,Broj,Žene,71,6088
1971,Broj,Žene,72,4344
1971,Broj,Žene,73,3632
1971,Broj,Žene,74,3600
1971,Broj,Žene,75,3888
1971,Broj,Žene,76,2871
1971,Broj,Žene,77,2345
1971,Broj,Žene,78,2555
1971,Broj,Žene,79,1889
1971,Broj,Žene,80,2540
1971,Broj,Žene,81,1540
1971,Broj,Žene,82,1703
1971,Broj,Žene,83,1083
1971,Broj,Žene,84,986
1971,Broj,Žene,85,1171
1971,Broj,Žene,86,801
1971,Broj,Žene,87,530
1971,Broj,Žene,88,531
1971,Broj,Žene,89,443
1971,Broj,Žene,90,612
1971,Broj,Žene,91,288
1971,Broj,Žene,92,210
1971,Broj,Žene,93,122
1971,Broj,Žene,94,151
1971,Broj,Žene,95,206
1971,Broj,Žene,96,119
1971,Broj,Žene,97,95
1971,Broj,Žene,98,72
1971,Broj,Žene,99,22
1971,Broj,Žene,100,47
1971,Broj,Žene,101,0
1971,Broj,Žene,102,0
1971,Broj,Žene,103,0
1971,Broj,Žene,104,0
1971,Broj,Žene,105,0
1971,Broj,Žene,106,0
1971,Broj,Žene,107,0
1971,Broj,Žene,108,0
1971,Broj,Žene,109,0
1971,Broj,Žene,110,0
1971,Broj,Žene,111,0
1971,Broj,Žene,112,0
1971,Broj,Žene,113,0
1971,Broj,Žene,114,0
1971,Broj,Žene,115,0
1971,Broj,Žene,116,0
1971,Broj,Žene,117,0
1971,Broj,Žene,118,0
1971,Broj,Žene,119,0
1971,Broj,Žene,120,0
1971,Broj,Žene,Unknown,7217
1971,Broj,Žene,Total,1911511
1981,Broj,Žene,0,35280
1981,Broj,Žene,1,34234
1981,Broj,Žene,2,32792
1981,Broj,Žene,3,33582
1981,Broj,Žene,4,34802
1981,Broj,Žene,5,35169
1981,Broj,Žene,6,34771
1981,Broj,Žene,7,34792
1981,Broj,Žene,8,35760
1981,Broj,Žene,9,36638
1981,Broj,Žene,10,35353
1981,Broj,Žene,11,36282
1981,Broj,Žene,12,37662
1981,Broj,Žene,13,39115
1981,Broj,Žene,14,40735
1981,Broj,Žene,15,41716
1981,Broj,Žene,16,41590
1981,Broj,Žene,17,41548
1981,Broj,Žene,18,41752
1981,Broj,Žene,19,41290
1981,Broj,Žene,20,40895
1981,Broj,Žene,21,37939
1981,Broj,Žene,22,38315
1981,Broj,Žene,23,34847
1981,Broj,Žene,24,34695
1981,Broj,Žene,25,33446
1981,Broj,Žene,26,34986
1981,Broj,Žene,27,31309
1981,Broj,Žene,28,34275
1981,Broj,Žene,29,25682
1981,Broj,Žene,30,28730
1981,Broj,Žene,31,28400
1981,Broj,Žene,32,26255
1981,Broj,Žene,33,24336
1981,Broj,Žene,34,25751
1981,Broj,Žene,35,19329
1981,Broj,Žene,36,19371
1981,Broj,Žene,37,19916
1981,Broj,Žene,38,21443
1981,Broj,Žene,39,24338
1981,Broj,Žene,40,26233
1981,Broj,Žene,41,28079
1981,Broj,Žene,42,26954
1981,Broj,Žene,43,27857
1981,Broj,Žene,44,28234
1981,Broj,Žene,45,27891
1981,Broj,Žene,46,27520
1981,Broj,Žene,47,27077
1981,Broj,Žene,48,26034
1981,Broj,Žene,49,23094
1981,Broj,Žene,50,24885
1981,Broj,Žene,51,23880
1981,Broj,Žene,52,24474
1981,Broj,Žene,53,22276
1981,Broj,Žene,54,21420
1981,Broj,Žene,55,20730
1981,Broj,Žene,56,18844
1981,Broj,Žene,57,17578
1981,Broj,Žene,58,18421
1981,Broj,Žene,59,14521
1981,Broj,Žene,60,17654
1981,Broj,Žene,61,14416
1981,Broj,Žene,62,8790
1981,Broj,Žene,63,7275
1981,Broj,Žene,64,6488
1981,Broj,Žene,65,8550
1981,Broj,Žene,66,13000
1981,Broj,Žene,67,11043
1981,Broj,Žene,68,12293
1981,Broj,Žene,69,9381
1981,Broj,Žene,70,12131
1981,Broj,Žene,71,8613
1981,Broj,Žene,72,7417
1981,Broj,Žene,73,7605
1981,Broj,Žene,74,7026
1981,Broj,Žene,75,7144
1981,Broj,Žene,76,5749
1981,Broj,Žene,77,4825
1981,Broj,Žene,78,4213
1981,Broj,Žene,79,3216
1981,Broj,Žene,80,6952
1981,Broj,Žene,81,2451
1981,Broj,Žene,82,1818
1981,Broj,Žene,83,1531
1981,Broj,Žene,84,1371
1981,Broj,Žene,85,1316
1981,Broj,Žene,86,953
1981,Broj,Žene,87,732
1981,Broj,Žene,88,956
1981,Broj,Žene,89,489
1981,Broj,Žene,90,654
1981,Broj,Žene,91,335
1981,Broj,Žene,92,352
1981,Broj,Žene,93,206
1981,Broj,Žene,94,251
1981,Broj,Žene,95,201
1981,Broj,Žene,96,145
1981,Broj,Žene,97,123
1981,Broj,Žene,98,130
1981,Broj,Žene,99,81
1981,Broj,Žene,100,81
1981,Broj,Žene,101,0
1981,Broj,Žene,102,0
1981,Broj,Žene,103,0
1981,Broj,Žene,104,0
1981,Broj,Žene,105,0
1981,Broj,Žene,106,0
1981,Broj,Žene,107,0
1981,Broj,Žene,108,0
1981,Broj,Žene,109,0
1981,Broj,Žene,110,0
1981,Broj,Žene,111,0
1981,Broj,Žene,112,0
1981,Broj,Žene,113,0
1981,Broj,Žene,114,0
1981,Broj,Žene,115,0
1981,Broj,Žene,116,0
1981,Broj,Žene,117,0
1981,Broj,Žene,118,0
1981,Broj,Žene,119,0
1981,Broj,Žene,120,0
1981,Broj,Žene,Unknown,2743
1981,Broj,Žene,Total,2005823
1991,Broj,Žene,0,30570
1991,Broj,Žene,1,31014
1991,Broj,Žene,2,31395
1991,Broj,Žene,3,32377
1991,Broj,Žene,4,31752
1991,Broj,Žene,5,32780
1991,Broj,Žene,6,32878
1991,Broj,Žene,7,32968
1991,Broj,Žene,8,33044
1991,Broj,Žene,9,32855
1991,Broj,Žene,10,32752
1991,Broj,Žene,11,32705
1991,Broj,Žene,12,31952
1991,Broj,Žene,13,32544
1991,Broj,Žene,14,33459
1991,Broj,Žene,15,33514
1991,Broj,Žene,16,32846
1991,Broj,Žene,17,32628
1991,Broj,Žene,18,33084
1991,Broj,Žene,19,33558
1991,Broj,Žene,20,31155
1991,Broj,Žene,21,31925
1991,Broj,Žene,22,31936
1991,Broj,Žene,23,33108
1991,Broj,Žene,24,33970
1991,Broj,Žene,25,34102
1991,Broj,Žene,26,33667
1991,Broj,Žene,27,33601
1991,Broj,Žene,28,34204
1991,Broj,Žene,29,35045
1991,Broj,Žene,30,35249
1991,Broj,Žene,31,33814
1991,Broj,Žene,32,34831
1991,Broj,Žene,33,32191
1991,Broj,Žene,34,32225
1991,Broj,Žene,35,31697
1991,Broj,Žene,36,33419
1991,Broj,Žene,37,29459
1991,Broj,Žene,38,33023
1991,Broj,Žene,39,25135
1991,Broj,Žene,40,27801
1991,Broj,Žene,41,27723
1991,Broj,Žene,42,24943
1991,Broj,Žene,43,23359
1991,Broj,Žene,44,24989
1991,Broj,Žene,45,18151
1991,Broj,Žene,46,18334
1991,Broj,Žene,47,18770
1991,Broj,Žene,48,19808
1991,Broj,Žene,49,22961
1991,Broj,Žene,50,25130
1991,Broj,Žene,51,26253
1991,Broj,Žene,52,25199
1991,Broj,Žene,53,26238
1991,Broj,Žene,54,25889
1991,Broj,Žene,55,26045
1991,Broj,Žene,56,25776
1991,Broj,Žene,57,24901
1991,Broj,Žene,58,23545
1991,Broj,Žene,59,21983
1991,Broj,Žene,60,22979
1991,Broj,Žene,61,21923
1991,Broj,Žene,62,21311
1991,Broj,Žene,63,19962
1991,Broj,Žene,64,18953
1991,Broj,Žene,65,17885
1991,Broj,Žene,66,16141
1991,Broj,Žene,67,15015
1991,Broj,Žene,68,14736
1991,Broj,Žene,69,12601
1991,Broj,Žene,70,13274
1991,Broj,Žene,71,11169
1991,Broj,Žene,72,6092
1991,Broj,Žene,73,5054
1991,Broj,Žene,74,4325
1991,Broj,Žene,75,5338
1991,Broj,Žene,76,7905
1991,Broj,Žene,77,6570
1991,Broj,Žene,78,6657
1991,Broj,Žene,79,5123
1991,Broj,Žene,80,5510
1991,Broj,Žene,81,4055
1991,Broj,Žene,82,3142
1991,Broj,Žene,83,2976
1991,Broj,Žene,84,2462
1991,Broj,Žene,85,2215
1991,Broj,Žene,86,1794
1991,Broj,Žene,87,1359
1991,Broj,Žene,88,1046
1991,Broj,Žene,89,743
1991,Broj,Žene,90,965
1991,Broj,Žene,91,417
1991,Broj,Žene,92,263
1991,Broj,Žene,93,187
1991,Broj,Žene,94,127
1991,Broj,Žene,95,114
1991,Broj,Žene,96,76
1991,Broj,Žene,97,65
1991,Broj,Žene,98,45
1991,Broj,Žene,99,29
1991,Broj,Žene,100,37
1991,Broj,Žene,101,19
1991,Broj,Žene,102,10
1991,Broj,Žene,103,14
1991,Broj,Žene,104,5
1991,Broj,Žene,105,5
1991,Broj,Žene,106,3
1991,Broj,Žene,107,2
1991,Broj,Žene,108,1
1991,Broj,Žene,109,1
1991,Broj,Žene,110,3
1991,Broj,Žene,111,2
1991,Broj,Žene,112,1
1991,Broj,Žene,113,1
1991,Broj,Žene,114,2
1991,Broj,Žene,115,2
1991,Broj,Žene,116,0
1991,Broj,Žene,117,0
1991,Broj,Žene,118,0
1991,Broj,Žene,119,0
1991,Broj,Žene,120,0
1991,Broj,Žene,Unknown,36922
1991,Broj,Žene,Total,2099862
2013,Broj,Žene,0,16083
2013,Broj,Žene,1,16740
2013,Broj,Žene,2,16687
2013,Broj,Žene,3,17460
2013,Broj,Žene,4,17652
2013,Broj,Žene,5,17538
2013,Broj,Žene,6,17000
2013,Broj,Žene,7,17103
2013,Broj,Žene,8,17218
2013,Broj,Žene,9,17240
2013,Broj,Žene,10,17601
2013,Broj,Žene,11,17848
2013,Broj,Žene,12,18804
2013,Broj,Žene,13,19314
2013,Broj,Žene,14,20455
2013,Broj,Žene,15,22113
2013,Broj,Žene,16,25155
2013,Broj,Žene,17,25017
2013,Broj,Žene,18,24591
2013,Broj,Žene,19,20966
2013,Broj,Žene,20,18779
2013,Broj,Žene,21,21883
2013,Broj,Žene,22,23484
2013,Broj,Žene,23,23317
2013,Broj,Žene,24,23710
2013,Broj,Žene,25,24520
2013,Broj,Žene,26,23973
2013,Broj,Žene,27,24410
2013,Broj,Žene,28,24468
2013,Broj,Žene,29,25699
2013,Broj,Žene,30,24816
2013,Broj,Žene,31,24869
2013,Broj,Žene,32,25000
2013,Broj,Žene,33,24849
2013,Broj,Žene,34,24506
2013,Broj,Žene,35,24477
2013,Broj,Žene,36,24662
2013,Broj,Žene,37,25367
2013,Broj,Žene,38,24448
2013,Broj,Žene,39,24167
2013,Broj,Žene,40,23975
2013,Broj,Žene,41,24626
2013,Broj,Žene,42,23848
2013,Broj,Žene,43,22878
2013,Broj,Žene,44,24216
2013,Broj,Žene,45,24811
2013,Broj,Žene,46,25750
2013,Broj,Žene,47,26464
2013,Broj,Žene,48,27078
2013,Broj,Žene,49,26738
2013,Broj,Žene,50,27178
2013,Broj,Žene,51,28521
2013,Broj,Žene,52,28105
2013,Broj,Žene,53,28144
2013,Broj,Žene,54,28474
2013,Broj,Žene,55,27181
2013,Broj,Žene,56,25712
2013,Broj,Žene,57,26625
2013,Broj,Žene,58,27287
2013,Broj,Žene,59,26156
2013,Broj,Žene,60,26573
2013,Broj,Žene,61,24676
2013,Broj,Žene,62,22355
2013,Broj,Žene,63,22779
2013,Broj,Žene,64,21898
2013,Broj,Žene,65,19700
2013,Broj,Žene,66,20555
2013,Broj,Žene,67,16012
2013,Broj,Žene,68,14354
2013,Broj,Žene,69,13882
2013,Broj,Žene,70,14350
2013,Broj,Žene,71,15308
2013,Broj,Žene,72,16801
2013,Broj,Žene,73,17753
2013,Broj,Žene,74,16389
2013,Broj,Žene,75,16063
2013,Broj,Žene,76,14882
2013,Broj,Žene,77,14308
2013,Broj,Žene,78,12871
2013,Broj,Žene,79,11740
2013,Broj,Žene,80,10033
2013,Broj,Žene,81,9067
2013,Broj,Žene,82,7441
2013,Broj,Žene,83,6934
2013,Broj,Žene,84,5392
2013,Broj,Žene,85,4758
2013,Broj,Žene,86,3547
2013,Broj,Žene,87,2852
2013,Broj,Žene,88,2153
2013,Broj,Žene,89,1657
2013,Broj,Žene,90,1268
2013,Broj,Žene,91,892
2013,Broj,Žene,92,593
2013,Broj,Žene,93,551
2013,Broj,Žene,94,247
2013,Broj,Žene,95,118
2013,Broj,Žene,96,93
2013,Broj,Žene,97,51
2013,Broj,Žene,98,73
2013,Broj,Žene,99,41
2013,Broj,Žene,100,30
2013,Broj,Žene,101,20
2013,Broj,Žene,102,20
2013,Broj,Žene,103,2.37%
2013,Broj,Žene,104,1
2013,Broj,Žene,105,6
2013,Broj,Žene,106,5
2013,Broj,Žene,107,3
2013,Broj,Žene,108,2
2013,Broj,Žene,109,1
2013,Broj,Žene,110,2
2013,Broj,Žene,111,1
2013,Broj,Žene,112,9
2013,Broj,Žene,113,15
2013,Broj,Žene,114,0
2013,Broj,Žene,115,0
2013,Broj,Žene,116,0
2013,Broj,Žene,117,0
2013,Broj,Žene,118,0
2013,Broj,Žene,119,0
2013,Broj,Žene,120,0
2013,Broj,Žene,Unknown,0
2013,Broj,Žene,Total,1798889
1971,% od ukupnog broja,Oba spola,0,2.09
1971,% od ukupnog broja,Oba spola,1,2.09
1971,% od ukupnog broja,Oba spola,2,2.11
1971,% od ukupnog broja,Oba spola,3,2.22
1971,% od ukupnog broja,Oba spola,4,2.31
1971,% od ukupnog broja,Oba spola,5,2.34
1971,% od ukupnog broja,Oba spola,6,2.34
1971,% od ukupnog broja,Oba spola,7,2.37
1971,% od ukupnog broja,Oba spola,8,2.37
1971,% od ukupnog broja,Oba spola,9,2.40
1971,% od ukupnog broja,Oba spola,10,2.45
1971,% od ukupnog broja,Oba spola,11,2.36
1971,% od ukupnog broja,Oba spola,12,2.44
1971,% od ukupnog broja,Oba spola,13,2.26
1971,% od ukupnog broja,Oba spola,14,2.29
1971,% od ukupnog broja,Oba spola,15,2.30
1971,% od ukupnog broja,Oba spola,16,2.42
1971,% od ukupnog broja,Oba spola,17,2.18
1971,% od ukupnog broja,Oba spola,18,2.31
1971,% od ukupnog broja,Oba spola,19,1.77
1971,% od ukupnog broja,Oba spola,20,1.94
1971,% od ukupnog broja,Oba spola,21,1.85
1971,% od ukupnog broja,Oba spola,22,1.65
1971,% od ukupnog broja,Oba spola,23,1.53
1971,% od ukupnog broja,Oba spola,24,1.55
1971,% od ukupnog broja,Oba spola,25,1.16
1971,% od ukupnog broja,Oba spola,26,1.14
1971,% od ukupnog broja,Oba spola,27,1.14
1971,% od ukupnog broja,Oba spola,28,1.21
1971,% od ukupnog broja,Oba spola,29,1.38
1971,% od ukupnog broja,Oba spola,30,1.49
1971,% od ukupnog broja,Oba spola,31,1.57
1971,% od ukupnog broja,Oba spola,32,1.51
1971,% od ukupnog broja,Oba spola,33,1.58
1971,% od ukupnog broja,Oba spola,34,1.58
1971,% od ukupnog broja,Oba spola,35,1.59
1971,% od ukupnog broja,Oba spola,36,1.56
1971,% od ukupnog broja,Oba spola,37,1.53
1971,% od ukupnog broja,Oba spola,38,1.47
1971,% od ukupnog broja,Oba spola,39,1.35
1971,% od ukupnog broja,Oba spola,40,1.42
1971,% od ukupnog broja,Oba spola,41,1.37
1971,% od ukupnog broja,Oba spola,42,1.38
1971,% od ukupnog broja,Oba spola,43,1.20
1971,% od ukupnog broja,Oba spola,44,1.11
1971,% od ukupnog broja,Oba spola,45,1.03
1971,% od ukupnog broja,Oba spola,46,0.93
1971,% od ukupnog broja,Oba spola,47,0.87
1971,% od ukupnog broja,Oba spola,48,0.87
1971,% od ukupnog broja,Oba spola,49,0.74
1971,% od ukupnog broja,Oba spola,50,0.84
1971,% od ukupnog broja,Oba spola,51,0.74
1971,% od ukupnog broja,Oba spola,52,0.43
1971,% od ukupnog broja,Oba spola,53,0.37
1971,% od ukupnog broja,Oba spola,54,0.34
1971,% od ukupnog broja,Oba spola,55,0.45
1971,% od ukupnog broja,Oba spola,56,0.69
1971,% od ukupnog broja,Oba spola,57,0.63
1971,% od ukupnog broja,Oba spola,58,0.69
1971,% od ukupnog broja,Oba spola,59,0.59
1971,% od ukupnog broja,Oba spola,60,0.73
1971,% od ukupnog broja,Oba spola,61,0.62
1971,% od ukupnog broja,Oba spola,62,0.54
1971,% od ukupnog broja,Oba spola,63,0.58
1971,% od ukupnog broja,Oba spola,64,0.54
1971,% od ukupnog broja,Oba spola,65,0.53
1971,% od ukupnog broja,Oba spola,66,0.48
1971,% od ukupnog broja,Oba spola,67,0.41
1971,% od ukupnog broja,Oba spola,68,0.38
1971,% od ukupnog broja,Oba spola,69,0.33
1971,% od ukupnog broja,Oba spola,70,0.56
1971,% od ukupnog broja,Oba spola,71,0.30
1971,% od ukupnog broja,Oba spola,72,0.21
1971,% od ukupnog broja,Oba spola,73,0.19
1971,% od ukupnog broja,Oba spola,74,0.17
1971,% od ukupnog broja,Oba spola,75,0.17
1971,% od ukupnog broja,Oba spola,76,0.13
1971,% od ukupnog broja,Oba spola,77,0.11
1971,% od ukupnog broja,Oba spola,78,0.12
1971,% od ukupnog broja,Oba spola,79,0.08
1971,% od ukupnog broja,Oba spola,80,0.10
1971,% od ukupnog broja,Oba spola,81,0.06
1971,% od ukupnog broja,Oba spola,82,0.07
1971,% od ukupnog broja,Oba spola,83,0.05
1971,% od ukupnog broja,Oba spola,84,0.04
1971,% od ukupnog broja,Oba spola,85,0.04
1971,% od ukupnog broja,Oba spola,86,0.03
1971,% od ukupnog broja,Oba spola,87,0.02
1971,% od ukupnog broja,Oba spola,88,0.02
1971,% od ukupnog broja,Oba spola,89,0.02
1971,% od ukupnog broja,Oba spola,90,0.02
1971,% od ukupnog broja,Oba spola,91,0.01
1971,% od ukupnog broja,Oba spola,92,0.01
1971,% od ukupnog broja,Oba spola,93,0.01
1971,% od ukupnog broja,Oba spola,94,0.01
1971,% od ukupnog broja,Oba spola,95,0.01
1971,% od ukupnog broja,Oba spola,96,0.00
1971,% od ukupnog broja,Oba spola,97,0.00
1971,% od ukupnog broja,Oba spola,98,0.00
1971,% od ukupnog broja,Oba spola,99,0.00
1971,% od ukupnog broja,Oba spola,100,0.00
1971,% od ukupnog broja,Oba spola,101,0.00
1971,% od ukupnog broja,Oba spola,102,0.00
1971,% od ukupnog broja,Oba spola,103,0.00
1971,% od ukupnog broja,Oba spola,104,0.00
1971,% od ukupnog broja,Oba spola,105,0.00
1971,% od ukupnog broja,Oba spola,106,0.00
1971,% od ukupnog broja,Oba spola,107,0.00
1971,% od ukupnog broja,Oba spola,108,0.00
1971,% od ukupnog broja,Oba spola,109,0.00
1971,% od ukupnog broja,Oba spola,110,0.00
1971,% od ukupnog broja,Oba spola,111,0.00
1971,% od ukupnog broja,Oba spola,112,0.00
1971,% od ukupnog broja,Oba spola,113,0.00
1971,% od ukupnog broja,Oba spola,114,0.00
1971,% od ukupnog broja,Oba spola,115,0.00
1971,% od ukupnog broja,Oba spola,116,0.00
1971,% od ukupnog broja,Oba spola,117,0.00
1971,% od ukupnog broja,Oba spola,118,0.00
1971,% od ukupnog broja,Oba spola,119,0.00
1971,% od ukupnog broja,Oba spola,120,0.00
1971,% od ukupnog broja,Oba spola,Unknown,0.38
1971,% od ukupnog broja,Oba spola,Total,100.00
1981,% od ukupnog broja,Oba spola,0,1.82
1981,% od ukupnog broja,Oba spola,1,1.78
1981,% od ukupnog broja,Oba spola,2,1.71
1981,% od ukupnog broja,Oba spola,3,1.74
1981,% od ukupnog broja,Oba spola,4,1.80
1981,% od ukupnog broja,Oba spola,5,1.83
1981,% od ukupnog broja,Oba spola,6,1.81
1981,% od ukupnog broja,Oba spola,7,1.81
1981,% od ukupnog broja,Oba spola,8,1.87
1981,% od ukupnog broja,Oba spola,9,1.90
1981,% od ukupnog broja,Oba spola,10,1.83
1981,% od ukupnog broja,Oba spola,11,1.90
1981,% od ukupnog broja,Oba spola,12,1.96
1981,% od ukupnog broja,Oba spola,13,2.03
1981,% od ukupnog broja,Oba spola,14,2.12
1981,% od ukupnog broja,Oba spola,15,2.17
1981,% od ukupnog broja,Oba spola,16,2.15
1981,% od ukupnog broja,Oba spola,17,2.18
1981,% od ukupnog broja,Oba spola,18,2.18
1981,% od ukupnog broja,Oba spola,19,2.19
1981,% od ukupnog broja,Oba spola,20,2.19
1981,% od ukupnog broja,Oba spola,21,2.03
1981,% od ukupnog broja,Oba spola,22,2.04
1981,% od ukupnog broja,Oba spola,23,1.85
1981,% od ukupnog broja,Oba spola,24,1.84
1981,% od ukupnog broja,Oba spola,25,1.78
1981,% od ukupnog broja,Oba spola,26,1.86
1981,% od ukupnog broja,Oba spola,27,1.65
1981,% od ukupnog broja,Oba spola,28,1.76
1981,% od ukupnog broja,Oba spola,29,1.32
1981,% od ukupnog broja,Oba spola,30,1.45
1981,% od ukupnog broja,Oba spola,31,1.41
1981,% od ukupnog broja,Oba spola,32,1.27
1981,% od ukupnog broja,Oba spola,33,1.18
1981,% od ukupnog broja,Oba spola,34,1.26
1981,% od ukupnog broja,Oba spola,35,0.93
1981,% od ukupnog broja,Oba spola,36,0.92
1981,% od ukupnog broja,Oba spola,37,0.94
1981,% od ukupnog broja,Oba spola,38,1.01
1981,% od ukupnog broja,Oba spola,39,1.16
1981,% od ukupnog broja,Oba spola,40,1.27
1981,% od ukupnog broja,Oba spola,41,1.34
1981,% od ukupnog broja,Oba spola,42,1.29
1981,% od ukupnog broja,Oba spola,43,1.35
1981,% od ukupnog broja,Oba spola,44,1.37
1981,% od ukupnog broja,Oba spola,45,1.37
1981,% od ukupnog broja,Oba spola,46,1.35
1981,% od ukupnog broja,Oba spola,47,1.31
1981,% od ukupnog broja,Oba spola,48,1.27
1981,% od ukupnog broja,Oba spola,49,1.17
1981,% od ukupnog broja,Oba spola,50,1.24
1981,% od ukupnog broja,Oba spola,51,1.19
1981,% od ukupnog broja,Oba spola,52,1.21
1981,% od ukupnog broja,Oba spola,53,1.07
1981,% od ukupnog broja,Oba spola,54,0.97
1981,% od ukupnog broja,Oba spola,55,0.91
1981,% od ukupnog broja,Oba spola,56,0.82
1981,% od ukupnog broja,Oba spola,57,0.76
1981,% od ukupnog broja,Oba spola,58,0.76
1981,% od ukupnog broja,Oba spola,59,0.63
1981,% od ukupnog broja,Oba spola,60,0.72
1981,% od ukupnog broja,Oba spola,61,0.62
1981,% od ukupnog broja,Oba spola,62,0.35
1981,% od ukupnog broja,Oba spola,63,0.30
1981,% od ukupnog broja,Oba spola,64,0.28
1981,% od ukupnog broja,Oba spola,65,0.36
1981,% od ukupnog broja,Oba spola,66,0.55
1981,% od ukupnog broja,Oba spola,67,0.49
1981,% od ukupnog broja,Oba spola,68,0.52
1981,% od ukupnog broja,Oba spola,69,0.42
1981,% od ukupnog broja,Oba spola,70,0.51
1981,% od ukupnog broja,Oba spola,71,0.41
1981,% od ukupnog broja,Oba spola,72,0.35
1981,% od ukupnog broja,Oba spola,73,0.36
1981,% od ukupnog broja,Oba spola,74,0.33
1981,% od ukupnog broja,Oba spola,75,0.32
1981,% od ukupnog broja,Oba spola,76,0.27
1981,% od ukupnog broja,Oba spola,77,0.22
1981,% od ukupnog broja,Oba spola,78,0.19
1981,% od ukupnog broja,Oba spola,79,0.14
1981,% od ukupnog broja,Oba spola,80,0.29
1981,% od ukupnog broja,Oba spola,81,0.11
1981,% od ukupnog broja,Oba spola,82,0.08
1981,% od ukupnog broja,Oba spola,83,0.07
1981,% od ukupnog broja,Oba spola,84,0.06
1981,% od ukupnog broja,Oba spola,85,0.05
1981,% od ukupnog broja,Oba spola,86,0.04
1981,% od ukupnog broja,Oba spola,87,0.03
1981,% od ukupnog broja,Oba spola,88,0.04
1981,% od ukupnog broja,Oba spola,89,0.02
1981,% od ukupnog broja,Oba spola,90,0.02
1981,% od ukupnog broja,Oba spola,91,0.01
1981,% od ukupnog broja,Oba spola,92,0.01
1981,% od ukupnog broja,Oba spola,93,0.01
1981,% od ukupnog broja,Oba spola,94,0.01
1981,% od ukupnog broja,Oba spola,95,0.01
1981,% od ukupnog broja,Oba spola,96,0.01
1981,% od ukupnog broja,Oba spola,97,0.00
1981,% od ukupnog broja,Oba spola,98,0.00
1981,% od ukupnog broja,Oba spola,99,0.00
1981,% od ukupnog broja,Oba spola,100,0.00
1981,% od ukupnog broja,Oba spola,101,0.00
1981,% od ukupnog broja,Oba spola,102,0.00
1981,% od ukupnog broja,Oba spola,103,0.00
1981,% od ukupnog broja,Oba spola,104,0.00
1981,% od ukupnog broja,Oba spola,105,0.00
1981,% od ukupnog broja,Oba spola,106,0.00
1981,% od ukupnog broja,Oba spola,107,0.00
1981,% od ukupnog broja,Oba spola,108,0.00
1981,% od ukupnog broja,Oba spola,109,0.00
1981,% od ukupnog broja,Oba spola,110,0.00
1981,% od ukupnog broja,Oba spola,111,0.00
1981,% od ukupnog broja,Oba spola,112,0.00
1981,% od ukupnog broja,Oba spola,113,0.00
1981,% od ukupnog broja,Oba spola,114,0.00
1981,% od ukupnog broja,Oba spola,115,0.00
1981,% od ukupnog broja,Oba spola,116,0.00
1981,% od ukupnog broja,Oba spola,117,0.00
1981,% od ukupnog broja,Oba spola,118,0.00
1981,% od ukupnog broja,Oba spola,119,0.00
1981,% od ukupnog broja,Oba spola,120,0.00
1981,% od ukupnog broja,Oba spola,Unknown,0.14
1981,% od ukupnog broja,Oba spola,Total,100.00
1991,% od ukupnog broja,Oba spola,0,1.52
1991,% od ukupnog broja,Oba spola,1,1.53
1991,% od ukupnog broja,Oba spola,2,1.55
1991,% od ukupnog broja,Oba spola,3,1.61
1991,% od ukupnog broja,Oba spola,4,1.58
1991,% od ukupnog broja,Oba spola,5,1.61
1991,% od ukupnog broja,Oba spola,6,1.63
1991,% od ukupnog broja,Oba spola,7,1.63
1991,% od ukupnog broja,Oba spola,8,1.64
1991,% od ukupnog broja,Oba spola,9,1.63
1991,% od ukupnog broja,Oba spola,10,1.62
1991,% od ukupnog broja,Oba spola,11,1.62
1991,% od ukupnog broja,Oba spola,12,1.58
1991,% od ukupnog broja,Oba spola,13,1.62
1991,% od ukupnog broja,Oba spola,14,1.65
1991,% od ukupnog broja,Oba spola,15,1.66
1991,% od ukupnog broja,Oba spola,16,1.63
1991,% od ukupnog broja,Oba spola,17,1.62
1991,% od ukupnog broja,Oba spola,18,1.67
1991,% od ukupnog broja,Oba spola,19,1.69
1991,% od ukupnog broja,Oba spola,20,1.58
1991,% od ukupnog broja,Oba spola,21,1.62
1991,% od ukupnog broja,Oba spola,22,1.62
1991,% od ukupnog broja,Oba spola,23,1.67
1991,% od ukupnog broja,Oba spola,24,1.71
1991,% od ukupnog broja,Oba spola,25,1.71
1991,% od ukupnog broja,Oba spola,26,1.67
1991,% od ukupnog broja,Oba spola,27,1.67
1991,% od ukupnog broja,Oba spola,28,1.69
1991,% od ukupnog broja,Oba spola,29,1.74
1991,% od ukupnog broja,Oba spola,30,1.73
1991,% od ukupnog broja,Oba spola,31,1.66
1991,% od ukupnog broja,Oba spola,32,1.71
1991,% od ukupnog broja,Oba spola,33,1.59
1991,% od ukupnog broja,Oba spola,34,1.59
1991,% od ukupnog broja,Oba spola,35,1.57
1991,% od ukupnog broja,Oba spola,36,1.66
1991,% od ukupnog broja,Oba spola,37,1.46
1991,% od ukupnog broja,Oba spola,38,1.60
1991,% od ukupnog broja,Oba spola,39,1.22
1991,% od ukupnog broja,Oba spola,40,1.33
1991,% od ukupnog broja,Oba spola,41,1.31
1991,% od ukupnog broja,Oba spola,42,1.15
1991,% od ukupnog broja,Oba spola,43,1.07
1991,% od ukupnog broja,Oba spola,44,1.15
1991,% od ukupnog broja,Oba spola,45,0.83
1991,% od ukupnog broja,Oba spola,46,0.83
1991,% od ukupnog broja,Oba spola,47,0.85
1991,% od ukupnog broja,Oba spola,48,0.90
1991,% od ukupnog broja,Oba spola,49,1.04
1991,% od ukupnog broja,Oba spola,50,1.15
1991,% od ukupnog broja,Oba spola,51,1.19
1991,% od ukupnog broja,Oba spola,52,1.14
1991,% od ukupnog broja,Oba spola,53,1.20
1991,% od ukupnog broja,Oba spola,54,1.19
1991,% od ukupnog broja,Oba spola,55,1.20
1991,% od ukupnog broja,Oba spola,56,1.18
1991,% od ukupnog broja,Oba spola,57,1.14
1991,% od ukupnog broja,Oba spola,58,1.08
1991,% od ukupnog broja,Oba spola,59,1.03
1991,% od ukupnog broja,Oba spola,60,1.07
1991,% od ukupnog broja,Oba spola,61,1.01
1991,% od ukupnog broja,Oba spola,62,0.99
1991,% od ukupnog broja,Oba spola,63,0.88
1991,% od ukupnog broja,Oba spola,64,0.79
1991,% od ukupnog broja,Oba spola,65,0.72
1991,% od ukupnog broja,Oba spola,66,0.64
1991,% od ukupnog broja,Oba spola,67,0.59
1991,% od ukupnog broja,Oba spola,68,0.56
1991,% od ukupnog broja,Oba spola,69,0.49
1991,% od ukupnog broja,Oba spola,70,0.50
1991,% od ukupnog broja,Oba spola,71,0.44
1991,% od ukupnog broja,Oba spola,72,0.23
1991,% od ukupnog broja,Oba spola,73,0.19
1991,% od ukupnog broja,Oba spola,74,0.17
1991,% od ukupnog broja,Oba spola,75,0.20
1991,% od ukupnog broja,Oba spola,76,0.30
1991,% od ukupnog broja,Oba spola,77,0.26
1991,% od ukupnog broja,Oba spola,78,0.26
1991,% od ukupnog broja,Oba spola,79,0.21
1991,% od ukupnog broja,Oba spola,80,0.22
1991,% od ukupnog broja,Oba spola,81,0.17
1991,% od ukupnog broja,Oba spola,82,0.13
1991,% od ukupnog broja,Oba spola,83,0.12
1991,% od ukupnog broja,Oba spola,84,0.10
1991,% od ukupnog broja,Oba spola,85,0.09
1991,% od ukupnog broja,Oba spola,86,0.07
1991,% od ukupnog broja,Oba spola,87,0.05
1991,% od ukupnog broja,Oba spola,88,0.04
1991,% od ukupnog broja,Oba spola,89,0.03
1991,% od ukupnog broja,Oba spola,90,0.03
1991,% od ukupnog broja,Oba spola,91,0.02
1991,% od ukupnog broja,Oba spola,92,0.01
1991,% od ukupnog broja,Oba spola,93,0.01
1991,% od ukupnog broja,Oba spola,94,0.00
1991,% od ukupnog broja,Oba spola,95,0.00
1991,% od ukupnog broja,Oba spola,96,0.00
1991,% od ukupnog broja,Oba spola,97,0.00
1991,% od ukupnog broja,Oba spola,98,0.00
1991,% od ukupnog broja,Oba spola,99,0.00
1991,% od ukupnog broja,Oba spola,100,0.00
1991,% od ukupnog broja,Oba spola,101,0.00
1991,% od ukupnog broja,Oba spola,102,0.00
1991,% od ukupnog broja,Oba spola,103,0.00
1991,% od ukupnog broja,Oba spola,104,0.00
1991,% od ukupnog broja,Oba spola,105,0.00
1991,% od ukupnog broja,Oba spola,106,0.00
1991,% od ukupnog broja,Oba spola,107,0.00
1991,% od ukupnog broja,Oba spola,108,0.00
1991,% od ukupnog broja,Oba spola,109,0.00
1991,% od ukupnog broja,Oba spola,110,0.00
1991,% od ukupnog broja,Oba spola,111,0.00
1991,% od ukupnog broja,Oba spola,112,0.00
1991,% od ukupnog broja,Oba spola,113,0.00
1991,% od ukupnog broja,Oba spola,114,0.00
1991,% od ukupnog broja,Oba spola,115,0.00
1991,% od ukupnog broja,Oba spola,116,0.00
1991,% od ukupnog broja,Oba spola,117,0.00
1991,% od ukupnog broja,Oba spola,118,0.00
1991,% od ukupnog broja,Oba spola,119,0.00
1991,% od ukupnog broja,Oba spola,120,0.00
1991,% od ukupnog broja,Oba spola,Unknown,1.70
1991,% od ukupnog broja,Oba spola,Total,100.00
2013,% od ukupnog broja,Oba spola,0,0.93
2013,% od ukupnog broja,Oba spola,1,0.97
2013,% od ukupnog broja,Oba spola,2,0.97
2013,% od ukupnog broja,Oba spola,3,1.02
2013,% od ukupnog broja,Oba spola,4,1.03
2013,% od ukupnog broja,Oba spola,5,1.02
2013,% od ukupnog broja,Oba spola,6,0.99
2013,% od ukupnog broja,Oba spola,7,0.99
2013,% od ukupnog broja,Oba spola,8,1.00
2013,% od ukupnog broja,Oba spola,9,1.01
2013,% od ukupnog broja,Oba spola,10,1.03
2013,% od ukupnog broja,Oba spola,11,1.04
2013,% od ukupnog broja,Oba spola,12,1.09
2013,% od ukupnog broja,Oba spola,13,1.12
2013,% od ukupnog broja,Oba spola,14,1.17
2013,% od ukupnog broja,Oba spola,15,1.29
2013,% od ukupnog broja,Oba spola,16,1.47
2013,% od ukupnog broja,Oba spola,17,1.46
2013,% od ukupnog broja,Oba spola,18,1.42
2013,% od ukupnog broja,Oba spola,19,1.23
2013,% od ukupnog broja,Oba spola,20,1.10
2013,% od ukupnog broja,Oba spola,21,1.26
2013,% od ukupnog broja,Oba spola,22,1.37
2013,% od ukupnog broja,Oba spola,23,1.36
2013,% od ukupnog broja,Oba spola,24,1.37
2013,% od ukupnog broja,Oba spola,25,1.42
2013,% od ukupnog broja,Oba spola,26,1.41
2013,% od ukupnog broja,Oba spola,27,1.41
2013,% od ukupnog broja,Oba spola,28,1.43
2013,% od ukupnog broja,Oba spola,29,1.48
2013,% od ukupnog broja,Oba spola,30,1.44
2013,% od ukupnog broja,Oba spola,31,1.44
2013,% od ukupnog broja,Oba spola,32,1.44
2013,% od ukupnog broja,Oba spola,33,1.43
2013,% od ukupnog broja,Oba spola,34,1.41
2013,% od ukupnog broja,Oba spola,35,1.41
2013,% od ukupnog broja,Oba spola,36,1.41
2013,% od ukupnog broja,Oba spola,37,1.45
2013,% od ukupnog broja,Oba spola,38,1.40
2013,% od ukupnog broja,Oba spola,39,1.38
2013,% od ukupnog broja,Oba spola,40,1.37
2013,% od ukupnog broja,Oba spola,41,1.41
2013,% od ukupnog broja,Oba spola,42,1.36
2013,% od ukupnog broja,Oba spola,43,1.30
2013,% od ukupnog broja,Oba spola,44,1.39
2013,% od ukupnog broja,Oba spola,45,1.41
2013,% od ukupnog broja,Oba spola,46,1.46
2013,% od ukupnog broja,Oba spola,47,1.49
2013,% od ukupnog broja,Oba spola,48,1.52
2013,% od ukupnog broja,Oba spola,49,1.50
2013,% od ukupnog broja,Oba spola,50,1.52
2013,% od ukupnog broja,Oba spola,51,1.59
2013,% od ukupnog broja,Oba spola,52,1.57
2013,% od ukupnog broja,Oba spola,53,1.56
2013,% od ukupnog broja,Oba spola,54,1.59
2013,% od ukupnog broja,Oba spola,55,1.49
2013,% od ukupnog broja,Oba spola,56,1.43
2013,% od ukupnog broja,Oba spola,57,1.47
2013,% od ukupnog broja,Oba spola,58,1.49
2013,% od ukupnog broja,Oba spola,59,1.44
2013,% od ukupnog broja,Oba spola,60,1.44
2013,% od ukupnog broja,Oba spola,61,1.32
2013,% od ukupnog broja,Oba spola,62,1.20
2013,% od ukupnog broja,Oba spola,63,1.21
2013,% od ukupnog broja,Oba spola,64,1.16
2013,% od ukupnog broja,Oba spola,65,1.01
2013,% od ukupnog broja,Oba spola,66,1.07
2013,% od ukupnog broja,Oba spola,67,0.83
2013,% od ukupnog broja,Oba spola,68,0.73
2013,% od ukupnog broja,Oba spola,69,0.71
2013,% od ukupnog broja,Oba spola,70,0.71
2013,% od ukupnog broja,Oba spola,71,0.76
2013,% od ukupnog broja,Oba spola,72,0.83
2013,% od ukupnog broja,Oba spola,73,0.87
2013,% od ukupnog broja,Oba spola,74,0.80
2013,% od ukupnog broja,Oba spola,75,0.77
2013,% od ukupnog broja,Oba spola,76,0.72
2013,% od ukupnog broja,Oba spola,77,0.68
2013,% od ukupnog broja,Oba spola,78,0.60
2013,% od ukupnog broja,Oba spola,79,0.55
2013,% od ukupnog broja,Oba spola,80,0.46
2013,% od ukupnog broja,Oba spola,81,0.42
2013,% od ukupnog broja,Oba spola,82,0.34
2013,% od ukupnog broja,Oba spola,83,0.31
2013,% od ukupnog broja,Oba spola,84,0.24
2013,% od ukupnog broja,Oba spola,85,0.22
2013,% od ukupnog broja,Oba spola,86,0.15
2013,% od ukupnog broja,Oba spola,87,0.12
2013,% od ukupnog broja,Oba spola,88,0.09
2013,% od ukupnog broja,Oba spola,89,0.07
2013,% od ukupnog broja,Oba spola,90,0.05
2013,% od ukupnog broja,Oba spola,91,0.03
2013,% od ukupnog broja,Oba spola,92,0.02
2013,% od ukupnog broja,Oba spola,93,0.02
2013,% od ukupnog broja,Oba spola,94,0.01
2013,% od ukupnog broja,Oba spola,95,0.00
2013,% od ukupnog broja,Oba spola,96,0.00
2013,% od ukupnog broja,Oba spola,97,0.00
2013,% od ukupnog broja,Oba spola,98,0.00
2013,% od ukupnog broja,Oba spola,99,0.00
2013,% od ukupnog broja,Oba spola,100,0.00
2013,% od ukupnog broja,Oba spola,101,0.00
2013,% od ukupnog broja,Oba spola,102,0.00
2013,% od ukupnog broja,Oba spola,103,0.00
2013,% od ukupnog broja,Oba spola,104,0.00
2013,% od ukupnog broja,Oba spola,105,0.00
2013,% od ukupnog broja,Oba spola,106,0.00
2013,% od ukupnog broja,Oba spola,107,0.00
2013,% od ukupnog broja,Oba spola,108,0.00
2013,% od ukupnog broja,Oba spola,109,0.00
2013,% od ukupnog broja,Oba spola,110,0.00
2013,% od ukupnog broja,Oba spola,111,0.00
2013,% od ukupnog broja,Oba spola,112,0.00
2013,% od ukupnog broja,Oba spola,113,0.00
2013,% od ukupnog broja,Oba spola,114,0.00
2013,% od ukupnog broja,Oba spola,115,0.00
2013,% od ukupnog broja,Oba spola,116,0.00
2013,% od ukupnog broja,Oba spola,117,0.00
2013,% od ukupnog broja,Oba spola,118,0.00
2013,% od ukupnog broja,Oba spola,119,0.00
2013,% od ukupnog broja,Oba spola,120,0.00
2013,% od ukupnog broja,Oba spola,Unknown,0.00
2013,% od ukupnog broja,Oba spola,Total,100.00
1971,% od ukupnog broja,Muškarci,0,1.06
1971,% od ukupnog broja,Muškarci,1,1.07
1971,% od ukupnog broja,Muškarci,2,1.08
1971,% od ukupnog broja,Muškarci,3,1.13
1971,% od ukupnog broja,Muškarci,4,1.18
1971,% od ukupnog broja,Muškarci,5,1.20
1971,% od ukupnog broja,Muškarci,6,1.19
1971,% od ukupnog broja,Muškarci,7,1.21
1971,% od ukupnog broja,Muškarci,8,1.20
1971,% od ukupnog broja,Muškarci,9,1.22
1971,% od ukupnog broja,Muškarci,10,1.25
1971,% od ukupnog broja,Muškarci,11,1.20
1971,% od ukupnog broja,Muškarci,12,1.24
1971,% od ukupnog broja,Muškarci,13,1.16
1971,% od ukupnog broja,Muškarci,14,1.17
1971,% od ukupnog broja,Muškarci,15,1.17
1971,% od ukupnog broja,Muškarci,16,1.23
1971,% od ukupnog broja,Muškarci,17,1.11
1971,% od ukupnog broja,Muškarci,18,1.17
1971,% od ukupnog broja,Muškarci,19,0.92
1971,% od ukupnog broja,Muškarci,20,1.01
1971,% od ukupnog broja,Muškarci,21,0.94
1971,% od ukupnog broja,Muškarci,22,0.83
1971,% od ukupnog broja,Muškarci,23,0.77
1971,% od ukupnog broja,Muškarci,24,0.78
1971,% od ukupnog broja,Muškarci,25,0.57
1971,% od ukupnog broja,Muškarci,26,0.55
1971,% od ukupnog broja,Muškarci,27,0.55
1971,% od ukupnog broja,Muškarci,28,0.58
1971,% od ukupnog broja,Muškarci,29,0.67
1971,% od ukupnog broja,Muškarci,30,0.73
1971,% od ukupnog broja,Muškarci,31,0.75
1971,% od ukupnog broja,Muškarci,32,0.73
1971,% od ukupnog broja,Muškarci,33,0.78
1971,% od ukupnog broja,Muškarci,34,0.77
1971,% od ukupnog broja,Muškarci,35,0.78
1971,% od ukupnog broja,Muškarci,36,0.77
1971,% od ukupnog broja,Muškarci,37,0.75
1971,% od ukupnog broja,Muškarci,38,0.72
1971,% od ukupnog broja,Muškarci,39,0.69
1971,% od ukupnog broja,Muškarci,40,0.72
1971,% od ukupnog broja,Muškarci,41,0.69
1971,% od ukupnog broja,Muškarci,42,0.69
1971,% od ukupnog broja,Muškarci,43,0.58
1971,% od ukupnog broja,Muškarci,44,0.50
1971,% od ukupnog broja,Muškarci,45,0.44
1971,% od ukupnog broja,Muškarci,46,0.40
1971,% od ukupnog broja,Muškarci,47,0.37
1971,% od ukupnog broja,Muškarci,48,0.35
1971,% od ukupnog broja,Muškarci,49,0.31
1971,% od ukupnog broja,Muškarci,50,0.33
1971,% od ukupnog broja,Muškarci,51,0.32
1971,% od ukupnog broja,Muškarci,52,0.16
1971,% od ukupnog broja,Muškarci,53,0.14
1971,% od ukupnog broja,Muškarci,54,0.14
1971,% od ukupnog broja,Muškarci,55,0.18
1971,% od ukupnog broja,Muškarci,56,0.28
1971,% od ukupnog broja,Muškarci,57,0.28
1971,% od ukupnog broja,Muškarci,58,0.29
1971,% od ukupnog broja,Muškarci,59,0.26
1971,% od ukupnog broja,Muškarci,60,0.31
1971,% od ukupnog broja,Muškarci,61,0.30
1971,% od ukupnog broja,Muškarci,62,0.26
1971,% od ukupnog broja,Muškarci,63,0.28
1971,% od ukupnog broja,Muškarci,64,0.27
1971,% od ukupnog broja,Muškarci,65,0.24
1971,% od ukupnog broja,Muškarci,66,0.23
1971,% od ukupnog broja,Muškarci,67,0.20
1971,% od ukupnog broja,Muškarci,68,0.19
1971,% od ukupnog broja,Muškarci,69,0.15
1971,% od ukupnog broja,Muškarci,70,0.22
1971,% od ukupnog broja,Muškarci,71,0.14
1971,% od ukupnog broja,Muškarci,72,0.10
1971,% od ukupnog broja,Muškarci,73,0.09
1971,% od ukupnog broja,Muškarci,74,0.07
1971,% od ukupnog broja,Muškarci,75,0.07
1971,% od ukupnog broja,Muškarci,76,0.06
1971,% od ukupnog broja,Muškarci,77,0.05
1971,% od ukupnog broja,Muškarci,78,0.05
1971,% od ukupnog broja,Muškarci,79,0.03
1971,% od ukupnog broja,Muškarci,80,0.03
1971,% od ukupnog broja,Muškarci,81,0.02
1971,% od ukupnog broja,Muškarci,82,0.03
1971,% od ukupnog broja,Muškarci,83,0.02
1971,% od ukupnog broja,Muškarci,84,0.01
1971,% od ukupnog broja,Muškarci,85,0.01
1971,% od ukupnog broja,Muškarci,86,0.01
1971,% od ukupnog broja,Muškarci,87,0.01
1971,% od ukupnog broja,Muškarci,88,0.01
1971,% od ukupnog broja,Muškarci,89,0.01
1971,% od ukupnog broja,Muškarci,90,0.01
1971,% od ukupnog broja,Muškarci,91,0.00
1971,% od ukupnog broja,Muškarci,92,0.00
1971,% od ukupnog broja,Muškarci,93,0.00
1971,% od ukupnog broja,Muškarci,94,0.00
1971,% od ukupnog broja,Muškarci,95,0.00
1971,% od ukupnog broja,Muškarci,96,0.00
1971,% od ukupnog broja,Muškarci,97,0.00
1971,% od ukupnog broja,Muškarci,98,0.00
1971,% od ukupnog broja,Muškarci,99,0.00
1971,% od ukupnog broja,Muškarci,100,0.00
1971,% od ukupnog broja,Muškarci,101,0.00
1971,% od ukupnog broja,Muškarci,102,0.00
1971,% od ukupnog broja,Muškarci,103,0.00
1971,% od ukupnog broja,Muškarci,104,0.00
1971,% od ukupnog broja,Muškarci,105,0.00
1971,% od ukupnog broja,Muškarci,106,0.00
1971,% od ukupnog broja,Muškarci,107,0.00
1971,% od ukupnog broja,Muškarci,108,0.00
1971,% od ukupnog broja,Muškarci,109,0.00
1971,% od ukupnog broja,Muškarci,110,0.00
1971,% od ukupnog broja,Muškarci,111,0.00
1971,% od ukupnog broja,Muškarci,112,0.00
1971,% od ukupnog broja,Muškarci,113,0.00
1971,% od ukupnog broja,Muškarci,114,0.00
1971,% od ukupnog broja,Muškarci,115,0.00
1971,% od ukupnog broja,Muškarci,116,0.00
1971,% od ukupnog broja,Muškarci,117,0.00
1971,% od ukupnog broja,Muškarci,118,0.00
1971,% od ukupnog broja,Muškarci,119,0.00
1971,% od ukupnog broja,Muškarci,120,0.00
1971,% od ukupnog broja,Muškarci,Unknown,0.19
1971,% od ukupnog broja,Muškarci,Total,48.97
1981,% od ukupnog broja,Muškarci,0,0.93
1981,% od ukupnog broja,Muškarci,1,0.91
1981,% od ukupnog broja,Muškarci,2,0.87
1981,% od ukupnog broja,Muškarci,3,0.89
1981,% od ukupnog broja,Muškarci,4,0.92
1981,% od ukupnog broja,Muškarci,5,0.93
1981,% od ukupnog broja,Muškarci,6,0.92
1981,% od ukupnog broja,Muškarci,7,0.92
1981,% od ukupnog broja,Muškarci,8,0.96
1981,% od ukupnog broja,Muškarci,9,0.97
1981,% od ukupnog broja,Muškarci,10,0.93
1981,% od ukupnog broja,Muškarci,11,0.98
1981,% od ukupnog broja,Muškarci,12,1.00
1981,% od ukupnog broja,Muškarci,13,1.04
1981,% od ukupnog broja,Muškarci,14,1.09
1981,% od ukupnog broja,Muškarci,15,1.11
1981,% od ukupnog broja,Muškarci,16,1.10
1981,% od ukupnog broja,Muškarci,17,1.13
1981,% od ukupnog broja,Muškarci,18,1.12
1981,% od ukupnog broja,Muškarci,19,1.14
1981,% od ukupnog broja,Muškarci,20,1.15
1981,% od ukupnog broja,Muškarci,21,1.07
1981,% od ukupnog broja,Muškarci,22,1.07
1981,% od ukupnog broja,Muškarci,23,0.97
1981,% od ukupnog broja,Muškarci,24,0.96
1981,% od ukupnog broja,Muškarci,25,0.93
1981,% od ukupnog broja,Muškarci,26,0.97
1981,% od ukupnog broja,Muškarci,27,0.86
1981,% od ukupnog broja,Muškarci,28,0.89
1981,% od ukupnog broja,Muškarci,29,0.67
1981,% od ukupnog broja,Muškarci,30,0.72
1981,% od ukupnog broja,Muškarci,31,0.69
1981,% od ukupnog broja,Muškarci,32,0.61
1981,% od ukupnog broja,Muškarci,33,0.57
1981,% od ukupnog broja,Muškarci,34,0.60
1981,% od ukupnog broja,Muškarci,35,0.44
1981,% od ukupnog broja,Muškarci,36,0.43
1981,% od ukupnog broja,Muškarci,37,0.44
1981,% od ukupnog broja,Muškarci,38,0.47
1981,% od ukupnog broja,Muškarci,39,0.54
1981,% od ukupnog broja,Muškarci,40,0.60
1981,% od ukupnog broja,Muškarci,41,0.62
1981,% od ukupnog broja,Muškarci,42,0.61
1981,% od ukupnog broja,Muškarci,43,0.64
1981,% od ukupnog broja,Muškarci,44,0.65
1981,% od ukupnog broja,Muškarci,45,0.66
1981,% od ukupnog broja,Muškarci,46,0.65
1981,% od ukupnog broja,Muškarci,47,0.63
1981,% od ukupnog broja,Muškarci,48,0.61
1981,% od ukupnog broja,Muškarci,49,0.58
1981,% od ukupnog broja,Muškarci,50,0.61
1981,% od ukupnog broja,Muškarci,51,0.59
1981,% od ukupnog broja,Muškarci,52,0.59
1981,% od ukupnog broja,Muškarci,53,0.50
1981,% od ukupnog broja,Muškarci,54,0.43
1981,% od ukupnog broja,Muškarci,55,0.38
1981,% od ukupnog broja,Muškarci,56,0.34
1981,% od ukupnog broja,Muškarci,57,0.31
1981,% od ukupnog broja,Muškarci,58,0.29
1981,% od ukupnog broja,Muškarci,59,0.26
1981,% od ukupnog broja,Muškarci,60,0.28
1981,% od ukupnog broja,Muškarci,61,0.26
1981,% od ukupnog broja,Muškarci,62,0.13
1981,% od ukupnog broja,Muškarci,63,0.12
1981,% od ukupnog broja,Muškarci,64,0.11
1981,% od ukupnog broja,Muškarci,65,0.14
1981,% od ukupnog broja,Muškarci,66,0.22
1981,% od ukupnog broja,Muškarci,67,0.21
1981,% od ukupnog broja,Muškarci,68,0.21
1981,% od ukupnog broja,Muškarci,69,0.19
1981,% od ukupnog broja,Muškarci,70,0.21
1981,% od ukupnog broja,Muškarci,71,0.19
1981,% od ukupnog broja,Muškarci,72,0.16
1981,% od ukupnog broja,Muškarci,73,0.17
1981,% od ukupnog broja,Muškarci,74,0.15
1981,% od ukupnog broja,Muškarci,75,0.13
1981,% od ukupnog broja,Muškarci,76,0.12
1981,% od ukupnog broja,Muškarci,77,0.09
1981,% od ukupnog broja,Muškarci,78,0.08
1981,% od ukupnog broja,Muškarci,79,0.06
1981,% od ukupnog broja,Muškarci,80,0.11
1981,% od ukupnog broja,Muškarci,81,0.05
1981,% od ukupnog broja,Muškarci,82,0.03
1981,% od ukupnog broja,Muškarci,83,0.03
1981,% od ukupnog broja,Muškarci,84,0.02
1981,% od ukupnog broja,Muškarci,85,0.02
1981,% od ukupnog broja,Muškarci,86,0.01
1981,% od ukupnog broja,Muškarci,87,0.01
1981,% od ukupnog broja,Muškarci,88,0.01
1981,% od ukupnog broja,Muškarci,89,0.01
1981,% od ukupnog broja,Muškarci,90,0.01
1981,% od ukupnog broja,Muškarci,91,0.00
1981,% od ukupnog broja,Muškarci,92,0.00
1981,% od ukupnog broja,Muškarci,93,0.00
1981,% od ukupnog broja,Muškarci,94,0.00
1981,% od ukupnog broja,Muškarci,95,0.00
1981,% od ukupnog broja,Muškarci,96,0.00
1981,% od ukupnog broja,Muškarci,97,0.00
1981,% od ukupnog broja,Muškarci,98,0.00
1981,% od ukupnog broja,Muškarci,99,0.00
1981,% od ukupnog broja,Muškarci,100,0.00
1981,% od ukupnog broja,Muškarci,101,0.00
1981,% od ukupnog broja,Muškarci,102,0.00
1981,% od ukupnog broja,Muškarci,103,0.00
1981,% od ukupnog broja,Muškarci,104,0.00
1981,% od ukupnog broja,Muškarci,105,0.00
1981,% od ukupnog broja,Muškarci,106,0.00
1981,% od ukupnog broja,Muškarci,107,0.00
1981,% od ukupnog broja,Muškarci,108,0.00
1981,% od ukupnog broja,Muškarci,109,0.00
1981,% od ukupnog broja,Muškarci,110,0.00
1981,% od ukupnog broja,Muškarci,111,0.00
1981,% od ukupnog broja,Muškarci,112,0.00
1981,% od ukupnog broja,Muškarci,113,0.00
1981,% od ukupnog broja,Muškarci,114,0.00
1981,% od ukupnog broja,Muškarci,115,0.00
1981,% od ukupnog broja,Muškarci,116,0.00
1981,% od ukupnog broja,Muškarci,117,0.00
1981,% od ukupnog broja,Muškarci,118,0.00
1981,% od ukupnog broja,Muškarci,119,0.00
1981,% od ukupnog broja,Muškarci,120,0.00
1981,% od ukupnog broja,Muškarci,Unknown,0.07
1981,% od ukupnog broja,Muškarci,Total,49.11
1991,% od ukupnog broja,Muškarci,0,0.78
1991,% od ukupnog broja,Muškarci,1,0.78
1991,% od ukupnog broja,Muškarci,2,0.79
1991,% od ukupnog broja,Muškarci,3,0.82
1991,% od ukupnog broja,Muškarci,4,0.81
1991,% od ukupnog broja,Muškarci,5,0.82
1991,% od ukupnog broja,Muškarci,6,0.83
1991,% od ukupnog broja,Muškarci,7,0.84
1991,% od ukupnog broja,Muškarci,8,0.84
1991,% od ukupnog broja,Muškarci,9,0.83
1991,% od ukupnog broja,Muškarci,10,0.83
1991,% od ukupnog broja,Muškarci,11,0.83
1991,% od ukupnog broja,Muškarci,12,0.81
1991,% od ukupnog broja,Muškarci,13,0.83
1991,% od ukupnog broja,Muškarci,14,0.84
1991,% od ukupnog broja,Muškarci,15,0.85
1991,% od ukupnog broja,Muškarci,16,0.84
1991,% od ukupnog broja,Muškarci,17,0.83
1991,% od ukupnog broja,Muškarci,18,0.87
1991,% od ukupnog broja,Muškarci,19,0.88
1991,% od ukupnog broja,Muškarci,20,0.82
1991,% od ukupnog broja,Muškarci,21,0.85
1991,% od ukupnog broja,Muškarci,22,0.84
1991,% od ukupnog broja,Muškarci,23,0.87
1991,% od ukupnog broja,Muškarci,24,0.89
1991,% od ukupnog broja,Muškarci,25,0.89
1991,% od ukupnog broja,Muškarci,26,0.86
1991,% od ukupnog broja,Muškarci,27,0.86
1991,% od ukupnog broja,Muškarci,28,0.87
1991,% od ukupnog broja,Muškarci,29,0.89
1991,% od ukupnog broja,Muškarci,30,0.88
1991,% od ukupnog broja,Muškarci,31,0.85
1991,% od ukupnog broja,Muškarci,32,0.87
1991,% od ukupnog broja,Muškarci,33,0.81
1991,% od ukupnog broja,Muškarci,34,0.81
1991,% od ukupnog broja,Muškarci,35,0.80
1991,% od ukupnog broja,Muškarci,36,0.85
1991,% od ukupnog broja,Muškarci,37,0.75
1991,% od ukupnog broja,Muškarci,38,0.80
1991,% od ukupnog broja,Muškarci,39,0.62
1991,% od ukupnog broja,Muškarci,40,0.66
1991,% od ukupnog broja,Muškarci,41,0.64
1991,% od ukupnog broja,Muškarci,42,0.55
1991,% od ukupnog broja,Muškarci,43,0.51
1991,% od ukupnog broja,Muškarci,44,0.55
1991,% od ukupnog broja,Muškarci,45,0.40
1991,% od ukupnog broja,Muškarci,46,0.39
1991,% od ukupnog broja,Muškarci,47,0.40
1991,% od ukupnog broja,Muškarci,48,0.42
1991,% od ukupnog broja,Muškarci,49,0.48
1991,% od ukupnog broja,Muškarci,50,0.54
1991,% od ukupnog broja,Muškarci,51,0.56
1991,% od ukupnog broja,Muškarci,52,0.53
1991,% od ukupnog broja,Muškarci,53,0.56
1991,% od ukupnog broja,Muškarci,54,0.56
1991,% od ukupnog broja,Muškarci,55,0.57
1991,% od ukupnog broja,Muškarci,56,0.56
1991,% od ukupnog broja,Muškarci,57,0.54
1991,% od ukupnog broja,Muškarci,58,0.51
1991,% od ukupnog broja,Muškarci,59,0.50
1991,% od ukupnog broja,Muškarci,60,0.51
1991,% od ukupnog broja,Muškarci,61,0.48
1991,% od ukupnog broja,Muškarci,62,0.47
1991,% od ukupnog broja,Muškarci,63,0.40
1991,% od ukupnog broja,Muškarci,64,0.34
1991,% od ukupnog broja,Muškarci,65,0.29
1991,% od ukupnog broja,Muškarci,66,0.25
1991,% od ukupnog broja,Muškarci,67,0.23
1991,% od ukupnog broja,Muškarci,68,0.21
1991,% od ukupnog broja,Muškarci,69,0.18
1991,% od ukupnog broja,Muškarci,70,0.18
1991,% od ukupnog broja,Muškarci,71,0.17
1991,% od ukupnog broja,Muškarci,72,0.08
1991,% od ukupnog broja,Muškarci,73,0.07
1991,% od ukupnog broja,Muškarci,74,0.06
1991,% od ukupnog broja,Muškarci,75,0.07
1991,% od ukupnog broja,Muškarci,76,0.11
1991,% od ukupnog broja,Muškarci,77,0.10
1991,% od ukupnog broja,Muškarci,78,0.09
1991,% od ukupnog broja,Muškarci,79,0.08
1991,% od ukupnog broja,Muškarci,80,0.08
1991,% od ukupnog broja,Muškarci,81,0.07
1991,% od ukupnog broja,Muškarci,82,0.06
1991,% od ukupnog broja,Muškarci,83,0.05
1991,% od ukupnog broja,Muškarci,84,0.04
1991,% od ukupnog broja,Muškarci,85,0.03
1991,% od ukupnog broja,Muškarci,86,0.03
1991,% od ukupnog broja,Muškarci,87,0.02
1991,% od ukupnog broja,Muškarci,88,0.02
1991,% od ukupnog broja,Muškarci,89,0.01
1991,% od ukupnog broja,Muškarci,90,0.01
1991,% od ukupnog broja,Muškarci,91,0.01
1991,% od ukupnog broja,Muškarci,92,0.00
1991,% od ukupnog broja,Muškarci,93,0.00
1991,% od ukupnog broja,Muškarci,94,0.00
1991,% od ukupnog broja,Muškarci,95,0.00
1991,% od ukupnog broja,Muškarci,96,0.00
1991,% od ukupnog broja,Muškarci,97,0.00
1991,% od ukupnog broja,Muškarci,98,0.00
1991,% od ukupnog broja,Muškarci,99,0.00
1991,% od ukupnog broja,Muškarci,100,0.00
1991,% od ukupnog broja,Muškarci,101,0.00
1991,% od ukupnog broja,Muškarci,102,0.00
1991,% od ukupnog broja,Muškarci,103,0.00
1991,% od ukupnog broja,Muškarci,104,0.00
1991,% od ukupnog broja,Muškarci,105,0.00
1991,% od ukupnog broja,Muškarci,106,0.00
1991,% od ukupnog broja,Muškarci,107,0.00
1991,% od ukupnog broja,Muškarci,108,0.00
1991,% od ukupnog broja,Muškarci,109,0.00
1991,% od ukupnog broja,Muškarci,110,0.00
1991,% od ukupnog broja,Muškarci,111,0.00
1991,% od ukupnog broja,Muškarci,112,0.00
1991,% od ukupnog broja,Muškarci,113,0.00
1991,% od ukupnog broja,Muškarci,114,0.00
1991,% od ukupnog broja,Muškarci,115,0.00
1991,% od ukupnog broja,Muškarci,116,0.00
1991,% od ukupnog broja,Muškarci,117,0.00
1991,% od ukupnog broja,Muškarci,118,0.00
1991,% od ukupnog broja,Muškarci,119,0.00
1991,% od ukupnog broja,Muškarci,120,0.00
1991,% od ukupnog broja,Muškarci,Unknown,0.80
1991,% od ukupnog broja,Muškarci,Total,49.29
2013,% od ukupnog broja,Muškarci,0,0.48
2013,% od ukupnog broja,Muškarci,1,0.50
2013,% od ukupnog broja,Muškarci,2,0.50
2013,% od ukupnog broja,Muškarci,3,0.52
2013,% od ukupnog broja,Muškarci,4,0.53
2013,% od ukupnog broja,Muškarci,5,0.53
2013,% od ukupnog broja,Muškarci,6,0.51
2013,% od ukupnog broja,Muškarci,7,0.51
2013,% od ukupnog broja,Muškarci,8,0.52
2013,% od ukupnog broja,Muškarci,9,0.52
2013,% od ukupnog broja,Muškarci,10,0.53
2013,% od ukupnog broja,Muškarci,11,0.54
2013,% od ukupnog broja,Muškarci,12,0.56
2013,% od ukupnog broja,Muškarci,13,0.57
2013,% od ukupnog broja,Muškarci,14,0.59
2013,% od ukupnog broja,Muškarci,15,0.66
2013,% od ukupnog broja,Muškarci,16,0.76
2013,% od ukupnog broja,Muškarci,17,0.75
2013,% od ukupnog broja,Muškarci,18,0.73
2013,% od ukupnog broja,Muškarci,19,0.64
2013,% od ukupnog broja,Muškarci,20,0.57
2013,% od ukupnog broja,Muškarci,21,0.64
2013,% od ukupnog broja,Muškarci,22,0.71
2013,% od ukupnog broja,Muškarci,23,0.70
2013,% od ukupnog broja,Muškarci,24,0.70
2013,% od ukupnog broja,Muškarci,25,0.73
2013,% od ukupnog broja,Muškarci,26,0.73
2013,% od ukupnog broja,Muškarci,27,0.72
2013,% od ukupnog broja,Muškarci,28,0.74
2013,% od ukupnog broja,Muškarci,29,0.75
2013,% od ukupnog broja,Muškarci,30,0.73
2013,% od ukupnog broja,Muškarci,31,0.74
2013,% od ukupnog broja,Muškarci,32,0.74
2013,% od ukupnog broja,Muškarci,33,0.72
2013,% od ukupnog broja,Muškarci,34,0.71
2013,% od ukupnog broja,Muškarci,35,0.72
2013,% od ukupnog broja,Muškarci,36,0.72
2013,% od ukupnog broja,Muškarci,37,0.74
2013,% od ukupnog broja,Muškarci,38,0.71
2013,% od ukupnog broja,Muškarci,39,0.70
2013,% od ukupnog broja,Muškarci,40,0.69
2013,% od ukupnog broja,Muškarci,41,0.71
2013,% od ukupnog broja,Muškarci,42,0.69
2013,% od ukupnog broja,Muškarci,43,0.66
2013,% od ukupnog broja,Muškarci,44,0.70
2013,% od ukupnog broja,Muškarci,45,0.70
2013,% od ukupnog broja,Muškarci,46,0.73
2013,% od ukupnog broja,Muškarci,47,0.74
2013,% od ukupnog broja,Muškarci,48,0.75
2013,% od ukupnog broja,Muškarci,49,0.75
2013,% od ukupnog broja,Muškarci,50,0.75
2013,% od ukupnog broja,Muškarci,51,0.78
2013,% od ukupnog broja,Muškarci,52,0.78
2013,% od ukupnog broja,Muškarci,53,0.76
2013,% od ukupnog broja,Muškarci,54,0.78
2013,% od ukupnog broja,Muškarci,55,0.72
2013,% od ukupnog broja,Muškarci,56,0.70
2013,% od ukupnog broja,Muškarci,57,0.72
2013,% od ukupnog broja,Muškarci,58,0.72
2013,% od ukupnog broja,Muškarci,59,0.70
2013,% od ukupnog broja,Muškarci,60,0.69
2013,% od ukupnog broja,Muškarci,61,0.62
2013,% od ukupnog broja,Muškarci,62,0.57
2013,% od ukupnog broja,Muškarci,63,0.56
2013,% od ukupnog broja,Muškarci,64,0.54
2013,% od ukupnog broja,Muškarci,65,0.46
2013,% od ukupnog broja,Muškarci,66,0.49
2013,% od ukupnog broja,Muškarci,67,0.37
2013,% od ukupnog broja,Muškarci,68,0.32
2013,% od ukupnog broja,Muškarci,69,0.32
2013,% od ukupnog broja,Muškarci,70,0.30
2013,% od ukupnog broja,Muškarci,71,0.33
2013,% od ukupnog broja,Muškarci,72,0.35
2013,% od ukupnog broja,Muškarci,73,0.37
2013,% od ukupnog broja,Muškarci,74,0.34
2013,% od ukupnog broja,Muškarci,75,0.32
2013,% od ukupnog broja,Muškarci,76,0.30
2013,% od ukupnog broja,Muškarci,77,0.27
2013,% od ukupnog broja,Muškarci,78,0.24
2013,% od ukupnog broja,Muškarci,79,0.22
2013,% od ukupnog broja,Muškarci,80,0.18
2013,% od ukupnog broja,Muškarci,81,0.16
2013,% od ukupnog broja,Muškarci,82,0.13
2013,% od ukupnog broja,Muškarci,83,0.12
2013,% od ukupnog broja,Muškarci,84,0.09
2013,% od ukupnog broja,Muškarci,85,0.08
2013,% od ukupnog broja,Muškarci,86,0.05
2013,% od ukupnog broja,Muškarci,87,0.04
2013,% od ukupnog broja,Muškarci,88,0.03
2013,% od ukupnog broja,Muškarci,89,0.02
2013,% od ukupnog broja,Muškarci,90,0.01
2013,% od ukupnog broja,Muškarci,91,0.01
2013,% od ukupnog broja,Muškarci,92,0.01
2013,% od ukupnog broja,Muškarci,93,0.00
2013,% od ukupnog broja,Muškarci,94,0.00
2013,% od ukupnog broja,Muškarci,95,0.00
2013,% od ukupnog broja,Muškarci,96,0.00
2013,% od ukupnog broja,Muškarci,97,0.00
2013,% od ukupnog broja,Muškarci,98,0.00
2013,% od ukupnog broja,Muškarci,99,0.00
2013,% od ukupnog broja,Muškarci,100,0.00
2013,% od ukupnog broja,Muškarci,101,0.00
2013,% od ukupnog broja,Muškarci,102,0.00
2013,% od ukupnog broja,Muškarci,103,0.00
2013,% od ukupnog broja,Muškarci,104,0.00
2013,% od ukupnog broja,Muškarci,105,0.00
2013,% od ukupnog broja,Muškarci,106,0.00
2013,% od ukupnog broja,Muškarci,107,0.00
2013,% od ukupnog broja,Muškarci,108,0.00
2013,% od ukupnog broja,Muškarci,109,0.00
2013,% od ukupnog broja,Muškarci,110,0.00
2013,% od ukupnog broja,Muškarci,111,0.00
2013,% od ukupnog broja,Muškarci,112,0.00
2013,% od ukupnog broja,Muškarci,113,0.00
2013,% od ukupnog broja,Muškarci,114,0.00
2013,% od ukupnog broja,Muškarci,115,0.00
2013,% od ukupnog broja,Muškarci,116,0.00
2013,% od ukupnog broja,Muškarci,117,0.00
2013,% od ukupnog broja,Muškarci,118,0.00
2013,% od ukupnog broja,Muškarci,119,0.00
2013,% od ukupnog broja,Muškarci,120,0.00
2013,% od ukupnog broja,Muškarci,Unknown,0.00
2013,% od ukupnog broja,Muškarci,Total,49.06
1971,% od ukupnog broja,Žene,0,1.02
1971,% od ukupnog broja,Žene,1,1.02
1971,% od ukupnog broja,Žene,2,1.04
1971,% od ukupnog broja,Žene,3,1.09
1971,% od ukupnog broja,Žene,4,1.13
1971,% od ukupnog broja,Žene,5,1.15
1971,% od ukupnog broja,Žene,6,1.15
1971,% od ukupnog broja,Žene,7,1.15
1971,% od ukupnog broja,Žene,8,1.16
1971,% od ukupnog broja,Žene,9,1.17
1971,% od ukupnog broja,Žene,10,1.20
1971,% od ukupnog broja,Žene,11,1.16
1971,% od ukupnog broja,Žene,12,1.20
1971,% od ukupnog broja,Žene,13,1.11
1971,% od ukupnog broja,Žene,14,1.13
1971,% od ukupnog broja,Žene,15,1.13
1971,% od ukupnog broja,Žene,16,1.19
1971,% od ukupnog broja,Žene,17,1.08
1971,% od ukupnog broja,Žene,18,1.15
1971,% od ukupnog broja,Žene,19,0.85
1971,% od ukupnog broja,Žene,20,0.93
1971,% od ukupnog broja,Žene,21,0.91
1971,% od ukupnog broja,Žene,22,0.82
1971,% od ukupnog broja,Žene,23,0.76
1971,% od ukupnog broja,Žene,24,0.77
1971,% od ukupnog broja,Žene,25,0.59
1971,% od ukupnog broja,Žene,26,0.58
1971,% od ukupnog broja,Žene,27,0.59
1971,% od ukupnog broja,Žene,28,0.63
1971,% od ukupnog broja,Žene,29,0.71
1971,% od ukupnog broja,Žene,30,0.77
1971,% od ukupnog broja,Žene,31,0.81
1971,% od ukupnog broja,Žene,32,0.78
1971,% od ukupnog broja,Žene,33,0.80
1971,% od ukupnog broja,Žene,34,0.81
1971,% od ukupnog broja,Žene,35,0.80
1971,% od ukupnog broja,Žene,36,0.79
1971,% od ukupnog broja,Žene,37,0.78
1971,% od ukupnog broja,Žene,38,0.75
1971,% od ukupnog broja,Žene,39,0.66
1971,% od ukupnog broja,Žene,40,0.71
1971,% od ukupnog broja,Žene,41,0.68
1971,% od ukupnog broja,Žene,42,0.69
1971,% od ukupnog broja,Žene,43,0.62
1971,% od ukupnog broja,Žene,44,0.61
1971,% od ukupnog broja,Žene,45,0.58
1971,% od ukupnog broja,Žene,46,0.53
1971,% od ukupnog broja,Žene,47,0.50
1971,% od ukupnog broja,Žene,48,0.52
1971,% od ukupnog broja,Žene,49,0.43
1971,% od ukupnog broja,Žene,50,0.51
1971,% od ukupnog broja,Žene,51,0.42
1971,% od ukupnog broja,Žene,52,0.27
1971,% od ukupnog broja,Žene,53,0.22
1971,% od ukupnog broja,Žene,54,0.20
1971,% od ukupnog broja,Žene,55,0.27
1971,% od ukupnog broja,Žene,56,0.41
1971,% od ukupnog broja,Žene,57,0.35
1971,% od ukupnog broja,Žene,58,0.39
1971,% od ukupnog broja,Žene,59,0.33
1971,% od ukupnog broja,Žene,60,0.42
1971,% od ukupnog broja,Žene,61,0.32
1971,% od ukupnog broja,Žene,62,0.28
1971,% od ukupnog broja,Žene,63,0.29
1971,% od ukupnog broja,Žene,64,0.28
1971,% od ukupnog broja,Žene,65,0.29
1971,% od ukupnog broja,Žene,66,0.25
1971,% od ukupnog broja,Žene,67,0.21
1971,% od ukupnog broja,Žene,68,0.19
1971,% od ukupnog broja,Žene,69,0.18
1971,% od ukupnog broja,Žene,70,0.34
1971,% od ukupnog broja,Žene,71,0.16
1971,% od ukupnog broja,Žene,72,0.12
1971,% od ukupnog broja,Žene,73,0.10
1971,% od ukupnog broja,Žene,74,0.10
1971,% od ukupnog broja,Žene,75,0.10
1971,% od ukupnog broja,Žene,76,0.08
1971,% od ukupnog broja,Žene,77,0.06
1971,% od ukupnog broja,Žene,78,0.07
1971,% od ukupnog broja,Žene,79,0.05
1971,% od ukupnog broja,Žene,80,0.07
1971,% od ukupnog broja,Žene,81,0.04
1971,% od ukupnog broja,Žene,82,0.05
1971,% od ukupnog broja,Žene,83,0.03
1971,% od ukupnog broja,Žene,84,0.03
1971,% od ukupnog broja,Žene,85,0.03
1971,% od ukupnog broja,Žene,86,0.02
1971,% od ukupnog broja,Žene,87,0.01
1971,% od ukupnog broja,Žene,88,0.01
1971,% od ukupnog broja,Žene,89,0.01
1971,% od ukupnog broja,Žene,90,0.02
1971,% od ukupnog broja,Žene,91,0.01
1971,% od ukupnog broja,Žene,92,0.01
1971,% od ukupnog broja,Žene,93,0.00
1971,% od ukupnog broja,Žene,94,0.00
1971,% od ukupnog broja,Žene,95,0.01
1971,% od ukupnog broja,Žene,96,0.00
1971,% od ukupnog broja,Žene,97,0.00
1971,% od ukupnog broja,Žene,98,0.00
1971,% od ukupnog broja,Žene,99,0.00
1971,% od ukupnog broja,Žene,100,0.00
1971,% od ukupnog broja,Žene,101,0.00
1971,% od ukupnog broja,Žene,102,0.00
1971,% od ukupnog broja,Žene,103,0.00
1971,% od ukupnog broja,Žene,104,0.00
1971,% od ukupnog broja,Žene,105,0.00
1971,% od ukupnog broja,Žene,106,0.00
1971,% od ukupnog broja,Žene,107,0.00
1971,% od ukupnog broja,Žene,108,0.00
1971,% od ukupnog broja,Žene,109,0.00
1971,% od ukupnog broja,Žene,110,0.00
1971,% od ukupnog broja,Žene,111,0.00
1971,% od ukupnog broja,Žene,112,0.00
1971,% od ukupnog broja,Žene,113,0.00
1971,% od ukupnog broja,Žene,114,0.00
1971,% od ukupnog broja,Žene,115,0.00
1971,% od ukupnog broja,Žene,116,0.00
1971,% od ukupnog broja,Žene,117,0.00
1971,% od ukupnog broja,Žene,118,0.00
1971,% od ukupnog broja,Žene,119,0.00
1971,% od ukupnog broja,Žene,120,0.00
1971,% od ukupnog broja,Žene,Unknown,0.19
1971,% od ukupnog broja,Žene,Total,51.03
1981,% od ukupnog broja,Žene,0,0.90
1981,% od ukupnog broja,Žene,1,0.87
1981,% od ukupnog broja,Žene,2,0.83
1981,% od ukupnog broja,Žene,3,0.85
1981,% od ukupnog broja,Žene,4,0.88
1981,% od ukupnog broja,Žene,5,0.89
1981,% od ukupnog broja,Žene,6,0.88
1981,% od ukupnog broja,Žene,7,0.88
1981,% od ukupnog broja,Žene,8,0.91
1981,% od ukupnog broja,Žene,9,0.93
1981,% od ukupnog broja,Žene,10,0.90
1981,% od ukupnog broja,Žene,11,0.92
1981,% od ukupnog broja,Žene,12,0.96
1981,% od ukupnog broja,Žene,13,0.99
1981,% od ukupnog broja,Žene,14,1.03
1981,% od ukupnog broja,Žene,15,1.06
1981,% od ukupnog broja,Žene,16,1.06
1981,% od ukupnog broja,Žene,17,1.05
1981,% od ukupnog broja,Žene,18,1.06
1981,% od ukupnog broja,Žene,19,1.05
1981,% od ukupnog broja,Žene,20,1.04
1981,% od ukupnog broja,Žene,21,0.96
1981,% od ukupnog broja,Žene,22,0.97
1981,% od ukupnog broja,Žene,23,0.88
1981,% od ukupnog broja,Žene,24,0.88
1981,% od ukupnog broja,Žene,25,0.85
1981,% od ukupnog broja,Žene,26,0.89
1981,% od ukupnog broja,Žene,27,0.79
1981,% od ukupnog broja,Žene,28,0.87
1981,% od ukupnog broja,Žene,29,0.65
1981,% od ukupnog broja,Žene,30,0.73
1981,% od ukupnog broja,Žene,31,0.72
1981,% od ukupnog broja,Žene,32,0.67
1981,% od ukupnog broja,Žene,33,0.62
1981,% od ukupnog broja,Žene,34,0.65
1981,% od ukupnog broja,Žene,35,0.49
1981,% od ukupnog broja,Žene,36,0.49
1981,% od ukupnog broja,Žene,37,0.51
1981,% od ukupnog broja,Žene,38,0.54
1981,% od ukupnog broja,Žene,39,0.62
1981,% od ukupnog broja,Žene,40,0.67
1981,% od ukupnog broja,Žene,41,0.71
1981,% od ukupnog broja,Žene,42,0.68
1981,% od ukupnog broja,Žene,43,0.71
1981,% od ukupnog broja,Žene,44,0.72
1981,% od ukupnog broja,Žene,45,0.71
1981,% od ukupnog broja,Žene,46,0.70
1981,% od ukupnog broja,Žene,47,0.69
1981,% od ukupnog broja,Žene,48,0.66
1981,% od ukupnog broja,Žene,49,0.59
1981,% od ukupnog broja,Žene,50,0.63
1981,% od ukupnog broja,Žene,51,0.61
1981,% od ukupnog broja,Žene,52,0.62
1981,% od ukupnog broja,Žene,53,0.57
1981,% od ukupnog broja,Žene,54,0.54
1981,% od ukupnog broja,Žene,55,0.53
1981,% od ukupnog broja,Žene,56,0.48
1981,% od ukupnog broja,Žene,57,0.45
1981,% od ukupnog broja,Žene,58,0.47
1981,% od ukupnog broja,Žene,59,0.37
1981,% od ukupnog broja,Žene,60,0.45
1981,% od ukupnog broja,Žene,61,0.37
1981,% od ukupnog broja,Žene,62,0.22
1981,% od ukupnog broja,Žene,63,0.18
1981,% od ukupnog broja,Žene,64,0.16
1981,% od ukupnog broja,Žene,65,0.22
1981,% od ukupnog broja,Žene,66,0.33
1981,% od ukupnog broja,Žene,67,0.28
1981,% od ukupnog broja,Žene,68,0.31
1981,% od ukupnog broja,Žene,69,0.24
1981,% od ukupnog broja,Žene,70,0.31
1981,% od ukupnog broja,Žene,71,0.22
1981,% od ukupnog broja,Žene,72,0.19
1981,% od ukupnog broja,Žene,73,0.19
1981,% od ukupnog broja,Žene,74,0.18
1981,% od ukupnog broja,Žene,75,0.18
1981,% od ukupnog broja,Žene,76,0.15
1981,% od ukupnog broja,Žene,77,0.12
1981,% od ukupnog broja,Žene,78,0.11
1981,% od ukupnog broja,Žene,79,0.08
1981,% od ukupnog broja,Žene,80,0.18
1981,% od ukupnog broja,Žene,81,0.06
1981,% od ukupnog broja,Žene,82,0.05
1981,% od ukupnog broja,Žene,83,0.04
1981,% od ukupnog broja,Žene,84,0.03
1981,% od ukupnog broja,Žene,85,0.03
1981,% od ukupnog broja,Žene,86,0.02
1981,% od ukupnog broja,Žene,87,0.02
1981,% od ukupnog broja,Žene,88,0.02
1981,% od ukupnog broja,Žene,89,0.01
1981,% od ukupnog broja,Žene,90,0.02
1981,% od ukupnog broja,Žene,91,0.01
1981,% od ukupnog broja,Žene,92,0.01
1981,% od ukupnog broja,Žene,93,0.01
1981,% od ukupnog broja,Žene,94,0.01
1981,% od ukupnog broja,Žene,95,0.01
1981,% od ukupnog broja,Žene,96,0.00
1981,% od ukupnog broja,Žene,97,0.00
1981,% od ukupnog broja,Žene,98,0.00
1981,% od ukupnog broja,Žene,99,0.00
1981,% od ukupnog broja,Žene,100,0.00
1981,% od ukupnog broja,Žene,101,0.00
1981,% od ukupnog broja,Žene,102,0.00
1981,% od ukupnog broja,Žene,103,0.00
1981,% od ukupnog broja,Žene,104,0.00
1981,% od ukupnog broja,Žene,105,0.00
1981,% od ukupnog broja,Žene,106,0.00
1981,% od ukupnog broja,Žene,107,0.00
1981,% od ukupnog broja,Žene,108,0.00
1981,% od ukupnog broja,Žene,109,0.00
1981,% od ukupnog broja,Žene,110,0.00
1981,% od ukupnog broja,Žene,111,0.00
1981,% od ukupnog broja,Žene,112,0.00
1981,% od ukupnog broja,Žene,113,0.00
1981,% od ukupnog broja,Žene,114,0.00
1981,% od ukupnog broja,Žene,115,0.00
1981,% od ukupnog broja,Žene,116,0.00
1981,% od ukupnog broja,Žene,117,0.00
1981,% od ukupnog broja,Žene,118,0.00
1981,% od ukupnog broja,Žene,119,0.00
1981,% od ukupnog broja,Žene,120,0.00
1981,% od ukupnog broja,Žene,Unknown,0.07
1981,% od ukupnog broja,Žene,Total,50.89
1991,% od ukupnog broja,Žene,0,0.74
1991,% od ukupnog broja,Žene,1,0.75
1991,% od ukupnog broja,Žene,2,0.76
1991,% od ukupnog broja,Žene,3,0.78
1991,% od ukupnog broja,Žene,4,0.77
1991,% od ukupnog broja,Žene,5,0.79
1991,% od ukupnog broja,Žene,6,0.79
1991,% od ukupnog broja,Žene,7,0.80
1991,% od ukupnog broja,Žene,8,0.80
1991,% od ukupnog broja,Žene,9,0.79
1991,% od ukupnog broja,Žene,10,0.79
1991,% od ukupnog broja,Žene,11,0.79
1991,% od ukupnog broja,Žene,12,0.77
1991,% od ukupnog broja,Žene,13,0.79
1991,% od ukupnog broja,Žene,14,0.81
1991,% od ukupnog broja,Žene,15,0.81
1991,% od ukupnog broja,Žene,16,0.79
1991,% od ukupnog broja,Žene,17,0.79
1991,% od ukupnog broja,Žene,18,0.80
1991,% od ukupnog broja,Žene,19,0.81
1991,% od ukupnog broja,Žene,20,0.75
1991,% od ukupnog broja,Žene,21,0.77
1991,% od ukupnog broja,Žene,22,0.77
1991,% od ukupnog broja,Žene,23,0.80
1991,% od ukupnog broja,Žene,24,0.82
1991,% od ukupnog broja,Žene,25,0.82
1991,% od ukupnog broja,Žene,26,0.81
1991,% od ukupnog broja,Žene,27,0.81
1991,% od ukupnog broja,Žene,28,0.83
1991,% od ukupnog broja,Žene,29,0.85
1991,% od ukupnog broja,Žene,30,0.85
1991,% od ukupnog broja,Žene,31,0.82
1991,% od ukupnog broja,Žene,32,0.84
1991,% od ukupnog broja,Žene,33,0.78
1991,% od ukupnog broja,Žene,34,0.78
1991,% od ukupnog broja,Žene,35,0.77
1991,% od ukupnog broja,Žene,36,0.81
1991,% od ukupnog broja,Žene,37,0.71
1991,% od ukupnog broja,Žene,38,0.80
1991,% od ukupnog broja,Žene,39,0.61
1991,% od ukupnog broja,Žene,40,0.67
1991,% od ukupnog broja,Žene,41,0.67
1991,% od ukupnog broja,Žene,42,0.60
1991,% od ukupnog broja,Žene,43,0.56
1991,% od ukupnog broja,Žene,44,0.60
1991,% od ukupnog broja,Žene,45,0.44
1991,% od ukupnog broja,Žene,46,0.44
1991,% od ukupnog broja,Žene,47,0.45
1991,% od ukupnog broja,Žene,48,0.48
1991,% od ukupnog broja,Žene,49,0.55
1991,% od ukupnog broja,Žene,50,0.61
1991,% od ukupnog broja,Žene,51,0.63
1991,% od ukupnog broja,Žene,52,0.61
1991,% od ukupnog broja,Žene,53,0.63
1991,% od ukupnog broja,Žene,54,0.63
1991,% od ukupnog broja,Žene,55,0.63
1991,% od ukupnog broja,Žene,56,0.62
1991,% od ukupnog broja,Žene,57,0.60
1991,% od ukupnog broja,Žene,58,0.57
1991,% od ukupnog broja,Žene,59,0.53
1991,% od ukupnog broja,Žene,60,0.55
1991,% od ukupnog broja,Žene,61,0.53
1991,% od ukupnog broja,Žene,62,0.51
1991,% od ukupnog broja,Žene,63,0.48
1991,% od ukupnog broja,Žene,64,0.46
1991,% od ukupnog broja,Žene,65,0.43
1991,% od ukupnog broja,Žene,66,0.39
1991,% od ukupnog broja,Žene,67,0.36
1991,% od ukupnog broja,Žene,68,0.36
1991,% od ukupnog broja,Žene,69,0.30
1991,% od ukupnog broja,Žene,70,0.32
1991,% od ukupnog broja,Žene,71,0.27
1991,% od ukupnog broja,Žene,72,0.15
1991,% od ukupnog broja,Žene,73,0.12
1991,% od ukupnog broja,Žene,74,0.10
1991,% od ukupnog broja,Žene,75,0.13
1991,% od ukupnog broja,Žene,76,0.19
1991,% od ukupnog broja,Žene,77,0.16
1991,% od ukupnog broja,Žene,78,0.16
1991,% od ukupnog broja,Žene,79,0.12
1991,% od ukupnog broja,Žene,80,0.13
1991,% od ukupnog broja,Žene,81,0.10
1991,% od ukupnog broja,Žene,82,0.08
1991,% od ukupnog broja,Žene,83,0.07
1991,% od ukupnog broja,Žene,84,0.06
1991,% od ukupnog broja,Žene,85,0.05
1991,% od ukupnog broja,Žene,86,0.04
1991,% od ukupnog broja,Žene,87,0.03
1991,% od ukupnog broja,Žene,88,0.03
1991,% od ukupnog broja,Žene,89,0.02
1991,% od ukupnog broja,Žene,90,0.02
1991,% od ukupnog broja,Žene,91,0.01
1991,% od ukupnog broja,Žene,92,0.01
1991,% od ukupnog broja,Žene,93,0.00
1991,% od ukupnog broja,Žene,94,0.00
1991,% od ukupnog broja,Žene,95,0.00
1991,% od ukupnog broja,Žene,96,0.00
1991,% od ukupnog broja,Žene,97,0.00
1991,% od ukupnog broja,Žene,98,0.00
1991,% od ukupnog broja,Žene,99,0.00
1991,% od ukupnog broja,Žene,100,0.00
1991,% od ukupnog broja,Žene,101,0.00
1991,% od ukupnog broja,Žene,102,0.00
1991,% od ukupnog broja,Žene,103,0.00
1991,% od ukupnog broja,Žene,104,0.00
1991,% od ukupnog broja,Žene,105,0.00
1991,% od ukupnog broja,Žene,106,0.00
1991,% od ukupnog broja,Žene,107,0.00
1991,% od ukupnog broja,Žene,108,0.00
1991,% od ukupnog broja,Žene,109,0.00
1991,% od ukupnog broja,Žene,110,0.00
1991,% od ukupnog broja,Žene,111,0.00
1991,% od ukupnog broja,Žene,112,0.00
1991,% od ukupnog broja,Žene,113,0.00
1991,% od ukupnog broja,Žene,114,0.00
1991,% od ukupnog broja,Žene,115,0.00
1991,% od ukupnog broja,Žene,116,0.00
1991,% od ukupnog broja,Žene,117,0.00
1991,% od ukupnog broja,Žene,118,0.00
1991,% od ukupnog broja,Žene,119,0.00
1991,% od ukupnog broja,Žene,120,0.00
1991,% od ukupnog broja,Žene,Unknown,0.89
1991,% od ukupnog broja,Žene,Total,50.71
2013,% od ukupnog broja,Žene,0,0.46
2013,% od ukupnog broja,Žene,1,0.47
2013,% od ukupnog broja,Žene,2,0.47
2013,% od ukupnog broja,Žene,3,0.49
2013,% od ukupnog broja,Žene,4,0.50
2013,% od ukupnog broja,Žene,5,0.50
2013,% od ukupnog broja,Žene,6,0.48
2013,% od ukupnog broja,Žene,7,0.48
2013,% od ukupnog broja,Žene,8,0.49
2013,% od ukupnog broja,Žene,9,0.49
2013,% od ukupnog broja,Žene,10,0.50
2013,% od ukupnog broja,Žene,11,0.51
2013,% od ukupnog broja,Žene,12,0.53
2013,% od ukupnog broja,Žene,13,0.55
2013,% od ukupnog broja,Žene,14,0.58
2013,% od ukupnog broja,Žene,15,0.63
2013,% od ukupnog broja,Žene,16,0.71
2013,% od ukupnog broja,Žene,17,0.71
2013,% od ukupnog broja,Žene,18,0.70
2013,% od ukupnog broja,Žene,19,0.59
2013,% od ukupnog broja,Žene,20,0.53
2013,% od ukupnog broja,Žene,21,0.62
2013,% od ukupnog broja,Žene,22,0.67
2013,% od ukupnog broja,Žene,23,0.66
2013,% od ukupnog broja,Žene,24,0.67
2013,% od ukupnog broja,Žene,25,0.69
2013,% od ukupnog broja,Žene,26,0.68
2013,% od ukupnog broja,Žene,27,0.69
2013,% od ukupnog broja,Žene,28,0.69
2013,% od ukupnog broja,Žene,29,0.73
2013,% od ukupnog broja,Žene,30,0.70
2013,% od ukupnog broja,Žene,31,0.70
2013,% od ukupnog broja,Žene,32,0.71
2013,% od ukupnog broja,Žene,33,0.70
2013,% od ukupnog broja,Žene,34,0.69
2013,% od ukupnog broja,Žene,35,0.69
2013,% od ukupnog broja,Žene,36,0.70
2013,% od ukupnog broja,Žene,37,0.72
2013,% od ukupnog broja,Žene,38,0.69
2013,% od ukupnog broja,Žene,39,0.68
2013,% od ukupnog broja,Žene,40,0.68
2013,% od ukupnog broja,Žene,41,0.70
2013,% od ukupnog broja,Žene,42,0.68
2013,% od ukupnog broja,Žene,43,0.65
2013,% od ukupnog broja,Žene,44,0.69
2013,% od ukupnog broja,Žene,45,0.70
2013,% od ukupnog broja,Žene,46,0.73
2013,% od ukupnog broja,Žene,47,0.75
2013,% od ukupnog broja,Žene,48,0.77
2013,% od ukupnog broja,Žene,49,0.76
2013,% od ukupnog broja,Žene,50,0.77
2013,% od ukupnog broja,Žene,51,0.81
2013,% od ukupnog broja,Žene,52,0.80
2013,% od ukupnog broja,Žene,53,0.80
2013,% od ukupnog broja,Žene,54,0.81
2013,% od ukupnog broja,Žene,55,0.77
2013,% od ukupnog broja,Žene,56,0.73
2013,% od ukupnog broja,Žene,57,0.75
2013,% od ukupnog broja,Žene,58,0.77
2013,% od ukupnog broja,Žene,59,0.74
2013,% od ukupnog broja,Žene,60,0.75
2013,% od ukupnog broja,Žene,61,0.70
2013,% od ukupnog broja,Žene,62,0.63
2013,% od ukupnog broja,Žene,63,0.65
2013,% od ukupnog broja,Žene,64,0.62
2013,% od ukupnog broja,Žene,65,0.56
2013,% od ukupnog broja,Žene,66,0.58
2013,% od ukupnog broja,Žene,67,0.45
2013,% od ukupnog broja,Žene,68,0.41
2013,% od ukupnog broja,Žene,69,0.39
2013,% od ukupnog broja,Žene,70,0.41
2013,% od ukupnog broja,Žene,71,0.43
2013,% od ukupnog broja,Žene,72,0.48
2013,% od ukupnog broja,Žene,73,0.50
2013,% od ukupnog broja,Žene,74,0.46
2013,% od ukupnog broja,Žene,75,0.45
2013,% od ukupnog broja,Žene,76,0.42
2013,% od ukupnog broja,Žene,77,0.41
2013,% od ukupnog broja,Žene,78,0.36
2013,% od ukupnog broja,Žene,79,0.33
2013,% od ukupnog broja,Žene,80,0.28
2013,% od ukupnog broja,Žene,81,0.26
2013,% od ukupnog broja,Žene,82,0.21
2013,% od ukupnog broja,Žene,83,0.20
2013,% od ukupnog broja,Žene,84,0.15
2013,% od ukupnog broja,Žene,85,0.13
2013,% od ukupnog broja,Žene,86,0.10
2013,% od ukupnog broja,Žene,87,0.08
2013,% od ukupnog broja,Žene,88,0.06
2013,% od ukupnog broja,Žene,89,0.05
2013,% od ukupnog broja,Žene,90,0.04
2013,% od ukupnog broja,Žene,91,0.03
2013,% od ukupnog broja,Žene,92,0.02
2013,% od ukupnog broja,Žene,93,0.02
2013,% od ukupnog broja,Žene,94,0.01
2013,% od ukupnog broja,Žene,95,0.00
2013,% od ukupnog broja,Žene,96,0.00
2013,% od ukupnog broja,Žene,97,0.00
2013,% od ukupnog broja,Žene,98,0.00
2013,% od ukupnog broja,Žene,99,0.00
2013,% od ukupnog broja,Žene,100,0.00
2013,% od ukupnog broja,Žene,101,0.00
2013,% od ukupnog broja,Žene,102,0.00
2013,% od ukupnog broja,Žene,103,0.00
2013,% od ukupnog broja,Žene,104,0.00
2013,% od ukupnog broja,Žene,105,0.00
2013,% od ukupnog broja,Žene,106,0.00
2013,% od ukupnog broja,Žene,107,0.00
2013,% od ukupnog broja,Žene,108,0.00
2013,% od ukupnog broja,Žene,109,0.00
2013,% od ukupnog broja,Žene,110,0.00
2013,% od ukupnog broja,Žene,111,0.00
2013,% od ukupnog broja,Žene,112,0.00
2013,% od ukupnog broja,Žene,113,0.00
2013,% od ukupnog broja,Žene,114,0.00
2013,% od ukupnog broja,Žene,115,0.00
2013,% od ukupnog broja,Žene,116,0.00
2013,% od ukupnog broja,Žene,117,0.00
2013,% od ukupnog broja,Žene,118,0.00
2013,% od ukupnog broja,Žene,119,0.00
2013,% od ukupnog broja,Žene,120,0.00
2013,% od ukupnog broja,Žene,Unknown,0.00
2013,% od ukupnog broja,Žene,Total,50.94
