Year,SPOL,Entitet,UNIT_MEASURE,Value
1996,M,BiH,Starost,27.7
1997,M,BiH,Starost,28.0
1998,M,BiH,Starost,27.9
1999,M,BiH,Starost,27.8
2000,M,BiH,Starost,27.8
2001,M,BiH,Starost,27.8
2002,M,BiH,Starost,27.8
2003,M,BiH,Starost,28.1
2004,M,BiH,Starost,28.0
2005,M,BiH,Starost,28.1
2006,M,BiH,Starost,28.3
2007,M,BiH,Starost,28.3
2008,M,BiH,Starost,28.3
2009,M,BiH,Starost,28.3
2010,M,BiH,Starost,28.9
2011,M,BiH,Starost,29.1
2012,M,BiH,Starost,29.3
2013,M,BiH,Starost,29.6
2014,M,BiH,Starost,29.6
2015,M,BiH,Starost,29.5
2016,M,BiH,Starost,29.4
2017,M,BiH,Starost,29.5
2018,M,BiH,Starost,29.7
2019,M,BiH,Starost,29.5
1996,Ž,BiH,Starost,24.2
1997,Ž,BiH,Starost,24.3
1998,Ž,BiH,Starost,24.3
1999,Ž,BiH,Starost,24.3
2000,Ž,BiH,Starost,24.2
2001,Ž,BiH,Starost,24.2
2002,Ž,BiH,Starost,24.3
2003,Ž,BiH,Starost,24.6
2004,Ž,BiH,Starost,24.5
2005,Ž,BiH,Starost,24.6
2006,Ž,BiH,Starost,24.9
2007,Ž,BiH,Starost,24.9
2008,Ž,BiH,Starost,24.9
2009,Ž,BiH,Starost,24.8
2010,Ž,BiH,Starost,25.7
2011,Ž,BiH,Starost,25.9
2012,Ž,BiH,Starost,26.1
2013,Ž,BiH,Starost,26.4
2014,Ž,BiH,Starost,26.4
2015,Ž,BiH,Starost,26.4
2016,Ž,BiH,Starost,26.4
2017,Ž,BiH,Starost,26.6
2018,Ž,BiH,Starost,27.1
2019,Ž,BiH,Starost,26.8
1996,M,Federacija BiH,Starost,27.7
1997,M,Federacija BiH,Starost,27.4
1998,M,Federacija BiH,Starost,27.4
1999,M,Federacija BiH,Starost,27.5
2000,M,Federacija BiH,Starost,27.6
2001,M,Federacija BiH,Starost,27.6
2002,M,Federacija BiH,Starost,27.7
2003,M,Federacija BiH,Starost,27.7
2004,M,Federacija BiH,Starost,27.8
2005,M,Federacija BiH,Starost,27.8
2006,M,Federacija BiH,Starost,27.9
2007,M,Federacija BiH,Starost,27.9
2008,M,Federacija BiH,Starost,28.1
2009,M,Federacija BiH,Starost,28.1
2010,M,Federacija BiH,Starost,28.6
2011,M,Federacija BiH,Starost,28.1
2012,M,Federacija BiH,Starost,28.4
2013,M,Federacija BiH,Starost,28.3
2014,M,Federacija BiH,Starost,28.3
2015,M,Federacija BiH,Starost,28.5
2016,M,Federacija BiH,Starost,28.3
2017,M,Federacija BiH,Starost,28.3
2018,M,Federacija BiH,Starost,28.5
2019,M,Federacija BiH,Starost,28.3
1996,Ž,Federacija BiH,Starost,24.4
1997,Ž,Federacija BiH,Starost,23.8
1998,Ž,Federacija BiH,Starost,24.4
1999,Ž,Federacija BiH,Starost,24.2
2000,Ž,Federacija BiH,Starost,23.9
2001,Ž,Federacija BiH,Starost,24.0
2002,Ž,Federacija BiH,Starost,24.1
2003,Ž,Federacija BiH,Starost,24.2
2004,Ž,Federacija BiH,Starost,24.2
2005,Ž,Federacija BiH,Starost,24.3
2006,Ž,Federacija BiH,Starost,24.3
2007,Ž,Federacija BiH,Starost,24.5
2008,Ž,Federacija BiH,Starost,24.6
2009,Ž,Federacija BiH,Starost,24.8
2010,Ž,Federacija BiH,Starost,24.9
2011,Ž,Federacija BiH,Starost,25.0
2012,Ž,Federacija BiH,Starost,25.2
2013,Ž,Federacija BiH,Starost,25.5
2014,Ž,Federacija BiH,Starost,25.2
2015,Ž,Federacija BiH,Starost,25.5
2016,Ž,Federacija BiH,Starost,25.4
2017,Ž,Federacija BiH,Starost,25.5
2018,Ž,Federacija BiH,Starost,25.8
2019,Ž,Federacija BiH,Starost,25.7
1998,M,Republika Srpska,Starost,28.6
2000,M,Republika Srpska,Starost,28.6
2003,M,Republika Srpska,Starost,28.3
2004,M,Republika Srpska,Starost,28.4
2005,M,Republika Srpska,Starost,28.6
2006,M,Republika Srpska,Starost,28.9
2007,M,Republika Srpska,Starost,28.9
2008,M,Republika Srpska,Starost,29.1
2009,M,Republika Srpska,Starost,29.1
2010,M,Republika Srpska,Starost,29.2
2011,M,Republika Srpska,Starost,29.5
2012,M,Republika Srpska,Starost,29.6
2013,M,Republika Srpska,Starost,29.9
2014,M,Republika Srpska,Starost,30.1
2015,M,Republika Srpska,Starost,30.0
2016,M,Republika Srpska,Starost,29.9
2017,M,Republika Srpska,Starost,30.2
2018,M,Republika Srpska,Starost,30.3
2019,M,Republika Srpska,Starost,30.2
1998,Ž,Republika Srpska,Starost,24.7
2000,Ž,Republika Srpska,Starost,24.9
2003,Ž,Republika Srpska,Starost,24.7
2004,Ž,Republika Srpska,Starost,24.8
2005,Ž,Republika Srpska,Starost,25.0
2006,Ž,Republika Srpska,Starost,25.3
2007,Ž,Republika Srpska,Starost,25.4
2008,Ž,Republika Srpska,Starost,25.4
2009,Ž,Republika Srpska,Starost,25.8
2010,Ž,Republika Srpska,Starost,25.9
2011,Ž,Republika Srpska,Starost,26.1
2012,Ž,Republika Srpska,Starost,26.3
2013,Ž,Republika Srpska,Starost,26.6
2014,Ž,Republika Srpska,Starost,26.7
2015,Ž,Republika Srpska,Starost,26.6
2016,Ž,Republika Srpska,Starost,26.7
2017,Ž,Republika Srpska,Starost,27.0
2018,Ž,Republika Srpska,Starost,27.3
2019,Ž,Republika Srpska,Starost,27.2
2004,M,Brčko Distrikt BiH,Starost,30.0
2005,M,Brčko Distrikt BiH,Starost,29.8
2006,M,Brčko Distrikt BiH,Starost,30.1
2007,M,Brčko Distrikt BiH,Starost,31.2
2008,M,Brčko Distrikt BiH,Starost,30.1
2009,M,Brčko Distrikt BiH,Starost,30.3
2010,M,Brčko Distrikt BiH,Starost,29.3
2011,M,Brčko Distrikt BiH,Starost,30.5
2012,M,Brčko Distrikt BiH,Starost,30.7
2013,M,Brčko Distrikt BiH,Starost,32.7
2014,M,Brčko Distrikt BiH,Starost,30.7
2015,M,Brčko Distrikt BiH,Starost,30.7
2016,M,Brčko Distrikt BiH,Starost,33.8
2017,M,Brčko Distrikt BiH,Starost,32.2
2018,M,Brčko Distrikt BiH,Starost,32.4
2019,M,Brčko Distrikt BiH,Starost,32.2
2004,Ž,Brčko Distrikt BiH,Starost,26.9
2005,Ž,Brčko Distrikt BiH,Starost,26.7
2006,Ž,Brčko Distrikt BiH,Starost,26.0
2007,Ž,Brčko Distrikt BiH,Starost,27.8
2008,Ž,Brčko Distrikt BiH,Starost,26.6
2009,Ž,Brčko Distrikt BiH,Starost,27.1
2010,Ž,Brčko Distrikt BiH,Starost,27.0
2011,Ž,Brčko Distrikt BiH,Starost,27.3
2012,Ž,Brčko Distrikt BiH,Starost,27.8
2013,Ž,Brčko Distrikt BiH,Starost,29.0
2014,Ž,Brčko Distrikt BiH,Starost,28.1
2015,Ž,Brčko Distrikt BiH,Starost,27.8
2016,Ž,Brčko Distrikt BiH,Starost,30.7
2017,Ž,Brčko Distrikt BiH,Starost,29.0
2018,Ž,Brčko Distrikt BiH,Starost,29.2
2019,Ž,Brčko Distrikt BiH,Starost,29.4
