Year,INFANT_MORTALITY,UNIT_MEASURE,Entitet,Spol,Value
1971,infant_(up_to_12_months_of_age)_mortality_rate,Broj,BiH,Oba spola,22.0
1981,infant_(up_to_12_months_of_age)_mortality_rate,Broj,BiH,Oba spola,17.2
1991,infant_(up_to_12_months_of_age)_mortality_rate,Broj,BiH,Oba spola,14.9
1996,infant_(up_to_12_months_of_age)_mortality_rate,Broj,BiH,Oba spola,14.01468
1997,infant_(up_to_12_months_of_age)_mortality_rate,Broj,BiH,Oba spola,12.41812509
1998,infant_(up_to_12_months_of_age)_mortality_rate,Broj,BiH,Oba spola,10.97607039
1999,infant_(up_to_12_months_of_age)_mortality_rate,Broj,BiH,Oba spola,10.14977393
2000,infant_(up_to_12_months_of_age)_mortality_rate,Broj,BiH,Oba spola,9.680762328
2001,infant_(up_to_12_months_of_age)_mortality_rate,Broj,BiH,Oba spola,7.609300846
2002,infant_(up_to_12_months_of_age)_mortality_rate,Broj,BiH,Oba spola,9.385449743
2003,infant_(up_to_12_months_of_age)_mortality_rate,Broj,BiH,Oba spola,7.60628938
2004,infant_(up_to_12_months_of_age)_mortality_rate,Broj,BiH,Oba spola,7.197519274
2005,infant_(up_to_12_months_of_age)_mortality_rate,Broj,BiH,Oba spola,6.728853207
2006,infant_(up_to_12_months_of_age)_mortality_rate,Broj,BiH,Oba spola,7.492727647
2007,infant_(up_to_12_months_of_age)_mortality_rate,Broj,BiH,Oba spola,6.827249889
2008,infant_(up_to_12_months_of_age)_mortality_rate,Broj,BiH,Oba spola,6.876170412
2009,infant_(up_to_12_months_of_age)_mortality_rate,Broj,BiH,Oba spola,6.483357453
2010,infant_(up_to_12_months_of_age)_mortality_rate,Broj,BiH,Oba spola,6.442376521
2011,infant_(up_to_12_months_of_age)_mortality_rate,Broj,BiH,Oba spola,5.784162711
2012,infant_(up_to_12_months_of_age)_mortality_rate,Broj,BiH,Oba spola,5.438289243
2013,infant_(up_to_12_months_of_age)_mortality_rate,Broj,BiH,Oba spola,5.898839786
2014,infant_(up_to_12_months_of_age)_mortality_rate,Broj,BiH,Oba spola,5.153957975
2015,infant_(up_to_12_months_of_age)_mortality_rate,Broj,BiH,Oba spola,6.113537118
2016,infant_(up_to_12_months_of_age)_mortality_rate,Broj,BiH,Oba spola,5.897359441
2017,infant_(up_to_12_months_of_age)_mortality_rate,Broj,BiH,Oba spola,6.490066225
2018,infant_(up_to_12_months_of_age)_mortality_rate,Broj,BiH,Oba spola,6.210336987
2019,infant_(up_to_12_months_of_age)_mortality_rate,Broj,BiH,Oba spola,6.699576869
1996,infant_(up_to_12_months_of_age)_mortality_rate,Broj,BiH,Muškarci,14.75530781
1997,infant_(up_to_12_months_of_age)_mortality_rate,Broj,BiH,Muškarci,14.58670989
1998,infant_(up_to_12_months_of_age)_mortality_rate,Broj,BiH,Muškarci,12.89220918
1999,infant_(up_to_12_months_of_age)_mortality_rate,Broj,BiH,Muškarci,11.18506193
2000,infant_(up_to_12_months_of_age)_mortality_rate,Broj,BiH,Muškarci,10.7806145
2001,infant_(up_to_12_months_of_age)_mortality_rate,Broj,BiH,Muškarci,8.195876289
2002,infant_(up_to_12_months_of_age)_mortality_rate,Broj,BiH,Muškarci,10.43886976
2003,infant_(up_to_12_months_of_age)_mortality_rate,Broj,BiH,Muškarci,8.40152755
2004,infant_(up_to_12_months_of_age)_mortality_rate,Broj,BiH,Muškarci,8.327358959
2005,infant_(up_to_12_months_of_age)_mortality_rate,Broj,BiH,Muškarci,7.473169635
2006,infant_(up_to_12_months_of_age)_mortality_rate,Broj,BiH,Muškarci,9.004388215
2007,infant_(up_to_12_months_of_age)_mortality_rate,Broj,BiH,Muškarci,7.528230866
2008,infant_(up_to_12_months_of_age)_mortality_rate,Broj,BiH,Muškarci,7.44953085
2009,infant_(up_to_12_months_of_age)_mortality_rate,Broj,BiH,Muškarci,6.44408644
2010,infant_(up_to_12_months_of_age)_mortality_rate,Broj,BiH,Muškarci,7.235052382
2011,infant_(up_to_12_months_of_age)_mortality_rate,Broj,BiH,Muškarci,6.714657311
2012,infant_(up_to_12_months_of_age)_mortality_rate,Broj,BiH,Muškarci,6.611078023
2013,infant_(up_to_12_months_of_age)_mortality_rate,Broj,BiH,Muškarci,6.883485949
2014,infant_(up_to_12_months_of_age)_mortality_rate,Broj,BiH,Muškarci,4.744502148
2015,infant_(up_to_12_months_of_age)_mortality_rate,Broj,BiH,Muškarci,6.140580089
2016,infant_(up_to_12_months_of_age)_mortality_rate,Broj,BiH,Muškarci,7.062865869
2017,infant_(up_to_12_months_of_age)_mortality_rate,Broj,BiH,Muškarci,6.698991961
2018,infant_(up_to_12_months_of_age)_mortality_rate,Broj,BiH,Muškarci,5.96017815
2019,infant_(up_to_12_months_of_age)_mortality_rate,Broj,BiH,Muškarci,6.889099014
1996,infant_(up_to_12_months_of_age)_mortality_rate,Broj,BiH,Žene,13.20057668
1997,infant_(up_to_12_months_of_age)_mortality_rate,Broj,BiH,Žene,10.04329004
1998,infant_(up_to_12_months_of_age)_mortality_rate,Broj,BiH,Žene,8.896302474
1999,infant_(up_to_12_months_of_age)_mortality_rate,Broj,BiH,Žene,9.074323027
2000,infant_(up_to_12_months_of_age)_mortality_rate,Broj,BiH,Žene,8.509083316
2001,infant_(up_to_12_months_of_age)_mortality_rate,Broj,BiH,Žene,6.988043894
2002,infant_(up_to_12_months_of_age)_mortality_rate,Broj,BiH,Žene,8.270676692
2003,infant_(up_to_12_months_of_age)_mortality_rate,Broj,BiH,Žene,6.743965925
2004,infant_(up_to_12_months_of_age)_mortality_rate,Broj,BiH,Žene,5.993653778
2005,infant_(up_to_12_months_of_age)_mortality_rate,Broj,BiH,Žene,5.941770648
2006,infant_(up_to_12_months_of_age)_mortality_rate,Broj,BiH,Žene,5.883780177
2007,infant_(up_to_12_months_of_age)_mortality_rate,Broj,BiH,Žene,6.07324704
2008,infant_(up_to_12_months_of_age)_mortality_rate,Broj,BiH,Žene,6.268458803
2009,infant_(up_to_12_months_of_age)_mortality_rate,Broj,BiH,Žene,6.526074083
2010,infant_(up_to_12_months_of_age)_mortality_rate,Broj,BiH,Žene,5.599655406
2011,infant_(up_to_12_months_of_age)_mortality_rate,Broj,BiH,Žene,4.777486911
2012,infant_(up_to_12_months_of_age)_mortality_rate,Broj,BiH,Žene,4.188614584
2013,infant_(up_to_12_months_of_age)_mortality_rate,Broj,BiH,Žene,4.848811368
2014,infant_(up_to_12_months_of_age)_mortality_rate,Broj,BiH,Žene,5.589257719
2015,infant_(up_to_12_months_of_age)_mortality_rate,Broj,BiH,Žene,6.084912184
2016,infant_(up_to_12_months_of_age)_mortality_rate,Broj,BiH,Žene,4.631229695
2017,infant_(up_to_12_months_of_age)_mortality_rate,Broj,BiH,Žene,6.264628941
2018,infant_(up_to_12_months_of_age)_mortality_rate,Broj,BiH,Žene,6.47932953
2019,infant_(up_to_12_months_of_age)_mortality_rate,Broj,BiH,Žene,6.492548325
1996,infant_(up_to_12_months_of_age)_mortality_rate,Broj,Federacija BiH,Oba spola,13.8
1997,infant_(up_to_12_months_of_age)_mortality_rate,Broj,Federacija BiH,Oba spola,12.97224813
1998,infant_(up_to_12_months_of_age)_mortality_rate,Broj,Federacija BiH,Oba spola,12.13468869
1999,infant_(up_to_12_months_of_age)_mortality_rate,Broj,Federacija BiH,Oba spola,11.15720212
2000,infant_(up_to_12_months_of_age)_mortality_rate,Broj,Federacija BiH,Oba spola,11.03578748
2001,infant_(up_to_12_months_of_age)_mortality_rate,Broj,Federacija BiH,Oba spola,8.909984179
2002,infant_(up_to_12_months_of_age)_mortality_rate,Broj,Federacija BiH,Oba spola,10.5371812
2003,infant_(up_to_12_months_of_age)_mortality_rate,Broj,Federacija BiH,Oba spola,8.718922652
2004,infant_(up_to_12_months_of_age)_mortality_rate,Broj,Federacija BiH,Oba spola,8.539325843
2005,infant_(up_to_12_months_of_age)_mortality_rate,Broj,Federacija BiH,Oba spola,8.844715966
2006,infant_(up_to_12_months_of_age)_mortality_rate,Broj,Federacija BiH,Oba spola,9.48986205
2007,infant_(up_to_12_months_of_age)_mortality_rate,Broj,Federacija BiH,Oba spola,8.887865531
2008,infant_(up_to_12_months_of_age)_mortality_rate,Broj,Federacija BiH,Oba spola,8.464223386
2009,infant_(up_to_12_months_of_age)_mortality_rate,Broj,Federacija BiH,Oba spola,7.550298957
2010,infant_(up_to_12_months_of_age)_mortality_rate,Broj,Federacija BiH,Oba spola,7.684746671
2011,infant_(up_to_12_months_of_age)_mortality_rate,Broj,Federacija BiH,Oba spola,6.642170718
2012,infant_(up_to_12_months_of_age)_mortality_rate,Broj,Federacija BiH,Oba spola,6.473546945
2013,infant_(up_to_12_months_of_age)_mortality_rate,Broj,Federacija BiH,Oba spola,7.346736163
2014,infant_(up_to_12_months_of_age)_mortality_rate,Broj,Federacija BiH,Oba spola,6.38832998
2015,infant_(up_to_12_months_of_age)_mortality_rate,Broj,Federacija BiH,Oba spola,7.95536729
2016,infant_(up_to_12_months_of_age)_mortality_rate,Broj,Federacija BiH,Oba spola,7.479012974
2017,infant_(up_to_12_months_of_age)_mortality_rate,Broj,Federacija BiH,Oba spola,8.171912833
2018,infant_(up_to_12_months_of_age)_mortality_rate,Broj,Federacija BiH,Oba spola,8.3602307
2019,infant_(up_to_12_months_of_age)_mortality_rate,Broj,Federacija BiH,Oba spola,9.267994894
1997,infant_(up_to_12_months_of_age)_mortality_rate,Broj,Federacija BiH,Muškarci,15.36662769
1998,infant_(up_to_12_months_of_age)_mortality_rate,Broj,Federacija BiH,Muškarci,14.37836515
1999,infant_(up_to_12_months_of_age)_mortality_rate,Broj,Federacija BiH,Muškarci,12.2173852
2000,infant_(up_to_12_months_of_age)_mortality_rate,Broj,Federacija BiH,Muškarci,12.45415648
2001,infant_(up_to_12_months_of_age)_mortality_rate,Broj,Federacija BiH,Muškarci,9.556977403
2002,infant_(up_to_12_months_of_age)_mortality_rate,Broj,Federacija BiH,Muškarci,11.56553805
2003,infant_(up_to_12_months_of_age)_mortality_rate,Broj,Federacija BiH,Muškarci,10.09683026
2004,infant_(up_to_12_months_of_age)_mortality_rate,Broj,Federacija BiH,Muškarci,9.323806204
2005,infant_(up_to_12_months_of_age)_mortality_rate,Broj,Federacija BiH,Muškarci,10.01151768
2006,infant_(up_to_12_months_of_age)_mortality_rate,Broj,Federacija BiH,Muškarci,11.33220309
2007,infant_(up_to_12_months_of_age)_mortality_rate,Broj,Federacija BiH,Muškarci,10.09474896
2008,infant_(up_to_12_months_of_age)_mortality_rate,Broj,Federacija BiH,Muškarci,9.377664109
2009,infant_(up_to_12_months_of_age)_mortality_rate,Broj,Federacija BiH,Muškarci,7.325698889
2010,infant_(up_to_12_months_of_age)_mortality_rate,Broj,Federacija BiH,Muškarci,9.08225932
2011,infant_(up_to_12_months_of_age)_mortality_rate,Broj,Federacija BiH,Muškarci,7.717450518
2012,infant_(up_to_12_months_of_age)_mortality_rate,Broj,Federacija BiH,Muškarci,7.620584544
2013,infant_(up_to_12_months_of_age)_mortality_rate,Broj,Federacija BiH,Muškarci,8.468867289
2014,infant_(up_to_12_months_of_age)_mortality_rate,Broj,Federacija BiH,Muškarci,6.18556701
2015,infant_(up_to_12_months_of_age)_mortality_rate,Broj,Federacija BiH,Muškarci,8.498583569
2016,infant_(up_to_12_months_of_age)_mortality_rate,Broj,Federacija BiH,Muškarci,8.517720775
2017,infant_(up_to_12_months_of_age)_mortality_rate,Broj,Federacija BiH,Muškarci,8.490289841
2018,infant_(up_to_12_months_of_age)_mortality_rate,Broj,Federacija BiH,Muškarci,8.314514473
2019,infant_(up_to_12_months_of_age)_mortality_rate,Broj,Federacija BiH,Muškarci,9.526867908
1997,infant_(up_to_12_months_of_age)_mortality_rate,Broj,Federacija BiH,Žene,10.3408187
1998,infant_(up_to_12_months_of_age)_mortality_rate,Broj,Federacija BiH,Žene,9.711945032
1999,infant_(up_to_12_months_of_age)_mortality_rate,Broj,Federacija BiH,Žene,10.05684303
2000,infant_(up_to_12_months_of_age)_mortality_rate,Broj,Federacija BiH,Žene,9.524584826
2001,infant_(up_to_12_months_of_age)_mortality_rate,Broj,Federacija BiH,Žene,8.225516237
2002,infant_(up_to_12_months_of_age)_mortality_rate,Broj,Federacija BiH,Žene,9.453131902
2003,infant_(up_to_12_months_of_age)_mortality_rate,Broj,Federacija BiH,Žene,7.216959856
2004,infant_(up_to_12_months_of_age)_mortality_rate,Broj,Federacija BiH,Žene,7.703731205
2005,infant_(up_to_12_months_of_age)_mortality_rate,Broj,Federacija BiH,Žene,7.607776839
2006,infant_(up_to_12_months_of_age)_mortality_rate,Broj,Federacija BiH,Žene,7.503607504
2007,infant_(up_to_12_months_of_age)_mortality_rate,Broj,Federacija BiH,Žene,7.580118979
2008,infant_(up_to_12_months_of_age)_mortality_rate,Broj,Federacija BiH,Žene,7.506702413
2009,infant_(up_to_12_months_of_age)_mortality_rate,Broj,Federacija BiH,Žene,7.791972456
2010,infant_(up_to_12_months_of_age)_mortality_rate,Broj,Federacija BiH,Žene,6.191664356
2011,infant_(up_to_12_months_of_age)_mortality_rate,Broj,Federacija BiH,Žene,5.482670844
2012,infant_(up_to_12_months_of_age)_mortality_rate,Broj,Federacija BiH,Žene,5.233572398
2013,infant_(up_to_12_months_of_age)_mortality_rate,Broj,Federacija BiH,Žene,6.151322534
2014,infant_(up_to_12_months_of_age)_mortality_rate,Broj,Federacija BiH,Žene,6.601340897
2015,infant_(up_to_12_months_of_age)_mortality_rate,Broj,Federacija BiH,Žene,7.388642601
2016,infant_(up_to_12_months_of_age)_mortality_rate,Broj,Federacija BiH,Žene,6.355258977
2017,infant_(up_to_12_months_of_age)_mortality_rate,Broj,Federacija BiH,Žene,7.831262399
2018,infant_(up_to_12_months_of_age)_mortality_rate,Broj,Federacija BiH,Žene,8.408867533
2019,infant_(up_to_12_months_of_age)_mortality_rate,Broj,Federacija BiH,Žene,8.98928201
1996,infant_(up_to_12_months_of_age)_mortality_rate,Broj,Republika Srpska,Oba spola,14.59675446
1997,infant_(up_to_12_months_of_age)_mortality_rate,Broj,Republika Srpska,Oba spola,11.33968162
1998,infant_(up_to_12_months_of_age)_mortality_rate,Broj,Republika Srpska,Oba spola,8.279736823
1999,infant_(up_to_12_months_of_age)_mortality_rate,Broj,Republika Srpska,Oba spola,8.206896552
2000,infant_(up_to_12_months_of_age)_mortality_rate,Broj,Republika Srpska,Oba spola,7.258121345
2001,infant_(up_to_12_months_of_age)_mortality_rate,Broj,Republika Srpska,Oba spola,5.328856121
2002,infant_(up_to_12_months_of_age)_mortality_rate,Broj,Republika Srpska,Oba spola,7.214656291
2003,infant_(up_to_12_months_of_age)_mortality_rate,Broj,Republika Srpska,Oba spola,6.073835057
2004,infant_(up_to_12_months_of_age)_mortality_rate,Broj,Republika Srpska,Oba spola,5.73955589
2005,infant_(up_to_12_months_of_age)_mortality_rate,Broj,Republika Srpska,Oba spola,3.584576632
2006,infant_(up_to_12_months_of_age)_mortality_rate,Broj,Republika Srpska,Oba spola,4.75104523
2007,infant_(up_to_12_months_of_age)_mortality_rate,Broj,Republika Srpska,Oba spola,3.758654797
2008,infant_(up_to_12_months_of_age)_mortality_rate,Broj,Republika Srpska,Oba spola,3.922337713
2009,infant_(up_to_12_months_of_age)_mortality_rate,Broj,Republika Srpska,Oba spola,4.809959445
2010,infant_(up_to_12_months_of_age)_mortality_rate,Broj,Republika Srpska,Oba spola,4.336257022
2011,infant_(up_to_12_months_of_age)_mortality_rate,Broj,Republika Srpska,Oba spola,4.497437507
2012,infant_(up_to_12_months_of_age)_mortality_rate,Broj,Republika Srpska,Oba spola,3.708157947
2013,infant_(up_to_12_months_of_age)_mortality_rate,Broj,Republika Srpska,Oba spola,3.470031546
2014,infant_(up_to_12_months_of_age)_mortality_rate,Broj,Republika Srpska,Oba spola,3.106588109
2015,infant_(up_to_12_months_of_age)_mortality_rate,Broj,Republika Srpska,Oba spola,2.778668377
2016,infant_(up_to_12_months_of_age)_mortality_rate,Broj,Republika Srpska,Oba spola,2.43334744
2017,infant_(up_to_12_months_of_age)_mortality_rate,Broj,Republika Srpska,Oba spola,2.784023985
2018,infant_(up_to_12_months_of_age)_mortality_rate,Broj,Republika Srpska,Oba spola,1.776755853
2019,infant_(up_to_12_months_of_age)_mortality_rate,Broj,Republika Srpska,Oba spola,1.617425059
1996,infant_(up_to_12_months_of_age)_mortality_rate,Broj,Republika Srpska,Muškarci,15.54648241
1997,infant_(up_to_12_months_of_age)_mortality_rate,Broj,Republika Srpska,Muškarci,12.95986622
1998,infant_(up_to_12_months_of_age)_mortality_rate,Broj,Republika Srpska,Muškarci,9.461940404
1999,infant_(up_to_12_months_of_age)_mortality_rate,Broj,Republika Srpska,Muškarci,9.196645929
2000,infant_(up_to_12_months_of_age)_mortality_rate,Broj,Republika Srpska,Muškarci,7.787949173
2001,infant_(up_to_12_months_of_age)_mortality_rate,Broj,Republika Srpska,Muškarci,5.813129165
2002,infant_(up_to_12_months_of_age)_mortality_rate,Broj,Republika Srpska,Muškarci,8.326787117
2003,infant_(up_to_12_months_of_age)_mortality_rate,Broj,Republika Srpska,Muškarci,5.871559633
2004,infant_(up_to_12_months_of_age)_mortality_rate,Broj,Republika Srpska,Muškarci,7.796917498
2005,infant_(up_to_12_months_of_age)_mortality_rate,Broj,Republika Srpska,Muškarci,3.772161449
2006,infant_(up_to_12_months_of_age)_mortality_rate,Broj,Republika Srpska,Muškarci,5.793309662
2007,infant_(up_to_12_months_of_age)_mortality_rate,Broj,Republika Srpska,Muškarci,3.459542572
2008,infant_(up_to_12_months_of_age)_mortality_rate,Broj,Republika Srpska,Muškarci,3.800836184
2009,infant_(up_to_12_months_of_age)_mortality_rate,Broj,Republika Srpska,Muškarci,5.199928277
2010,infant_(up_to_12_months_of_age)_mortality_rate,Broj,Republika Srpska,Muškarci,3.858024691
2011,infant_(up_to_12_months_of_age)_mortality_rate,Broj,Republika Srpska,Muškarci,5.191693291
2012,infant_(up_to_12_months_of_age)_mortality_rate,Broj,Republika Srpska,Muškarci,4.912556494
2013,infant_(up_to_12_months_of_age)_mortality_rate,Broj,Republika Srpska,Muškarci,4.279600571
2014,infant_(up_to_12_months_of_age)_mortality_rate,Broj,Republika Srpska,Muškarci,2.269913331
2015,infant_(up_to_12_months_of_age)_mortality_rate,Broj,Republika Srpska,Muškarci,1.858736059
2016,infant_(up_to_12_months_of_age)_mortality_rate,Broj,Republika Srpska,Muškarci,3.447576556
2017,infant_(up_to_12_months_of_age)_mortality_rate,Broj,Republika Srpska,Muškarci,2.660663119
2018,infant_(up_to_12_months_of_age)_mortality_rate,Broj,Republika Srpska,Muškarci,1.399720056
2019,infant_(up_to_12_months_of_age)_mortality_rate,Broj,Republika Srpska,Muškarci,1.426533524
1996,infant_(up_to_12_months_of_age)_mortality_rate,Broj,Republika Srpska,Žene,13.57082273
1997,infant_(up_to_12_months_of_age)_mortality_rate,Broj,Republika Srpska,Žene,9.57301322
1998,infant_(up_to_12_months_of_age)_mortality_rate,Broj,Republika Srpska,Žene,6.981073534
1999,infant_(up_to_12_months_of_age)_mortality_rate,Broj,Republika Srpska,Žene,7.177033493
2000,infant_(up_to_12_months_of_age)_mortality_rate,Broj,Republika Srpska,Žene,6.693830035
2001,infant_(up_to_12_months_of_age)_mortality_rate,Broj,Republika Srpska,Žene,4.814926271
2002,infant_(up_to_12_months_of_age)_mortality_rate,Broj,Republika Srpska,Žene,6.029140847
2003,infant_(up_to_12_months_of_age)_mortality_rate,Broj,Republika Srpska,Žene,6.290544525
2004,infant_(up_to_12_months_of_age)_mortality_rate,Broj,Republika Srpska,Žene,3.520438099
2005,infant_(up_to_12_months_of_age)_mortality_rate,Broj,Republika Srpska,Žene,3.386454183
2006,infant_(up_to_12_months_of_age)_mortality_rate,Broj,Republika Srpska,Žene,3.672917069
2007,infant_(up_to_12_months_of_age)_mortality_rate,Broj,Republika Srpska,Žene,4.075810067
2008,infant_(up_to_12_months_of_age)_mortality_rate,Broj,Republika Srpska,Žene,4.051863857
2009,infant_(up_to_12_months_of_age)_mortality_rate,Broj,Republika Srpska,Žene,4.377238361
2010,infant_(up_to_12_months_of_age)_mortality_rate,Broj,Republika Srpska,Žene,4.835784808
2011,infant_(up_to_12_months_of_age)_mortality_rate,Broj,Republika Srpska,Žene,3.733801889
2012,infant_(up_to_12_months_of_age)_mortality_rate,Broj,Republika Srpska,Žene,2.454489671
2013,infant_(up_to_12_months_of_age)_mortality_rate,Broj,Republika Srpska,Žene,2.606995438
2014,infant_(up_to_12_months_of_age)_mortality_rate,Broj,Republika Srpska,Žene,4.009801738
2015,infant_(up_to_12_months_of_age)_mortality_rate,Broj,Republika Srpska,Žene,3.765227021
2016,infant_(up_to_12_months_of_age)_mortality_rate,Broj,Republika Srpska,Žene,1.327140013
2017,infant_(up_to_12_months_of_age)_mortality_rate,Broj,Republika Srpska,Žene,2.919380193
2018,infant_(up_to_12_months_of_age)_mortality_rate,Broj,Republika Srpska,Žene,2.189621196
2019,infant_(up_to_12_months_of_age)_mortality_rate,Broj,Republika Srpska,Žene,1.831921227
1996,number_of_infant_deaths,Broj,BiH,Oba spola,653.0
1997,number_of_infant_deaths,Broj,BiH,Oba spola,601.0
1998,number_of_infant_deaths,Broj,BiH,Oba spola,494.0
1999,number_of_infant_deaths,Broj,BiH,Oba spola,431.0
2000,number_of_infant_deaths,Broj,BiH,Oba spola,383.0
2001,number_of_infant_deaths,Broj,BiH,Oba spola,287.0
2002,number_of_infant_deaths,Broj,BiH,Oba spola,334.0
2003,number_of_infant_deaths,Broj,BiH,Oba spola,268.0
2004,number_of_infant_deaths,Broj,BiH,Oba spola,253.0
2005,number_of_infant_deaths,Broj,BiH,Oba spola,233.0
2006,number_of_infant_deaths,Broj,BiH,Oba spola,255.0
2007,number_of_infant_deaths,Broj,BiH,Oba spola,231.0
2008,number_of_infant_deaths,Broj,BiH,Oba spola,235.0
2009,number_of_infant_deaths,Broj,BiH,Oba spola,224.0
2010,number_of_infant_deaths,Broj,BiH,Oba spola,216.0
2011,number_of_infant_deaths,Broj,BiH,Oba spola,184.0
2012,number_of_infant_deaths,Broj,BiH,Oba spola,177.0
2013,number_of_infant_deaths,Broj,BiH,Oba spola,181.0
2014,number_of_infant_deaths,Broj,BiH,Oba spola,156.0
2015,number_of_infant_deaths,Broj,BiH,Oba spola,182.0
2016,number_of_infant_deaths,Broj,BiH,Oba spola,178.0
2017,number_of_infant_deaths,Broj,BiH,Oba spola,196.0
2018,number_of_infant_deaths,Broj,BiH,Oba spola,183.0
2019,number_of_infant_deaths,Broj,BiH,Oba spola,190.0
1996,number_of_infant_deaths,Broj,BiH,Muškarci,360.0
1997,number_of_infant_deaths,Broj,BiH,Muškarci,369.0
1998,number_of_infant_deaths,Broj,BiH,Muškarci,302.0
1999,number_of_infant_deaths,Broj,BiH,Muškarci,242.0
2000,number_of_infant_deaths,Broj,BiH,Muškarci,220.0
2001,number_of_infant_deaths,Broj,BiH,Muškarci,159.0
2002,number_of_infant_deaths,Broj,BiH,Muškarci,191.0
2003,number_of_infant_deaths,Broj,BiH,Muškarci,154.0
2004,number_of_infant_deaths,Broj,BiH,Muškarci,151.0
2005,number_of_infant_deaths,Broj,BiH,Muškarci,133.0
2006,number_of_infant_deaths,Broj,BiH,Muškarci,158.0
2007,number_of_infant_deaths,Broj,BiH,Muškarci,132.0
2008,number_of_infant_deaths,Broj,BiH,Muškarci,131.0
2009,number_of_infant_deaths,Broj,BiH,Muškarci,116.0
2010,number_of_infant_deaths,Broj,BiH,Muškarci,125.0
2011,number_of_infant_deaths,Broj,BiH,Muškarci,111.0
2012,number_of_infant_deaths,Broj,BiH,Muškarci,111.0
2013,number_of_infant_deaths,Broj,BiH,Muškarci,109.0
2014,number_of_infant_deaths,Broj,BiH,Muškarci,74.0
2015,number_of_infant_deaths,Broj,BiH,Muškarci,94.0
2016,number_of_infant_deaths,Broj,BiH,Muškarci,111.0
2017,number_of_infant_deaths,Broj,BiH,Muškarci,105.0
2018,number_of_infant_deaths,Broj,BiH,Muškarci,91.0
2019,number_of_infant_deaths,Broj,BiH,Muškarci,102.0
1996,number_of_infant_deaths,Broj,BiH,Žene,293.0
1997,number_of_infant_deaths,Broj,BiH,Žene,232.0
1998,number_of_infant_deaths,Broj,BiH,Žene,192.0
1999,number_of_infant_deaths,Broj,BiH,Žene,189.0
2000,number_of_infant_deaths,Broj,BiH,Žene,163.0
2001,number_of_infant_deaths,Broj,BiH,Žene,128.0
2002,number_of_infant_deaths,Broj,BiH,Žene,143.0
2003,number_of_infant_deaths,Broj,BiH,Žene,114.0
2004,number_of_infant_deaths,Broj,BiH,Žene,102.0
2005,number_of_infant_deaths,Broj,BiH,Žene,100.0
2006,number_of_infant_deaths,Broj,BiH,Žene,97.0
2007,number_of_infant_deaths,Broj,BiH,Žene,99.0
2008,number_of_infant_deaths,Broj,BiH,Žene,104.0
2009,number_of_infant_deaths,Broj,BiH,Žene,108.0
2010,number_of_infant_deaths,Broj,BiH,Žene,91.0
2011,number_of_infant_deaths,Broj,BiH,Žene,73.0
2012,number_of_infant_deaths,Broj,BiH,Žene,66.0
2013,number_of_infant_deaths,Broj,BiH,Žene,72.0
2014,number_of_infant_deaths,Broj,BiH,Žene,82.0
2015,number_of_infant_deaths,Broj,BiH,Žene,88.0
2016,number_of_infant_deaths,Broj,BiH,Žene,67.0
2017,number_of_infant_deaths,Broj,BiH,Žene,91.0
2018,number_of_infant_deaths,Broj,BiH,Žene,92.0
2019,number_of_infant_deaths,Broj,BiH,Žene,88.0
1997,number_of_infant_deaths,Broj,Federacija BiH,Oba spola,445.0
1998,number_of_infant_deaths,Broj,Federacija BiH,Oba spola,382.0
1999,number_of_infant_deaths,Broj,Federacija BiH,Oba spola,312.0
2000,number_of_infant_deaths,Broj,Federacija BiH,Oba spola,280.0
2001,number_of_infant_deaths,Broj,Federacija BiH,Oba spola,214.0
2002,number_of_infant_deaths,Broj,Federacija BiH,Oba spola,245.0
2003,number_of_infant_deaths,Broj,Federacija BiH,Oba spola,202.0
2004,number_of_infant_deaths,Broj,Federacija BiH,Oba spola,190.0
2005,number_of_infant_deaths,Broj,Federacija BiH,Oba spola,194.0
2006,number_of_infant_deaths,Broj,Federacija BiH,Oba spola,205.0
2007,number_of_infant_deaths,Broj,Federacija BiH,Oba spola,193.0
2008,number_of_infant_deaths,Broj,Federacija BiH,Oba spola,194.0
2009,number_of_infant_deaths,Broj,Federacija BiH,Oba spola,173.0
2010,number_of_infant_deaths,Broj,Federacija BiH,Oba spola,172.0
2011,number_of_infant_deaths,Broj,Federacija BiH,Oba spola,141.0
2012,number_of_infant_deaths,Broj,Federacija BiH,Oba spola,139.0
2013,number_of_infant_deaths,Broj,Federacija BiH,Oba spola,148.0
2014,number_of_infant_deaths,Broj,Federacija BiH,Oba spola,127.0
2015,number_of_infant_deaths,Broj,Federacija BiH,Oba spola,154.0
2016,number_of_infant_deaths,Broj,Federacija BiH,Oba spola,147.0
2017,number_of_infant_deaths,Broj,Federacija BiH,Oba spola,162.0
2018,number_of_infant_deaths,Broj,Federacija BiH,Oba spola,158.0
2019,number_of_infant_deaths,Broj,Federacija BiH,Oba spola,167.0
1997,number_of_infant_deaths,Broj,Federacija BiH,Muškarci,276.0
1998,number_of_infant_deaths,Broj,Federacija BiH,Muškarci,235.0
1999,number_of_infant_deaths,Broj,Federacija BiH,Muškarci,174.0
2000,number_of_infant_deaths,Broj,Federacija BiH,Muškarci,163.0
2001,number_of_infant_deaths,Broj,Federacija BiH,Muškarci,118.0
2002,number_of_infant_deaths,Broj,Federacija BiH,Muškarci,138.0
2003,number_of_infant_deaths,Broj,Federacija BiH,Muškarci,122.0
2004,number_of_infant_deaths,Broj,Federacija BiH,Muškarci,107.0
2005,number_of_infant_deaths,Broj,Federacija BiH,Muškarci,113.0
2006,number_of_infant_deaths,Broj,Federacija BiH,Muškarci,127.0
2007,number_of_infant_deaths,Broj,Federacija BiH,Muškarci,114.0
2008,number_of_infant_deaths,Broj,Federacija BiH,Muškarci,110.0
2009,number_of_infant_deaths,Broj,Federacija BiH,Muškarci,87.0
2010,number_of_infant_deaths,Broj,Federacija BiH,Muškarci,105.0
2011,number_of_infant_deaths,Broj,Federacija BiH,Muškarci,85.0
2012,number_of_infant_deaths,Broj,Federacija BiH,Muškarci,85.0
2013,number_of_infant_deaths,Broj,Federacija BiH,Muškarci,88.0
2014,number_of_infant_deaths,Broj,Federacija BiH,Muškarci,63.0
2015,number_of_infant_deaths,Broj,Federacija BiH,Muškarci,84.0
2016,number_of_infant_deaths,Broj,Federacija BiH,Muškarci,87.0
2017,number_of_infant_deaths,Broj,Federacija BiH,Muškarci,87.0
2018,number_of_infant_deaths,Broj,Federacija BiH,Muškarci,81.0
2019,number_of_infant_deaths,Broj,Federacija BiH,Muškarci,89.0
1997,number_of_infant_deaths,Broj,Federacija BiH,Žene,169.0
1998,number_of_infant_deaths,Broj,Federacija BiH,Žene,147.0
1999,number_of_infant_deaths,Broj,Federacija BiH,Žene,138.0
2000,number_of_infant_deaths,Broj,Federacija BiH,Žene,117.0
2001,number_of_infant_deaths,Broj,Federacija BiH,Žene,96.0
2002,number_of_infant_deaths,Broj,Federacija BiH,Žene,107.0
2003,number_of_infant_deaths,Broj,Federacija BiH,Žene,80.0
2004,number_of_infant_deaths,Broj,Federacija BiH,Žene,83.0
2005,number_of_infant_deaths,Broj,Federacija BiH,Žene,81.0
2006,number_of_infant_deaths,Broj,Federacija BiH,Žene,78.0
2007,number_of_infant_deaths,Broj,Federacija BiH,Žene,79.0
2008,number_of_infant_deaths,Broj,Federacija BiH,Žene,84.0
2009,number_of_infant_deaths,Broj,Federacija BiH,Žene,86.0
2010,number_of_infant_deaths,Broj,Federacija BiH,Žene,67.0
2011,number_of_infant_deaths,Broj,Federacija BiH,Žene,56.0
2012,number_of_infant_deaths,Broj,Federacija BiH,Žene,54.0
2013,number_of_infant_deaths,Broj,Federacija BiH,Žene,60.0
2014,number_of_infant_deaths,Broj,Federacija BiH,Žene,64.0
2015,number_of_infant_deaths,Broj,Federacija BiH,Žene,70.0
2016,number_of_infant_deaths,Broj,Federacija BiH,Žene,60.0
2017,number_of_infant_deaths,Broj,Federacija BiH,Žene,75.0
2018,number_of_infant_deaths,Broj,Federacija BiH,Žene,77.0
2019,number_of_infant_deaths,Broj,Federacija BiH,Žene,78.0
1996,infant_(up_to_12_months_of_age)_mortality_rate,Broj,Republika Srpska,Oba spola,179.0
1997,infant_(up_to_12_months_of_age)_mortality_rate,Broj,Republika Srpska,Oba spola,156.0
1998,infant_(up_to_12_months_of_age)_mortality_rate,Broj,Republika Srpska,Oba spola,112.0
1999,infant_(up_to_12_months_of_age)_mortality_rate,Broj,Republika Srpska,Oba spola,119.0
2000,infant_(up_to_12_months_of_age)_mortality_rate,Broj,Republika Srpska,Oba spola,103.0
2001,infant_(up_to_12_months_of_age)_mortality_rate,Broj,Republika Srpska,Oba spola,73.0
2002,infant_(up_to_12_months_of_age)_mortality_rate,Broj,Republika Srpska,Oba spola,89.0
2003,infant_(up_to_12_months_of_age)_mortality_rate,Broj,Republika Srpska,Oba spola,64.0
2004,infant_(up_to_12_months_of_age)_mortality_rate,Broj,Republika Srpska,Oba spola,61.0
2005,infant_(up_to_12_months_of_age)_mortality_rate,Broj,Republika Srpska,Oba spola,37.0
2006,infant_(up_to_12_months_of_age)_mortality_rate,Broj,Republika Srpska,Oba spola,50.0
2007,infant_(up_to_12_months_of_age)_mortality_rate,Broj,Republika Srpska,Oba spola,38.0
2008,infant_(up_to_12_months_of_age)_mortality_rate,Broj,Republika Srpska,Oba spola,40.0
2009,infant_(up_to_12_months_of_age)_mortality_rate,Broj,Republika Srpska,Oba spola,51.0
2010,infant_(up_to_12_months_of_age)_mortality_rate,Broj,Republika Srpska,Oba spola,44.0
2011,infant_(up_to_12_months_of_age)_mortality_rate,Broj,Republika Srpska,Oba spola,43.0
2012,infant_(up_to_12_months_of_age)_mortality_rate,Broj,Republika Srpska,Oba spola,37.0
2013,infant_(up_to_12_months_of_age)_mortality_rate,Broj,Republika Srpska,Oba spola,33.0
2014,infant_(up_to_12_months_of_age)_mortality_rate,Broj,Republika Srpska,Oba spola,29.0
2015,infant_(up_to_12_months_of_age)_mortality_rate,Broj,Republika Srpska,Oba spola,26.0
2016,infant_(up_to_12_months_of_age)_mortality_rate,Broj,Republika Srpska,Oba spola,23.0
2017,infant_(up_to_12_months_of_age)_mortality_rate,Broj,Republika Srpska,Oba spola,26.0
2018,infant_(up_to_12_months_of_age)_mortality_rate,Broj,Republika Srpska,Oba spola,17.0
2019,infant_(up_to_12_months_of_age)_mortality_rate,Broj,Republika Srpska,Oba spola,15.0
1996,infant_(up_to_12_months_of_age)_mortality_rate,Broj,Republika Srpska,Muškarci,99.0
1997,infant_(up_to_12_months_of_age)_mortality_rate,Broj,Republika Srpska,Muškarci,93.0
1998,infant_(up_to_12_months_of_age)_mortality_rate,Broj,Republika Srpska,Muškarci,67.0
1999,infant_(up_to_12_months_of_age)_mortality_rate,Broj,Republika Srpska,Muškarci,68.0
2000,infant_(up_to_12_months_of_age)_mortality_rate,Broj,Republika Srpska,Muškarci,57.0
2001,infant_(up_to_12_months_of_age)_mortality_rate,Broj,Republika Srpska,Muškarci,41.0
2002,infant_(up_to_12_months_of_age)_mortality_rate,Broj,Republika Srpska,Muškarci,53.0
2003,infant_(up_to_12_months_of_age)_mortality_rate,Broj,Republika Srpska,Muškarci,32.0
2004,infant_(up_to_12_months_of_age)_mortality_rate,Broj,Republika Srpska,Muškarci,43.0
2005,infant_(up_to_12_months_of_age)_mortality_rate,Broj,Republika Srpska,Muškarci,20.0
2006,infant_(up_to_12_months_of_age)_mortality_rate,Broj,Republika Srpska,Muškarci,31.0
2007,infant_(up_to_12_months_of_age)_mortality_rate,Broj,Republika Srpska,Muškarci,18.0
2008,infant_(up_to_12_months_of_age)_mortality_rate,Broj,Republika Srpska,Muškarci,20.0
2009,infant_(up_to_12_months_of_age)_mortality_rate,Broj,Republika Srpska,Muškarci,29.0
2010,infant_(up_to_12_months_of_age)_mortality_rate,Broj,Republika Srpska,Muškarci,20.0
2011,infant_(up_to_12_months_of_age)_mortality_rate,Broj,Republika Srpska,Muškarci,26.0
2012,infant_(up_to_12_months_of_age)_mortality_rate,Broj,Republika Srpska,Muškarci,25.0
2013,infant_(up_to_12_months_of_age)_mortality_rate,Broj,Republika Srpska,Muškarci,21.0
2014,infant_(up_to_12_months_of_age)_mortality_rate,Broj,Republika Srpska,Muškarci,11.0
2015,infant_(up_to_12_months_of_age)_mortality_rate,Broj,Republika Srpska,Muškarci,9.0
2016,infant_(up_to_12_months_of_age)_mortality_rate,Broj,Republika Srpska,Muškarci,17.0
2017,infant_(up_to_12_months_of_age)_mortality_rate,Broj,Republika Srpska,Muškarci,13.0
2018,infant_(up_to_12_months_of_age)_mortality_rate,Broj,Republika Srpska,Muškarci,7.0
2019,infant_(up_to_12_months_of_age)_mortality_rate,Broj,Republika Srpska,Muškarci,7.0
1996,infant_(up_to_12_months_of_age)_mortality_rate,Broj,Republika Srpska,Žene,80.0
1997,infant_(up_to_12_months_of_age)_mortality_rate,Broj,Republika Srpska,Žene,63.0
1998,infant_(up_to_12_months_of_age)_mortality_rate,Broj,Republika Srpska,Žene,45.0
1999,infant_(up_to_12_months_of_age)_mortality_rate,Broj,Republika Srpska,Žene,51.0
2000,infant_(up_to_12_months_of_age)_mortality_rate,Broj,Republika Srpska,Žene,46.0
2001,infant_(up_to_12_months_of_age)_mortality_rate,Broj,Republika Srpska,Žene,32.0
2002,infant_(up_to_12_months_of_age)_mortality_rate,Broj,Republika Srpska,Žene,36.0
2003,infant_(up_to_12_months_of_age)_mortality_rate,Broj,Republika Srpska,Žene,32.0
2004,infant_(up_to_12_months_of_age)_mortality_rate,Broj,Republika Srpska,Žene,18.0
2005,infant_(up_to_12_months_of_age)_mortality_rate,Broj,Republika Srpska,Žene,17.0
2006,infant_(up_to_12_months_of_age)_mortality_rate,Broj,Republika Srpska,Žene,19.0
2007,infant_(up_to_12_months_of_age)_mortality_rate,Broj,Republika Srpska,Žene,20.0
2008,infant_(up_to_12_months_of_age)_mortality_rate,Broj,Republika Srpska,Žene,20.0
2009,infant_(up_to_12_months_of_age)_mortality_rate,Broj,Republika Srpska,Žene,22.0
2010,infant_(up_to_12_months_of_age)_mortality_rate,Broj,Republika Srpska,Žene,24.0
2011,infant_(up_to_12_months_of_age)_mortality_rate,Broj,Republika Srpska,Žene,17.0
2012,infant_(up_to_12_months_of_age)_mortality_rate,Broj,Republika Srpska,Žene,12.0
2013,infant_(up_to_12_months_of_age)_mortality_rate,Broj,Republika Srpska,Žene,12.0
2014,infant_(up_to_12_months_of_age)_mortality_rate,Broj,Republika Srpska,Žene,18.0
2015,infant_(up_to_12_months_of_age)_mortality_rate,Broj,Republika Srpska,Žene,17.0
2016,infant_(up_to_12_months_of_age)_mortality_rate,Broj,Republika Srpska,Žene,6.0
2017,infant_(up_to_12_months_of_age)_mortality_rate,Broj,Republika Srpska,Žene,13.0
2018,infant_(up_to_12_months_of_age)_mortality_rate,Broj,Republika Srpska,Žene,10.0
2019,infant_(up_to_12_months_of_age)_mortality_rate,Broj,Republika Srpska,Žene,8.0
