Year,UNIT_MEASURE,Entitet,Value
1971,number_birth_rate,BiH,6.6
1972,number_birth_rate,BiH,7.0
1973,number_birth_rate,BiH,6.4
1974,number_birth_rate,BiH,6.0
1975,number_birth_rate,BiH,6.4
1976,number_birth_rate,BiH,6.2
1977,number_birth_rate,BiH,6.1
1978,number_birth_rate,BiH,6.3
1979,number_birth_rate,BiH,6.1
1980,number_birth_rate,BiH,6.4
1981,number_birth_rate,BiH,6.3
1982,number_birth_rate,BiH,6.4
1983,number_birth_rate,BiH,7.2
1984,number_birth_rate,BiH,6.9
1985,number_birth_rate,BiH,6.9
1986,number_birth_rate,BiH,6.9
1987,number_birth_rate,BiH,6.9
1988,number_birth_rate,BiH,6.9
1989,number_birth_rate,BiH,7.0
1990,number_birth_rate,BiH,6.7
1991,number_birth_rate,BiH,7.2
1996,number_birth_rate,BiH,6.9
1997,number_birth_rate,BiH,7.5
1998,number_birth_rate,BiH,7.9
1999,number_birth_rate,BiH,7.7
2000,number_birth_rate,BiH,8.1
2001,number_birth_rate,BiH,8.0
2002,number_birth_rate,BiH,7.9
2003,number_birth_rate,BiH,8.3
2004,number_birth_rate,BiH,8.5
2005,number_birth_rate,BiH,9.0
2006,number_birth_rate,BiH,8.6
2007,number_birth_rate,BiH,9.1
2008,number_birth_rate,BiH,8.9
2009,number_birth_rate,BiH,9.1
2010,number_birth_rate,BiH,9.1
2011,number_birth_rate,BiH,9.1
2012,number_birth_rate,BiH,9.3
2013,number_birth_rate,BiH,10.1
2014,number_birth_rate,BiH,10.2
2015,number_birth_rate,BiH,10.8
2016,number_birth_rate,BiH,10.4
2017,number_birth_rate,BiH,10.8
2018,number_birth_rate,BiH,10.8
2019,number_birth_rate,BiH,11.1
1996,number_birth_rate,Federacija BiH,6.3
1997,number_birth_rate,Federacija BiH,6.9
1998,number_birth_rate,Federacija BiH,7.3
1999,number_birth_rate,Federacija BiH,7.1
2000,number_birth_rate,Federacija BiH,7.4
2001,number_birth_rate,Federacija BiH,7.3
2002,number_birth_rate,Federacija BiH,7.4
2003,number_birth_rate,Federacija BiH,7.9
2004,number_birth_rate,Federacija BiH,7.9
2005,number_birth_rate,Federacija BiH,8.3
2006,number_birth_rate,Federacija BiH,8.0
2007,number_birth_rate,Federacija BiH,8.7
2008,number_birth_rate,Federacija BiH,8.3
2009,number_birth_rate,Federacija BiH,8.3
2010,number_birth_rate,Federacija BiH,8.6
2011,number_birth_rate,Federacija BiH,8.8
2012,number_birth_rate,Federacija BiH,8.7
2013,number_birth_rate,Federacija BiH,8.9
2014,number_birth_rate,Federacija BiH,8.7
2015,number_birth_rate,Federacija BiH,9.8
2016,number_birth_rate,Federacija BiH,9.6
2017,number_birth_rate,Federacija BiH,9.9
2018,number_birth_rate,Federacija BiH,9.8
2019,number_birth_rate,Federacija BiH,10.1
1996,number_birth_rate,Republika Srpska,8.9
1997,number_birth_rate,Republika Srpska,9.6
1998,number_birth_rate,Republika Srpska,10.1
1999,number_birth_rate,Republika Srpska,10.2
2000,number_birth_rate,Republika Srpska,10.8
2001,number_birth_rate,Republika Srpska,10.8
2002,number_birth_rate,Republika Srpska,10.9
2003,number_birth_rate,Republika Srpska,10.9
2004,number_birth_rate,Republika Srpska,11.0
2005,number_birth_rate,Republika Srpska,11.6
2006,number_birth_rate,Republika Srpska,11.2
2007,number_birth_rate,Republika Srpska,12.0
2008,number_birth_rate,Republika Srpska,11.4
2009,number_birth_rate,Republika Srpska,11.7
2010,number_birth_rate,Republika Srpska,11.5
2011,number_birth_rate,Republika Srpska,11.6
2012,number_birth_rate,Republika Srpska,11.8
2013,number_birth_rate,Republika Srpska,11.9
2014,number_birth_rate,Republika Srpska,12.3
2015,number_birth_rate,Republika Srpska,13.0
2016,number_birth_rate,Republika Srpska,12.1
2017,number_birth_rate,Republika Srpska,12.7
2018,number_birth_rate,Republika Srpska,12.9
2019,number_birth_rate,Republika Srpska,13.2
2004,number_birth_rate,Brčko Distrikt BiH,10.5
2005,number_birth_rate,Brčko Distrikt BiH,11.0
2006,number_birth_rate,Brčko Distrikt BiH,9.8
2007,number_birth_rate,Brčko Distrikt BiH,10.8
2008,number_birth_rate,Brčko Distrikt BiH,11.8
2009,number_birth_rate,Brčko Distrikt BiH,12.1
2010,number_birth_rate,Brčko Distrikt BiH,12.0
2011,number_birth_rate,Brčko Distrikt BiH,12.6
2012,number_birth_rate,Brčko Distrikt BiH,12.2
2013,number_birth_rate,Brčko Distrikt BiH,11.2
2014,number_birth_rate,Brčko Distrikt BiH,12.0
2015,number_birth_rate,Brčko Distrikt BiH,13.4
2016,number_birth_rate,Brčko Distrikt BiH,11.9
2017,number_birth_rate,Brčko Distrikt BiH,13.2
2018,number_birth_rate,Brčko Distrikt BiH,12.4
2019,number_birth_rate,Brčko Distrikt BiH,13.6
