Year,SPOL,Entity,UNIT_MEASURE,Value
1971,Oba spola,BiH,NO_PER_1000_LIVE_BIRTHS,22.0
1981,Oba spola,BiH,NO_PER_1000_LIVE_BIRTHS,17.2
1991,Oba spola,BiH,NO_PER_1000_LIVE_BIRTHS,14.9
1996,Oba spola,BiH,NO_PER_1000_LIVE_BIRTHS,14.0
1997,Oba spola,BiH,NO_PER_1000_LIVE_BIRTHS,12.4
1998,Oba spola,BiH,NO_PER_1000_LIVE_BIRTHS,11.0
1999,Oba spola,BiH,NO_PER_1000_LIVE_BIRTHS,10.1
2000,Oba spola,BiH,NO_PER_1000_LIVE_BIRTHS,9.7
2001,Oba spola,BiH,NO_PER_1000_LIVE_BIRTHS,7.6
2002,Oba spola,BiH,NO_PER_1000_LIVE_BIRTHS,9.4
2003,Oba spola,BiH,NO_PER_1000_LIVE_BIRTHS,7.6
2004,Oba spola,BiH,NO_PER_1000_LIVE_BIRTHS,7.2
2005,Oba spola,BiH,NO_PER_1000_LIVE_BIRTHS,6.7
2006,Oba spola,BiH,NO_PER_1000_LIVE_BIRTHS,7.5
2007,Oba spola,BiH,NO_PER_1000_LIVE_BIRTHS,6.8
2008,Oba spola,BiH,NO_PER_1000_LIVE_BIRTHS,6.9
2009,Oba spola,BiH,NO_PER_1000_LIVE_BIRTHS,6.5
2010,Oba spola,BiH,NO_PER_1000_LIVE_BIRTHS,6.4
2011,Oba spola,BiH,NO_PER_1000_LIVE_BIRTHS,5.8
2012,Oba spola,BiH,NO_PER_1000_LIVE_BIRTHS,5.4
2013,Oba spola,BiH,NO_PER_1000_LIVE_BIRTHS,5.9
2014,Oba spola,BiH,NO_PER_1000_LIVE_BIRTHS,5.2
2015,Oba spola,BiH,NO_PER_1000_LIVE_BIRTHS,6.1
2016,Oba spola,BiH,NO_PER_1000_LIVE_BIRTHS,5.9
2017,Oba spola,BiH,NO_PER_1000_LIVE_BIRTHS,6.5
2018,Oba spola,BiH,NO_PER_1000_LIVE_BIRTHS,6.2
2019,Oba spola,BiH,NO_PER_1000_LIVE_BIRTHS,6.7
1996,M,BiH,NO_PER_1000_LIVE_BIRTHS,14.8
1997,M,BiH,NO_PER_1000_LIVE_BIRTHS,14.6
1998,M,BiH,NO_PER_1000_LIVE_BIRTHS,12.9
1999,M,BiH,NO_PER_1000_LIVE_BIRTHS,11.2
2000,M,BiH,NO_PER_1000_LIVE_BIRTHS,10.8
2001,M,BiH,NO_PER_1000_LIVE_BIRTHS,8.2
2002,M,BiH,NO_PER_1000_LIVE_BIRTHS,10.4
2003,M,BiH,NO_PER_1000_LIVE_BIRTHS,8.4
2004,M,BiH,NO_PER_1000_LIVE_BIRTHS,8.3
2005,M,BiH,NO_PER_1000_LIVE_BIRTHS,7.5
2006,M,BiH,NO_PER_1000_LIVE_BIRTHS,9.0
2007,M,BiH,NO_PER_1000_LIVE_BIRTHS,7.5
2008,M,BiH,NO_PER_1000_LIVE_BIRTHS,7.4
2009,M,BiH,NO_PER_1000_LIVE_BIRTHS,6.4
2010,M,BiH,NO_PER_1000_LIVE_BIRTHS,7.2
2011,M,BiH,NO_PER_1000_LIVE_BIRTHS,6.7
2012,M,BiH,NO_PER_1000_LIVE_BIRTHS,6.6
2013,M,BiH,NO_PER_1000_LIVE_BIRTHS,6.9
2014,M,BiH,NO_PER_1000_LIVE_BIRTHS,4.7
2015,M,BiH,NO_PER_1000_LIVE_BIRTHS,6.1
2016,M,BiH,NO_PER_1000_LIVE_BIRTHS,7.1
2017,M,BiH,NO_PER_1000_LIVE_BIRTHS,6.7
2018,M,BiH,NO_PER_1000_LIVE_BIRTHS,6.0
2019,M,BiH,NO_PER_1000_LIVE_BIRTHS,6.9
1996,Ž,BiH,NO_PER_1000_LIVE_BIRTHS,13.2
1997,Ž,BiH,NO_PER_1000_LIVE_BIRTHS,10.0
1998,Ž,BiH,NO_PER_1000_LIVE_BIRTHS,8.9
1999,Ž,BiH,NO_PER_1000_LIVE_BIRTHS,9.1
2000,Ž,BiH,NO_PER_1000_LIVE_BIRTHS,8.5
2001,Ž,BiH,NO_PER_1000_LIVE_BIRTHS,7.0
2002,Ž,BiH,NO_PER_1000_LIVE_BIRTHS,8.3
2003,Ž,BiH,NO_PER_1000_LIVE_BIRTHS,6.7
2004,Ž,BiH,NO_PER_1000_LIVE_BIRTHS,6.0
2005,Ž,BiH,NO_PER_1000_LIVE_BIRTHS,5.9
2006,Ž,BiH,NO_PER_1000_LIVE_BIRTHS,5.9
2007,Ž,BiH,NO_PER_1000_LIVE_BIRTHS,6.1
2008,Ž,BiH,NO_PER_1000_LIVE_BIRTHS,6.3
2009,Ž,BiH,NO_PER_1000_LIVE_BIRTHS,6.5
2010,Ž,BiH,NO_PER_1000_LIVE_BIRTHS,5.6
2011,Ž,BiH,NO_PER_1000_LIVE_BIRTHS,4.8
2012,Ž,BiH,NO_PER_1000_LIVE_BIRTHS,4.2
2013,Ž,BiH,NO_PER_1000_LIVE_BIRTHS,4.8
2014,Ž,BiH,NO_PER_1000_LIVE_BIRTHS,5.6
2015,Ž,BiH,NO_PER_1000_LIVE_BIRTHS,6.1
2016,Ž,BiH,NO_PER_1000_LIVE_BIRTHS,4.6
2017,Ž,BiH,NO_PER_1000_LIVE_BIRTHS,6.3
2018,Ž,BiH,NO_PER_1000_LIVE_BIRTHS,6.5
2019,Ž,BiH,NO_PER_1000_LIVE_BIRTHS,6.5
1996,Oba spola,FBIH,NO_PER_1000_LIVE_BIRTHS,13.8
1997,Oba spola,FBIH,NO_PER_1000_LIVE_BIRTHS,13.0
1998,Oba spola,FBIH,NO_PER_1000_LIVE_BIRTHS,12.1
1999,Oba spola,FBIH,NO_PER_1000_LIVE_BIRTHS,11.2
2000,Oba spola,FBIH,NO_PER_1000_LIVE_BIRTHS,11.0
2001,Oba spola,FBIH,NO_PER_1000_LIVE_BIRTHS,8.9
2002,Oba spola,FBIH,NO_PER_1000_LIVE_BIRTHS,10.5
2003,Oba spola,FBIH,NO_PER_1000_LIVE_BIRTHS,8.7
2004,Oba spola,FBIH,NO_PER_1000_LIVE_BIRTHS,8.5
2005,Oba spola,FBIH,NO_PER_1000_LIVE_BIRTHS,8.8
2006,Oba spola,FBIH,NO_PER_1000_LIVE_BIRTHS,9.5
2007,Oba spola,FBIH,NO_PER_1000_LIVE_BIRTHS,8.9
2008,Oba spola,FBIH,NO_PER_1000_LIVE_BIRTHS,8.5
2009,Oba spola,FBIH,NO_PER_1000_LIVE_BIRTHS,7.6
2010,Oba spola,FBIH,NO_PER_1000_LIVE_BIRTHS,7.7
2011,Oba spola,FBIH,NO_PER_1000_LIVE_BIRTHS,6.6
2012,Oba spola,FBIH,NO_PER_1000_LIVE_BIRTHS,6.5
2013,Oba spola,FBIH,NO_PER_1000_LIVE_BIRTHS,7.3
2014,Oba spola,FBIH,NO_PER_1000_LIVE_BIRTHS,6.4
2015,Oba spola,FBIH,NO_PER_1000_LIVE_BIRTHS,8.0
2016,Oba spola,FBIH,NO_PER_1000_LIVE_BIRTHS,7.5
2017,Oba spola,FBIH,NO_PER_1000_LIVE_BIRTHS,8.2
2018,Oba spola,FBIH,NO_PER_1000_LIVE_BIRTHS,8.4
2019,Oba spola,FBIH,NO_PER_1000_LIVE_BIRTHS,9.3
1997,M,FBIH,NO_PER_1000_LIVE_BIRTHS,15.4
1998,M,FBIH,NO_PER_1000_LIVE_BIRTHS,14.4
1999,M,FBIH,NO_PER_1000_LIVE_BIRTHS,12.2
2000,M,FBIH,NO_PER_1000_LIVE_BIRTHS,12.5
2001,M,FBIH,NO_PER_1000_LIVE_BIRTHS,9.6
2002,M,FBIH,NO_PER_1000_LIVE_BIRTHS,11.6
2003,M,FBIH,NO_PER_1000_LIVE_BIRTHS,10.1
2004,M,FBIH,NO_PER_1000_LIVE_BIRTHS,9.3
2005,M,FBIH,NO_PER_1000_LIVE_BIRTHS,10.0
2006,M,FBIH,NO_PER_1000_LIVE_BIRTHS,11.3
2007,M,FBIH,NO_PER_1000_LIVE_BIRTHS,10.1
2008,M,FBIH,NO_PER_1000_LIVE_BIRTHS,9.4
2009,M,FBIH,NO_PER_1000_LIVE_BIRTHS,7.3
2010,M,FBIH,NO_PER_1000_LIVE_BIRTHS,9.1
2011,M,FBIH,NO_PER_1000_LIVE_BIRTHS,7.7
2012,M,FBIH,NO_PER_1000_LIVE_BIRTHS,7.6
2013,M,FBIH,NO_PER_1000_LIVE_BIRTHS,8.5
2014,M,FBIH,NO_PER_1000_LIVE_BIRTHS,6.2
2015,M,FBIH,NO_PER_1000_LIVE_BIRTHS,8.5
2016,M,FBIH,NO_PER_1000_LIVE_BIRTHS,8.5
2017,M,FBIH,NO_PER_1000_LIVE_BIRTHS,8.5
2018,M,FBIH,NO_PER_1000_LIVE_BIRTHS,8.3
2019,M,FBIH,NO_PER_1000_LIVE_BIRTHS,9.5
1997,Ž,FBIH,NO_PER_1000_LIVE_BIRTHS,10.3
1998,Ž,FBIH,NO_PER_1000_LIVE_BIRTHS,9.7
1999,Ž,FBIH,NO_PER_1000_LIVE_BIRTHS,10.1
2000,Ž,FBIH,NO_PER_1000_LIVE_BIRTHS,9.5
2001,Ž,FBIH,NO_PER_1000_LIVE_BIRTHS,8.2
2002,Ž,FBIH,NO_PER_1000_LIVE_BIRTHS,9.5
2003,Ž,FBIH,NO_PER_1000_LIVE_BIRTHS,7.2
2004,Ž,FBIH,NO_PER_1000_LIVE_BIRTHS,7.7
2005,Ž,FBIH,NO_PER_1000_LIVE_BIRTHS,7.6
2006,Ž,FBIH,NO_PER_1000_LIVE_BIRTHS,7.5
2007,Ž,FBIH,NO_PER_1000_LIVE_BIRTHS,7.6
2008,Ž,FBIH,NO_PER_1000_LIVE_BIRTHS,7.5
2009,Ž,FBIH,NO_PER_1000_LIVE_BIRTHS,7.8
2010,Ž,FBIH,NO_PER_1000_LIVE_BIRTHS,6.2
2011,Ž,FBIH,NO_PER_1000_LIVE_BIRTHS,5.5
2012,Ž,FBIH,NO_PER_1000_LIVE_BIRTHS,5.2
2013,Ž,FBIH,NO_PER_1000_LIVE_BIRTHS,6.2
2014,Ž,FBIH,NO_PER_1000_LIVE_BIRTHS,6.6
2015,Ž,FBIH,NO_PER_1000_LIVE_BIRTHS,7.4
2016,Ž,FBIH,NO_PER_1000_LIVE_BIRTHS,6.4
2017,Ž,FBIH,NO_PER_1000_LIVE_BIRTHS,7.8
2018,Ž,FBIH,NO_PER_1000_LIVE_BIRTHS,8.4
2019,Ž,FBIH,NO_PER_1000_LIVE_BIRTHS,9.0
1996,Oba spola,RS,NO_PER_1000_LIVE_BIRTHS,14.6
1997,Oba spola,RS,NO_PER_1000_LIVE_BIRTHS,11.3
1998,Oba spola,RS,NO_PER_1000_LIVE_BIRTHS,8.3
1999,Oba spola,RS,NO_PER_1000_LIVE_BIRTHS,8.2
2000,Oba spola,RS,NO_PER_1000_LIVE_BIRTHS,7.3
2001,Oba spola,RS,NO_PER_1000_LIVE_BIRTHS,5.3
2002,Oba spola,RS,NO_PER_1000_LIVE_BIRTHS,7.2
2003,Oba spola,RS,NO_PER_1000_LIVE_BIRTHS,6.1
2004,Oba spola,RS,NO_PER_1000_LIVE_BIRTHS,5.7
2005,Oba spola,RS,NO_PER_1000_LIVE_BIRTHS,3.6
2006,Oba spola,RS,NO_PER_1000_LIVE_BIRTHS,4.8
2007,Oba spola,RS,NO_PER_1000_LIVE_BIRTHS,3.8
2008,Oba spola,RS,NO_PER_1000_LIVE_BIRTHS,3.9
2009,Oba spola,RS,NO_PER_1000_LIVE_BIRTHS,4.8
2010,Oba spola,RS,NO_PER_1000_LIVE_BIRTHS,4.3
2011,Oba spola,RS,NO_PER_1000_LIVE_BIRTHS,4.5
2012,Oba spola,RS,NO_PER_1000_LIVE_BIRTHS,3.7
2013,Oba spola,RS,NO_PER_1000_LIVE_BIRTHS,3.5
2014,Oba spola,RS,NO_PER_1000_LIVE_BIRTHS,3.1
2015,Oba spola,RS,NO_PER_1000_LIVE_BIRTHS,2.8
2016,Oba spola,RS,NO_PER_1000_LIVE_BIRTHS,2.4
2017,Oba spola,RS,NO_PER_1000_LIVE_BIRTHS,2.8
2018,Oba spola,RS,NO_PER_1000_LIVE_BIRTHS,1.8
2019,Oba spola,RS,NO_PER_1000_LIVE_BIRTHS,1.6
1996,M,RS,NO_PER_1000_LIVE_BIRTHS,15.5
1997,M,RS,NO_PER_1000_LIVE_BIRTHS,13.0
1998,M,RS,NO_PER_1000_LIVE_BIRTHS,9.5
1999,M,RS,NO_PER_1000_LIVE_BIRTHS,9.2
2000,M,RS,NO_PER_1000_LIVE_BIRTHS,7.8
2001,M,RS,NO_PER_1000_LIVE_BIRTHS,5.8
2002,M,RS,NO_PER_1000_LIVE_BIRTHS,8.3
2003,M,RS,NO_PER_1000_LIVE_BIRTHS,5.9
2004,M,RS,NO_PER_1000_LIVE_BIRTHS,7.8
2005,M,RS,NO_PER_1000_LIVE_BIRTHS,3.8
2006,M,RS,NO_PER_1000_LIVE_BIRTHS,5.8
2007,M,RS,NO_PER_1000_LIVE_BIRTHS,3.5
2008,M,RS,NO_PER_1000_LIVE_BIRTHS,3.8
2009,M,RS,NO_PER_1000_LIVE_BIRTHS,5.2
2010,M,RS,NO_PER_1000_LIVE_BIRTHS,3.9
2011,M,RS,NO_PER_1000_LIVE_BIRTHS,5.2
2012,M,RS,NO_PER_1000_LIVE_BIRTHS,4.9
2013,M,RS,NO_PER_1000_LIVE_BIRTHS,4.3
2014,M,RS,NO_PER_1000_LIVE_BIRTHS,2.3
2015,M,RS,NO_PER_1000_LIVE_BIRTHS,1.9
2016,M,RS,NO_PER_1000_LIVE_BIRTHS,3.4
2017,M,RS,NO_PER_1000_LIVE_BIRTHS,2.7
2018,M,RS,NO_PER_1000_LIVE_BIRTHS,1.4
2019,M,RS,NO_PER_1000_LIVE_BIRTHS,1.4
1996,Ž,RS,NO_PER_1000_LIVE_BIRTHS,13.6
1997,Ž,RS,NO_PER_1000_LIVE_BIRTHS,9.6
1998,Ž,RS,NO_PER_1000_LIVE_BIRTHS,7.0
1999,Ž,RS,NO_PER_1000_LIVE_BIRTHS,7.2
2000,Ž,RS,NO_PER_1000_LIVE_BIRTHS,6.7
2001,Ž,RS,NO_PER_1000_LIVE_BIRTHS,4.8
2002,Ž,RS,NO_PER_1000_LIVE_BIRTHS,6.0
2003,Ž,RS,NO_PER_1000_LIVE_BIRTHS,6.3
2004,Ž,RS,NO_PER_1000_LIVE_BIRTHS,3.5
2005,Ž,RS,NO_PER_1000_LIVE_BIRTHS,3.4
2006,Ž,RS,NO_PER_1000_LIVE_BIRTHS,3.7
2007,Ž,RS,NO_PER_1000_LIVE_BIRTHS,4.1
2008,Ž,RS,NO_PER_1000_LIVE_BIRTHS,4.1
2009,Ž,RS,NO_PER_1000_LIVE_BIRTHS,4.4
2010,Ž,RS,NO_PER_1000_LIVE_BIRTHS,4.8
2011,Ž,RS,NO_PER_1000_LIVE_BIRTHS,3.7
2012,Ž,RS,NO_PER_1000_LIVE_BIRTHS,2.5
2013,Ž,RS,NO_PER_1000_LIVE_BIRTHS,2.6
2014,Ž,RS,NO_PER_1000_LIVE_BIRTHS,4.0
2015,Ž,RS,NO_PER_1000_LIVE_BIRTHS,3.8
2016,Ž,RS,NO_PER_1000_LIVE_BIRTHS,1.3
2017,Ž,RS,NO_PER_1000_LIVE_BIRTHS,2.9
2018,Ž,RS,NO_PER_1000_LIVE_BIRTHS,2.2
2019,Ž,RS,NO_PER_1000_LIVE_BIRTHS,1.8
2004,Oba spola,BD,NO_PER_1000_LIVE_BIRTHS,0.0
2005,Oba spola,BD,NO_PER_1000_LIVE_BIRTHS,0.0
2006,Oba spola,BD,NO_PER_1000_LIVE_BIRTHS,0.0
2007,Oba spola,BD,NO_PER_1000_LIVE_BIRTHS,0.0
2008,Oba spola,BD,NO_PER_1000_LIVE_BIRTHS,0.0
2009,Oba spola,BD,NO_PER_1000_LIVE_BIRTHS,0.0
2010,Oba spola,BD,NO_PER_1000_LIVE_BIRTHS,0.0
2011,Oba spola,BD,NO_PER_1000_LIVE_BIRTHS,0.0
2012,Oba spola,BD,NO_PER_1000_LIVE_BIRTHS,0.0
2013,Oba spola,BD,NO_PER_1000_LIVE_BIRTHS,0.0
2014,Oba spola,BD,NO_PER_1000_LIVE_BIRTHS,0.0
2015,Oba spola,BD,NO_PER_1000_LIVE_BIRTHS,0.0
2016,Oba spola,BD,NO_PER_1000_LIVE_BIRTHS,0.0
2017,Oba spola,BD,NO_PER_1000_LIVE_BIRTHS,0.0
2018,Oba spola,BD,NO_PER_1000_LIVE_BIRTHS,0.0
2019,Oba spola,BD,NO_PER_1000_LIVE_BIRTHS,0.0
2004,M,BD,NO_PER_1000_LIVE_BIRTHS,0.0
2005,M,BD,NO_PER_1000_LIVE_BIRTHS,0.0
2006,M,BD,NO_PER_1000_LIVE_BIRTHS,0.0
2007,M,BD,NO_PER_1000_LIVE_BIRTHS,0.0
2008,M,BD,NO_PER_1000_LIVE_BIRTHS,0.0
2009,M,BD,NO_PER_1000_LIVE_BIRTHS,0.0
2010,M,BD,NO_PER_1000_LIVE_BIRTHS,0.0
2011,M,BD,NO_PER_1000_LIVE_BIRTHS,0.0
2012,M,BD,NO_PER_1000_LIVE_BIRTHS,0.0
2013,M,BD,NO_PER_1000_LIVE_BIRTHS,0.0
2014,M,BD,NO_PER_1000_LIVE_BIRTHS,0.0
2015,M,BD,NO_PER_1000_LIVE_BIRTHS,0.0
2016,M,BD,NO_PER_1000_LIVE_BIRTHS,0.0
2017,M,BD,NO_PER_1000_LIVE_BIRTHS,0.0
2018,M,BD,NO_PER_1000_LIVE_BIRTHS,0.0
2019,M,BD,NO_PER_1000_LIVE_BIRTHS,0.0
2004,Ž,BD,NO_PER_1000_LIVE_BIRTHS,0.0
2005,Ž,BD,NO_PER_1000_LIVE_BIRTHS,0.0
2006,Ž,BD,NO_PER_1000_LIVE_BIRTHS,0.0
2007,Ž,BD,NO_PER_1000_LIVE_BIRTHS,0.0
2008,Ž,BD,NO_PER_1000_LIVE_BIRTHS,0.0
2009,Ž,BD,NO_PER_1000_LIVE_BIRTHS,0.0
2010,Ž,BD,NO_PER_1000_LIVE_BIRTHS,0.0
2011,Ž,BD,NO_PER_1000_LIVE_BIRTHS,0.0
2012,Ž,BD,NO_PER_1000_LIVE_BIRTHS,0.0
2013,Ž,BD,NO_PER_1000_LIVE_BIRTHS,0.0
2014,Ž,BD,NO_PER_1000_LIVE_BIRTHS,0.0
2015,Ž,BD,NO_PER_1000_LIVE_BIRTHS,0.0
2016,Ž,BD,NO_PER_1000_LIVE_BIRTHS,0.0
2017,Ž,BD,NO_PER_1000_LIVE_BIRTHS,0.0
2018,Ž,BD,NO_PER_1000_LIVE_BIRTHS,0.0
2019,Ž,BD,NO_PER_1000_LIVE_BIRTHS,0.0
