Year,SERIES,UNIT_MEASURE,Value
2000,Likvidna imovina na kratkoročnim obavezama (%),Procenat,54.0494036675623
2001,Likvidna imovina na kratkoročnim obavezama (%),Procenat,65.0787130408063
2002,Likvidna imovina na kratkoročnim obavezama (%),Procenat,51.5190348825523
2003,Likvidna imovina na kratkoročnim obavezama (%),Procenat,58.7375213456581
2004,Likvidna imovina na kratkoročnim obavezama (%),Procenat,59.5254449010301
2005,Likvidna imovina na kratkoročnim obavezama (%),Procenat,61.912742893894
2006,Likvidna imovina na kratkoročnim obavezama (%),Procenat,60.7730615475189
2007,Likvidna imovina na kratkoročnim obavezama (%),Procenat,61.2847085896158
2008,Likvidna imovina na kratkoročnim obavezama (%),Procenat,51.8009861656467
2009,Likvidna imovina na kratkoročnim obavezama (%),Procenat,52.8860411982102
2010,Likvidna imovina na kratkoročnim obavezama (%),Procenat,49.7073681490037
2011,Likvidna imovina na kratkoročnim obavezama (%),Procenat,46.6709176055771
2012,Likvidna imovina na kratkoročnim obavezama (%),Procenat,44.053109343285
2013,Likvidna imovina na kratkoročnim obavezama (%),Procenat,46.2296616195083
2014,Likvidna imovina na kratkoročnim obavezama (%),Procenat,46.1383431681127
2015,Likvidna imovina na kratkoročnim obavezama (%),Procenat,44.0397805092463
2016,Likvidna imovina na kratkoročnim obavezama (%),Procenat,44.0938567313618
2017,Likvidna imovina na kratkoročnim obavezama (%),Procenat,44.3097575211274
2018,Likvidna imovina na kratkoročnim obavezama (%),Procenat,44.6595444498472
2000,Neto otvorena pozicija u devizama do kapitala (%),Procenat,0.0
2001,Neto otvorena pozicija u devizama do kapitala (%),Procenat,0.0
2002,Neto otvorena pozicija u devizama do kapitala (%),Procenat,0.0
2003,Neto otvorena pozicija u devizama do kapitala (%),Procenat,42.1821411110154
2004,Neto otvorena pozicija u devizama do kapitala (%),Procenat,11.5558834942087
2005,Neto otvorena pozicija u devizama do kapitala (%),Procenat,8.28096322435092
2006,Neto otvorena pozicija u devizama do kapitala (%),Procenat,8.86905149119733
2007,Neto otvorena pozicija u devizama do kapitala (%),Procenat,5.89756294023394
2008,Neto otvorena pozicija u devizama do kapitala (%),Procenat,6.22305903291636
2009,Neto otvorena pozicija u devizama do kapitala (%),Procenat,1.69836819888695
2010,Neto otvorena pozicija u devizama do kapitala (%),Procenat,4.36946617542722
2011,Neto otvorena pozicija u devizama do kapitala (%),Procenat,15.9850107971939
2012,Neto otvorena pozicija u devizama do kapitala (%),Procenat,5.34710950449262
2013,Neto otvorena pozicija u devizama do kapitala (%),Procenat,6.69157732243825
2014,Neto otvorena pozicija u devizama do kapitala (%),Procenat,10.232227266882
2015,Neto otvorena pozicija u devizama do kapitala (%),Procenat,8.97082138082051
2016,Neto otvorena pozicija u devizama do kapitala (%),Procenat,1.69666615634728
2017,Neto otvorena pozicija u devizama do kapitala (%),Procenat,-0.227571565492382
2018,Neto otvorena pozicija u devizama do kapitala (%),Procenat,2.24102504028798
2000,Neto krediti određeni za kapital koji se ne izvode (%),Procenat,32.4693389054788
2001,Neto krediti određeni za kapital koji se ne izvode (%),Procenat,37.6090647205685
2002,Neto krediti određeni za kapital koji se ne izvode (%),Procenat,27.5147145004714
2003,Neto krediti određeni za kapital koji se ne izvode (%),Procenat,25.200873982285
2004,Neto krediti određeni za kapital koji se ne izvode (%),Procenat,19.4943333407053
2005,Neto krediti određeni za kapital koji se ne izvode (%),Procenat,20.4158405774999
2006,Neto krediti određeni za kapital koji se ne izvode (%),Procenat,15.3083015592223
2007,Neto krediti određeni za kapital koji se ne izvode (%),Procenat,12.9598497952939
2008,Neto krediti određeni za kapital koji se ne izvode (%),Procenat,13.8901872212992
2009,Neto krediti određeni za kapital koji se ne izvode (%),Procenat,25.4644856993591
2010,Neto krediti određeni za kapital koji se ne izvode (%),Procenat,42.009689201386
2011,Neto krediti određeni za kapital koji se ne izvode (%),Procenat,25.9173608461831
2012,Neto krediti određeni za kapital koji se ne izvode (%),Procenat,30.0463912520826
2013,Neto krediti određeni za kapital koji se ne izvode (%),Procenat,30.9744996912242
2014,Neto krediti određeni za kapital koji se ne izvode (%),Procenat,27.9220279259186
2015,Neto krediti određeni za kapital koji se ne izvode (%),Procenat,26.8841920515272
2016,Neto krediti određeni za kapital koji se ne izvode (%),Procenat,18.4798679001815
2017,Neto krediti određeni za kapital koji se ne izvode (%),Procenat,14.3545245961634
2018,Neto krediti određeni za kapital koji se ne izvode (%),Procenat,12.1460435458492
2000,Krediti u ukupnim bruto kreditima koji se ne izvode (%),Procenat,21.215964833505
2001,Krediti u ukupnim bruto kreditima koji se ne izvode (%),Procenat,17.9071007297324
2002,Krediti u ukupnim bruto kreditima koji se ne izvode (%),Procenat,11.0172196258194
2003,Krediti u ukupnim bruto kreditima koji se ne izvode (%),Procenat,8.38582572565641
2004,Krediti u ukupnim bruto kreditima koji se ne izvode (%),Procenat,6.07354427319199
2005,Krediti u ukupnim bruto kreditima koji se ne izvode (%),Procenat,5.27605366757593
2006,Krediti u ukupnim bruto kreditima koji se ne izvode (%),Procenat,3.99876150251155
2007,Krediti u ukupnim bruto kreditima koji se ne izvode (%),Procenat,3.01859191826486
2008,Krediti u ukupnim bruto kreditima koji se ne izvode (%),Procenat,3.09120794221065
2009,Krediti u ukupnim bruto kreditima koji se ne izvode (%),Procenat,5.8712072518763
2010,Krediti u ukupnim bruto kreditima koji se ne izvode (%),Procenat,11.421782175376
2011,Krediti u ukupnim bruto kreditima koji se ne izvode (%),Procenat,11.7997140822193
2012,Krediti u ukupnim bruto kreditima koji se ne izvode (%),Procenat,13.4656882284517
2013,Krediti u ukupnim bruto kreditima koji se ne izvode (%),Procenat,15.1198478740683
2014,Krediti u ukupnim bruto kreditima koji se ne izvode (%),Procenat,14.1653123764986
2015,Krediti u ukupnim bruto kreditima koji se ne izvode (%),Procenat,13.7084158662801
2016,Krediti u ukupnim bruto kreditima koji se ne izvode (%),Procenat,11.7777190845963
2017,Krediti u ukupnim bruto kreditima koji se ne izvode (%),Procenat,10.0462751524632
2018,Krediti u ukupnim bruto kreditima koji se ne izvode (%),Procenat,8.77033547967657
2000,Regulatorni 1 nivo kapitala za imovinu ponderiranu rizikom (%),Procenat,26.4758691558612
2001,Regulatorni 1 nivo kapitala za imovinu ponderiranu rizikom (%),Procenat,22.3586710421588
2002,Regulatorni 1 nivo kapitala za imovinu ponderiranu rizikom (%),Procenat,18.2029212704059
2003,Regulatorni 1 nivo kapitala za imovinu ponderiranu rizikom (%),Procenat,15.9222609694411
2004,Regulatorni 1 nivo kapitala za imovinu ponderiranu rizikom (%),Procenat,14.9250443993237
2005,Regulatorni 1 nivo kapitala za imovinu ponderiranu rizikom (%),Procenat,13.6714789097788
2006,Regulatorni 1 nivo kapitala za imovinu ponderiranu rizikom (%),Procenat,13.6170483922264
2007,Regulatorni 1 nivo kapitala za imovinu ponderiranu rizikom (%),Procenat,12.5972463295307
2008,Regulatorni 1 nivo kapitala za imovinu ponderiranu rizikom (%),Procenat,12.0085239404031
2009,Regulatorni 1 nivo kapitala za imovinu ponderiranu rizikom (%),Procenat,12.3948490369898
2010,Regulatorni 1 nivo kapitala za imovinu ponderiranu rizikom (%),Procenat,12.6401424846097
2011,Regulatorni 1 nivo kapitala za imovinu ponderiranu rizikom (%),Procenat,13.5692695579269
2012,Regulatorni 1 nivo kapitala za imovinu ponderiranu rizikom (%),Procenat,14.0625922301138
2013,Regulatorni 1 nivo kapitala za imovinu ponderiranu rizikom (%),Procenat,15.234217504719
2014,Regulatorni 1 nivo kapitala za imovinu ponderiranu rizikom (%),Procenat,14.3452279119259
2015,Regulatorni 1 nivo kapitala za imovinu ponderiranu rizikom (%),Procenat,13.7612358561706
2016,Regulatorni 1 nivo kapitala za imovinu ponderiranu rizikom (%),Procenat,15.0283883801236
2017,Regulatorni 1 nivo kapitala za imovinu ponderiranu rizikom (%),Procenat,14.7677813404756
2018,Regulatorni 1 nivo kapitala za imovinu ponderiranu rizikom (%),Procenat,16.4870496553286
2000,Regulatorni kapital za imovinu (%),Procenat,20.439232259874
2001,Regulatorni kapital za imovinu (%),Procenat,14.5276556119215
2002,Regulatorni kapital za imovinu (%),Procenat,14.3457936836765
2003,Regulatorni kapital za imovinu (%),Procenat,11.7934618614307
2004,Regulatorni kapital za imovinu (%),Procenat,10.7372308611601
2005,Regulatorni kapital za imovinu (%),Procenat,9.72960582201421
2006,Regulatorni kapital za imovinu (%),Procenat,9.73688626796929
2007,Regulatorni kapital za imovinu (%),Procenat,8.81780651745429
2008,Regulatorni kapital za imovinu (%),Procenat,9.37215106339801
2009,Regulatorni kapital za imovinu (%),Procenat,10.7212574953015
2010,Regulatorni kapital za imovinu (%),Procenat,11.765449821522
2011,Regulatorni kapital za imovinu (%),Procenat,13.6144280079708
2012,Regulatorni kapital za imovinu (%),Procenat,14.2134322942846
2013,Regulatorni kapital za imovinu (%),Procenat,14.3676677653431
2014,Regulatorni kapital za imovinu (%),Procenat,14.3777455477044
2015,Regulatorni kapital za imovinu (%),Procenat,14.0982658596697
2016,Regulatorni kapital za imovinu (%),Procenat,14.3546916360292
2017,Regulatorni kapital za imovinu (%),Procenat,14.0096509147407
2018,Regulatorni kapital za imovinu (%),Procenat,13.1861645768664
2000,Povrat imovine (%),Procenat,-1.76461726674205
2001,Povrat imovine (%),Procenat,-1.06884542168492
2002,Povrat imovine (%),Procenat,-0.285976995872053
2003,Povrat imovine (%),Procenat,0.447295941933142
2004,Povrat imovine (%),Procenat,0.688579471962261
2005,Povrat imovine (%),Procenat,0.694024200985177
2006,Povrat imovine (%),Procenat,0.869776327088587
2007,Povrat imovine (%),Procenat,0.835024319684054
2008,Povrat imovine (%),Procenat,0.413425110169344
2009,Povrat imovine (%),Procenat,0.0883703101394783
2010,Povrat imovine (%),Procenat,-0.604156469153203
2011,Povrat imovine (%),Procenat,0.674950400705196
2012,Povrat imovine (%),Procenat,0.723116621863531
2013,Povrat imovine (%),Procenat,-0.0689789693939072
2014,Povrat imovine (%),Procenat,0.785877546036617
2015,Povrat imovine (%),Procenat,0.298534838735335
2016,Povrat imovine (%),Procenat,1.07780770729665
2017,Povrat imovine (%),Procenat,1.46374049149548
2018,Povrat imovine (%),Procenat,1.31107329243831
