Year,Spol,UNIT_MEASURE,Godine,Value
2018,Oba spola,Broj,0-14,497180.0
2020,Oba spola,Broj,0-14,481568.97
2025,Oba spola,Broj,0-14,431830.78
2030,Oba spola,Broj,0-14,387729.98
2035,Oba spola,Broj,0-14,344309.29
2040,Oba spola,Broj,0-14,303587.05
2045,Oba spola,Broj,0-14,270802.94
2050,Oba spola,Broj,0-14,244640.93
2055,Oba spola,Broj,0-14,222081.03
2060,Oba spola,Broj,0-14,200955.32
2065,Oba spola,Broj,0-14,180995.02
2070,Oba spola,Broj,0-14,162692.44
2018,Oba spola,Broj,0-18,647325.0
2020,Oba spola,Broj,0-18,623310.55
2025,Oba spola,Broj,0-18,571030.0
2030,Oba spola,Broj,0-18,506903.59
2035,Oba spola,Broj,0-18,453686.83
2040,Oba spola,Broj,0-18,402365.82
2045,Oba spola,Broj,0-18,357437.99
2050,Oba spola,Broj,0-18,320688.38
2055,Oba spola,Broj,0-18,290210.23
2060,Oba spola,Broj,0-18,262861.39
2065,Oba spola,Broj,0-18,237217.08
2070,Oba spola,Broj,0-18,213571.73
2018,Oba spola,Broj,15-29,658923.0
2020,Oba spola,Broj,15-29,606202.92
2025,Oba spola,Broj,15-29,517262.57
2030,Oba spola,Broj,15-29,444703.74
2035,Oba spola,Broj,15-29,405293.76
2040,Oba spola,Broj,15-29,363520.19
2045,Oba spola,Broj,15-29,326012.29
2050,Oba spola,Broj,15-29,289214.33
2055,Oba spola,Broj,15-29,255609.91
2060,Oba spola,Broj,15-29,228472.78
2065,Oba spola,Broj,15-29,206440.46
2070,Oba spola,Broj,15-29,187234.58
2018,Oba spola,Broj,15-49,1649854.0
2020,Oba spola,Broj,15-49,1575631.46
2025,Oba spola,Broj,15-49,1400844.72
2030,Oba spola,Broj,15-49,1227493.74
2035,Oba spola,Broj,15-49,1063929.66
2040,Oba spola,Broj,15-49,923577.29
2045,Oba spola,Broj,15-49,809832.21
2050,Oba spola,Broj,15-49,710380.99
2055,Oba spola,Broj,15-49,638614.77
2060,Oba spola,Broj,15-49,570314.83
2065,Oba spola,Broj,15-49,512018.32
2070,Oba spola,Broj,15-49,459650.09
2018,Oba spola,Broj,15-64,2419572.0
2020,Oba spola,Broj,15-64,2331831.29
2025,Oba spola,Broj,15-64,2123420.75
2030,Oba spola,Broj,15-64,1910609.19
2035,Oba spola,Broj,15-64,1723436.46
2040,Oba spola,Broj,15-64,1544265.21
2045,Oba spola,Broj,15-64,1366178.85
2050,Oba spola,Broj,15-64,1194230.17
2055,Oba spola,Broj,15-64,1042604.93
2060,Oba spola,Broj,15-64,919671.89
2065,Oba spola,Broj,15-64,814036.99
2070,Oba spola,Broj,15-64,735002.04
2018,Oba spola,Broj,65+,575271.0
2020,Oba spola,Broj,65+,616916.09
2025,Oba spola,Broj,65+,714274.93
2030,Oba spola,Broj,65+,798744.71
2035,Oba spola,Broj,65+,844514.24
2040,Oba spola,Broj,65+,870105.47
2045,Oba spola,Broj,65+,881481.04
2050,Oba spola,Broj,65+,879829.57
2055,Oba spola,Broj,65+,858716.24
2060,Oba spola,Broj,65+,814773.12
2065,Oba spola,Broj,65+,761748.18
2070,Oba spola,Broj,65+,691220.43
2018,Oba spola,Broj,75+,230811.0
2020,Oba spola,Broj,75+,232410.25
2025,Oba spola,Broj,75+,275801.96
2030,Oba spola,Broj,75+,340437.69
2035,Oba spola,Broj,75+,405790.51
2040,Oba spola,Broj,75+,458096.91
2045,Oba spola,Broj,75+,479053.69
2050,Oba spola,Broj,75+,489104.03
2055,Oba spola,Broj,75+,495291.75
2060,Oba spola,Broj,75+,497337.89
2065,Oba spola,Broj,75+,487328.42
2070,Oba spola,Broj,75+,460524.61
2018,Oba spola,Broj,85+,41569.0
2020,Oba spola,Broj,85+,49351.73
2025,Oba spola,Broj,85+,68864.72
2030,Oba spola,Broj,85+,72099.33
2035,Oba spola,Broj,85+,94464.7
2040,Oba spola,Broj,85+,126452.43
2045,Oba spola,Broj,85+,156124.3
2050,Oba spola,Broj,85+,178471.74
2055,Oba spola,Broj,85+,185804.72
2060,Oba spola,Broj,85+,192120.16
2065,Oba spola,Broj,85+,199612.12
2070,Oba spola,Broj,85+,205803.27
2018,Oba spola,Broj,100+,233.0
2020,Oba spola,Broj,100+,178.44
2025,Oba spola,Broj,100+,215.96
2030,Oba spola,Broj,100+,528.31
2035,Oba spola,Broj,100+,1041.92
2040,Oba spola,Broj,100+,1732.61
2045,Oba spola,Broj,100+,1918.25
2050,Oba spola,Broj,100+,3403.87
2055,Oba spola,Broj,100+,5248.42
2060,Oba spola,Broj,100+,7004.18
2065,Oba spola,Broj,100+,8500.65
2070,Oba spola,Broj,100+,9150.97
2018,Oba spola,%,0-14,14.24
2020,Oba spola,%,0-14,14.04
2025,Oba spola,%,0-14,13.21
2030,Oba spola,%,0-14,12.52
2035,Oba spola,%,0-14,11.82
2040,Oba spola,%,0-14,11.17
2045,Oba spola,%,0-14,10.75
2050,Oba spola,%,0-14,10.55
2055,Oba spola,%,0-14,10.46
2060,Oba spola,%,0-14,10.38
2065,Oba spola,%,0-14,10.3
2070,Oba spola,%,0-14,10.24
2018,Oba spola,%,0-18,18.54
2020,Oba spola,%,0-18,18.17
2025,Oba spola,%,0-18,17.47
2030,Oba spola,%,0-18,16.37
2035,Oba spola,%,0-18,15.58
2040,Oba spola,%,0-18,14.8
2045,Oba spola,%,0-18,14.19
2050,Oba spola,%,0-18,13.83
2055,Oba spola,%,0-18,13.67
2060,Oba spola,%,0-18,13.58
2065,Oba spola,%,0-18,13.5
2070,Oba spola,%,0-18,13.44
2018,Oba spola,%,15-29,18.87
2020,Oba spola,%,15-29,17.67
2025,Oba spola,%,15-29,15.82
2030,Oba spola,%,15-29,14.36
2035,Oba spola,%,15-29,13.92
2040,Oba spola,%,15-29,13.37
2045,Oba spola,%,15-29,12.94
2050,Oba spola,%,15-29,12.47
2055,Oba spola,%,15-29,12.04
2060,Oba spola,%,15-29,11.8
2065,Oba spola,%,15-29,11.75
2070,Oba spola,%,15-29,11.78
2018,Oba spola,%,15-49,47.25
2020,Oba spola,%,15-49,45.93
2025,Oba spola,%,15-49,42.85
2030,Oba spola,%,15-49,39.63
2035,Oba spola,%,15-49,36.53
2040,Oba spola,%,15-49,33.98
2045,Oba spola,%,15-49,32.16
2050,Oba spola,%,15-49,30.64
2055,Oba spola,%,15-49,30.08
2060,Oba spola,%,15-49,29.47
2065,Oba spola,%,15-49,29.15
2070,Oba spola,%,15-49,28.93
2018,Oba spola,%,15-64,69.29
2020,Oba spola,%,15-64,67.98
2025,Oba spola,%,15-64,64.95
2030,Oba spola,%,15-64,61.69
2035,Oba spola,%,15-64,59.18
2040,Oba spola,%,15-64,56.82
2045,Oba spola,%,15-64,54.25
2050,Oba spola,%,15-64,51.5
2055,Oba spola,%,15-64,49.1
2060,Oba spola,%,15-64,47.52
2065,Oba spola,%,15-64,46.34
2070,Oba spola,%,15-64,46.26
2018,Oba spola,%,65+,16.47
2020,Oba spola,%,65+,17.98
2025,Oba spola,%,65+,21.85
2030,Oba spola,%,65+,25.79
2035,Oba spola,%,65+,29.0
2040,Oba spola,%,65+,32.01
2045,Oba spola,%,65+,35.0
2050,Oba spola,%,65+,37.94
2055,Oba spola,%,65+,40.44
2060,Oba spola,%,65+,42.1
2065,Oba spola,%,65+,43.36
2070,Oba spola,%,65+,43.5
2018,Oba spola,%,75+,6.61
2020,Oba spola,%,75+,6.78
2025,Oba spola,%,75+,8.44
2030,Oba spola,%,75+,10.99
2035,Oba spola,%,75+,13.93
2040,Oba spola,%,75+,16.85
2045,Oba spola,%,75+,19.02
2050,Oba spola,%,75+,21.09
2055,Oba spola,%,75+,23.33
2060,Oba spola,%,75+,25.7
2065,Oba spola,%,75+,27.74
2070,Oba spola,%,75+,28.98
2018,Oba spola,%,85+,1.19
2020,Oba spola,%,85+,1.44
2025,Oba spola,%,85+,2.11
2030,Oba spola,%,85+,2.33
2035,Oba spola,%,85+,3.24
2040,Oba spola,%,85+,4.65
2045,Oba spola,%,85+,6.2
2050,Oba spola,%,85+,7.7
2055,Oba spola,%,85+,8.75
2060,Oba spola,%,85+,9.93
2065,Oba spola,%,85+,11.36
2070,Oba spola,%,85+,12.95
2018,Oba spola,%,100+,0.01
2020,Oba spola,%,100+,0.01
2025,Oba spola,%,100+,0.01
2030,Oba spola,%,100+,0.02
2035,Oba spola,%,100+,0.04
2040,Oba spola,%,100+,0.06
2045,Oba spola,%,100+,0.08
2050,Oba spola,%,100+,0.15
2055,Oba spola,%,100+,0.25
2060,Oba spola,%,100+,0.36
2065,Oba spola,%,100+,0.48
2070,Oba spola,%,100+,0.58
2018,Muškarci,Broj,0-14,255913.0
2020,Muškarci,Broj,0-14,247796.39
2025,Muškarci,Broj,0-14,222013.71
2030,Muškarci,Broj,0-14,199296.65
2035,Muškarci,Broj,0-14,176575.87
2040,Muškarci,Broj,0-14,155603.5
2045,Muškarci,Broj,0-14,138732.12
2050,Muškarci,Broj,0-14,125279.59
2055,Muškarci,Broj,0-14,113691.16
2060,Muškarci,Broj,0-14,102849.69
2065,Muškarci,Broj,0-14,92612.55
2070,Muškarci,Broj,0-14,83229.23
2018,Muškarci,Broj,0-18,333145.0
2020,Muškarci,Broj,0-18,320599.07
2025,Muškarci,Broj,0-18,293229.7
2030,Muškarci,Broj,0-18,259993.17
2035,Muškarci,Broj,0-18,232461.57
2040,Muškarci,Broj,0-18,205847.01
2045,Muškarci,Broj,0-18,182738.42
2050,Muškarci,Broj,0-18,163858.32
2055,Muškarci,Broj,0-18,148218.85
2060,Muškarci,Broj,0-18,134202.15
2065,Muškarci,Broj,0-18,121071.07
2070,Muškarci,Broj,0-18,108970.91
2018,Muškarci,Broj,15-29,337883.0
2020,Muškarci,Broj,15-29,308413.08
2025,Muškarci,Broj,15-29,260029.98
2030,Muškarci,Broj,15-29,222802.14
2035,Muškarci,Broj,15-29,202505.62
2040,Muškarci,Broj,15-29,181252.18
2045,Muškarci,Broj,15-29,162245.69
2050,Muškarci,Broj,15-29,143416.75
2055,Muškarci,Broj,15-29,126573.33
2060,Muškarci,Broj,15-29,113029.38
2065,Muškarci,Broj,15-29,102046.81
2070,Muškarci,Broj,15-29,92476.25
2018,Muškarci,Broj,15-49,840629.0
2020,Muškarci,Broj,15-49,796383.95
2025,Muškarci,Broj,15-49,695191.33
2030,Muškarci,Broj,15-49,598995.44
2035,Muškarci,Broj,15-49,512463.51
2040,Muškarci,Broj,15-49,440716.72
2045,Muškarci,Broj,15-49,384237.59
2050,Muškarci,Broj,15-49,336202.4
2055,Muškarci,Broj,15-49,300805.65
2060,Muškarci,Broj,15-49,267989.93
2065,Muškarci,Broj,15-49,240180.19
2070,Muškarci,Broj,15-49,215183.81
2018,Muškarci,Broj,15-64,1215068.0
2020,Muškarci,Broj,15-64,1165216.13
2025,Muškarci,Broj,15-64,1048187.78
2030,Muškarci,Broj,15-64,930823.0
2035,Muškarci,Broj,15-64,828174.6
2040,Muškarci,Broj,15-64,732041.19
2045,Muškarci,Broj,15-64,639446.55
2050,Muškarci,Broj,15-64,553092.29
2055,Muškarci,Broj,15-64,479237.28
2060,Muškarci,Broj,15-64,420813.0
2065,Muškarci,Broj,15-64,371840.92
2070,Muškarci,Broj,15-64,334558.77
2018,Muškarci,Broj,65+,243272.0
2020,Muškarci,Broj,65+,263804.83
2025,Muškarci,Broj,65+,311898.61
2030,Muškarci,Broj,65+,354143.93
2035,Muškarci,Broj,65+,377698.02
2040,Muškarci,Broj,65+,390474.03
2045,Muškarci,Broj,65+,395318.86
2050,Muškarci,Broj,65+,392428.7
2055,Muškarci,Broj,65+,379122.43
2060,Muškarci,Broj,65+,354612.84
2065,Muškarci,Broj,65+,326096.54
2070,Muškarci,Broj,65+,291938.72
2018,Muškarci,Broj,75+,89422.0
2020,Muškarci,Broj,75+,90069.64
2025,Muškarci,Broj,75+,109078.39
2030,Muškarci,Broj,75+,139429.42
2035,Muškarci,Broj,75+,170498.17
2040,Muškarci,Broj,75+,195835.35
2045,Muškarci,Broj,75+,207084.94
2050,Muškarci,Broj,75+,212616.5
2055,Muškarci,Broj,75+,215262.57
2060,Muškarci,Broj,75+,214471.85
2065,Muškarci,Broj,75+,207249.9
2070,Muškarci,Broj,75+,192567.31
2018,Muškarci,Broj,85+,14573.0
2020,Muškarci,Broj,85+,17447.59
2025,Muškarci,Broj,85+,24778.28
2030,Muškarci,Broj,85+,26232.8
2035,Muškarci,Broj,85+,35487.64
2040,Muškarci,Broj,85+,49540.75
2045,Muškarci,Broj,85+,62942.54
2050,Muškarci,Broj,85+,73464.87
2055,Muškarci,Broj,85+,77624.86
2060,Muškarci,Broj,85+,80660.52
2065,Muškarci,Broj,85+,83458.39
2070,Muškarci,Broj,85+,85035.01
2018,Muškarci,Broj,100+,85.0
2020,Muškarci,Broj,100+,62.98
2025,Muškarci,Broj,100+,68.86
2030,Muškarci,Broj,100+,199.65
2035,Muškarci,Broj,100+,394.66
2040,Muškarci,Broj,100+,661.68
2045,Muškarci,Broj,100+,738.63
2050,Muškarci,Broj,100+,1327.84
2055,Muškarci,Broj,100+,2127.69
2060,Muškarci,Broj,100+,2885.64
2065,Muškarci,Broj,100+,3539.93
2070,Muškarci,Broj,100+,3839.44
2018,Muškarci,%,0-14,7.33
2020,Muškarci,%,0-14,7.22
2025,Muškarci,%,0-14,6.79
2030,Muškarci,%,0-14,6.43
2035,Muškarci,%,0-14,6.06
2040,Muškarci,%,0-14,5.73
2045,Muškarci,%,0-14,5.51
2050,Muškarci,%,0-14,5.4
2055,Muškarci,%,0-14,5.35
2060,Muškarci,%,0-14,5.31
2065,Muškarci,%,0-14,5.27
2070,Muškarci,%,0-14,5.24
2018,Muškarci,%,0-18,9.54
2020,Muškarci,%,0-18,9.35
2025,Muškarci,%,0-18,8.97
2030,Muškarci,%,0-18,8.39
2035,Muškarci,%,0-18,7.98
2040,Muškarci,%,0-18,7.57
2045,Muškarci,%,0-18,7.26
2050,Muškarci,%,0-18,7.07
2055,Muškarci,%,0-18,6.98
2060,Muškarci,%,0-18,6.93
2065,Muškarci,%,0-18,6.89
2070,Muškarci,%,0-18,6.86
2018,Muškarci,%,15-29,9.68
2020,Muškarci,%,15-29,8.99
2025,Muškarci,%,15-29,7.95
2030,Muškarci,%,15-29,7.19
2035,Muškarci,%,15-29,6.95
2040,Muškarci,%,15-29,6.67
2045,Muškarci,%,15-29,6.44
2050,Muškarci,%,15-29,6.19
2055,Muškarci,%,15-29,5.96
2060,Muškarci,%,15-29,5.84
2065,Muškarci,%,15-29,5.81
2070,Muškarci,%,15-29,5.82
2018,Muškarci,%,15-49,24.07
2020,Muškarci,%,15-49,23.22
2025,Muškarci,%,15-49,21.26
2030,Muškarci,%,15-49,19.34
2035,Muškarci,%,15-49,17.6
2040,Muškarci,%,15-49,16.21
2045,Muškarci,%,15-49,15.26
2050,Muškarci,%,15-49,14.5
2055,Muškarci,%,15-49,14.17
2060,Muškarci,%,15-49,13.85
2065,Muškarci,%,15-49,13.67
2070,Muškarci,%,15-49,13.54
2018,Muškarci,%,15-64,34.8
2020,Muškarci,%,15-64,33.97
2025,Muškarci,%,15-64,32.06
2030,Muškarci,%,15-64,30.05
2035,Muškarci,%,15-64,28.44
2040,Muškarci,%,15-64,26.93
2045,Muškarci,%,15-64,25.39
2050,Muškarci,%,15-64,23.85
2055,Muškarci,%,15-64,22.57
2060,Muškarci,%,15-64,21.74
2065,Muškarci,%,15-64,21.17
2070,Muškarci,%,15-64,21.06
2018,Muškarci,%,65+,6.97
2020,Muškarci,%,65+,7.69
2025,Muškarci,%,65+,9.54
2030,Muškarci,%,65+,11.43
2035,Muškarci,%,65+,12.97
2040,Muškarci,%,65+,14.37
2045,Muškarci,%,65+,15.7
2050,Muškarci,%,65+,16.92
2055,Muškarci,%,65+,17.85
2060,Muškarci,%,65+,18.32
2065,Muškarci,%,65+,18.56
2070,Muškarci,%,65+,18.37
2018,Muškarci,%,75+,2.56
2020,Muškarci,%,75+,2.63
2025,Muškarci,%,75+,3.34
2030,Muškarci,%,75+,4.5
2035,Muškarci,%,75+,5.85
2040,Muškarci,%,75+,7.21
2045,Muškarci,%,75+,8.22
2050,Muškarci,%,75+,9.17
2055,Muškarci,%,75+,10.14
2060,Muškarci,%,75+,11.08
2065,Muškarci,%,75+,11.8
2070,Muškarci,%,75+,12.12
2018,Muškarci,%,85+,0.42
2020,Muškarci,%,85+,0.51
2025,Muškarci,%,85+,0.76
2030,Muškarci,%,85+,0.85
2035,Muškarci,%,85+,1.22
2040,Muškarci,%,85+,1.82
2045,Muškarci,%,85+,2.5
2050,Muškarci,%,85+,3.17
2055,Muškarci,%,85+,3.66
2060,Muškarci,%,85+,4.17
2065,Muškarci,%,85+,4.75
2070,Muškarci,%,85+,5.35
2018,Muškarci,%,100+,0.0
2020,Muškarci,%,100+,0.0
2025,Muškarci,%,100+,0.0
2030,Muškarci,%,100+,0.01
2035,Muškarci,%,100+,0.01
2040,Muškarci,%,100+,0.02
2045,Muškarci,%,100+,0.03
2050,Muškarci,%,100+,0.06
2055,Muškarci,%,100+,0.1
2060,Muškarci,%,100+,0.15
2065,Muškarci,%,100+,0.2
2070,Muškarci,%,100+,0.24
2018,Žene,Broj,0-14,241267.0
2020,Žene,Broj,0-14,233772.58
2025,Žene,Broj,0-14,209817.07
2030,Žene,Broj,0-14,188433.34
2035,Žene,Broj,0-14,167733.42
2040,Žene,Broj,0-14,147983.55
2045,Žene,Broj,0-14,132070.82
2050,Žene,Broj,0-14,119361.34
2055,Žene,Broj,0-14,108389.87
2060,Žene,Broj,0-14,98105.63
2065,Žene,Broj,0-14,88382.47
2070,Žene,Broj,0-14,79463.21
2018,Žene,Broj,0-18,314180.0
2020,Žene,Broj,0-18,302711.47
2025,Žene,Broj,0-18,277800.3
2030,Žene,Broj,0-18,246910.42
2035,Žene,Broj,0-18,221225.26
2040,Žene,Broj,0-18,196518.81
2045,Žene,Broj,0-18,174699.57
2050,Žene,Broj,0-18,156830.06
2055,Žene,Broj,0-18,141991.38
2060,Žene,Broj,0-18,128659.24
2065,Žene,Broj,0-18,116146.01
2070,Žene,Broj,0-18,104600.82
2018,Žene,Broj,15-29,321040.0
2020,Žene,Broj,15-29,297789.84
2025,Žene,Broj,15-29,257232.59
2030,Žene,Broj,15-29,221901.59
2035,Žene,Broj,15-29,202788.14
2040,Žene,Broj,15-29,182268.0
2045,Žene,Broj,15-29,163766.6
2050,Žene,Broj,15-29,145797.58
2055,Žene,Broj,15-29,129036.58
2060,Žene,Broj,15-29,115443.4
2065,Žene,Broj,15-29,104393.65
2070,Žene,Broj,15-29,94758.33
2018,Žene,Broj,15-49,809225.0
2020,Žene,Broj,15-49,779247.51
2025,Žene,Broj,15-49,705653.38
2030,Žene,Broj,15-49,628498.3
2035,Žene,Broj,15-49,551466.16
2040,Žene,Broj,15-49,482860.57
2045,Žene,Broj,15-49,425594.62
2050,Žene,Broj,15-49,374178.58
2055,Žene,Broj,15-49,337809.12
2060,Žene,Broj,15-49,302324.9
2065,Žene,Broj,15-49,271838.13
2070,Žene,Broj,15-49,244466.28
2018,Žene,Broj,15-64,1204504.0
2020,Žene,Broj,15-64,1166615.16
2025,Žene,Broj,15-64,1075232.96
2030,Žene,Broj,15-64,979786.19
2035,Žene,Broj,15-64,895261.86
2040,Žene,Broj,15-64,812224.01
2045,Žene,Broj,15-64,726732.31
2050,Žene,Broj,15-64,641137.88
2055,Žene,Broj,15-64,563367.65
2060,Žene,Broj,15-64,498858.89
2065,Žene,Broj,15-64,442196.08
2070,Žene,Broj,15-64,400443.26
2018,Žene,Broj,65+,331999.0
2020,Žene,Broj,65+,353111.26
2025,Žene,Broj,65+,402376.33
2030,Žene,Broj,65+,444600.77
2035,Žene,Broj,65+,466816.23
2040,Žene,Broj,65+,479631.45
2045,Žene,Broj,65+,486162.18
2050,Žene,Broj,65+,487400.87
2055,Žene,Broj,65+,479593.8
2060,Žene,Broj,65+,460160.29
2065,Žene,Broj,65+,435651.65
2070,Žene,Broj,65+,399281.71
2018,Žene,Broj,75+,141389.0
2020,Žene,Broj,75+,142340.61
2025,Žene,Broj,75+,166723.57
2030,Žene,Broj,75+,201008.27
2035,Žene,Broj,75+,235292.34
2040,Žene,Broj,75+,262261.56
2045,Žene,Broj,75+,271968.75
2050,Žene,Broj,75+,276487.53
2055,Žene,Broj,75+,280029.18
2060,Žene,Broj,75+,282866.04
2065,Žene,Broj,75+,280078.52
2070,Žene,Broj,75+,267957.3
2018,Žene,Broj,85+,26996.0
2020,Žene,Broj,85+,31904.14
2025,Žene,Broj,85+,44086.44
2030,Žene,Broj,85+,45866.52
2035,Žene,Broj,85+,58977.06
2040,Žene,Broj,85+,76911.68
2045,Žene,Broj,85+,93181.75
2050,Žene,Broj,85+,105006.88
2055,Žene,Broj,85+,108179.86
2060,Žene,Broj,85+,111459.64
2065,Žene,Broj,85+,116153.73
2070,Žene,Broj,85+,120768.26
2018,Žene,Broj,100+,148.0
2020,Žene,Broj,100+,115.46
2025,Žene,Broj,100+,147.1
2030,Žene,Broj,100+,328.66
2035,Žene,Broj,100+,647.26
2040,Žene,Broj,100+,1070.93
2045,Žene,Broj,100+,1179.62
2050,Žene,Broj,100+,2076.04
2055,Žene,Broj,100+,3120.73
2060,Žene,Broj,100+,4118.54
2065,Žene,Broj,100+,4960.71
2070,Žene,Broj,100+,5311.52
2018,Žene,%,0-14,6.91
2020,Žene,%,0-14,6.81
2025,Žene,%,0-14,6.42
2030,Žene,%,0-14,6.08
2035,Žene,%,0-14,5.76
2040,Žene,%,0-14,5.44
2045,Žene,%,0-14,5.24
2050,Žene,%,0-14,5.15
2055,Žene,%,0-14,5.1
2060,Žene,%,0-14,5.07
2065,Žene,%,0-14,5.03
2070,Žene,%,0-14,5.0
2018,Žene,%,0-18,9.0
2020,Žene,%,0-18,8.82
2025,Žene,%,0-18,8.5
2030,Žene,%,0-18,7.97
2035,Žene,%,0-18,7.6
2040,Žene,%,0-18,7.23
2045,Žene,%,0-18,6.94
2050,Žene,%,0-18,6.76
2055,Žene,%,0-18,6.69
2060,Žene,%,0-18,6.65
2065,Žene,%,0-18,6.61
2070,Žene,%,0-18,6.58
2018,Žene,%,15-29,9.19
2020,Žene,%,15-29,8.68
2025,Žene,%,15-29,7.87
2030,Žene,%,15-29,7.16
2035,Žene,%,15-29,6.96
2040,Žene,%,15-29,6.71
2045,Žene,%,15-29,6.5
2050,Žene,%,15-29,6.29
2055,Žene,%,15-29,6.08
2060,Žene,%,15-29,5.96
2065,Žene,%,15-29,5.94
2070,Žene,%,15-29,5.96
2018,Žene,%,15-49,23.17
2020,Žene,%,15-49,22.72
2025,Žene,%,15-49,21.58
2030,Žene,%,15-49,20.29
2035,Žene,%,15-49,18.94
2040,Žene,%,15-49,17.77
2045,Žene,%,15-49,16.9
2050,Žene,%,15-49,16.14
2055,Žene,%,15-49,15.91
2060,Žene,%,15-49,15.62
2065,Žene,%,15-49,15.47
2070,Žene,%,15-49,15.39
2018,Žene,%,15-64,34.49
2020,Žene,%,15-64,34.01
2025,Žene,%,15-64,32.89
2030,Žene,%,15-64,31.64
2035,Žene,%,15-64,30.74
2040,Žene,%,15-64,29.88
2045,Žene,%,15-64,28.86
2050,Žene,%,15-64,27.65
2055,Žene,%,15-64,26.53
2060,Žene,%,15-64,25.78
2065,Žene,%,15-64,25.17
2070,Žene,%,15-64,25.2
2018,Žene,%,65+,9.51
2020,Žene,%,65+,10.29
2025,Žene,%,65+,12.31
2030,Žene,%,65+,14.36
2035,Žene,%,65+,16.03
2040,Žene,%,65+,17.65
2045,Žene,%,65+,19.3
2050,Žene,%,65+,21.02
2055,Žene,%,65+,22.59
2060,Žene,%,65+,23.78
2065,Žene,%,65+,24.8
2070,Žene,%,65+,25.13
2018,Žene,%,75+,4.05
2020,Žene,%,75+,4.15
2025,Žene,%,75+,5.1
2030,Žene,%,75+,6.49
2035,Žene,%,75+,8.08
2040,Žene,%,75+,9.65
2045,Žene,%,75+,10.8
2050,Žene,%,75+,11.92
2055,Žene,%,75+,13.19
2060,Žene,%,75+,14.62
2065,Žene,%,75+,15.94
2070,Žene,%,75+,16.86
2018,Žene,%,85+,0.77
2020,Žene,%,85+,0.93
2025,Žene,%,85+,1.35
2030,Žene,%,85+,1.48
2035,Žene,%,85+,2.03
2040,Žene,%,85+,2.83
2045,Žene,%,85+,3.7
2050,Žene,%,85+,4.53
2055,Žene,%,85+,5.09
2060,Žene,%,85+,5.76
2065,Žene,%,85+,6.61
2070,Žene,%,85+,7.6
2018,Žene,%,100+,0.0
2020,Žene,%,100+,0.0
2025,Žene,%,100+,0.0
2030,Žene,%,100+,0.01
2035,Žene,%,100+,0.02
2040,Žene,%,100+,0.04
2045,Žene,%,100+,0.05
2050,Žene,%,100+,0.09
2055,Žene,%,100+,0.15
2060,Žene,%,100+,0.21
2065,Žene,%,100+,0.28
2070,Žene,%,100+,0.33
2018,Oba spola,Broj,0-4,148947.0
2018,Oba spola,Broj,5-9,171135.0
2018,Oba spola,Broj,10-14,177098.0
2018,Oba spola,Broj,15-19,190602.0
2018,Oba spola,Broj,20-24,242893.0
2018,Oba spola,Broj,25-29,225428.0
2018,Oba spola,Broj,30-34,251233.0
2018,Oba spola,Broj,35-39,252481.0
2018,Oba spola,Broj,40-44,248144.0
2018,Oba spola,Broj,45-49,239073.0
2018,Oba spola,Broj,50-54,255492.0
2018,Oba spola,Broj,55-59,266164.0
2018,Oba spola,Broj,60-64,248062.0
2018,Oba spola,Broj,65-69,206798.0
2018,Oba spola,Broj,70-74,137662.0
2018,Oba spola,Broj,75-79,110151.0
2018,Oba spola,Broj,80-84,79091.0
2018,Oba spola,Broj,85-89,32495.0
2018,Oba spola,Broj,90-94,7766.0
2018,Oba spola,Broj,95-99,1075.0
2018,Oba spola,Broj,100-104,221.0
2018,Oba spola,Broj,105-109,12.0
2018,Oba spola,Broj,110-114,0.0
2018,Oba spola,Broj,115-119,0.0
2018,Oba spola,Broj,120+,0.0
2018,Oba spola,%,0-4,4.27
2018,Oba spola,%,5-9,4.9
2018,Oba spola,%,10-14,5.07
2018,Oba spola,%,15-19,5.46
2018,Oba spola,%,20-24,6.96
2018,Oba spola,%,25-29,6.46
2018,Oba spola,%,30-34,7.19
2018,Oba spola,%,35-39,7.23
2018,Oba spola,%,40-44,7.11
2018,Oba spola,%,45-49,6.85
2018,Oba spola,%,50-54,7.32
2018,Oba spola,%,55-59,7.62
2018,Oba spola,%,60-64,7.1
2018,Oba spola,%,65-69,5.92
2018,Oba spola,%,70-74,3.94
2018,Oba spola,%,75-79,3.15
2018,Oba spola,%,80-84,2.26
2018,Oba spola,%,85-89,0.93
2018,Oba spola,%,90-94,0.22
2018,Oba spola,%,95-99,0.03
2018,Oba spola,%,100-104,0.01
2018,Oba spola,%,105-109,0.0
2018,Oba spola,%,110-114,0.0
2018,Oba spola,%,115-119,0.0
2018,Oba spola,%,120+,0.0
2020,Oba spola,Broj,0-4,146421.55
2020,Oba spola,Broj,5-9,157739.47
2020,Oba spola,Broj,10-14,177407.96
2020,Oba spola,Broj,15-19,178593.11
2020,Oba spola,Broj,20-24,213398.66
2020,Oba spola,Broj,25-29,214211.15
2020,Oba spola,Broj,30-34,236476.26
2020,Oba spola,Broj,35-39,247934.84
2020,Oba spola,Broj,40-44,244996.58
2020,Oba spola,Broj,45-49,240020.87
2020,Oba spola,Broj,50-54,241454.3
2020,Oba spola,Broj,55-59,262446.33
2020,Oba spola,Broj,60-64,252299.2
2020,Oba spola,Broj,65-69,221359.6
2020,Oba spola,Broj,70-74,163146.24
2020,Oba spola,Broj,75-79,98627.21
2020,Oba spola,Broj,80-84,84431.3
2020,Oba spola,Broj,85-89,37760.85
2020,Oba spola,Broj,90-94,10118.62
2020,Oba spola,Broj,95-99,1293.83
2020,Oba spola,Broj,100-104,165.38
2020,Oba spola,Broj,105-109,12.82
2020,Oba spola,Broj,110-114,0.24
2020,Oba spola,Broj,115-119,0.0
2020,Oba spola,Broj,120+,0.0
2020,Oba spola,%,0-4,4.27
2020,Oba spola,%,5-9,4.6
2020,Oba spola,%,10-14,5.17
2020,Oba spola,%,15-19,5.21
2020,Oba spola,%,20-24,6.22
2020,Oba spola,%,25-29,6.24
2020,Oba spola,%,30-34,6.89
2020,Oba spola,%,35-39,7.23
2020,Oba spola,%,40-44,7.14
2020,Oba spola,%,45-49,7.0
2020,Oba spola,%,50-54,7.04
2020,Oba spola,%,55-59,7.65
2020,Oba spola,%,60-64,7.35
2020,Oba spola,%,65-69,6.45
2020,Oba spola,%,70-74,4.76
2020,Oba spola,%,75-79,2.88
2020,Oba spola,%,80-84,2.46
2020,Oba spola,%,85-89,1.1
2020,Oba spola,%,90-94,0.29
2020,Oba spola,%,95-99,0.04
2020,Oba spola,%,100-104,0.0
2020,Oba spola,%,105-109,0.0
2020,Oba spola,%,110-114,0.0
2020,Oba spola,%,115-119,0.0
2020,Oba spola,%,120+,0.0
2025,Oba spola,Broj,0-4,133214.28
2025,Oba spola,Broj,5-9,143022.18
2025,Oba spola,Broj,10-14,155594.32
2025,Oba spola,Broj,15-19,172127.24
2025,Oba spola,Broj,20-24,159922.25
2025,Oba spola,Broj,25-29,185213.08
2025,Oba spola,Broj,30-34,194146.16
2025,Oba spola,Broj,35-39,220196.28
2025,Oba spola,Broj,40-44,234442.56
2025,Oba spola,Broj,45-49,234797.14
2025,Oba spola,Broj,50-54,232812.25
2025,Oba spola,Broj,55-59,235373.58
2025,Oba spola,Broj,60-64,254390.2
2025,Oba spola,Broj,65-69,239195.16
2025,Oba spola,Broj,70-74,199277.81
2025,Oba spola,Broj,75-79,135243.77
2025,Oba spola,Broj,80-84,71693.48
2025,Oba spola,Broj,85-89,49591.19
2025,Oba spola,Broj,90-94,16258.46
2025,Oba spola,Broj,95-99,2799.11
2025,Oba spola,Broj,100-104,202.64
2025,Oba spola,Broj,105-109,12.8
2025,Oba spola,Broj,110-114,0.52
2025,Oba spola,Broj,115-119,0.0
2025,Oba spola,Broj,120+,0.0
2025,Oba spola,%,0-4,4.07
2025,Oba spola,%,5-9,4.37
2025,Oba spola,%,10-14,4.76
2025,Oba spola,%,15-19,5.26
2025,Oba spola,%,20-24,4.89
2025,Oba spola,%,25-29,5.66
2025,Oba spola,%,30-34,5.94
2025,Oba spola,%,35-39,6.73
2025,Oba spola,%,40-44,7.17
2025,Oba spola,%,45-49,7.18
2025,Oba spola,%,50-54,7.12
2025,Oba spola,%,55-59,7.2
2025,Oba spola,%,60-64,7.78
2025,Oba spola,%,65-69,7.32
2025,Oba spola,%,70-74,6.1
2025,Oba spola,%,75-79,4.14
2025,Oba spola,%,80-84,2.19
2025,Oba spola,%,85-89,1.52
2025,Oba spola,%,90-94,0.5
2025,Oba spola,%,95-99,0.09
2025,Oba spola,%,100-104,0.01
2025,Oba spola,%,105-109,0.0
2025,Oba spola,%,110-114,0.0
2025,Oba spola,%,115-119,0.0
2025,Oba spola,%,120+,0.0
2030,Oba spola,Broj,0-4,116752.27
2030,Oba spola,Broj,5-9,130006.74
2030,Oba spola,Broj,10-14,140970.97
2030,Oba spola,Broj,15-19,150812.87
2030,Oba spola,Broj,20-24,153773.24
2030,Oba spola,Broj,25-29,140117.63
2030,Oba spola,Broj,30-34,168543.51
2030,Oba spola,Broj,35-39,181561.56
2030,Oba spola,Broj,40-44,208350.45
2030,Oba spola,Broj,45-49,224334.48
2030,Oba spola,Broj,50-54,227351.48
2030,Oba spola,Broj,55-59,226900.62
2030,Oba spola,Broj,60-64,228863.35
2030,Oba spola,Broj,65-69,241691.71
2030,Oba spola,Broj,70-74,216615.3
2030,Oba spola,Broj,75-79,167173.09
2030,Oba spola,Broj,80-84,101165.28
2030,Oba spola,Broj,85-89,43898.43
2030,Oba spola,Broj,90-94,22740.2
2030,Oba spola,Broj,95-99,4932.37
2030,Oba spola,Broj,100-104,508.74
2030,Oba spola,Broj,105-109,19.01
2030,Oba spola,Broj,110-114,0.55
2030,Oba spola,Broj,115-119,0.01
2030,Oba spola,Broj,120+,0.0
2030,Oba spola,%,0-4,3.77
2030,Oba spola,%,5-9,4.2
2030,Oba spola,%,10-14,4.55
2030,Oba spola,%,15-19,4.87
2030,Oba spola,%,20-24,4.97
2030,Oba spola,%,25-29,4.52
2030,Oba spola,%,30-34,5.44
2030,Oba spola,%,35-39,5.86
2030,Oba spola,%,40-44,6.73
2030,Oba spola,%,45-49,7.24
2030,Oba spola,%,50-54,7.34
2030,Oba spola,%,55-59,7.33
2030,Oba spola,%,60-64,7.39
2030,Oba spola,%,65-69,7.8
2030,Oba spola,%,70-74,6.99
2030,Oba spola,%,75-79,5.4
2030,Oba spola,%,80-84,3.27
2030,Oba spola,%,85-89,1.42
2030,Oba spola,%,90-94,0.73
2030,Oba spola,%,95-99,0.16
2030,Oba spola,%,100-104,0.02
2030,Oba spola,%,105-109,0.0
2030,Oba spola,%,110-114,0.0
2030,Oba spola,%,115-119,0.0
2030,Oba spola,%,120+,0.0
2035,Oba spola,Broj,0-4,102244.06
2035,Oba spola,Broj,5-9,114005.81
2035,Oba spola,Broj,10-14,128059.42
2035,Oba spola,Broj,15-19,136697.61
2035,Oba spola,Broj,20-24,134518.71
2035,Oba spola,Broj,25-29,134077.44
2035,Oba spola,Broj,30-34,128486.8
2035,Oba spola,Broj,35-39,158064.08
2035,Oba spola,Broj,40-44,172499.94
2035,Oba spola,Broj,45-49,199585.08
2035,Oba spola,Broj,50-54,217107.79
2035,Oba spola,Broj,55-59,221477.68
2035,Oba spola,Broj,60-64,220921.33
2035,Oba spola,Broj,65-69,218471.04
2035,Oba spola,Broj,70-74,220252.7
2035,Oba spola,Broj,75-79,183860.06
2035,Oba spola,Broj,80-84,127465.74
2035,Oba spola,Broj,85-89,64773.18
2035,Oba spola,Broj,90-94,21199.63
2035,Oba spola,Broj,95-99,7449.97
2035,Oba spola,Broj,100-104,986.55
2035,Oba spola,Broj,105-109,54.44
2035,Oba spola,Broj,110-114,0.93
2035,Oba spola,Broj,115-119,0.01
2035,Oba spola,Broj,120+,0.0
2035,Oba spola,%,0-4,3.51
2035,Oba spola,%,5-9,3.91
2035,Oba spola,%,10-14,4.4
2035,Oba spola,%,15-19,4.69
2035,Oba spola,%,20-24,4.62
2035,Oba spola,%,25-29,4.6
2035,Oba spola,%,30-34,4.41
2035,Oba spola,%,35-39,5.43
2035,Oba spola,%,40-44,5.92
2035,Oba spola,%,45-49,6.85
2035,Oba spola,%,50-54,7.45
2035,Oba spola,%,55-59,7.61
2035,Oba spola,%,60-64,7.59
2035,Oba spola,%,65-69,7.5
2035,Oba spola,%,70-74,7.56
2035,Oba spola,%,75-79,6.31
2035,Oba spola,%,80-84,4.38
2035,Oba spola,%,85-89,2.22
2035,Oba spola,%,90-94,0.73
2035,Oba spola,%,95-99,0.26
2035,Oba spola,%,100-104,0.03
2035,Oba spola,%,105-109,0.0
2035,Oba spola,%,110-114,0.0
2035,Oba spola,%,115-119,0.0
2035,Oba spola,%,120+,0.0
2040,Oba spola,Broj,0-4,91336.91
2040,Oba spola,Broj,5-9,99891.25
2040,Oba spola,Broj,10-14,112358.89
2040,Oba spola,Broj,15-19,124063.16
2040,Oba spola,Broj,20-24,122059.02
2040,Oba spola,Broj,25-29,117398.0
2040,Oba spola,Broj,30-34,122407.36
2040,Oba spola,Broj,35-39,121328.15
2040,Oba spola,Broj,40-44,150501.48
2040,Oba spola,Broj,45-49,165820.11
2040,Oba spola,Broj,50-54,193411.4
2040,Oba spola,Broj,55-59,211527.66
2040,Oba spola,Broj,60-64,215748.85
2040,Oba spola,Broj,65-69,211538.7
2040,Oba spola,Broj,70-74,200469.86
2040,Oba spola,Broj,75-79,188975.74
2040,Oba spola,Broj,80-84,142668.75
2040,Oba spola,Broj,85-89,84066.88
2040,Oba spola,Broj,90-94,33265.31
2040,Oba spola,Broj,95-99,7387.63
2040,Oba spola,Broj,100-104,1615.38
2040,Oba spola,Broj,105-109,114.33
2040,Oba spola,Broj,110-114,2.88
2040,Oba spola,Broj,115-119,0.02
2040,Oba spola,Broj,120+,0.0
2040,Oba spola,%,0-4,3.36
2040,Oba spola,%,5-9,3.68
2040,Oba spola,%,10-14,4.13
2040,Oba spola,%,15-19,4.56
2040,Oba spola,%,20-24,4.49
2040,Oba spola,%,25-29,4.32
2040,Oba spola,%,30-34,4.5
2040,Oba spola,%,35-39,4.46
2040,Oba spola,%,40-44,5.54
2040,Oba spola,%,45-49,6.1
2040,Oba spola,%,50-54,7.12
2040,Oba spola,%,55-59,7.78
2040,Oba spola,%,60-64,7.94
2040,Oba spola,%,65-69,7.78
2040,Oba spola,%,70-74,7.38
2040,Oba spola,%,75-79,6.95
2040,Oba spola,%,80-84,5.25
2040,Oba spola,%,85-89,3.09
2040,Oba spola,%,90-94,1.22
2040,Oba spola,%,95-99,0.27
2040,Oba spola,%,100-104,0.06
2040,Oba spola,%,105-109,0.0
2040,Oba spola,%,110-114,0.0
2040,Oba spola,%,115-119,0.0
2040,Oba spola,%,120+,0.0
2045,Oba spola,Broj,0-4,83042.03
2045,Oba spola,Broj,5-9,89240.14
2045,Oba spola,Broj,10-14,98520.77
2045,Oba spola,Broj,15-19,108917.66
2045,Oba spola,Broj,20-24,110645.5
2045,Oba spola,Broj,25-29,106449.13
2045,Oba spola,Broj,30-34,107361.45
2045,Oba spola,Broj,35-39,115245.68
2045,Oba spola,Broj,40-44,116234.44
2045,Oba spola,Broj,45-49,144978.36
2045,Oba spola,Broj,50-54,161252.4
2045,Oba spola,Broj,55-59,188794.86
2045,Oba spola,Broj,60-64,206299.37
2045,Oba spola,Broj,65-69,207053.68
2045,Oba spola,Broj,70-74,195373.66
2045,Oba spola,Broj,75-79,173872.43
2045,Oba spola,Broj,80-84,149056.97
2045,Oba spola,Broj,85-89,96646.71
2045,Oba spola,Broj,90-94,45021.33
2045,Oba spola,Broj,95-99,12538.01
2045,Oba spola,Broj,100-104,1711.02
2045,Oba spola,Broj,105-109,200.84
2045,Oba spola,Broj,110-114,6.31
2045,Oba spola,Broj,115-119,0.07
2045,Oba spola,Broj,120+,0.0
2045,Oba spola,%,0-4,3.3
2045,Oba spola,%,5-9,3.54
2045,Oba spola,%,10-14,3.91
2045,Oba spola,%,15-19,4.32
2045,Oba spola,%,20-24,4.39
2045,Oba spola,%,25-29,4.23
2045,Oba spola,%,30-34,4.26
2045,Oba spola,%,35-39,4.58
2045,Oba spola,%,40-44,4.62
2045,Oba spola,%,45-49,5.76
2045,Oba spola,%,50-54,6.4
2045,Oba spola,%,55-59,7.5
2045,Oba spola,%,60-64,8.19
2045,Oba spola,%,65-69,8.22
2045,Oba spola,%,70-74,7.76
2045,Oba spola,%,75-79,6.9
2045,Oba spola,%,80-84,5.92
2045,Oba spola,%,85-89,3.84
2045,Oba spola,%,90-94,1.79
2045,Oba spola,%,95-99,0.5
2045,Oba spola,%,100-104,0.07
2045,Oba spola,%,105-109,0.01
2045,Oba spola,%,110-114,0.0
2045,Oba spola,%,115-119,0.0
2045,Oba spola,%,120+,0.0
2050,Oba spola,Broj,0-4,75514.93
2050,Oba spola,Broj,5-9,81099.46
2050,Oba spola,Broj,10-14,88026.53
2050,Oba spola,Broj,15-19,95572.11
2050,Oba spola,Broj,20-24,97216.95
2050,Oba spola,Broj,25-29,96425.27
2050,Oba spola,Broj,30-34,97256.87
2050,Oba spola,Broj,35-39,101196.15
2050,Oba spola,Broj,40-44,110159.11
2050,Oba spola,Broj,45-49,112554.52
2050,Oba spola,Broj,50-54,141282.64
2050,Oba spola,Broj,55-59,157969.95
2050,Oba spola,Broj,60-64,184596.6
2050,Oba spola,Broj,65-69,198504.56
2050,Oba spola,Broj,70-74,192220.98
2050,Oba spola,Broj,75-79,171318.47
2050,Oba spola,Broj,80-84,139313.82
2050,Oba spola,Broj,85-89,103447.9
2050,Oba spola,Broj,90-94,53718.05
2050,Oba spola,Broj,95-99,17901.92
2050,Oba spola,Broj,100-104,3167.19
2050,Oba spola,Broj,105-109,225.0
2050,Oba spola,Broj,110-114,11.52
2050,Oba spola,Broj,115-119,0.16
2050,Oba spola,Broj,120+,0.0
2050,Oba spola,%,0-4,3.26
2050,Oba spola,%,5-9,3.5
2050,Oba spola,%,10-14,3.8
2050,Oba spola,%,15-19,4.12
2050,Oba spola,%,20-24,4.19
2050,Oba spola,%,25-29,4.16
2050,Oba spola,%,30-34,4.19
2050,Oba spola,%,35-39,4.36
2050,Oba spola,%,40-44,4.75
2050,Oba spola,%,45-49,4.85
2050,Oba spola,%,50-54,6.09
2050,Oba spola,%,55-59,6.81
2050,Oba spola,%,60-64,7.96
2050,Oba spola,%,65-69,8.56
2050,Oba spola,%,70-74,8.29
2050,Oba spola,%,75-79,7.39
2050,Oba spola,%,80-84,6.01
2050,Oba spola,%,85-89,4.46
2050,Oba spola,%,90-94,2.32
2050,Oba spola,%,95-99,0.77
2050,Oba spola,%,100-104,0.14
2050,Oba spola,%,105-109,0.01
2050,Oba spola,%,110-114,0.0
2050,Oba spola,%,115-119,0.0
2050,Oba spola,%,120+,0.0
2055,Oba spola,Broj,0-4,68410.55
2055,Oba spola,Broj,5-9,73713.6
2055,Oba spola,Broj,10-14,79956.88
2055,Oba spola,Broj,15-19,85408.87
2055,Oba spola,Broj,20-24,85383.67
2055,Oba spola,Broj,25-29,84817.37
2055,Oba spola,Broj,30-34,88064.28
2055,Oba spola,Broj,35-39,91625.61
2055,Oba spola,Broj,40-44,96826.2
2055,Oba spola,Broj,45-49,106488.77
2055,Oba spola,Broj,50-54,110217.64
2055,Oba spola,Broj,55-59,138705.65
2055,Oba spola,Broj,60-64,155066.87
2055,Oba spola,Broj,65-69,178225.37
2055,Oba spola,Broj,70-74,185199.11
2055,Oba spola,Broj,75-79,170022.4
2055,Oba spola,Broj,80-84,139464.62
2055,Oba spola,Broj,85-89,98824.03
2055,Oba spola,Broj,90-94,59369.78
2055,Oba spola,Broj,95-99,22362.5
2055,Oba spola,Broj,100-104,4783.57
2055,Oba spola,Broj,105-109,451.25
2055,Oba spola,Broj,110-114,13.29
2055,Oba spola,Broj,115-119,0.3
2055,Oba spola,Broj,120+,0.0
2055,Oba spola,%,0-4,3.22
2055,Oba spola,%,5-9,3.47
2055,Oba spola,%,10-14,3.77
2055,Oba spola,%,15-19,4.02
2055,Oba spola,%,20-24,4.02
2055,Oba spola,%,25-29,3.99
2055,Oba spola,%,30-34,4.15
2055,Oba spola,%,35-39,4.32
2055,Oba spola,%,40-44,4.56
2055,Oba spola,%,45-49,5.02
2055,Oba spola,%,50-54,5.19
2055,Oba spola,%,55-59,6.53
2055,Oba spola,%,60-64,7.3
2055,Oba spola,%,65-69,8.39
2055,Oba spola,%,70-74,8.72
2055,Oba spola,%,75-79,8.01
2055,Oba spola,%,80-84,6.57
2055,Oba spola,%,85-89,4.65
2055,Oba spola,%,90-94,2.8
2055,Oba spola,%,95-99,1.05
2055,Oba spola,%,100-104,0.23
2055,Oba spola,%,105-109,0.02
2055,Oba spola,%,110-114,0.0
2055,Oba spola,%,115-119,0.0
2055,Oba spola,%,120+,0.0
2060,Oba spola,Broj,0-4,61553.67
2060,Oba spola,Broj,5-9,66759.13
2060,Oba spola,Broj,10-14,72642.52
2060,Oba spola,Broj,15-19,77551.04
2060,Oba spola,Broj,20-24,76336.43
2060,Oba spola,Broj,25-29,74585.31
2060,Oba spola,Broj,30-34,77549.33
2060,Oba spola,Broj,35-39,82943.6
2060,Oba spola,Broj,40-44,87649.69
2060,Oba spola,Broj,45-49,93699.44
2060,Oba spola,Broj,50-54,104160.04
2060,Oba spola,Broj,55-59,108725.98
2060,Oba spola,Broj,60-64,136471.03
2060,Oba spola,Broj,65-69,150376.2
2060,Oba spola,Broj,70-74,167059.03
2060,Oba spola,Broj,75-79,165104.19
2060,Oba spola,Broj,80-84,140113.55
2060,Oba spola,Broj,85-89,101142.95
2060,Oba spola,Broj,90-94,58310.55
2060,Oba spola,Broj,95-99,25662.47
2060,Oba spola,Broj,100-104,6262.16
2060,Oba spola,Broj,105-109,713.62
2060,Oba spola,Broj,110-114,28.05
2060,Oba spola,Broj,115-119,0.35
2060,Oba spola,Broj,120+,0.0
2060,Oba spola,%,0-4,3.18
2060,Oba spola,%,5-9,3.45
2060,Oba spola,%,10-14,3.75
2060,Oba spola,%,15-19,4.01
2060,Oba spola,%,20-24,3.94
2060,Oba spola,%,25-29,3.85
2060,Oba spola,%,30-34,4.01
2060,Oba spola,%,35-39,4.29
2060,Oba spola,%,40-44,4.53
2060,Oba spola,%,45-49,4.84
2060,Oba spola,%,50-54,5.38
2060,Oba spola,%,55-59,5.62
2060,Oba spola,%,60-64,7.05
2060,Oba spola,%,65-69,7.77
2060,Oba spola,%,70-74,8.63
2060,Oba spola,%,75-79,8.53
2060,Oba spola,%,80-84,7.24
2060,Oba spola,%,85-89,5.23
2060,Oba spola,%,90-94,3.01
2060,Oba spola,%,95-99,1.33
2060,Oba spola,%,100-104,0.32
2060,Oba spola,%,105-109,0.04
2060,Oba spola,%,110-114,0.0
2060,Oba spola,%,115-119,0.0
2060,Oba spola,%,120+,0.0
2065,Oba spola,Broj,0-4,55148.16
2065,Oba spola,Broj,5-9,60070.13
2065,Oba spola,Broj,10-14,65776.73
2065,Oba spola,Broj,15-19,70437.14
2065,Oba spola,Broj,20-24,69294.4
2065,Oba spola,Broj,25-29,66708.93
2065,Oba spola,Broj,30-34,68283.48
2065,Oba spola,Broj,35-39,73123.1
2065,Oba spola,Broj,40-44,79346.2
2065,Oba spola,Broj,45-49,84825.07
2065,Oba spola,Broj,50-54,91768.84
2065,Oba spola,Broj,55-59,102700.34
2065,Oba spola,Broj,60-64,107549.49
2065,Oba spola,Broj,65-69,132712.75
2065,Oba spola,Broj,70-74,141707.01
2065,Oba spola,Broj,75-79,150032.55
2065,Oba spola,Broj,80-84,137683.75
2065,Oba spola,Broj,85-89,103478.94
2065,Oba spola,Broj,90-94,61546.2
2065,Oba spola,Broj,95-99,26086.34
2065,Oba spola,Broj,100-104,7479.79
2065,Oba spola,Broj,105-109,974.59
2065,Oba spola,Broj,110-114,45.52
2065,Oba spola,Broj,115-119,0.75
2065,Oba spola,Broj,120+,0.0
2065,Oba spola,%,0-4,3.14
2065,Oba spola,%,5-9,3.42
2065,Oba spola,%,10-14,3.74
2065,Oba spola,%,15-19,4.01
2065,Oba spola,%,20-24,3.94
2065,Oba spola,%,25-29,3.8
2065,Oba spola,%,30-34,3.89
2065,Oba spola,%,35-39,4.16
2065,Oba spola,%,40-44,4.52
2065,Oba spola,%,45-49,4.83
2065,Oba spola,%,50-54,5.22
2065,Oba spola,%,55-59,5.85
2065,Oba spola,%,60-64,6.12
2065,Oba spola,%,65-69,7.55
2065,Oba spola,%,70-74,8.07
2065,Oba spola,%,75-79,8.54
2065,Oba spola,%,80-84,7.84
2065,Oba spola,%,85-89,5.89
2065,Oba spola,%,90-94,3.5
2065,Oba spola,%,95-99,1.48
2065,Oba spola,%,100-104,0.43
2065,Oba spola,%,105-109,0.06
2065,Oba spola,%,110-114,0.0
2065,Oba spola,%,115-119,0.0
2065,Oba spola,%,120+,0.0
2070,Oba spola,Broj,0-4,49664.82
2070,Oba spola,Broj,5-9,53832.89
2070,Oba spola,Broj,10-14,59194.73
2070,Oba spola,Broj,15-19,63774.53
2070,Oba spola,Broj,20-24,62924.54
2070,Oba spola,Broj,25-29,60535.5
2070,Oba spola,Broj,30-34,61103.09
2070,Oba spola,Broj,35-39,64468.84
2070,Oba spola,Broj,40-44,70033.36
2070,Oba spola,Broj,45-49,76810.22
2070,Oba spola,Broj,50-54,83109.87
2070,Oba spola,Broj,55-59,90626.65
2070,Oba spola,Broj,60-64,101615.43
2070,Oba spola,Broj,65-69,105181.94
2070,Oba spola,Broj,70-74,125513.88
2070,Oba spola,Broj,75-79,128249.82
2070,Oba spola,Broj,80-84,126471.53
2070,Oba spola,Broj,85-89,103471.07
2070,Oba spola,Broj,90-94,64554.48
2070,Oba spola,Broj,95-99,28626.75
2070,Oba spola,Broj,100-104,7881.59
2070,Oba spola,Broj,105-109,1204.31
2070,Oba spola,Broj,110-114,63.83
2070,Oba spola,Broj,115-119,1.22
2070,Oba spola,Broj,120+,0.01
2070,Oba spola,%,0-4,3.13
2070,Oba spola,%,5-9,3.39
2070,Oba spola,%,10-14,3.73
2070,Oba spola,%,15-19,4.01
2070,Oba spola,%,20-24,3.96
2070,Oba spola,%,25-29,3.81
2070,Oba spola,%,30-34,3.85
2070,Oba spola,%,35-39,4.06
2070,Oba spola,%,40-44,4.41
2070,Oba spola,%,45-49,4.83
2070,Oba spola,%,50-54,5.23
2070,Oba spola,%,55-59,5.7
2070,Oba spola,%,60-64,6.4
2070,Oba spola,%,65-69,6.62
2070,Oba spola,%,70-74,7.9
2070,Oba spola,%,75-79,8.07
2070,Oba spola,%,80-84,7.96
2070,Oba spola,%,85-89,6.51
2070,Oba spola,%,90-94,4.06
2070,Oba spola,%,95-99,1.8
2070,Oba spola,%,100-104,0.5
2070,Oba spola,%,105-109,0.08
2070,Oba spola,%,110-114,0.0
2070,Oba spola,%,115-119,0.0
2070,Oba spola,%,120+,0.0
2018,Muškarci,Broj,0-4,77060.0
2018,Muškarci,Broj,5-9,87991.0
2018,Muškarci,Broj,10-14,90862.0
2018,Muškarci,Broj,15-19,97735.0
2018,Muškarci,Broj,20-24,124642.0
2018,Muškarci,Broj,25-29,115506.0
2018,Muškarci,Broj,30-34,128613.0
2018,Muškarci,Broj,35-39,128321.0
2018,Muškarci,Broj,40-44,125498.0
2018,Muškarci,Broj,45-49,120314.0
2018,Muškarci,Broj,50-54,126686.0
2018,Muškarci,Broj,55-59,129670.0
2018,Muškarci,Broj,60-64,118083.0
2018,Muškarci,Broj,65-69,94375.0
2018,Muškarci,Broj,70-74,59475.0
2018,Muškarci,Broj,75-79,44663.0
2018,Muškarci,Broj,80-84,30186.0
2018,Muškarci,Broj,85-89,11675.0
2018,Muškarci,Broj,90-94,2542.0
2018,Muškarci,Broj,95-99,271.0
2018,Muškarci,Broj,100-104,81.0
2018,Muškarci,Broj,105-109,4.0
2018,Muškarci,Broj,110-114,0.0
2018,Muškarci,Broj,115-119,0.0
2018,Muškarci,Broj,120+,0.0
2018,Muškarci,%,0-4,2.21
2018,Muškarci,%,5-9,2.52
2018,Muškarci,%,10-14,2.6
2018,Muškarci,%,15-19,2.8
2018,Muškarci,%,20-24,3.57
2018,Muškarci,%,25-29,3.31
2018,Muškarci,%,30-34,3.68
2018,Muškarci,%,35-39,3.67
2018,Muškarci,%,40-44,3.59
2018,Muškarci,%,45-49,3.45
2018,Muškarci,%,50-54,3.63
2018,Muškarci,%,55-59,3.71
2018,Muškarci,%,60-64,3.38
2018,Muškarci,%,65-69,2.7
2018,Muškarci,%,70-74,1.7
2018,Muškarci,%,75-79,1.28
2018,Muškarci,%,80-84,0.86
2018,Muškarci,%,85-89,0.33
2018,Muškarci,%,90-94,0.07
2018,Muškarci,%,95-99,0.01
2018,Muškarci,%,100-104,0.0
2018,Muškarci,%,105-109,0.0
2018,Muškarci,%,110-114,0.0
2018,Muškarci,%,115-119,0.0
2018,Muškarci,%,120+,0.0
2020,Muškarci,Broj,0-4,75744.04
2020,Muškarci,Broj,5-9,81011.49
2020,Muškarci,Broj,10-14,91040.87
2020,Muškarci,Broj,15-19,91652.62
2020,Muškarci,Broj,20-24,108286.86
2020,Muškarci,Broj,25-29,108473.6
2020,Muškarci,Broj,30-34,119686.72
2020,Muškarci,Broj,35-39,125098.53
2020,Muškarci,Broj,40-44,123123.93
2020,Muškarci,Broj,45-49,120061.69
2020,Muškarci,Broj,50-54,119979.54
2020,Muškarci,Broj,55-59,128231.89
2020,Muškarci,Broj,60-64,120620.76
2020,Muškarci,Broj,65-69,102595.16
2020,Muškarci,Broj,70-74,71140.03
2020,Muškarci,Broj,75-79,40179.56
2020,Muškarci,Broj,80-84,32442.48
2020,Muškarci,Broj,85-89,13550.11
2020,Muškarci,Broj,90-94,3471.28
2020,Muškarci,Broj,95-99,363.23
2020,Muškarci,Broj,100-104,58.11
2020,Muškarci,Broj,105-109,4.87
2020,Muškarci,Broj,110-114,0.0
2020,Muškarci,Broj,115-119,0.0
2020,Muškarci,Broj,120+,0.0
2020,Muškarci,%,0-4,2.21
2020,Muškarci,%,5-9,2.36
2020,Muškarci,%,10-14,2.65
2020,Muškarci,%,15-19,2.67
2020,Muškarci,%,20-24,3.16
2020,Muškarci,%,25-29,3.16
2020,Muškarci,%,30-34,3.49
2020,Muškarci,%,35-39,3.65
2020,Muškarci,%,40-44,3.59
2020,Muškarci,%,45-49,3.5
2020,Muškarci,%,50-54,3.5
2020,Muškarci,%,55-59,3.74
2020,Muškarci,%,60-64,3.52
2020,Muškarci,%,65-69,2.99
2020,Muškarci,%,70-74,2.07
2020,Muškarci,%,75-79,1.17
2020,Muškarci,%,80-84,0.95
2020,Muškarci,%,85-89,0.4
2020,Muškarci,%,90-94,0.1
2020,Muškarci,%,95-99,0.01
2020,Muškarci,%,100-104,0.0
2020,Muškarci,%,105-109,0.0
2020,Muškarci,%,110-114,0.0
2020,Muškarci,%,115-119,0.0
2020,Muškarci,%,120+,0.0
2025,Muškarci,Broj,0-4,68574.6
2025,Muškarci,Broj,5-9,73811.81
2025,Muškarci,Broj,10-14,79627.3
2025,Muškarci,Broj,15-19,87929.07
2025,Muškarci,Broj,20-24,80608.87
2025,Muškarci,Broj,25-29,91492.04
2025,Muškarci,Broj,30-34,95451.27
2025,Muškarci,Broj,35-39,108357.86
2025,Muškarci,Broj,40-44,115447.94
2025,Muškarci,Broj,45-49,115904.29
2025,Muškarci,Broj,50-54,114700.67
2025,Muškarci,Broj,55-59,115462.29
2025,Muškarci,Broj,60-64,122833.48
2025,Muškarci,Broj,65-69,112637.79
2025,Muškarci,Broj,70-74,90182.42
2025,Muškarci,Broj,75-79,56511.74
2025,Muškarci,Broj,80-84,27788.38
2025,Muškarci,Broj,85-89,18088.37
2025,Muškarci,Broj,90-94,5637.01
2025,Muškarci,Broj,95-99,984.02
2025,Muškarci,Broj,100-104,63.42
2025,Muškarci,Broj,105-109,5.2
2025,Muškarci,Broj,110-114,0.24
2025,Muškarci,Broj,115-119,0.0
2025,Muškarci,Broj,120+,0.0
2025,Muškarci,%,0-4,2.1
2025,Muškarci,%,5-9,2.26
2025,Muškarci,%,10-14,2.44
2025,Muškarci,%,15-19,2.69
2025,Muškarci,%,20-24,2.47
2025,Muškarci,%,25-29,2.8
2025,Muškarci,%,30-34,2.92
2025,Muškarci,%,35-39,3.31
2025,Muškarci,%,40-44,3.53
2025,Muškarci,%,45-49,3.54
2025,Muškarci,%,50-54,3.51
2025,Muškarci,%,55-59,3.53
2025,Muškarci,%,60-64,3.76
2025,Muškarci,%,65-69,3.45
2025,Muškarci,%,70-74,2.76
2025,Muškarci,%,75-79,1.73
2025,Muškarci,%,80-84,0.85
2025,Muškarci,%,85-89,0.55
2025,Muškarci,%,90-94,0.17
2025,Muškarci,%,95-99,0.03
2025,Muškarci,%,100-104,0.0
2025,Muškarci,%,105-109,0.0
2025,Muškarci,%,110-114,0.0
2025,Muškarci,%,115-119,0.0
2025,Muškarci,%,120+,0.0
2030,Muškarci,Broj,0-4,60095.37
2030,Muškarci,Broj,5-9,66744.5
2030,Muškarci,Broj,10-14,72456.77
2030,Muškarci,Broj,15-19,76786.28
2030,Muškarci,Broj,20-24,77122.07
2030,Muškarci,Broj,25-29,68893.79
2030,Muškarci,Broj,30-34,80870.76
2030,Muškarci,Broj,35-39,86859.11
2030,Muškarci,Broj,40-44,100041.02
2030,Muškarci,Broj,45-49,108422.4
2030,Muškarci,Broj,50-54,110448.13
2030,Muškarci,Broj,55-59,110339.27
2030,Muškarci,Broj,60-64,111040.16
2030,Muškarci,Broj,65-69,114991.8
2030,Muškarci,Broj,70-74,99722.72
2030,Muškarci,Broj,75-79,72804.67
2030,Muškarci,Broj,80-84,40391.95
2030,Muškarci,Broj,85-89,16240.74
2030,Muškarci,Broj,90-94,8049.14
2030,Muškarci,Broj,95-99,1743.26
2030,Muškarci,Broj,100-104,192.45
2030,Muškarci,Broj,105-109,6.94
2030,Muškarci,Broj,110-114,0.26
2030,Muškarci,Broj,115-119,0.01
2030,Muškarci,Broj,120+,0.0
2030,Muškarci,%,0-4,1.94
2030,Muškarci,%,5-9,2.16
2030,Muškarci,%,10-14,2.34
2030,Muškarci,%,15-19,2.48
2030,Muškarci,%,20-24,2.49
2030,Muškarci,%,25-29,2.22
2030,Muškarci,%,30-34,2.61
2030,Muškarci,%,35-39,2.8
2030,Muškarci,%,40-44,3.23
2030,Muškarci,%,45-49,3.5
2030,Muškarci,%,50-54,3.57
2030,Muškarci,%,55-59,3.56
2030,Muškarci,%,60-64,3.59
2030,Muškarci,%,65-69,3.71
2030,Muškarci,%,70-74,3.22
2030,Muškarci,%,75-79,2.35
2030,Muškarci,%,80-84,1.3
2030,Muškarci,%,85-89,0.52
2030,Muškarci,%,90-94,0.26
2030,Muškarci,%,95-99,0.06
2030,Muškarci,%,100-104,0.01
2030,Muškarci,%,105-109,0.0
2030,Muškarci,%,110-114,0.0
2030,Muškarci,%,115-119,0.0
2030,Muškarci,%,120+,0.0
2035,Muškarci,Broj,0-4,52623.2
2035,Muškarci,Broj,5-9,58496.73
2035,Muškarci,Broj,10-14,65455.94
2035,Muškarci,Broj,15-19,69870.83
2035,Muškarci,Broj,20-24,67171.05
2035,Muškarci,Broj,25-29,65463.74
2035,Muškarci,Broj,30-34,61478.71
2035,Muškarci,Broj,35-39,73844.29
2035,Muškarci,Broj,40-44,80576.96
2035,Muškarci,Broj,45-49,94057.93
2035,Muškarci,Broj,50-54,103224.18
2035,Muškarci,Broj,55-59,106183.19
2035,Muškarci,Broj,60-64,106303.73
2035,Muškarci,Broj,65-69,104587.35
2035,Muškarci,Broj,70-74,102612.5
2035,Muškarci,Broj,75-79,81727.25
2035,Muškarci,Broj,80-84,53283.28
2035,Muškarci,Broj,85-89,24779.77
2035,Muškarci,Broj,90-94,7632.33
2035,Muškarci,Broj,95-99,2680.88
2035,Muškarci,Broj,100-104,371.24
2035,Muškarci,Broj,105-109,23.02
2035,Muškarci,Broj,110-114,0.4
2035,Muškarci,Broj,115-119,0.01
2035,Muškarci,Broj,120+,0.0
2035,Muškarci,%,0-4,1.81
2035,Muškarci,%,5-9,2.01
2035,Muškarci,%,10-14,2.25
2035,Muškarci,%,15-19,2.4
2035,Muškarci,%,20-24,2.31
2035,Muškarci,%,25-29,2.25
2035,Muškarci,%,30-34,2.11
2035,Muškarci,%,35-39,2.54
2035,Muškarci,%,40-44,2.77
2035,Muškarci,%,45-49,3.23
2035,Muškarci,%,50-54,3.54
2035,Muškarci,%,55-59,3.65
2035,Muškarci,%,60-64,3.65
2035,Muškarci,%,65-69,3.59
2035,Muškarci,%,70-74,3.52
2035,Muškarci,%,75-79,2.81
2035,Muškarci,%,80-84,1.83
2035,Muškarci,%,85-89,0.85
2035,Muškarci,%,90-94,0.26
2035,Muškarci,%,95-99,0.09
2035,Muškarci,%,100-104,0.01
2035,Muškarci,%,105-109,0.0
2035,Muškarci,%,110-114,0.0
2035,Muškarci,%,115-119,0.0
2035,Muškarci,%,120+,0.0
2040,Muškarci,Broj,0-4,47005.39
2040,Muškarci,Broj,5-9,51227.4
2040,Muškarci,Broj,10-14,57370.72
2040,Muškarci,Broj,15-19,63044.09
2040,Muškarci,Broj,20-24,61175.78
2040,Muškarci,Broj,25-29,57032.31
2040,Muškarci,Broj,30-34,58052.51
2040,Muškarci,Broj,35-39,56629.24
2040,Muškarci,Broj,40-44,68696.57
2040,Muškarci,Broj,45-49,76086.22
2040,Muškarci,Broj,50-54,89687.55
2040,Muškarci,Broj,55-59,99257.34
2040,Muškarci,Broj,60-64,102379.57
2040,Muškarci,Broj,65-69,100505.43
2040,Muškarci,Broj,70-74,94133.25
2040,Muškarci,Broj,75-79,85243.7
2040,Muškarci,Broj,80-84,61050.9
2040,Muškarci,Broj,85-89,33796.18
2040,Muškarci,Broj,90-94,12386.95
2040,Muškarci,Broj,95-99,2695.94
2040,Muškarci,Broj,100-104,612.92
2040,Muškarci,Broj,105-109,47.37
2040,Muškarci,Broj,110-114,1.38
2040,Muškarci,Broj,115-119,0.01
2040,Muškarci,Broj,120+,0.0
2040,Muškarci,%,0-4,1.73
2040,Muškarci,%,5-9,1.88
2040,Muškarci,%,10-14,2.11
2040,Muškarci,%,15-19,2.32
2040,Muškarci,%,20-24,2.25
2040,Muškarci,%,25-29,2.1
2040,Muškarci,%,30-34,2.14
2040,Muškarci,%,35-39,2.08
2040,Muškarci,%,40-44,2.53
2040,Muškarci,%,45-49,2.8
2040,Muškarci,%,50-54,3.3
2040,Muškarci,%,55-59,3.65
2040,Muškarci,%,60-64,3.77
2040,Muškarci,%,65-69,3.7
2040,Muškarci,%,70-74,3.46
2040,Muškarci,%,75-79,3.14
2040,Muškarci,%,80-84,2.25
2040,Muškarci,%,85-89,1.24
2040,Muškarci,%,90-94,0.46
2040,Muškarci,%,95-99,0.1
2040,Muškarci,%,100-104,0.02
2040,Muškarci,%,105-109,0.0
2040,Muškarci,%,110-114,0.0
2040,Muškarci,%,115-119,0.0
2040,Muškarci,%,120+,0.0
2045,Muškarci,Broj,0-4,42733.05
2045,Muškarci,Broj,5-9,45744.3
2045,Muškarci,Broj,10-14,50254.78
2045,Muškarci,Broj,15-19,55269.47
2045,Muškarci,Broj,20-24,55103.76
2045,Muškarci,Broj,25-29,51872.46
2045,Muškarci,Broj,30-34,50640.65
2045,Muškarci,Broj,35-39,53231.91
2045,Muškarci,Broj,40-44,53072.66
2045,Muškarci,Broj,45-49,65046.68
2045,Muškarci,Broj,50-54,72879.9
2045,Muškarci,Broj,55-59,86459.08
2045,Muškarci,Broj,60-64,95869.98
2045,Muškarci,Broj,65-69,97075.84
2045,Muškarci,Broj,70-74,91158.07
2045,Muškarci,Broj,75-79,79240.26
2045,Muškarci,Broj,80-84,64902.14
2045,Muškarci,Broj,85-89,39859.75
2045,Muškarci,Broj,90-94,17640.17
2045,Muškarci,Broj,95-99,4703.99
2045,Muškarci,Broj,100-104,652.91
2045,Muškarci,Broj,105-109,82.76
2045,Muškarci,Broj,110-114,2.92
2045,Muškarci,Broj,115-119,0.04
2045,Muškarci,Broj,120+,0.0
2045,Muškarci,%,0-4,1.7
2045,Muškarci,%,5-9,1.82
2045,Muškarci,%,10-14,2.0
2045,Muškarci,%,15-19,2.19
2045,Muškarci,%,20-24,2.19
2045,Muškarci,%,25-29,2.06
2045,Muškarci,%,30-34,2.01
2045,Muškarci,%,35-39,2.11
2045,Muškarci,%,40-44,2.11
2045,Muškarci,%,45-49,2.58
2045,Muškarci,%,50-54,2.89
2045,Muškarci,%,55-59,3.43
2045,Muškarci,%,60-64,3.81
2045,Muškarci,%,65-69,3.85
2045,Muškarci,%,70-74,3.62
2045,Muškarci,%,75-79,3.15
2045,Muškarci,%,80-84,2.58
2045,Muškarci,%,85-89,1.58
2045,Muškarci,%,90-94,0.7
2045,Muškarci,%,95-99,0.19
2045,Muškarci,%,100-104,0.03
2045,Muškarci,%,105-109,0.0
2045,Muškarci,%,110-114,0.0
2045,Muškarci,%,115-119,0.0
2045,Muškarci,%,120+,0.0
2050,Muškarci,Broj,0-4,38857.03
2050,Muškarci,Broj,5-9,41556.94
2050,Muškarci,Broj,10-14,44865.62
2050,Muškarci,Broj,15-19,48433.07
2050,Muškarci,Broj,20-24,48330.84
2050,Muškarci,Broj,25-29,46652.84
2050,Muškarci,Broj,30-34,45993.01
2050,Muškarci,Broj,35-39,46483.1
2050,Muškarci,Broj,40-44,49721.56
2050,Muškarci,Broj,45-49,50587.98
2050,Muškarci,Broj,50-54,62483.75
2050,Muškarci,Broj,55-59,70596.33
2050,Muškarci,Broj,60-64,83809.81
2050,Muškarci,Broj,65-69,91217.24
2050,Muškarci,Broj,70-74,88594.96
2050,Muškarci,Broj,75-79,77725.5
2050,Muškarci,Broj,80-84,61426.13
2050,Muškarci,Broj,85-89,43501.9
2050,Muškarci,Broj,90-94,21591.81
2050,Muškarci,Broj,95-99,7043.32
2050,Muškarci,Broj,100-104,1230.36
2050,Muškarci,Broj,105-109,92.17
2050,Muškarci,Broj,110-114,5.23
2050,Muškarci,Broj,115-119,0.08
2050,Muškarci,Broj,120+,0.0
2050,Muškarci,%,0-4,1.68
2050,Muškarci,%,5-9,1.79
2050,Muškarci,%,10-14,1.93
2050,Muškarci,%,15-19,2.09
2050,Muškarci,%,20-24,2.08
2050,Muškarci,%,25-29,2.01
2050,Muškarci,%,30-34,1.98
2050,Muškarci,%,35-39,2.0
2050,Muškarci,%,40-44,2.14
2050,Muškarci,%,45-49,2.18
2050,Muškarci,%,50-54,2.69
2050,Muškarci,%,55-59,3.04
2050,Muškarci,%,60-64,3.61
2050,Muškarci,%,65-69,3.93
2050,Muškarci,%,70-74,3.82
2050,Muškarci,%,75-79,3.35
2050,Muškarci,%,80-84,2.65
2050,Muškarci,%,85-89,1.88
2050,Muškarci,%,90-94,0.93
2050,Muškarci,%,95-99,0.3
2050,Muškarci,%,100-104,0.05
2050,Muškarci,%,105-109,0.0
2050,Muškarci,%,110-114,0.0
2050,Muškarci,%,115-119,0.0
2050,Muškarci,%,120+,0.0
2055,Muškarci,Broj,0-4,35199.5
2055,Muškarci,Broj,5-9,37761.93
2055,Muškarci,Broj,10-14,40729.74
2055,Muškarci,Broj,15-19,43237.67
2055,Muškarci,Broj,20-24,42380.37
2055,Muškarci,Broj,25-29,40955.29
2055,Muškarci,Broj,30-34,41320.62
2055,Muškarci,Broj,35-39,42176.66
2055,Muškarci,Broj,40-44,43460.58
2055,Muškarci,Broj,45-49,47274.45
2055,Muškarci,Broj,50-54,48899.51
2055,Muškarci,Broj,55-59,60720.63
2055,Muškarci,Broj,60-64,68811.49
2055,Muškarci,Broj,65-69,80112.44
2055,Muškarci,Broj,70-74,83747.42
2055,Muškarci,Broj,75-79,76321.76
2055,Muškarci,Broj,80-84,61315.95
2055,Muškarci,Broj,85-89,42157.95
2055,Muškarci,Broj,90-94,24345.11
2055,Muškarci,Broj,95-99,8994.12
2055,Muškarci,Broj,100-104,1935.46
2055,Muškarci,Broj,105-109,186.15
2055,Muškarci,Broj,110-114,5.93
2055,Muškarci,Broj,115-119,0.15
2055,Muškarci,Broj,120+,0.0
2055,Muškarci,%,0-4,1.66
2055,Muškarci,%,5-9,1.78
2055,Muškarci,%,10-14,1.92
2055,Muškarci,%,15-19,2.04
2055,Muškarci,%,20-24,2.0
2055,Muškarci,%,25-29,1.93
2055,Muškarci,%,30-34,1.95
2055,Muškarci,%,35-39,1.99
2055,Muškarci,%,40-44,2.05
2055,Muškarci,%,45-49,2.23
2055,Muškarci,%,50-54,2.3
2055,Muškarci,%,55-59,2.86
2055,Muškarci,%,60-64,3.24
2055,Muškarci,%,65-69,3.77
2055,Muškarci,%,70-74,3.94
2055,Muškarci,%,75-79,3.59
2055,Muškarci,%,80-84,2.89
2055,Muškarci,%,85-89,1.99
2055,Muškarci,%,90-94,1.15
2055,Muškarci,%,95-99,0.42
2055,Muškarci,%,100-104,0.09
2055,Muškarci,%,105-109,0.01
2055,Muškarci,%,110-114,0.0
2055,Muškarci,%,115-119,0.0
2055,Muškarci,%,120+,0.0
2060,Muškarci,Broj,0-4,31669.97
2060,Muškarci,Broj,5-9,34191.84
2060,Muškarci,Broj,10-14,36987.89
2060,Muškarci,Broj,15-19,39231.42
2060,Muškarci,Broj,20-24,37844.08
2060,Muškarci,Broj,25-29,35953.88
2060,Muškarci,Broj,30-34,36312.32
2060,Muškarci,Broj,35-39,37865.44
2060,Muškarci,Broj,40-44,39413.08
2060,Muškarci,Broj,45-49,41369.7
2060,Muškarci,Broj,50-54,45622.73
2060,Muškarci,Broj,55-59,47809.01
2060,Muškarci,Broj,60-64,59391.33
2060,Muškarci,Broj,65-69,66174.08
2060,Muškarci,Broj,70-74,73966.9
2060,Muškarci,Broj,75-79,72796.88
2060,Muškarci,Broj,80-84,61014.45
2060,Muškarci,Broj,85-89,43035.44
2060,Muškarci,Broj,90-94,24244.79
2060,Muškarci,Broj,95-99,10494.65
2060,Muškarci,Broj,100-104,2569.55
2060,Muškarci,Broj,105-109,303.46
2060,Muškarci,Broj,110-114,12.46
2060,Muškarci,Broj,115-119,0.17
2060,Muškarci,Broj,120+,0.0
2060,Muškarci,%,0-4,1.64
2060,Muškarci,%,5-9,1.77
2060,Muškarci,%,10-14,1.91
2060,Muškarci,%,15-19,2.03
2060,Muškarci,%,20-24,1.96
2060,Muškarci,%,25-29,1.86
2060,Muškarci,%,30-34,1.88
2060,Muškarci,%,35-39,1.96
2060,Muškarci,%,40-44,2.04
2060,Muškarci,%,45-49,2.14
2060,Muškarci,%,50-54,2.36
2060,Muškarci,%,55-59,2.47
2060,Muškarci,%,60-64,3.07
2060,Muškarci,%,65-69,3.42
2060,Muškarci,%,70-74,3.82
2060,Muškarci,%,75-79,3.76
2060,Muškarci,%,80-84,3.15
2060,Muškarci,%,85-89,2.22
2060,Muškarci,%,90-94,1.25
2060,Muškarci,%,95-99,0.54
2060,Muškarci,%,100-104,0.13
2060,Muškarci,%,105-109,0.02
2060,Muškarci,%,110-114,0.0
2060,Muškarci,%,115-119,0.0
2060,Muškarci,%,120+,0.0
2065,Muškarci,Broj,0-4,28373.21
2065,Muškarci,Broj,5-9,30759.55
2065,Muškarci,Broj,10-14,33479.79
2065,Muškarci,Broj,15-19,35612.66
2065,Muškarci,Broj,20-24,34322.06
2065,Muškarci,Broj,25-29,32112.1
2065,Muškarci,Broj,30-34,31921.72
2065,Muškarci,Broj,35-39,33318.11
2065,Muškarci,Broj,40-44,35378.22
2065,Muškarci,Broj,45-49,37515.32
2065,Muškarci,Broj,50-54,39988.32
2065,Muškarci,Broj,55-59,44579.06
2065,Muškarci,Broj,60-64,47093.34
2065,Muškarci,Broj,65-69,57348.82
2065,Muškarci,Broj,70-74,61497.82
2065,Muškarci,Broj,75-79,64840.95
2065,Muškarci,Broj,80-84,58950.55
2065,Muškarci,Broj,85-89,43636.06
2065,Muškarci,Broj,90-94,25492.98
2065,Muškarci,Broj,95-99,10789.42
2065,Muškarci,Broj,100-104,3102.79
2065,Muškarci,Broj,105-109,416.16
2065,Muškarci,Broj,110-114,20.62
2065,Muškarci,Broj,115-119,0.36
2065,Muškarci,Broj,120+,0.0
2065,Muškarci,%,0-4,1.62
2065,Muškarci,%,5-9,1.75
2065,Muškarci,%,10-14,1.91
2065,Muškarci,%,15-19,2.03
2065,Muškarci,%,20-24,1.95
2065,Muškarci,%,25-29,1.83
2065,Muškarci,%,30-34,1.82
2065,Muškarci,%,35-39,1.9
2065,Muškarci,%,40-44,2.01
2065,Muškarci,%,45-49,2.14
2065,Muškarci,%,50-54,2.28
2065,Muškarci,%,55-59,2.54
2065,Muškarci,%,60-64,2.68
2065,Muškarci,%,65-69,3.26
2065,Muškarci,%,70-74,3.5
2065,Muškarci,%,75-79,3.69
2065,Muškarci,%,80-84,3.36
2065,Muškarci,%,85-89,2.48
2065,Muškarci,%,90-94,1.45
2065,Muškarci,%,95-99,0.61
2065,Muškarci,%,100-104,0.18
2065,Muškarci,%,105-109,0.02
2065,Muškarci,%,110-114,0.0
2065,Muškarci,%,115-119,0.0
2065,Muškarci,%,120+,0.0
2070,Muškarci,Broj,0-4,25551.4
2070,Muškarci,Broj,5-9,27559.85
2070,Muškarci,Broj,10-14,30117.98
2070,Muškarci,Broj,15-19,32227.97
2070,Muškarci,Broj,20-24,31144.07
2070,Muškarci,Broj,25-29,29104.2
2070,Muškarci,Broj,30-34,28521.89
2070,Muškarci,Broj,35-39,29332.93
2070,Muškarci,Broj,40-44,31170.43
2070,Muškarci,Broj,45-49,33682.32
2070,Muškarci,Broj,50-54,36277.89
2070,Muškarci,Broj,55-59,39158.91
2070,Muškarci,Broj,60-64,43938.16
2070,Muškarci,Broj,65-69,45821.0
2070,Muškarci,Broj,70-74,53550.4
2070,Muškarci,Broj,75-79,54396.74
2070,Muškarci,Broj,80-84,53135.57
2070,Muškarci,Broj,85-89,42935.65
2070,Muškarci,Broj,90-94,26497.64
2070,Muškarci,Broj,95-99,11762.27
2070,Muškarci,Broj,100-104,3293.66
2070,Muškarci,Broj,105-109,516.42
2070,Muškarci,Broj,110-114,28.76
2070,Muškarci,Broj,115-119,0.59
2070,Muškarci,Broj,120+,0.01
2070,Muškarci,%,0-4,1.61
2070,Muškarci,%,5-9,1.73
2070,Muškarci,%,10-14,1.9
2070,Muškarci,%,15-19,2.03
2070,Muškarci,%,20-24,1.96
2070,Muškarci,%,25-29,1.83
2070,Muškarci,%,30-34,1.8
2070,Muškarci,%,35-39,1.85
2070,Muškarci,%,40-44,1.96
2070,Muškarci,%,45-49,2.12
2070,Muškarci,%,50-54,2.28
2070,Muškarci,%,55-59,2.46
2070,Muškarci,%,60-64,2.77
2070,Muškarci,%,65-69,2.88
2070,Muškarci,%,70-74,3.37
2070,Muškarci,%,75-79,3.42
2070,Muškarci,%,80-84,3.34
2070,Muškarci,%,85-89,2.7
2070,Muškarci,%,90-94,1.67
2070,Muškarci,%,95-99,0.74
2070,Muškarci,%,100-104,0.21
2070,Muškarci,%,105-109,0.03
2070,Muškarci,%,110-114,0.0
2070,Muškarci,%,115-119,0.0
2070,Muškarci,%,120+,0.0
2018,Žene,Broj,0-4,71887.0
2018,Žene,Broj,5-9,83144.0
2018,Žene,Broj,10-14,86236.0
2018,Žene,Broj,15-19,92867.0
2018,Žene,Broj,20-24,118251.0
2018,Žene,Broj,25-29,109922.0
2018,Žene,Broj,30-34,122620.0
2018,Žene,Broj,35-39,124160.0
2018,Žene,Broj,40-44,122646.0
2018,Žene,Broj,45-49,118759.0
2018,Žene,Broj,50-54,128806.0
2018,Žene,Broj,55-59,136494.0
2018,Žene,Broj,60-64,129979.0
2018,Žene,Broj,65-69,112423.0
2018,Žene,Broj,70-74,78187.0
2018,Žene,Broj,75-79,65488.0
2018,Žene,Broj,80-84,48905.0
2018,Žene,Broj,85-89,20820.0
2018,Žene,Broj,90-94,5224.0
2018,Žene,Broj,95-99,804.0
2018,Žene,Broj,100-104,140.0
2018,Žene,Broj,105-109,8.0
2018,Žene,Broj,110-114,0.0
2018,Žene,Broj,115-119,0.0
2018,Žene,Broj,120+,0.0
2018,Žene,%,0-4,2.06
2018,Žene,%,5-9,2.38
2018,Žene,%,10-14,2.47
2018,Žene,%,15-19,2.66
2018,Žene,%,20-24,3.39
2018,Žene,%,25-29,3.15
2018,Žene,%,30-34,3.51
2018,Žene,%,35-39,3.56
2018,Žene,%,40-44,3.51
2018,Žene,%,45-49,3.4
2018,Žene,%,50-54,3.69
2018,Žene,%,55-59,3.91
2018,Žene,%,60-64,3.72
2018,Žene,%,65-69,3.22
2018,Žene,%,70-74,2.24
2018,Žene,%,75-79,1.88
2018,Žene,%,80-84,1.4
2018,Žene,%,85-89,0.6
2018,Žene,%,90-94,0.15
2018,Žene,%,95-99,0.02
2018,Žene,%,100-104,0.0
2018,Žene,%,105-109,0.0
2018,Žene,%,110-114,0.0
2018,Žene,%,115-119,0.0
2018,Žene,%,120+,0.0
2020,Žene,Broj,0-4,70677.51
2020,Žene,Broj,5-9,76727.98
2020,Žene,Broj,10-14,86367.09
2020,Žene,Broj,15-19,86940.49
2020,Žene,Broj,20-24,105111.8
2020,Žene,Broj,25-29,105737.54
2020,Žene,Broj,30-34,116789.53
2020,Žene,Broj,35-39,122836.31
2020,Žene,Broj,40-44,121872.65
2020,Žene,Broj,45-49,119959.18
2020,Žene,Broj,50-54,121474.77
2020,Žene,Broj,55-59,134214.44
2020,Žene,Broj,60-64,131678.44
2020,Žene,Broj,65-69,118764.45
2020,Žene,Broj,70-74,92006.2
2020,Žene,Broj,75-79,58447.65
2020,Žene,Broj,80-84,51988.82
2020,Žene,Broj,85-89,24210.74
2020,Žene,Broj,90-94,6647.34
2020,Žene,Broj,95-99,930.61
2020,Žene,Broj,100-104,107.27
2020,Žene,Broj,105-109,7.94
2020,Žene,Broj,110-114,0.24
2020,Žene,Broj,115-119,0.0
2020,Žene,Broj,120+,0.0
2020,Žene,%,0-4,2.06
2020,Žene,%,5-9,2.24
2020,Žene,%,10-14,2.52
2020,Žene,%,15-19,2.53
2020,Žene,%,20-24,3.06
2020,Žene,%,25-29,3.08
2020,Žene,%,30-34,3.4
2020,Žene,%,35-39,3.58
2020,Žene,%,40-44,3.55
2020,Žene,%,45-49,3.5
2020,Žene,%,50-54,3.54
2020,Žene,%,55-59,3.91
2020,Žene,%,60-64,3.84
2020,Žene,%,65-69,3.46
2020,Žene,%,70-74,2.68
2020,Žene,%,75-79,1.7
2020,Žene,%,80-84,1.52
2020,Žene,%,85-89,0.71
2020,Žene,%,90-94,0.19
2020,Žene,%,95-99,0.03
2020,Žene,%,100-104,0.0
2020,Žene,%,105-109,0.0
2020,Žene,%,110-114,0.0
2020,Žene,%,115-119,0.0
2020,Žene,%,120+,0.0
2025,Žene,Broj,0-4,64639.68
2025,Žene,Broj,5-9,69210.38
2025,Žene,Broj,10-14,75967.02
2025,Žene,Broj,15-19,84198.17
2025,Žene,Broj,20-24,79313.38
2025,Žene,Broj,25-29,93721.04
2025,Žene,Broj,30-34,98694.89
2025,Žene,Broj,35-39,111838.43
2025,Žene,Broj,40-44,118994.62
2025,Žene,Broj,45-49,118892.86
2025,Žene,Broj,50-54,118111.58
2025,Žene,Broj,55-59,119911.28
2025,Žene,Broj,60-64,131556.72
2025,Žene,Broj,65-69,126557.37
2025,Žene,Broj,70-74,109095.38
2025,Žene,Broj,75-79,78732.03
2025,Žene,Broj,80-84,43905.1
2025,Žene,Broj,85-89,31502.82
2025,Žene,Broj,90-94,10621.45
2025,Žene,Broj,95-99,1815.08
2025,Žene,Broj,100-104,139.21
2025,Žene,Broj,105-109,7.6
2025,Žene,Broj,110-114,0.28
2025,Žene,Broj,115-119,0.0
2025,Žene,Broj,120+,0.0
2025,Žene,%,0-4,1.98
2025,Žene,%,5-9,2.12
2025,Žene,%,10-14,2.32
2025,Žene,%,15-19,2.58
2025,Žene,%,20-24,2.43
2025,Žene,%,25-29,2.87
2025,Žene,%,30-34,3.02
2025,Žene,%,35-39,3.42
2025,Žene,%,40-44,3.64
2025,Žene,%,45-49,3.64
2025,Žene,%,50-54,3.61
2025,Žene,%,55-59,3.67
2025,Žene,%,60-64,4.02
2025,Žene,%,65-69,3.87
2025,Žene,%,70-74,3.34
2025,Žene,%,75-79,2.41
2025,Žene,%,80-84,1.34
2025,Žene,%,85-89,0.96
2025,Žene,%,90-94,0.32
2025,Žene,%,95-99,0.06
2025,Žene,%,100-104,0.0
2025,Žene,%,105-109,0.0
2025,Žene,%,110-114,0.0
2025,Žene,%,115-119,0.0
2025,Žene,%,120+,0.0
2030,Žene,Broj,0-4,56656.9
2030,Žene,Broj,5-9,63262.24
2030,Žene,Broj,10-14,68514.2
2030,Žene,Broj,15-19,74026.59
2030,Žene,Broj,20-24,76651.17
2030,Žene,Broj,25-29,71223.84
2030,Žene,Broj,30-34,87672.75
2030,Žene,Broj,35-39,94702.45
2030,Žene,Broj,40-44,108309.42
2030,Žene,Broj,45-49,115912.08
2030,Žene,Broj,50-54,116903.35
2030,Žene,Broj,55-59,116561.35
2030,Žene,Broj,60-64,117823.19
2030,Žene,Broj,65-69,126699.92
2030,Žene,Broj,70-74,116892.58
2030,Žene,Broj,75-79,94368.42
2030,Žene,Broj,80-84,60773.33
2030,Žene,Broj,85-89,27657.69
2030,Žene,Broj,90-94,14691.06
2030,Žene,Broj,95-99,3189.11
2030,Žene,Broj,100-104,316.29
2030,Žene,Broj,105-109,12.07
2030,Žene,Broj,110-114,0.29
2030,Žene,Broj,115-119,0.01
2030,Žene,Broj,120+,0.0
2030,Žene,%,0-4,1.83
2030,Žene,%,5-9,2.04
2030,Žene,%,10-14,2.21
2030,Žene,%,15-19,2.39
2030,Žene,%,20-24,2.47
2030,Žene,%,25-29,2.3
2030,Žene,%,30-34,2.83
2030,Žene,%,35-39,3.06
2030,Žene,%,40-44,3.5
2030,Žene,%,45-49,3.74
2030,Žene,%,50-54,3.77
2030,Žene,%,55-59,3.76
2030,Žene,%,60-64,3.8
2030,Žene,%,65-69,4.09
2030,Žene,%,70-74,3.77
2030,Žene,%,75-79,3.05
2030,Žene,%,80-84,1.96
2030,Žene,%,85-89,0.89
2030,Žene,%,90-94,0.47
2030,Žene,%,95-99,0.1
2030,Žene,%,100-104,0.01
2030,Žene,%,105-109,0.0
2030,Žene,%,110-114,0.0
2030,Žene,%,115-119,0.0
2030,Žene,%,120+,0.0
2035,Žene,Broj,0-4,49620.86
2035,Žene,Broj,5-9,55509.08
2035,Žene,Broj,10-14,62603.47
2035,Žene,Broj,15-19,66826.77
2035,Žene,Broj,20-24,67347.66
2035,Žene,Broj,25-29,68613.7
2035,Žene,Broj,30-34,67008.1
2035,Žene,Broj,35-39,84219.79
2035,Žene,Broj,40-44,91922.98
2035,Žene,Broj,45-49,105527.15
2035,Žene,Broj,50-54,113883.61
2035,Žene,Broj,55-59,115294.49
2035,Žene,Broj,60-64,114617.6
2035,Žene,Broj,65-69,113883.69
2035,Žene,Broj,70-74,117640.19
2035,Žene,Broj,75-79,102132.81
2035,Žene,Broj,80-84,74182.46
2035,Žene,Broj,85-89,39993.41
2035,Žene,Broj,90-94,13567.3
2035,Žene,Broj,95-99,4769.1
2035,Žene,Broj,100-104,615.31
2035,Žene,Broj,105-109,31.42
2035,Žene,Broj,110-114,0.53
2035,Žene,Broj,115-119,0.01
2035,Žene,Broj,120+,0.0
2035,Žene,%,0-4,1.7
2035,Žene,%,5-9,1.91
2035,Žene,%,10-14,2.15
2035,Žene,%,15-19,2.29
2035,Žene,%,20-24,2.31
2035,Žene,%,25-29,2.36
2035,Žene,%,30-34,2.3
2035,Žene,%,35-39,2.89
2035,Žene,%,40-44,3.16
2035,Žene,%,45-49,3.62
2035,Žene,%,50-54,3.91
2035,Žene,%,55-59,3.96
2035,Žene,%,60-64,3.94
2035,Žene,%,65-69,3.91
2035,Žene,%,70-74,4.04
2035,Žene,%,75-79,3.51
2035,Žene,%,80-84,2.55
2035,Žene,%,85-89,1.37
2035,Žene,%,90-94,0.47
2035,Žene,%,95-99,0.16
2035,Žene,%,100-104,0.02
2035,Žene,%,105-109,0.0
2035,Žene,%,110-114,0.0
2035,Žene,%,115-119,0.0
2035,Žene,%,120+,0.0
2040,Žene,Broj,0-4,44331.52
2040,Žene,Broj,5-9,48663.86
2040,Žene,Broj,10-14,54988.17
2040,Žene,Broj,15-19,61019.07
2040,Žene,Broj,20-24,60883.24
2040,Žene,Broj,25-29,60365.69
2040,Žene,Broj,30-34,64354.85
2040,Žene,Broj,35-39,64698.91
2040,Žene,Broj,40-44,81804.91
2040,Žene,Broj,45-49,89733.88
2040,Žene,Broj,50-54,103723.85
2040,Žene,Broj,55-59,112270.32
2040,Žene,Broj,60-64,113369.28
2040,Žene,Broj,65-69,111033.28
2040,Žene,Broj,70-74,106336.61
2040,Žene,Broj,75-79,103732.03
2040,Žene,Broj,80-84,81617.85
2040,Žene,Broj,85-89,50270.69
2040,Žene,Broj,90-94,20878.36
2040,Žene,Broj,95-99,4691.7
2040,Žene,Broj,100-104,1002.46
2040,Žene,Broj,105-109,66.95
2040,Žene,Broj,110-114,1.5
2040,Žene,Broj,115-119,0.01
2040,Žene,Broj,120+,0.0
2040,Žene,%,0-4,1.63
2040,Žene,%,5-9,1.79
2040,Žene,%,10-14,2.02
2040,Žene,%,15-19,2.25
2040,Žene,%,20-24,2.24
2040,Žene,%,25-29,2.22
2040,Žene,%,30-34,2.37
2040,Žene,%,35-39,2.38
2040,Žene,%,40-44,3.01
2040,Žene,%,45-49,3.3
2040,Žene,%,50-54,3.82
2040,Žene,%,55-59,4.13
2040,Žene,%,60-64,4.17
2040,Žene,%,65-69,4.09
2040,Žene,%,70-74,3.91
2040,Žene,%,75-79,3.82
2040,Žene,%,80-84,3.0
2040,Žene,%,85-89,1.85
2040,Žene,%,90-94,0.77
2040,Žene,%,95-99,0.17
2040,Žene,%,100-104,0.04
2040,Žene,%,105-109,0.0
2040,Žene,%,110-114,0.0
2040,Žene,%,115-119,0.0
2040,Žene,%,120+,0.0
2045,Žene,Broj,0-4,40308.99
2045,Žene,Broj,5-9,43495.85
2045,Žene,Broj,10-14,48265.99
2045,Žene,Broj,15-19,53648.19
2045,Žene,Broj,20-24,55541.74
2045,Žene,Broj,25-29,54576.67
2045,Žene,Broj,30-34,56720.8
2045,Žene,Broj,35-39,62013.76
2045,Žene,Broj,40-44,63161.78
2045,Žene,Broj,45-49,79931.68
2045,Žene,Broj,50-54,88372.51
2045,Žene,Broj,55-59,102335.78
2045,Žene,Broj,60-64,110429.39
2045,Žene,Broj,65-69,109977.84
2045,Žene,Broj,70-74,104215.59
2045,Žene,Broj,75-79,94632.17
2045,Žene,Broj,80-84,84154.83
2045,Žene,Broj,85-89,56786.96
2045,Žene,Broj,90-94,27381.16
2045,Žene,Broj,95-99,7834.02
2045,Žene,Broj,100-104,1058.11
2045,Žene,Broj,105-109,118.09
2045,Žene,Broj,110-114,3.39
2045,Žene,Broj,115-119,0.03
2045,Žene,Broj,120+,0.0
2045,Žene,%,0-4,1.6
2045,Žene,%,5-9,1.73
2045,Žene,%,10-14,1.92
2045,Žene,%,15-19,2.13
2045,Žene,%,20-24,2.21
2045,Žene,%,25-29,2.17
2045,Žene,%,30-34,2.25
2045,Žene,%,35-39,2.46
2045,Žene,%,40-44,2.51
2045,Žene,%,45-49,3.17
2045,Žene,%,50-54,3.51
2045,Žene,%,55-59,4.06
2045,Žene,%,60-64,4.38
2045,Žene,%,65-69,4.37
2045,Žene,%,70-74,4.14
2045,Žene,%,75-79,3.76
2045,Žene,%,80-84,3.34
2045,Žene,%,85-89,2.25
2045,Žene,%,90-94,1.09
2045,Žene,%,95-99,0.31
2045,Žene,%,100-104,0.04
2045,Žene,%,105-109,0.0
2045,Žene,%,110-114,0.0
2045,Žene,%,115-119,0.0
2045,Žene,%,120+,0.0
2050,Žene,Broj,0-4,36657.91
2050,Žene,Broj,5-9,39542.52
2050,Žene,Broj,10-14,43160.91
2050,Žene,Broj,15-19,47139.04
2050,Žene,Broj,20-24,48886.11
2050,Žene,Broj,25-29,49772.43
2050,Žene,Broj,30-34,51263.86
2050,Žene,Broj,35-39,54713.04
2050,Žene,Broj,40-44,60437.55
2050,Žene,Broj,45-49,61966.54
2050,Žene,Broj,50-54,78798.89
2050,Žene,Broj,55-59,87373.62
2050,Žene,Broj,60-64,100786.78
2050,Žene,Broj,65-69,107287.32
2050,Žene,Broj,70-74,103626.02
2050,Žene,Broj,75-79,93592.97
2050,Žene,Broj,80-84,77887.68
2050,Žene,Broj,85-89,59946.0
2050,Žene,Broj,90-94,32126.24
2050,Žene,Broj,95-99,10858.6
2050,Žene,Broj,100-104,1936.83
2050,Žene,Broj,105-109,132.83
2050,Žene,Broj,110-114,6.29
2050,Žene,Broj,115-119,0.08
2050,Žene,Broj,120+,0.0
2050,Žene,%,0-4,1.58
2050,Žene,%,5-9,1.71
2050,Žene,%,10-14,1.86
2050,Žene,%,15-19,2.03
2050,Žene,%,20-24,2.11
2050,Žene,%,25-29,2.15
2050,Žene,%,30-34,2.21
2050,Žene,%,35-39,2.36
2050,Žene,%,40-44,2.61
2050,Žene,%,45-49,2.67
2050,Žene,%,50-54,3.4
2050,Žene,%,55-59,3.77
2050,Žene,%,60-64,4.35
2050,Žene,%,65-69,4.63
2050,Žene,%,70-74,4.47
2050,Žene,%,75-79,4.04
2050,Žene,%,80-84,3.36
2050,Žene,%,85-89,2.59
2050,Žene,%,90-94,1.39
2050,Žene,%,95-99,0.47
2050,Žene,%,100-104,0.08
2050,Žene,%,105-109,0.01
2050,Žene,%,110-114,0.0
2050,Žene,%,115-119,0.0
2050,Žene,%,120+,0.0
2055,Žene,Broj,0-4,33211.05
2055,Žene,Broj,5-9,35951.68
2055,Žene,Broj,10-14,39227.14
2055,Žene,Broj,15-19,42171.2
2055,Žene,Broj,20-24,43003.3
2055,Žene,Broj,25-29,43862.08
2055,Žene,Broj,30-34,46743.65
2055,Žene,Broj,35-39,49448.95
2055,Žene,Broj,40-44,53365.61
2055,Žene,Broj,45-49,59214.32
2055,Žene,Broj,50-54,61318.14
2055,Žene,Broj,55-59,77985.02
2055,Žene,Broj,60-64,86255.38
2055,Žene,Broj,65-69,98112.93
2055,Žene,Broj,70-74,101451.69
2055,Žene,Broj,75-79,93700.65
2055,Žene,Broj,80-84,78148.67
2055,Žene,Broj,85-89,56666.08
2055,Žene,Broj,90-94,35024.67
2055,Žene,Broj,95-99,13368.38
2055,Žene,Broj,100-104,2848.11
2055,Žene,Broj,105-109,265.1
2055,Žene,Broj,110-114,7.36
2055,Žene,Broj,115-119,0.15
2055,Žene,Broj,120+,0.0
2055,Žene,%,0-4,1.56
2055,Žene,%,5-9,1.69
2055,Žene,%,10-14,1.85
2055,Žene,%,15-19,1.99
2055,Žene,%,20-24,2.03
2055,Žene,%,25-29,2.07
2055,Žene,%,30-34,2.2
2055,Žene,%,35-39,2.33
2055,Žene,%,40-44,2.51
2055,Žene,%,45-49,2.79
2055,Žene,%,50-54,2.89
2055,Žene,%,55-59,3.67
2055,Žene,%,60-64,4.06
2055,Žene,%,65-69,4.62
2055,Žene,%,70-74,4.78
2055,Žene,%,75-79,4.41
2055,Žene,%,80-84,3.68
2055,Žene,%,85-89,2.67
2055,Žene,%,90-94,1.65
2055,Žene,%,95-99,0.63
2055,Žene,%,100-104,0.13
2055,Žene,%,105-109,0.01
2055,Žene,%,110-114,0.0
2055,Žene,%,115-119,0.0
2055,Žene,%,120+,0.0
2060,Žene,Broj,0-4,29883.71
2060,Žene,Broj,5-9,32567.29
2060,Žene,Broj,10-14,35654.63
2060,Žene,Broj,15-19,38319.62
2060,Žene,Broj,20-24,38492.35
2060,Žene,Broj,25-29,38631.43
2060,Žene,Broj,30-34,41237.0
2060,Žene,Broj,35-39,45078.16
2060,Žene,Broj,40-44,48236.61
2060,Žene,Broj,45-49,52329.73
2060,Žene,Broj,50-54,58537.31
2060,Žene,Broj,55-59,60916.97
2060,Žene,Broj,60-64,77079.7
2060,Žene,Broj,65-69,84202.12
2060,Žene,Broj,70-74,93092.13
2060,Žene,Broj,75-79,92307.31
2060,Žene,Broj,80-84,79099.1
2060,Žene,Broj,85-89,58107.51
2060,Žene,Broj,90-94,34065.77
2060,Žene,Broj,95-99,15167.82
2060,Žene,Broj,100-104,3692.61
2060,Žene,Broj,105-109,410.17
2060,Žene,Broj,110-114,15.59
2060,Žene,Broj,115-119,0.18
2060,Žene,Broj,120+,0.0
2060,Žene,%,0-4,1.54
2060,Žene,%,5-9,1.68
2060,Žene,%,10-14,1.84
2060,Žene,%,15-19,1.98
2060,Žene,%,20-24,1.99
2060,Žene,%,25-29,2.0
2060,Žene,%,30-34,2.13
2060,Žene,%,35-39,2.33
2060,Žene,%,40-44,2.49
2060,Žene,%,45-49,2.7
2060,Žene,%,50-54,3.02
2060,Žene,%,55-59,3.15
2060,Žene,%,60-64,3.98
2060,Žene,%,65-69,4.35
2060,Žene,%,70-74,4.81
2060,Žene,%,75-79,4.77
2060,Žene,%,80-84,4.09
2060,Žene,%,85-89,3.0
2060,Žene,%,90-94,1.76
2060,Žene,%,95-99,0.78
2060,Žene,%,100-104,0.19
2060,Žene,%,105-109,0.02
2060,Žene,%,110-114,0.0
2060,Žene,%,115-119,0.0
2060,Žene,%,120+,0.0
2065,Žene,Broj,0-4,26774.95
2065,Žene,Broj,5-9,29310.58
2065,Žene,Broj,10-14,32296.94
2065,Žene,Broj,15-19,34824.48
2065,Žene,Broj,20-24,34972.34
2065,Žene,Broj,25-29,34596.83
2065,Žene,Broj,30-34,36361.76
2065,Žene,Broj,35-39,39804.99
2065,Žene,Broj,40-44,43967.98
2065,Žene,Broj,45-49,47309.75
2065,Žene,Broj,50-54,51780.51
2065,Žene,Broj,55-59,58121.28
2065,Žene,Broj,60-64,60456.15
2065,Žene,Broj,65-69,75363.93
2065,Žene,Broj,70-74,80209.19
2065,Žene,Broj,75-79,85191.6
2065,Žene,Broj,80-84,78733.19
2065,Žene,Broj,85-89,59842.88
2065,Žene,Broj,90-94,36053.22
2065,Žene,Broj,95-99,15296.92
2065,Žene,Broj,100-104,4377.0
2065,Žene,Broj,105-109,558.43
2065,Žene,Broj,110-114,24.9
2065,Žene,Broj,115-119,0.39
2065,Žene,Broj,120+,0.0
2065,Žene,%,0-4,1.52
2065,Žene,%,5-9,1.67
2065,Žene,%,10-14,1.84
2065,Žene,%,15-19,1.98
2065,Žene,%,20-24,1.99
2065,Žene,%,25-29,1.97
2065,Žene,%,30-34,2.07
2065,Žene,%,35-39,2.27
2065,Žene,%,40-44,2.5
2065,Žene,%,45-49,2.69
2065,Žene,%,50-54,2.95
2065,Žene,%,55-59,3.31
2065,Žene,%,60-64,3.44
2065,Žene,%,65-69,4.29
2065,Žene,%,70-74,4.57
2065,Žene,%,75-79,4.85
2065,Žene,%,80-84,4.48
2065,Žene,%,85-89,3.41
2065,Žene,%,90-94,2.05
2065,Žene,%,95-99,0.87
2065,Žene,%,100-104,0.25
2065,Žene,%,105-109,0.03
2065,Žene,%,110-114,0.0
2065,Žene,%,115-119,0.0
2065,Žene,%,120+,0.0
2070,Žene,Broj,0-4,24113.42
2070,Žene,Broj,5-9,26273.04
2070,Žene,Broj,10-14,29076.75
2070,Žene,Broj,15-19,31546.56
2070,Žene,Broj,20-24,31780.47
2070,Žene,Broj,25-29,31431.3
2070,Žene,Broj,30-34,32581.2
2070,Žene,Broj,35-39,35135.92
2070,Žene,Broj,40-44,38862.94
2070,Žene,Broj,45-49,43127.9
2070,Žene,Broj,50-54,46831.98
2070,Žene,Broj,55-59,51467.74
2070,Žene,Broj,60-64,57677.27
2070,Žene,Broj,65-69,59360.94
2070,Žene,Broj,70-74,71963.48
2070,Žene,Broj,75-79,73853.08
2070,Žene,Broj,80-84,73335.96
2070,Žene,Broj,85-89,60535.41
2070,Žene,Broj,90-94,38056.84
2070,Žene,Broj,95-99,16864.48
2070,Žene,Broj,100-104,4587.93
2070,Žene,Broj,105-109,687.89
2070,Žene,Broj,110-114,35.07
2070,Žene,Broj,115-119,0.63
2070,Žene,Broj,120+,0.01
2070,Žene,%,0-4,1.52
2070,Žene,%,5-9,1.65
2070,Žene,%,10-14,1.83
2070,Žene,%,15-19,1.99
2070,Žene,%,20-24,2.0
2070,Žene,%,25-29,1.98
2070,Žene,%,30-34,2.05
2070,Žene,%,35-39,2.21
2070,Žene,%,40-44,2.45
2070,Žene,%,45-49,2.71
2070,Žene,%,50-54,2.95
2070,Žene,%,55-59,3.24
2070,Žene,%,60-64,3.63
2070,Žene,%,65-69,3.74
2070,Žene,%,70-74,4.53
2070,Žene,%,75-79,4.65
2070,Žene,%,80-84,4.62
2070,Žene,%,85-89,3.81
2070,Žene,%,90-94,2.4
2070,Žene,%,95-99,1.06
2070,Žene,%,100-104,0.29
2070,Žene,%,105-109,0.04
2070,Žene,%,110-114,0.0
2070,Žene,%,115-119,0.0
2070,Žene,%,120+,0.0
