Year,UNIT_MEASURE,Godine,FORM_OF_VIOLENCE,Entitet,Value
2013,% od ukupnog broja,15+,women_who_have_experienced_any_form_of_violence_after_the_age_of_15_(ever),BiH,47.2
2013,% od ukupnog broja,15+,women_who_have_experienced_any_form_of_violence_after_the_age_of_15_(ever),Federacija BiH,47.2
2013,% od ukupnog broja,15+,women_who_have_experienced_any_form_of_violence_after_the_age_of_15_(ever),Republika Srpska,47.3
2013,% od ukupnog broja,18-24,women_who_have_experienced_any_form_of_violence_after_the_age_of_15_(ever),BiH,56.8
2013,% od ukupnog broja,18-24,women_who_have_experienced_any_form_of_violence_after_the_age_of_15_(ever),Federacija BiH,54.0
2013,% od ukupnog broja,18-24,women_who_have_experienced_any_form_of_violence_after_the_age_of_15_(ever),Republika Srpska,63.2
2013,% od ukupnog broja,25-34,women_who_have_experienced_any_form_of_violence_after_the_age_of_15_(ever),BiH,56.4
2013,% od ukupnog broja,25-35,women_who_have_experienced_any_form_of_violence_after_the_age_of_15_(ever),Federacija BiH,54.4
2013,% od ukupnog broja,25-36,women_who_have_experienced_any_form_of_violence_after_the_age_of_15_(ever),Republika Srpska,60.2
2013,% od ukupnog broja,34-44,women_who_have_experienced_any_form_of_violence_after_the_age_of_15_(ever),BiH,46.8
2013,% od ukupnog broja,34-45,women_who_have_experienced_any_form_of_violence_after_the_age_of_15_(ever),Federacija BiH,46.4
2013,% od ukupnog broja,34-46,women_who_have_experienced_any_form_of_violence_after_the_age_of_15_(ever),Republika Srpska,47.6
2013,% od ukupnog broja,45-54,women_who_have_experienced_any_form_of_violence_after_the_age_of_15_(ever),BiH,47.5
2013,% od ukupnog broja,45-55,women_who_have_experienced_any_form_of_violence_after_the_age_of_15_(ever),Federacija BiH,47.0
2013,% od ukupnog broja,45-56,women_who_have_experienced_any_form_of_violence_after_the_age_of_15_(ever),Republika Srpska,48.4
2013,% od ukupnog broja,55-64,women_who_have_experienced_any_form_of_violence_after_the_age_of_15_(ever),BiH,44.2
2013,% od ukupnog broja,55-64,women_who_have_experienced_any_form_of_violence_after_the_age_of_15_(ever),Federacija BiH,43.7
2013,% od ukupnog broja,55-64,women_who_have_experienced_any_form_of_violence_after_the_age_of_15_(ever),Republika Srpska,45.1
2013,% od ukupnog broja,65+,women_who_have_experienced_any_form_of_violence_after_the_age_of_15_(ever),BiH,44.2
2013,% od ukupnog broja,65+,women_who_have_experienced_any_form_of_violence_after_the_age_of_15_(ever),Federacija BiH,46.3
2013,% od ukupnog broja,65+,women_who_have_experienced_any_form_of_violence_after_the_age_of_15_(ever),Republika Srpska,41.2
