Year,UNIT_MEASURE,Spol,EDUCATION,Value
1991,Broj,Oba spola,incomplete_primary_education,658356.0
1991,% od ukupnog broja,Oba spola,incomplete_primary_education,24.36714834
1991,Broj,Muškarci,incomplete_primary_education,285421.0
1991,% od ukupnog broja,Muškarci,incomplete_primary_education,21.69263029
1991,Broj,Žene,incomplete_primary_education,372935.0
1991,% od ukupnog broja,Žene,incomplete_primary_education,26.90598651
1991,Broj,Oba spola,primary_school,818361.0
1991,% od ukupnog broja,Oba spola,primary_school,30.28927189
1991,Broj,Muškarci,primary_school,421045.0
1991,% od ukupnog broja,Muškarci,primary_school,32.00035569
1991,Broj,Žene,primary_school,397316.0
1991,% od ukupnog broja,Žene,primary_school,28.66499238
1991,Broj,Oba spola,secondary_school,1092372.0
1991,% od ukupnog broja,Oba spola,secondary_school,40.43099868
1991,Broj,Muškarci,secondary_school,671058.0
1991,% od ukupnog broja,Muškarci,secondary_school,51.0018993
1991,Broj,Žene,secondary_school,421314.0
1991,% od ukupnog broja,Žene,secondary_school,30.39636612
1991,Broj,Oba spola,higher_school_and_first_grade_of_faculty,92501.0
1991,% od ukupnog broja,Oba spola,higher_school_and_first_grade_of_faculty,3.4236577
1991,Broj,Muškarci,higher_school_and_first_grade_of_faculty,56759.0
1991,% od ukupnog broja,Muškarci,higher_school_and_first_grade_of_faculty,4.313810136
1991,Broj,Žene,higher_school_and_first_grade_of_faculty,35742.0
1991,% od ukupnog broja,Žene,higher_school_and_first_grade_of_faculty,2.578663225
1991,Broj,Oba spola,advanced_schools_faculty_academy_university,122967.0
1991,% od ukupnog broja,Oba spola,advanced_schools_faculty_academy_university,4.551268812
1991,Broj,Muškarci,advanced_schools_faculty_academy_university,77240.0
1991,% od ukupnog broja,Muškarci,advanced_schools_faculty_academy_university,5.870411651
1991,Broj,Žene,advanced_schools_faculty_academy_university,45727.0
1991,% od ukupnog broja,Žene,advanced_schools_faculty_academy_university,3.299046871
1991,Broj,Oba spola,unknown,93903.0
1991,% od ukupnog broja,Oba spola,unknown,3.475548686
1991,Broj,Muškarci,unknown,47397.0
1991,% od ukupnog broja,Muškarci,unknown,3.602277331
1991,Broj,Žene,unknown,46506.0
1991,% od ukupnog broja,Žene,unknown,335.5249061
2013,Broj,Oba spola,incomplete_primary_education,274036.0
2013,% od ukupnog broja,Oba spola,incomplete_primary_education,10.1426521
2013,Broj,Muškarci,incomplete_primary_education,83216.0
2013,% od ukupnog broja,Muškarci,incomplete_primary_education,6.324600931
2013,Broj,Žene,incomplete_primary_education,190820.0
2013,% od ukupnog broja,Žene,incomplete_primary_education,13.76701126
2013,Broj,Oba spola,primary_school,640726.0
2013,% od ukupnog broja,Oba spola,primary_school,23.71462475
2013,Broj,Muškarci,primary_school,274258.0
2013,% od ukupnog broja,Muškarci,primary_school,20.84421748
2013,Broj,Žene,primary_school,366468.0
2013,% od ukupnog broja,Žene,primary_school,26.43941454
2013,Broj,Oba spola,secondary_school,1525161.0
2013,% od ukupnog broja,Oba spola,secondary_school,56.44943516
2013,Broj,Muškarci,secondary_school,864823.0
2013,% od ukupnog broja,Muškarci,secondary_school,65.7284699
2013,Broj,Žene,secondary_school,660338.0
2013,% od ukupnog broja,Žene,secondary_school,47.64113135
2013,Broj,Oba spola,higher_school_and_first_grade_of_faculty,94204.0
2013,% od ukupnog broja,Oba spola,higher_school_and_first_grade_of_faculty,3.486689333
2013,Broj,Muškarci,higher_school_and_first_grade_of_faculty,51556.0
2013,% od ukupnog broja,Muškarci,higher_school_and_first_grade_of_faculty,3.918370573
2013,Broj,Žene,higher_school_and_first_grade_of_faculty,42648.0
2013,% od ukupnog broja,Žene,higher_school_and_first_grade_of_faculty,3.076907538
2013,Broj,Oba spola,advanced_schools_faculty_academy_university,285622.0
2013,% od ukupnog broja,Oba spola,advanced_schools_faculty_academy_university,10.57147447
2013,Broj,Muškarci,advanced_schools_faculty_academy_university,137543.0
2013,% od ukupnog broja,Muškarci,advanced_schools_faculty_academy_university,10.45357366
2013,Broj,Žene,advanced_schools_faculty_academy_university,148079.0
2013,% od ukupnog broja,Žene,advanced_schools_faculty_academy_university,10.68339409
