Year,UNIT_MEASURE,QUANTITY,Entitet,Value
1997,Broj,total_millions,BiH,3424.0
1998,Broj,total_millions,BiH,3879.0
1999,Broj,total_millions,BiH,4399.0
2000,Broj,total_millions,BiH,4914.0
2001,Broj,total_millions,BiH,5358.0
2002,Broj,total_millions,BiH,5957.0
2003,Broj,total_millions,BiH,6291.0
2004,Broj,total_millions,BiH,6901.0
2005,Broj,total_millions,BiH,9025.0
2006,Broj,total_millions,BiH,10255.0
2007,Broj,total_millions,BiH,11529.0
2008,Broj,total_millions,BiH,13048.0
2009,Broj,total_millions,BiH,12679.0
2010,Broj,total_millions,BiH,12969.0
2011,Broj,total_millions,BiH,13412.0
2012,Broj,total_millions,BiH,13408.0
2013,Broj,total_millions,BiH,13692.0
2014,Broj,total_millions,BiH,13989.0
2015,Broj,total_millions,BiH,14618.0
2016,Broj,total_millions,BiH,15290.0
2017,Broj,total_millions,BiH,16043.0
2018,Broj,total_millions,BiH,17100.0
2019,Broj,total_millions,BiH,18047.0
1997,Broj,per_capita,BiH,912.0
1998,Broj,per_capita,BiH,1062.0
1999,Broj,per_capita,BiH,1181.0
2000,Broj,per_capita,BiH,1300.0
2001,Broj,per_capita,BiH,1411.0
2002,Broj,per_capita,BiH,1556.0
2003,Broj,per_capita,BiH,1642.0
2004,Broj,per_capita,BiH,1796.0
2005,Broj,per_capita,BiH,2548.0
2006,Broj,per_capita,BiH,2895.0
2007,Broj,per_capita,BiH,3255.0
2008,Broj,per_capita,BiH,3684.0
2009,Broj,per_capita,BiH,3581.0
2010,Broj,per_capita,BiH,3664.0
2011,Broj,per_capita,BiH,3791.0
2012,Broj,per_capita,BiH,3793.0
2013,Broj,per_capita,BiH,3878.0
2014,Broj,per_capita,BiH,3967.0
2015,Broj,per_capita,BiH,4155.0
2016,Broj,per_capita,BiH,4355.0
2017,Broj,per_capita,BiH,4578.0
2018,Broj,per_capita,BiH,4891.0
2019,Broj,per_capita,BiH,5178.0
=======,,,,
1997,Broj,total_millions,BiH,6752.0
1998,Broj,total_millions,BiH,7650.0
1999,Broj,total_millions,BiH,8604.0
2000,Broj,total_millions,BiH,9611.0
2001,Broj,total_millions,BiH,10480.0
2002,Broj,total_millions,BiH,11651.0
2003,Broj,total_millions,BiH,12303.0
2004,Broj,total_millions,BiH,13497.0
2005,Broj,total_millions,BiH,17649.0
2006,Broj,total_millions,BiH,20056.0
2007,Broj,total_millions,BiH,22548.0
2008,Broj,total_millions,BiH,25519.0
2009,Broj,total_millions,BiH,24799.0
2010,Broj,total_millions,BiH,25365.0
2011,Broj,total_millions,BiH,26231.0
2012,Broj,total_millions,BiH,26223.0
2013,Broj,total_millions,BiH,26779.0
2014,Broj,total_millions,BiH,27358.0
2015,Broj,total_millions,BiH,28589.0
2016,Broj,total_millions,BiH,29905.0
2017,Broj,total_millions,BiH,31377.0
2018,Broj,total_millions,BiH,33445.0
2019,Broj,total_millions,BiH,35295.0
1997,Broj,total_millions,Federacija BiH,4943.0
1998,Broj,total_millions,Federacija BiH,5606.0
1999,Broj,total_millions,Federacija BiH,6142.0
2000,Broj,total_millions,Federacija BiH,6723.0
2001,Broj,total_millions,Federacija BiH,7274.0
2002,Broj,total_millions,Federacija BiH,7943.0
2003,Broj,total_millions,Federacija BiH,8268.0
2004,Broj,total_millions,Federacija BiH,8897.0
2005,Broj,total_millions,Federacija BiH,11506.0
2006,Broj,total_millions,Federacija BiH,13036.0
2007,Broj,total_millions,Federacija BiH,14629.0
2008,Broj,total_millions,Federacija BiH,16426.0
2009,Broj,total_millions,Federacija BiH,15987.0
2010,Broj,total_millions,Federacija BiH,16461.0
2011,Broj,total_millions,Federacija BiH,16927.0
2012,Broj,total_millions,Federacija BiH,17013.0
2013,Broj,total_millions,Federacija BiH,17379.0
2014,Broj,total_millions,Federacija BiH,17827.0
2015,Broj,total_millions,Federacija BiH,18688.0
2016,Broj,total_millions,Federacija BiH,19540.0
2017,Broj,total_millions,Federacija BiH,20540.0
2018,Broj,total_millions,Federacija BiH,21984.0
2019,Broj,total_millions,Federacija BiH,23179.0
1997,Broj,total_millions,Republika Srpska,1809.0
1998,Broj,total_millions,Republika Srpska,2044.0
1999,Broj,total_millions,Republika Srpska,2462.0
2000,Broj,total_millions,Republika Srpska,2734.0
2001,Broj,total_millions,Republika Srpska,2993.0
2002,Broj,total_millions,Republika Srpska,3417.0
2003,Broj,total_millions,Republika Srpska,3717.0
2004,Broj,total_millions,Republika Srpska,4226.0
2005,Broj,total_millions,Republika Srpska,5695.0
2006,Broj,total_millions,Republika Srpska,6550.0
2007,Broj,total_millions,Republika Srpska,7366.0
2008,Broj,total_millions,Republika Srpska,8507.0
2009,Broj,total_millions,Republika Srpska,8257.0
2010,Broj,total_millions,Republika Srpska,8336.0
2011,Broj,total_millions,Republika Srpska,8703.0
2012,Broj,total_millions,Republika Srpska,8615.0
2013,Broj,total_millions,Republika Srpska,8793.0
2014,Broj,total_millions,Republika Srpska,8887.0
2015,Broj,total_millions,Republika Srpska,9205.0
2016,Broj,total_millions,Republika Srpska,9631.0
2017,Broj,total_millions,Republika Srpska,10077.0
2018,Broj,total_millions,Republika Srpska,10680.0
2019,Broj,total_millions,Republika Srpska,11251.0
2000,Broj,total_millions,Brčko Distrikt BiH,154.0
2001,Broj,total_millions,Brčko Distrikt BiH,213.0
2002,Broj,total_millions,Brčko Distrikt BiH,291.0
2003,Broj,total_millions,Brčko Distrikt BiH,318.0
2004,Broj,total_millions,Brčko Distrikt BiH,374.0
2005,Broj,total_millions,Brčko Distrikt BiH,448.0
2006,Broj,total_millions,Brčko Distrikt BiH,470.0
2007,Broj,total_millions,Brčko Distrikt BiH,553.0
2008,Broj,total_millions,Brčko Distrikt BiH,586.0
2009,Broj,total_millions,Brčko Distrikt BiH,555.0
2010,Broj,total_millions,Brčko Distrikt BiH,568.0
2011,Broj,total_millions,Brčko Distrikt BiH,601.0
2012,Broj,total_millions,Brčko Distrikt BiH,595.0
2013,Broj,total_millions,Brčko Distrikt BiH,607.0
2014,Broj,total_millions,Brčko Distrikt BiH,644.0
2015,Broj,total_millions,Brčko Distrikt BiH,696.0
2016,Broj,total_millions,Brčko Distrikt BiH,734.0
2017,Broj,total_millions,Brčko Distrikt BiH,760.0
2018,Broj,total_millions,Brčko Distrikt BiH,781.0
2019,Broj,total_millions,Brčko Distrikt BiH,865.0
1997,% od ukupnog broja,real_gdp_growth,BiH,34.39
1998,% od ukupnog broja,real_gdp_growth,BiH,15.6
1999,% od ukupnog broja,real_gdp_growth,BiH,9.6
2000,% od ukupnog broja,real_gdp_growth,BiH,5.5
2001,% od ukupnog broja,real_gdp_growth,BiH,4.4
2002,% od ukupnog broja,real_gdp_growth,BiH,5.3
2003,% od ukupnog broja,real_gdp_growth,BiH,4.0
2004,% od ukupnog broja,real_gdp_growth,BiH,6.1
2005,% od ukupnog broja,real_gdp_growth,BiH,8.76
2006,% od ukupnog broja,real_gdp_growth,BiH,5.42
2007,% od ukupnog broja,real_gdp_growth,BiH,5.86
2008,% od ukupnog broja,real_gdp_growth,BiH,5.43
2009,% od ukupnog broja,real_gdp_growth,BiH,-3.0
2010,% od ukupnog broja,real_gdp_growth,BiH,0.77
2011,% od ukupnog broja,real_gdp_growth,BiH,0.91
2012,% od ukupnog broja,real_gdp_growth,BiH,-0.7
2013,% od ukupnog broja,real_gdp_growth,BiH,2.35
2014,% od ukupnog broja,real_gdp_growth,BiH,1.15
2015,% od ukupnog broja,real_gdp_growth,BiH,3.09
2016,% od ukupnog broja,real_gdp_growth,BiH,3.15
2017,% od ukupnog broja,real_gdp_growth,BiH,2.12
2018,% od ukupnog broja,real_gdp_growth,BiH,3.72
2019,% od ukupnog broja,real_gdp_growth,BiH,2.58
1997,Broj,per_capita,BiH,1798.0
1998,Broj,per_capita,BiH,2094.0
1999,Broj,per_capita,BiH,2310.0
2000,Broj,per_capita,BiH,2542.0
2001,Broj,per_capita,BiH,2759.0
2002,Broj,per_capita,BiH,3044.0
2003,Broj,per_capita,BiH,3211.0
2004,Broj,per_capita,BiH,3512.0
2005,Broj,per_capita,BiH,4983.0
2006,Broj,per_capita,BiH,5663.0
2007,Broj,per_capita,BiH,6366.0
2008,Broj,per_capita,BiH,7205.0
2009,Broj,per_capita,BiH,7003.0
2010,Broj,per_capita,BiH,7165.0
2011,Broj,per_capita,BiH,7414.0
2012,Broj,per_capita,BiH,7418.0
2013,Broj,per_capita,BiH,7584.0
2014,Broj,per_capita,BiH,7759.0
2015,Broj,per_capita,BiH,8127.0
2016,Broj,per_capita,BiH,8517.0
2017,Broj,per_capita,BiH,8954.0
2018,Broj,per_capita,BiH,9566.0
2019,Broj,per_capita,BiH,10128.0
>>>>>>> b8d0f5579c2122d6c96cb75e716d80da3c071bb9,,,,
