Year,UNIT_MEASURE,QUANTITY,Entitet,Value
1997,Broj,total_millions,BiH,"6,752"
1998,Broj,total_millions,BiH,"7,650"
1999,Broj,total_millions,BiH,"8,604"
2000,Broj,total_millions,BiH,"9,611"
2001,Broj,total_millions,BiH,"10,480"
2002,Broj,total_millions,BiH,"11,651"
2003,Broj,total_millions,BiH,"12,303"
2004,Broj,total_millions,BiH,"13,497"
2005,Broj,total_millions,BiH,"17,649"
2006,Broj,total_millions,BiH,"20,056"
2007,Broj,total_millions,BiH,"22,548"
2008,Broj,total_millions,BiH,"25,519"
2009,Broj,total_millions,BiH,"24,799"
2010,Broj,total_millions,BiH,"25,365"
2011,Broj,total_millions,BiH,"26,231"
2012,Broj,total_millions,BiH,"26,223"
2013,Broj,total_millions,BiH,"26,779"
2014,Broj,total_millions,BiH,"27,358"
2015,Broj,total_millions,BiH,"28,589"
2016,Broj,total_millions,BiH,"29,905"
2017,Broj,total_millions,BiH,"31,377"
2018,Broj,total_millions,BiH,"33,445"
2019,Broj,total_millions,BiH,"35,295"
1997,Broj,total_millions,Federacija BiH,4943.00
1998,Broj,total_millions,Federacija BiH,5606.00
1999,Broj,total_millions,Federacija BiH,6142.00
2000,Broj,total_millions,Federacija BiH,6723.00
2001,Broj,total_millions,Federacija BiH,7274.00
2002,Broj,total_millions,Federacija BiH,7943.00
2003,Broj,total_millions,Federacija BiH,8268.00
2004,Broj,total_millions,Federacija BiH,8897.00
2005,Broj,total_millions,Federacija BiH,11506.00
2006,Broj,total_millions,Federacija BiH,13036.00
2007,Broj,total_millions,Federacija BiH,14629.00
2008,Broj,total_millions,Federacija BiH,16426.00
2009,Broj,total_millions,Federacija BiH,15987.00
2010,Broj,total_millions,Federacija BiH,16461.00
2011,Broj,total_millions,Federacija BiH,16927.00
2012,Broj,total_millions,Federacija BiH,17013.00
2013,Broj,total_millions,Federacija BiH,17379.00
2014,Broj,total_millions,Federacija BiH,17827.00
2015,Broj,total_millions,Federacija BiH,18688.00
2016,Broj,total_millions,Federacija BiH,19540.00
2017,Broj,total_millions,Federacija BiH,20540.00
2018,Broj,total_millions,Federacija BiH,21984.00
2019,Broj,total_millions,Federacija BiH,23179.00
1997,Broj,total_millions,Republika Srpska,1809.00
1998,Broj,total_millions,Republika Srpska,2044.00
1999,Broj,total_millions,Republika Srpska,2462.00
2000,Broj,total_millions,Republika Srpska,2734.00
2001,Broj,total_millions,Republika Srpska,2993.00
2002,Broj,total_millions,Republika Srpska,3417.00
2003,Broj,total_millions,Republika Srpska,3717.00
2004,Broj,total_millions,Republika Srpska,4226.00
2005,Broj,total_millions,Republika Srpska,5695.00
2006,Broj,total_millions,Republika Srpska,6550.00
2007,Broj,total_millions,Republika Srpska,7366.00
2008,Broj,total_millions,Republika Srpska,8507.00
2009,Broj,total_millions,Republika Srpska,8257.00
2010,Broj,total_millions,Republika Srpska,8336.00
2011,Broj,total_millions,Republika Srpska,8703.00
2012,Broj,total_millions,Republika Srpska,8615.00
2013,Broj,total_millions,Republika Srpska,8793.00
2014,Broj,total_millions,Republika Srpska,8887.00
2015,Broj,total_millions,Republika Srpska,9205.00
2016,Broj,total_millions,Republika Srpska,9631.00
2017,Broj,total_millions,Republika Srpska,10077.00
2018,Broj,total_millions,Republika Srpska,10680.00
2019,Broj,total_millions,Republika Srpska,11251.00
2000,Broj,total_millions,Brčko Distrikt BiH,154.00
2001,Broj,total_millions,Brčko Distrikt BiH,213.00
2002,Broj,total_millions,Brčko Distrikt BiH,291.00
2003,Broj,total_millions,Brčko Distrikt BiH,318.00
2004,Broj,total_millions,Brčko Distrikt BiH,374.00
2005,Broj,total_millions,Brčko Distrikt BiH,448.00
2006,Broj,total_millions,Brčko Distrikt BiH,470.00
2007,Broj,total_millions,Brčko Distrikt BiH,553.00
2008,Broj,total_millions,Brčko Distrikt BiH,586.00
2009,Broj,total_millions,Brčko Distrikt BiH,555.00
2010,Broj,total_millions,Brčko Distrikt BiH,568.00
2011,Broj,total_millions,Brčko Distrikt BiH,601.00
2012,Broj,total_millions,Brčko Distrikt BiH,595.00
2013,Broj,total_millions,Brčko Distrikt BiH,607.00
2014,Broj,total_millions,Brčko Distrikt BiH,644.00
2015,Broj,total_millions,Brčko Distrikt BiH,696.00
2016,Broj,total_millions,Brčko Distrikt BiH,734.00
2017,Broj,total_millions,Brčko Distrikt BiH,760.00
2018,Broj,total_millions,Brčko Distrikt BiH,781.00
2019,Broj,total_millions,Brčko Distrikt BiH,865.00
1997,% od ukupnog broja,real_gdp_growth,BiH,34.39
1998,% od ukupnog broja,real_gdp_growth,BiH,15.6
1999,% od ukupnog broja,real_gdp_growth,BiH,9.6
2000,% od ukupnog broja,real_gdp_growth,BiH,5.5
2001,% od ukupnog broja,real_gdp_growth,BiH,4.4
2002,% od ukupnog broja,real_gdp_growth,BiH,5.3
2003,% od ukupnog broja,real_gdp_growth,BiH,4
2004,% od ukupnog broja,real_gdp_growth,BiH,6.1
2005,% od ukupnog broja,real_gdp_growth,BiH,8.76
2006,% od ukupnog broja,real_gdp_growth,BiH,5.42
2007,% od ukupnog broja,real_gdp_growth,BiH,5.86
2008,% od ukupnog broja,real_gdp_growth,BiH,5.43
2009,% od ukupnog broja,real_gdp_growth,BiH,-3
2010,% od ukupnog broja,real_gdp_growth,BiH,0.77
2011,% od ukupnog broja,real_gdp_growth,BiH,0.91
2012,% od ukupnog broja,real_gdp_growth,BiH,-0.7
2013,% od ukupnog broja,real_gdp_growth,BiH,2.35
2014,% od ukupnog broja,real_gdp_growth,BiH,1.15
2015,% od ukupnog broja,real_gdp_growth,BiH,3.09
2016,% od ukupnog broja,real_gdp_growth,BiH,3.15
2017,% od ukupnog broja,real_gdp_growth,BiH,2.12
2018,% od ukupnog broja,real_gdp_growth,BiH,3.72
2019,% od ukupnog broja,real_gdp_growth,BiH,2.58
1997,Broj,per_capita,BiH,1798.00
1998,Broj,per_capita,BiH,2094.00
1999,Broj,per_capita,BiH,2310.00
2000,Broj,per_capita,BiH,2542.00
2001,Broj,per_capita,BiH,2759.00
2002,Broj,per_capita,BiH,3044.00
2003,Broj,per_capita,BiH,3211.00
2004,Broj,per_capita,BiH,3512.00
2005,Broj,per_capita,BiH,4983.00
2006,Broj,per_capita,BiH,5663.00
2007,Broj,per_capita,BiH,6366.00
2008,Broj,per_capita,BiH,7205.00
2009,Broj,per_capita,BiH,7003.00
2010,Broj,per_capita,BiH,7165.00
2011,Broj,per_capita,BiH,7414.00
2012,Broj,per_capita,BiH,7418.00
2013,Broj,per_capita,BiH,7584.00
2014,Broj,per_capita,BiH,7759.00
2015,Broj,per_capita,BiH,8127.00
2016,Broj,per_capita,BiH,8517.00
2017,Broj,per_capita,BiH,8954.00
2018,Broj,per_capita,BiH,9566.00
2019,Broj,per_capita,BiH,10128.00
