Year,Spol,UNIT_MEASURE,Entitet,Value
2004,Oba spola,% od ukupnog broja,BiH,18.3
2007,Oba spola,% od ukupnog broja,BiH,18.2
2011,Oba spola,% od ukupnog broja,BiH,17.9
2015,Oba spola,% od ukupnog broja,BiH,16.9
2007,Muškarci,% od ukupnog broja,BiH,18.3
2011,Muškarci,% od ukupnog broja,BiH,18.0
2015,Muškarci,% od ukupnog broja,BiH,17.1
2007,Žene,% od ukupnog broja,BiH,18.1
2011,Žene,% od ukupnog broja,BiH,17.7
2015,Žene,% od ukupnog broja,BiH,16.7
2004,Oba spola,% od ukupnog broja,Federacija BiH,18.8
2007,Oba spola,% od ukupnog broja,Federacija BiH,17.0
2011,Oba spola,% od ukupnog broja,Federacija BiH,17.1
2015,Oba spola,% od ukupnog broja,Federacija BiH,17.1
2007,Muškarci,% od ukupnog broja,Federacija BiH,17.1
2011,Muškarci,% od ukupnog broja,Federacija BiH,17.5
2015,Muškarci,% od ukupnog broja,Federacija BiH,18.8
2007,Žene,% od ukupnog broja,Federacija BiH,16.9
2011,Žene,% od ukupnog broja,Federacija BiH,16.7
2015,Žene,% od ukupnog broja,Federacija BiH,15.9
2004,Oba spola,% od ukupnog broja,Republika Srpska,17.8
2007,Oba spola,% od ukupnog broja,Republika Srpska,20.1
2011,Oba spola,% od ukupnog broja,Republika Srpska,19.5
2015,Oba spola,% od ukupnog broja,Republika Srpska,16.4
2007,Muškarci,% od ukupnog broja,Republika Srpska,20.2
2011,Muškarci,% od ukupnog broja,Republika Srpska,19.1
2015,Muškarci,% od ukupnog broja,Republika Srpska,14.5
2007,Žene,% od ukupnog broja,Republika Srpska,20.1
2011,Žene,% od ukupnog broja,Republika Srpska,19.8
2015,Žene,% od ukupnog broja,Republika Srpska,17.6
2004,Oba spola,% od ukupnog broja,Brčko Distrikt BiH,9.5
2007,Oba spola,% od ukupnog broja,Brčko Distrikt BiH,25.8
2011,Oba spola,% od ukupnog broja,Brčko Distrikt BiH,14.7
2015,Oba spola,% od ukupnog broja,Brčko Distrikt BiH,17.6
2007,Muškarci,% od ukupnog broja,Brčko Distrikt BiH,23.4
2011,Muškarci,% od ukupnog broja,Brčko Distrikt BiH,14.1
2015,Muškarci,% od ukupnog broja,Brčko Distrikt BiH,15.3
2007,Žene,% od ukupnog broja,Brčko Distrikt BiH,28.2
2011,Žene,% od ukupnog broja,Brčko Distrikt BiH,15.3
2015,Žene,% od ukupnog broja,Brčko Distrikt BiH,19.0
