Year,UNIT_MEASURE,Godine,Spol,ACTIVITY_RATES,Value
2006,% od ukupnog broja,15+,Oba spola,employed_as_of_working,29.7
2006,% od ukupnog broja,15 - 24,Oba spola,employed_as_of_working,12.6
2006,% od ukupnog broja,25 - 49,Oba spola,employed_as_of_working,46.5
2006,% od ukupnog broja,50 - 64,Oba spola,employed_as_of_working,30.6
2006,% od ukupnog broja,65+,Oba spola,employed_as_of_working,5.5
2006,% od ukupnog broja,15 - 64,Oba spola,employed_as_of_working,35.0
2006,% od ukupnog broja,15+,Muškarci,employed_as_of_working,39.9
2006,% od ukupnog broja,15 - 24,Muškarci,employed_as_of_working,16.0
2006,% od ukupnog broja,25 - 49,Muškarci,employed_as_of_working,60.0
2006,% od ukupnog broja,50 - 64,Muškarci,employed_as_of_working,44.3
2006,% od ukupnog broja,65+,Muškarci,employed_as_of_working,7.5
2006,% od ukupnog broja,15 - 64,Muškarci,employed_as_of_working,46.1
2006,% od ukupnog broja,15+,Žene,employed_as_of_working,20.0
2006,% od ukupnog broja,15 - 24,Žene,employed_as_of_working,9.0
2006,% od ukupnog broja,25 - 49,Žene,employed_as_of_working,33.0
2006,% od ukupnog broja,50 - 64,Žene,employed_as_of_working,18.7
2006,% od ukupnog broja,65+,Žene,employed_as_of_working,4.0
2006,% od ukupnog broja,15 - 64,Žene,employed_as_of_working,24.0
2007,% od ukupnog broja,15+,Oba spola,employed_as_of_working,31.2
2007,% od ukupnog broja,15 - 24,Oba spola,employed_as_of_working,13.9
2007,% od ukupnog broja,25 - 49,Oba spola,employed_as_of_working,48.8
2007,% od ukupnog broja,50 - 64,Oba spola,employed_as_of_working,31.9
2007,% od ukupnog broja,65+,Oba spola,employed_as_of_working,5.7
2007,% od ukupnog broja,15 - 64,Oba spola,employed_as_of_working,36.8
2007,% od ukupnog broja,15+,Muškarci,employed_as_of_working,42.3
2007,% od ukupnog broja,15 - 24,Muškarci,employed_as_of_working,18.1
2007,% od ukupnog broja,25 - 49,Muškarci,employed_as_of_working,63.6
2007,% od ukupnog broja,50 - 64,Muškarci,employed_as_of_working,45.2
2007,% od ukupnog broja,65+,Muškarci,employed_as_of_working,8.6
2007,% od ukupnog broja,15 - 64,Muškarci,employed_as_of_working,48.7
2007,% od ukupnog broja,15+,Žene,employed_as_of_working,20.8
2007,% od ukupnog broja,15 - 24,Žene,employed_as_of_working,9.5
2007,% od ukupnog broja,25 - 49,Žene,employed_as_of_working,34.2
2007,% od ukupnog broja,50 - 64,Žene,employed_as_of_working,19.7
2007,% od ukupnog broja,65+,Žene,employed_as_of_working,3.6
2007,% od ukupnog broja,15 - 64,Žene,employed_as_of_working,25.0
2008,% od ukupnog broja,15+,Oba spola,employed_as_of_working,33.6
2008,% od ukupnog broja,15 - 24,Oba spola,employed_as_of_working,17.4
2008,% od ukupnog broja,25 - 49,Oba spola,employed_as_of_working,53.4
2008,% od ukupnog broja,50 - 64,Oba spola,employed_as_of_working,34.4
2008,% od ukupnog broja,65+,Oba spola,employed_as_of_working,5.4
2008,% od ukupnog broja,15 - 64,Oba spola,employed_as_of_working,40.7
2008,% od ukupnog broja,15+,Muškarci,employed_as_of_working,44.9
2008,% od ukupnog broja,15 - 24,Muškarci,employed_as_of_working,22.1
2008,% od ukupnog broja,25 - 49,Muškarci,employed_as_of_working,68.8
2008,% od ukupnog broja,50 - 64,Muškarci,employed_as_of_working,47.9
2008,% od ukupnog broja,65+,Muškarci,employed_as_of_working,8.2
2008,% od ukupnog broja,15 - 64,Muškarci,employed_as_of_working,52.9
2008,% od ukupnog broja,15+,Žene,employed_as_of_working,23.1
2008,% od ukupnog broja,15 - 24,Žene,employed_as_of_working,12.2
2008,% od ukupnog broja,25 - 49,Žene,employed_as_of_working,38.4
2008,% od ukupnog broja,50 - 64,Žene,employed_as_of_working,22.4
2008,% od ukupnog broja,65+,Žene,employed_as_of_working,3.2
2008,% od ukupnog broja,15 - 64,Žene,employed_as_of_working,28.7
2009,% od ukupnog broja,15+,Oba spola,employed_as_of_working,33.1
2009,% od ukupnog broja,15 - 24,Oba spola,employed_as_of_working,16.7
2009,% od ukupnog broja,25 - 49,Oba spola,employed_as_of_working,53.5
2009,% od ukupnog broja,50 - 64,Oba spola,employed_as_of_working,34.0
2009,% od ukupnog broja,65+,Oba spola,employed_as_of_working,4.2
2009,% od ukupnog broja,15 - 64,Oba spola,employed_as_of_working,40.1
2009,% od ukupnog broja,15+,Muškarci,employed_as_of_working,43.2
2009,% od ukupnog broja,15 - 24,Muškarci,employed_as_of_working,21.7
2009,% od ukupnog broja,25 - 49,Muškarci,employed_as_of_working,67.4
2009,% od ukupnog broja,50 - 64,Muškarci,employed_as_of_working,45.4
2009,% od ukupnog broja,65+,Muškarci,employed_as_of_working,5.6
2009,% od ukupnog broja,15 - 64,Muškarci,employed_as_of_working,51.3
2009,% od ukupnog broja,15+,Žene,employed_as_of_working,23.7
2009,% od ukupnog broja,15 - 24,Žene,employed_as_of_working,11.5
2009,% od ukupnog broja,25 - 49,Žene,employed_as_of_working,39.9
2009,% od ukupnog broja,50 - 64,Žene,employed_as_of_working,23.6
2009,% od ukupnog broja,65+,Žene,employed_as_of_working,3.1
2009,% od ukupnog broja,15 - 64,Žene,employed_as_of_working,29.3
2010,% od ukupnog broja,15+,Oba spola,employed_as_of_working,32.5
2010,% od ukupnog broja,15 - 24,Oba spola,employed_as_of_working,14.0
2010,% od ukupnog broja,25 - 49,Oba spola,employed_as_of_working,52.5
2010,% od ukupnog broja,50 - 64,Oba spola,employed_as_of_working,33.3
2010,% od ukupnog broja,65+,Oba spola,employed_as_of_working,4.6
2010,% od ukupnog broja,15 - 64,Oba spola,employed_as_of_working,39.0
2010,% od ukupnog broja,15+,Muškarci,employed_as_of_working,42.2
2010,% od ukupnog broja,15 - 24,Muškarci,employed_as_of_working,17.8
2010,% od ukupnog broja,25 - 49,Muškarci,employed_as_of_working,65.6
2010,% od ukupnog broja,50 - 64,Muškarci,employed_as_of_working,44.1
2010,% od ukupnog broja,65+,Muškarci,employed_as_of_working,6.3
2010,% od ukupnog broja,15 - 64,Muškarci,employed_as_of_working,49.6
2010,% od ukupnog broja,15+,Žene,employed_as_of_working,23.3
2010,% od ukupnog broja,15 - 24,Žene,employed_as_of_working,10.0
2010,% od ukupnog broja,25 - 49,Žene,employed_as_of_working,39.2
2010,% od ukupnog broja,50 - 64,Žene,employed_as_of_working,23.6
2010,% od ukupnog broja,65+,Žene,employed_as_of_working,3.2
2010,% od ukupnog broja,15 - 64,Žene,employed_as_of_working,28.6
2011,% od ukupnog broja,15+,Oba spola,employed_as_of_working,31.9
2011,% od ukupnog broja,15 - 24,Oba spola,employed_as_of_working,13.2
2011,% od ukupnog broja,25 - 49,Oba spola,employed_as_of_working,52.1
2011,% od ukupnog broja,50 - 64,Oba spola,employed_as_of_working,33.6
2011,% od ukupnog broja,65+,Oba spola,employed_as_of_working,3.6
2011,% od ukupnog broja,15 - 64,Oba spola,employed_as_of_working,38.7
2011,% od ukupnog broja,15+,Muškarci,employed_as_of_working,41.3
2011,% od ukupnog broja,15 - 24,Muškarci,employed_as_of_working,16.9
2011,% od ukupnog broja,25 - 49,Muškarci,employed_as_of_working,64.5
2011,% od ukupnog broja,50 - 64,Muškarci,employed_as_of_working,43.7
2011,% od ukupnog broja,65+,Muškarci,employed_as_of_working,4.9
2011,% od ukupnog broja,15 - 64,Muškarci,employed_as_of_working,48.7
2011,% od ukupnog broja,15+,Žene,employed_as_of_working,23.0
2011,% od ukupnog broja,15 - 24,Žene,employed_as_of_working,9.2
2011,% od ukupnog broja,25 - 49,Žene,employed_as_of_working,39.0
2011,% od ukupnog broja,50 - 64,Žene,employed_as_of_working,24.6
2011,% od ukupnog broja,65+,Žene,employed_as_of_working,2.6
2011,% od ukupnog broja,15 - 64,Žene,employed_as_of_working,28.7
2012,% od ukupnog broja,15+,Oba spola,employed_as_of_working,31.7
2012,% od ukupnog broja,15 - 24,Oba spola,employed_as_of_working,10.8
2012,% od ukupnog broja,25 - 49,Oba spola,employed_as_of_working,52.2
2012,% od ukupnog broja,50 - 64,Oba spola,employed_as_of_working,35.0
2012,% od ukupnog broja,65+,Oba spola,employed_as_of_working,4.8
2012,% od ukupnog broja,15 - 64,Oba spola,employed_as_of_working,38.5
2012,% od ukupnog broja,15+,Muškarci,employed_as_of_working,41.5
2012,% od ukupnog broja,15 - 24,Muškarci,employed_as_of_working,14.1
2012,% od ukupnog broja,25 - 49,Muškarci,employed_as_of_working,64.9
2012,% od ukupnog broja,50 - 64,Muškarci,employed_as_of_working,46.3
2012,% od ukupnog broja,65+,Muškarci,employed_as_of_working,6.7
2012,% od ukupnog broja,15 - 64,Muškarci,employed_as_of_working,49.0
2012,% od ukupnog broja,15+,Žene,employed_as_of_working,22.6
2012,% od ukupnog broja,15 - 24,Žene,employed_as_of_working,7.5
2012,% od ukupnog broja,25 - 49,Žene,employed_as_of_working,39.1
2012,% od ukupnog broja,50 - 64,Žene,employed_as_of_working,24.6
2012,% od ukupnog broja,65+,Žene,employed_as_of_working,3.4
2012,% od ukupnog broja,15 - 64,Žene,employed_as_of_working,28.1
2013,% od ukupnog broja,15+,Oba spola,employed_as_of_working,31.6
2013,% od ukupnog broja,15 - 24,Oba spola,employed_as_of_working,11.6
2013,% od ukupnog broja,25 - 49,Oba spola,employed_as_of_working,52.7
2013,% od ukupnog broja,50 - 64,Oba spola,employed_as_of_working,34.4
2013,% od ukupnog broja,65+,Oba spola,employed_as_of_working,4.1
2013,% od ukupnog broja,15 - 64,Oba spola,employed_as_of_working,38.5
2013,% od ukupnog broja,15+,Muškarci,employed_as_of_working,40.6
2013,% od ukupnog broja,15 - 24,Muškarci,employed_as_of_working,14.9
2013,% od ukupnog broja,25 - 49,Muškarci,employed_as_of_working,64.3
2013,% od ukupnog broja,50 - 64,Muškarci,employed_as_of_working,45.1
2013,% od ukupnog broja,65+,Muškarci,employed_as_of_working,6.0
2013,% od ukupnog broja,15 - 64,Muškarci,employed_as_of_working,48.0
2013,% od ukupnog broja,15+,Žene,employed_as_of_working,23.0
2013,% od ukupnog broja,15 - 24,Žene,employed_as_of_working,7.9
2013,% od ukupnog broja,25 - 49,Žene,employed_as_of_working,40.8
2013,% od ukupnog broja,50 - 64,Žene,employed_as_of_working,24.4
2013,% od ukupnog broja,65+,Žene,employed_as_of_working,2.7
2013,% od ukupnog broja,15 - 64,Žene,employed_as_of_working,28.9
2014,% od ukupnog broja,15+,Oba spola,employed_as_of_working,31.7
2014,% od ukupnog broja,15 - 24,Oba spola,employed_as_of_working,10.9
2014,% od ukupnog broja,25 - 49,Oba spola,employed_as_of_working,53.3
2014,% od ukupnog broja,50 - 64,Oba spola,employed_as_of_working,35.3
2014,% od ukupnog broja,65+,Oba spola,employed_as_of_working,4.5
2014,% od ukupnog broja,15 - 64,Oba spola,employed_as_of_working,39.0
2014,% od ukupnog broja,15+,Muškarci,employed_as_of_working,41.2
2014,% od ukupnog broja,15 - 24,Muškarci,employed_as_of_working,13.5
2014,% od ukupnog broja,25 - 49,Muškarci,employed_as_of_working,65.3
2014,% od ukupnog broja,50 - 64,Muškarci,employed_as_of_working,47.2
2014,% od ukupnog broja,65+,Muškarci,employed_as_of_working,6.7
2014,% od ukupnog broja,15 - 64,Muškarci,employed_as_of_working,48.9
2014,% od ukupnog broja,15+,Žene,employed_as_of_working,22.7
2014,% od ukupnog broja,15 - 24,Žene,employed_as_of_working,8.1
2014,% od ukupnog broja,25 - 49,Žene,employed_as_of_working,40.8
2014,% od ukupnog broja,50 - 64,Žene,employed_as_of_working,24.5
2014,% od ukupnog broja,65+,Žene,employed_as_of_working,3.0
2014,% od ukupnog broja,15 - 64,Žene,employed_as_of_working,28.9
2015,% od ukupnog broja,15+,Oba spola,employed_as_of_working,31.9
2015,% od ukupnog broja,15 - 24,Oba spola,employed_as_of_working,12.1
2015,% od ukupnog broja,25 - 49,Oba spola,employed_as_of_working,53.9
2015,% od ukupnog broja,50 - 64,Oba spola,employed_as_of_working,34.7
2015,% od ukupnog broja,65+,Oba spola,employed_as_of_working,4.2
2015,% od ukupnog broja,15 - 64,Oba spola,employed_as_of_working,39.2
2015,% od ukupnog broja,15+,Muškarci,employed_as_of_working,40.9
2015,% od ukupnog broja,15 - 24,Muškarci,employed_as_of_working,15.8
2015,% od ukupnog broja,25 - 49,Muškarci,employed_as_of_working,66.1
2015,% od ukupnog broja,50 - 64,Muškarci,employed_as_of_working,45.0
2015,% od ukupnog broja,65+,Muškarci,employed_as_of_working,5.9
2015,% od ukupnog broja,15 - 64,Muškarci,employed_as_of_working,48.8
2015,% od ukupnog broja,15+,Žene,employed_as_of_working,23.2
2015,% od ukupnog broja,15 - 24,Žene,employed_as_of_working,8.0
2015,% od ukupnog broja,25 - 49,Žene,employed_as_of_working,41.4
2015,% od ukupnog broja,50 - 64,Žene,employed_as_of_working,25.1
2015,% od ukupnog broja,65+,Žene,employed_as_of_working,3.0
2015,% od ukupnog broja,15 - 64,Žene,employed_as_of_working,29.5
2016,% od ukupnog broja,15+,Oba spola,employed_as_of_working,32.2
2016,% od ukupnog broja,15 - 24,Oba spola,employed_as_of_working,13.8
2016,% od ukupnog broja,25 - 49,Oba spola,employed_as_of_working,54.4
2016,% od ukupnog broja,50 - 64,Oba spola,employed_as_of_working,36.8
2016,% od ukupnog broja,65+,Oba spola,employed_as_of_working,3.7
2016,% od ukupnog broja,15 - 64,Oba spola,employed_as_of_working,40.2
2016,% od ukupnog broja,15+,Muškarci,employed_as_of_working,42.5
2016,% od ukupnog broja,15 - 24,Muškarci,employed_as_of_working,18.3
2016,% od ukupnog broja,25 - 49,Muškarci,employed_as_of_working,67.6
2016,% od ukupnog broja,50 - 64,Muškarci,employed_as_of_working,49.0
2016,% od ukupnog broja,65+,Muškarci,employed_as_of_working,5.4
2016,% od ukupnog broja,15 - 64,Muškarci,employed_as_of_working,51.1
2016,% od ukupnog broja,15+,Žene,employed_as_of_working,22.4
2016,% od ukupnog broja,15 - 24,Žene,employed_as_of_working,8.7
2016,% od ukupnog broja,25 - 49,Žene,employed_as_of_working,40.7
2016,% od ukupnog broja,50 - 64,Žene,employed_as_of_working,25.2
2016,% od ukupnog broja,65+,Žene,employed_as_of_working,2.6
2016,% od ukupnog broja,15 - 64,Žene,employed_as_of_working,29.1
2017,% od ukupnog broja,15+,Oba spola,employed_as_of_working,33.9
2017,% od ukupnog broja,15 - 24,Oba spola,employed_as_of_working,17.6
2017,% od ukupnog broja,25 - 49,Oba spola,employed_as_of_working,58.1
2017,% od ukupnog broja,50 - 64,Oba spola,employed_as_of_working,38.2
2017,% od ukupnog broja,65+,Oba spola,employed_as_of_working,5.1
2017,% od ukupnog broja,15 - 64,Oba spola,employed_as_of_working,43.0
2017,% od ukupnog broja,15+,Muškarci,employed_as_of_working,43.2
2017,% od ukupnog broja,15 - 24,Muškarci,employed_as_of_working,22.8
2017,% od ukupnog broja,25 - 49,Muškarci,employed_as_of_working,70.5
2017,% od ukupnog broja,50 - 64,Muškarci,employed_as_of_working,49.7
2017,% od ukupnog broja,65+,Muškarci,employed_as_of_working,6.8
2017,% od ukupnog broja,15 - 64,Muškarci,employed_as_of_working,53.3
2017,% od ukupnog broja,15+,Žene,employed_as_of_working,24.9
2017,% od ukupnog broja,15 - 24,Žene,employed_as_of_working,11.4
2017,% od ukupnog broja,25 - 49,Žene,employed_as_of_working,45.6
2017,% od ukupnog broja,50 - 64,Žene,employed_as_of_working,27.2
2017,% od ukupnog broja,65+,Žene,employed_as_of_working,3.8
2017,% od ukupnog broja,15 - 64,Žene,employed_as_of_working,32.5
2018,% od ukupnog broja,15+,Oba spola,employed_as_of_working,34.3
2018,% od ukupnog broja,15 - 24,Oba spola,employed_as_of_working,19.7
2018,% od ukupnog broja,25 - 49,Oba spola,employed_as_of_working,58.9
2018,% od ukupnog broja,50 - 64,Oba spola,employed_as_of_working,39.6
2018,% od ukupnog broja,65+,Oba spola,employed_as_of_working,4.6
2018,% od ukupnog broja,15 - 64,Oba spola,employed_as_of_working,44.0
2018,% od ukupnog broja,15+,Muškarci,employed_as_of_working,44.1
2018,% od ukupnog broja,15 - 24,Muškarci,employed_as_of_working,26.1
2018,% od ukupnog broja,25 - 49,Muškarci,employed_as_of_working,71.8
2018,% od ukupnog broja,50 - 64,Muškarci,employed_as_of_working,50.7
2018,% od ukupnog broja,65+,Muškarci,employed_as_of_working,6.0
2018,% od ukupnog broja,15 - 64,Muškarci,employed_as_of_working,54.7
2018,% od ukupnog broja,15+,Žene,employed_as_of_working,25.0
2018,% od ukupnog broja,15 - 24,Žene,employed_as_of_working,12.6
2018,% od ukupnog broja,25 - 49,Žene,employed_as_of_working,45.8
2018,% od ukupnog broja,50 - 64,Žene,employed_as_of_working,28.9
2018,% od ukupnog broja,65+,Žene,employed_as_of_working,3.6
2018,% od ukupnog broja,15 - 64,Žene,employed_as_of_working,33.0
2019,% od ukupnog broja,15+,Oba spola,employed_as_of_working,35.5
2019,% od ukupnog broja,15 - 24,Oba spola,employed_as_of_working,23.4
2019,% od ukupnog broja,25 - 49,Oba spola,employed_as_of_working,60.7
2019,% od ukupnog broja,50 - 64,Oba spola,employed_as_of_working,42.2
2019,% od ukupnog broja,65+,Oba spola,employed_as_of_working,6.8
2019,% od ukupnog broja,15 - 64,Oba spola,employed_as_of_working,46.4
2019,% od ukupnog broja,15+,Muškarci,employed_as_of_working,44.6
2019,% od ukupnog broja,15 - 24,Muškarci,employed_as_of_working,27.4
2019,% od ukupnog broja,25 - 49,Muškarci,employed_as_of_working,73.0
2019,% od ukupnog broja,50 - 64,Muškarci,employed_as_of_working,55.2
2019,% od ukupnog broja,65+,Muškarci,employed_as_of_working,8.7
2019,% od ukupnog broja,15 - 64,Muškarci,employed_as_of_working,57.0
2019,% od ukupnog broja,15+,Žene,employed_as_of_working,26.7
2019,% od ukupnog broja,15 - 24,Žene,employed_as_of_working,18.6
2019,% od ukupnog broja,25 - 49,Žene,employed_as_of_working,48.5
2019,% od ukupnog broja,50 - 64,Žene,employed_as_of_working,28.9
2019,% od ukupnog broja,65+,Žene,employed_as_of_working,3.6
2019,% od ukupnog broja,15 - 64,Žene,employed_as_of_working,33.0
