Year,UNIT_MEASURE,Spol,Godine,Value
2006,% od ukupnog broja,Oba spola,15+,31.1
2006,% od ukupnog broja,Oba spola,15 - 24,62.3
2006,% od ukupnog broja,Oba spola,25 - 49,29.5
2006,% od ukupnog broja,Oba spola,50 - 64,16.4
2006,% od ukupnog broja,Oba spola,65+,0.0
2006,% od ukupnog broja,Oba spola,15 - 64,31.8
2006,% od ukupnog broja,Muškarci,15+,28.9
2006,% od ukupnog broja,Muškarci,15 - 24,60.2
2006,% od ukupnog broja,Muškarci,25 - 49,26.7
2006,% od ukupnog broja,Muškarci,50 - 64,17.1
2006,% od ukupnog broja,Muškarci,65+,0.0
2006,% od ukupnog broja,Muškarci,15 - 64,29.5
2006,% od ukupnog broja,Žene,15+,34.9
2006,% od ukupnog broja,Žene,15 - 24,65.7
2006,% od ukupnog broja,Žene,25 - 49,34.0
2006,% od ukupnog broja,Žene,50 - 64,15.2
2006,% od ukupnog broja,Žene,65+,0.0
2006,% od ukupnog broja,Žene,15 - 64,35.7
2006,% od ukupnog broja,Oba spola,15+,56.9
2006,% od ukupnog broja,Oba spola,15 - 24,66.6
2006,% od ukupnog broja,Oba spola,25 - 49,34.0
2006,% od ukupnog broja,Oba spola,50 - 64,63.4
2006,% od ukupnog broja,Oba spola,65+,94.3
2006,% od ukupnog broja,Oba spola,15 - 64,48.7
2006,% od ukupnog broja,Muškarci,15+,43.8
2006,% od ukupnog broja,Muškarci,15 - 24,59.9
2006,% od ukupnog broja,Muškarci,25 - 49,18.1
2006,% od ukupnog broja,Muškarci,50 - 64,46.6
2006,% od ukupnog broja,Muškarci,65+,92.0
2006,% od ukupnog broja,Muškarci,15 - 64,34.5
2006,% od ukupnog broja,Žene,15+,69.2
2006,% od ukupnog broja,Žene,15 - 24,73.7
2006,% od ukupnog broja,Žene,25 - 49,50.0
2006,% od ukupnog broja,Žene,50 - 64,77.9
2006,% od ukupnog broja,Žene,65+,96.0
2006,% od ukupnog broja,Žene,15 - 64,62.6
2007,% od ukupnog broja,Oba spola,15+,29.0
2007,% od ukupnog broja,Oba spola,15 - 24,58.4
2007,% od ukupnog broja,Oba spola,25 - 49,27.1
2007,% od ukupnog broja,Oba spola,50 - 64,17.8
2007,% od ukupnog broja,Oba spola,65+,0.0
2007,% od ukupnog broja,Oba spola,15 - 64,29.6
2007,% od ukupnog broja,Muškarci,15+,26.7
2007,% od ukupnog broja,Muškarci,15 - 24,55.6
2007,% od ukupnog broja,Muškarci,25 - 49,24.3
2007,% od ukupnog broja,Muškarci,50 - 64,18.4
2007,% od ukupnog broja,Muškarci,65+,0.0
2007,% od ukupnog broja,Muškarci,15 - 64,27.3
2007,% od ukupnog broja,Žene,15+,32.9
2007,% od ukupnog broja,Žene,15 - 24,63.1
2007,% od ukupnog broja,Žene,25 - 49,31.9
2007,% od ukupnog broja,Žene,50 - 64,16.6
2007,% od ukupnog broja,Žene,65+,0.0
2007,% od ukupnog broja,Žene,15 - 64,33.7
2007,% od ukupnog broja,Oba spola,15+,56.1
2007,% od ukupnog broja,Oba spola,15 - 24,66.6
2007,% od ukupnog broja,Oba spola,25 - 49,33.0
2007,% od ukupnog broja,Oba spola,50 - 64,61.1
2007,% od ukupnog broja,Oba spola,65+,94.1
2007,% od ukupnog broja,Oba spola,15 - 64,47.8
2007,% od ukupnog broja,Muškarci,15+,42.3
2007,% od ukupnog broja,Muškarci,15 - 24,59.2
2007,% od ukupnog broja,Muškarci,25 - 49,16.0
2007,% od ukupnog broja,Muškarci,50 - 64,44.6
2007,% od ukupnog broja,Muškarci,65+,91.0
2007,% od ukupnog broja,Muškarci,15 - 64,33.0
2007,% od ukupnog broja,Žene,15+,69.0
2007,% od ukupnog broja,Žene,15 - 24,74.3
2007,% od ukupnog broja,Žene,25 - 49,49.8
2007,% od ukupnog broja,Žene,50 - 64,76.3
2007,% od ukupnog broja,Žene,65+,96.4
2007,% od ukupnog broja,Žene,15 - 64,62.2
2008,% od ukupnog broja,Oba spola,15+,23.4
2008,% od ukupnog broja,Oba spola,15 - 24,47.5
2008,% od ukupnog broja,Oba spola,25 - 49,22.1
2008,% od ukupnog broja,Oba spola,50 - 64,15.2
2008,% od ukupnog broja,Oba spola,65+,0.0
2008,% od ukupnog broja,Oba spola,15 - 64,24.0
2008,% od ukupnog broja,Muškarci,15+,21.4
2008,% od ukupnog broja,Muškarci,15 - 24,44.8
2008,% od ukupnog broja,Muškarci,25 - 49,19.2
2008,% od ukupnog broja,Muškarci,50 - 64,16.3
2008,% od ukupnog broja,Muškarci,65+,0.0
2008,% od ukupnog broja,Muškarci,15 - 64,21.9
2008,% od ukupnog broja,Žene,15+,26.8
2008,% od ukupnog broja,Žene,15 - 24,52.3
2008,% od ukupnog broja,Žene,25 - 49,26.7
2008,% od ukupnog broja,Žene,50 - 64,13.0
2008,% od ukupnog broja,Žene,65+,0.0
2008,% od ukupnog broja,Žene,15 - 64,27.4
2008,% od ukupnog broja,Oba spola,15+,56.1
2008,% od ukupnog broja,Oba spola,15 - 24,66.8
2008,% od ukupnog broja,Oba spola,25 - 49,31.4
2008,% od ukupnog broja,Oba spola,50 - 64,59.5
2008,% od ukupnog broja,Oba spola,65+,94.6
2008,% od ukupnog broja,Oba spola,15 - 64,46.5
2008,% od ukupnog broja,Muškarci,15+,42.9
2008,% od ukupnog broja,Muškarci,15 - 24,60.0
2008,% od ukupnog broja,Muškarci,25 - 49,14.9
2008,% od ukupnog broja,Muškarci,50 - 64,42.8
2008,% od ukupnog broja,Muškarci,65+,91.7
2008,% od ukupnog broja,Muškarci,15 - 64,32.3
2008,% od ukupnog broja,Žene,15+,68.4
2008,% od ukupnog broja,Žene,15 - 24,74.4
2008,% od ukupnog broja,Žene,25 - 49,47.6
2008,% od ukupnog broja,Žene,50 - 64,74.3
2008,% od ukupnog broja,Žene,65+,96.8
2008,% od ukupnog broja,Žene,15 - 64,60.5
2009,% od ukupnog broja,Oba spola,15+,24.1
2009,% od ukupnog broja,Oba spola,15 - 24,48.7
2009,% od ukupnog broja,Oba spola,25 - 49,22.5
2009,% od ukupnog broja,Oba spola,50 - 64,16.7
2009,% od ukupnog broja,Oba spola,65+,0.0
2009,% od ukupnog broja,Oba spola,15 - 64,24.5
2009,% od ukupnog broja,Muškarci,15+,23.1
2009,% od ukupnog broja,Muškarci,15 - 24,46.4
2009,% od ukupnog broja,Muškarci,25 - 49,20.9
2009,% od ukupnog broja,Muškarci,50 - 64,18.0
2009,% od ukupnog broja,Muškarci,65+,0.0
2009,% od ukupnog broja,Muškarci,15 - 64,23.5
2009,% od ukupnog broja,Žene,15+,25.6
2009,% od ukupnog broja,Žene,15 - 24,52.7
2009,% od ukupnog broja,Žene,25 - 49,25.1
2009,% od ukupnog broja,Žene,50 - 64,14.2
2009,% od ukupnog broja,Žene,65+,0.0
2009,% od ukupnog broja,Žene,15 - 64,26.2
2009,% od ukupnog broja,Oba spola,15+,56.4
2009,% od ukupnog broja,Oba spola,15 - 24,67.4
2009,% od ukupnog broja,Oba spola,25 - 49,30.9
2009,% od ukupnog broja,Oba spola,50 - 64,59.2
2009,% od ukupnog broja,Oba spola,65+,95.8
2009,% od ukupnog broja,Oba spola,15 - 64,46.8
2009,% od ukupnog broja,Muškarci,15+,43.8
2009,% od ukupnog broja,Muškarci,15 - 24,59.6
2009,% od ukupnog broja,Muškarci,25 - 49,14.8
2009,% od ukupnog broja,Muškarci,50 - 64,44.7
2009,% od ukupnog broja,Muškarci,65+,94.4
2009,% od ukupnog broja,Muškarci,15 - 64,33.0
2009,% od ukupnog broja,Žene,15+,68.1
2009,% od ukupnog broja,Žene,15 - 24,75.7
2009,% od ukupnog broja,Žene,25 - 49,46.8
2009,% od ukupnog broja,Žene,50 - 64,72.4
2009,% od ukupnog broja,Žene,65+,96.9
2009,% od ukupnog broja,Žene,15 - 64,60.3
2010,% od ukupnog broja,Oba spola,15+,27.2
2010,% od ukupnog broja,Oba spola,15 - 24,57.5
2010,% od ukupnog broja,Oba spola,25 - 49,25.6
2010,% od ukupnog broja,Oba spola,50 - 64,17.8
2010,% od ukupnog broja,Oba spola,65+,0.0
2010,% od ukupnog broja,Oba spola,15 - 64,27.7
2010,% od ukupnog broja,Muškarci,15+,25.6
2010,% od ukupnog broja,Muškarci,15 - 24,55.1
2010,% od ukupnog broja,Muškarci,25 - 49,23.1
2010,% od ukupnog broja,Muškarci,50 - 64,19.0
2010,% od ukupnog broja,Muškarci,65+,0.0
2010,% od ukupnog broja,Muškarci,15 - 64,26.1
2010,% od ukupnog broja,Žene,15+,29.9
2010,% od ukupnog broja,Žene,15 - 24,61.3
2010,% od ukupnog broja,Žene,25 - 49,29.5
2010,% od ukupnog broja,Žene,50 - 64,15.8
2010,% od ukupnog broja,Žene,65+,0.0
2010,% od ukupnog broja,Žene,15 - 64,30.4
2010,% od ukupnog broja,Oba spola,15+,55.4
2010,% od ukupnog broja,Oba spola,15 - 24,67.0
2010,% od ukupnog broja,Oba spola,25 - 49,29.4
2010,% od ukupnog broja,Oba spola,50 - 64,59.5
2010,% od ukupnog broja,Oba spola,65+,95.4
2010,% od ukupnog broja,Oba spola,15 - 64,46.0
2010,% od ukupnog broja,Muškarci,15+,43.3
2010,% od ukupnog broja,Muškarci,15 - 24,60.3
2010,% od ukupnog broja,Muškarci,25 - 49,14.7
2010,% od ukupnog broja,Muškarci,50 - 64,45.5
2010,% od ukupnog broja,Muškarci,65+,93.7
2010,% od ukupnog broja,Muškarci,15 - 64,32.9
2010,% od ukupnog broja,Žene,15+,66.8
2010,% od ukupnog broja,Žene,15 - 24,74.1
2010,% od ukupnog broja,Žene,25 - 49,44.4
2010,% od ukupnog broja,Žene,50 - 64,72.0
2010,% od ukupnog broja,Žene,65+,96.7
2010,% od ukupnog broja,Žene,15 - 64,58.9
2011,% od ukupnog broja,Oba spola,15+,27.6
2011,% od ukupnog broja,Oba spola,15 - 24,57.9
2011,% od ukupnog broja,Oba spola,25 - 49,26.2
2011,% od ukupnog broja,Oba spola,50 - 64,18.6
2011,% od ukupnog broja,Oba spola,65+,0.0
2011,% od ukupnog broja,Oba spola,15 - 64,28.0
2011,% od ukupnog broja,Muškarci,15+,26.1
2011,% od ukupnog broja,Muškarci,15 - 24,56.4
2011,% od ukupnog broja,Muškarci,25 - 49,23.7
2011,% od ukupnog broja,Muškarci,50 - 64,19.3
2011,% od ukupnog broja,Muškarci,65+,0.0
2011,% od ukupnog broja,Muškarci,15 - 64,26.5
2011,% od ukupnog broja,Žene,15+,29.9
2011,% od ukupnog broja,Žene,15 - 24,60.5
2011,% od ukupnog broja,Žene,25 - 49,30.3
2011,% od ukupnog broja,Žene,50 - 64,17.5
2011,% od ukupnog broja,Žene,65+,0.0
2011,% od ukupnog broja,Žene,15 - 64,30.5
2011,% od ukupnog broja,Oba spola,15+,56.0
2011,% od ukupnog broja,Oba spola,15 - 24,68.6
2011,% od ukupnog broja,Oba spola,25 - 49,29.4
2011,% od ukupnog broja,Oba spola,50 - 64,58.8
2011,% od ukupnog broja,Oba spola,65+,96.4
2011,% od ukupnog broja,Oba spola,15 - 64,46.2
2011,% od ukupnog broja,Muškarci,15+,44.1
2011,% od ukupnog broja,Muškarci,15 - 24,61.2
2011,% od ukupnog broja,Muškarci,25 - 49,15.5
2011,% od ukupnog broja,Muškarci,50 - 64,45.9
2011,% od ukupnog broja,Muškarci,65+,95.1
2011,% od ukupnog broja,Muškarci,15 - 64,33.7
2011,% od ukupnog broja,Žene,15+,67.2
2011,% od ukupnog broja,Žene,15 - 24,76.7
2011,% od ukupnog broja,Žene,25 - 49,44.1
2011,% od ukupnog broja,Žene,50 - 64,70.2
2011,% od ukupnog broja,Žene,65+,97.3
2011,% od ukupnog broja,Žene,15 - 64,58.8
2012,% od ukupnog broja,Oba spola,15+,28.0
2012,% od ukupnog broja,Oba spola,15 - 24,63.1
2012,% od ukupnog broja,Oba spola,25 - 49,27.2
2012,% od ukupnog broja,Oba spola,50 - 64,16.9
2012,% od ukupnog broja,Oba spola,65+,0.0
2012,% od ukupnog broja,Oba spola,15 - 64,28.6
2012,% od ukupnog broja,Muškarci,15+,26.4
2012,% od ukupnog broja,Muškarci,15 - 24,62.6
2012,% od ukupnog broja,Muškarci,25 - 49,24.1
2012,% od ukupnog broja,Muškarci,50 - 64,17.5
2012,% od ukupnog broja,Muškarci,65+,0.0
2012,% od ukupnog broja,Muškarci,15 - 64,26.8
2012,% od ukupnog broja,Žene,15+,30.7
2012,% od ukupnog broja,Žene,15 - 24,64.0
2012,% od ukupnog broja,Žene,25 - 49,31.9
2012,% od ukupnog broja,Žene,50 - 64,15.7
2012,% od ukupnog broja,Žene,65+,0.0
2012,% od ukupnog broja,Žene,15 - 64,31.4
2012,% od ukupnog broja,Oba spola,15+,56.0
2012,% od ukupnog broja,Oba spola,15 - 24,70.6
2012,% od ukupnog broja,Oba spola,25 - 49,28.4
2012,% od ukupnog broja,Oba spola,50 - 64,57.9
2012,% od ukupnog broja,Oba spola,65+,95.0
2012,% od ukupnog broja,Oba spola,15 - 64,46.1
2012,% od ukupnog broja,Muškarci,15+,43.6
2012,% od ukupnog broja,Muškarci,15 - 24,62.3
2012,% od ukupnog broja,Muškarci,25 - 49,14.5
2012,% od ukupnog broja,Muškarci,50 - 64,43.8
2012,% od ukupnog broja,Muškarci,65+,93.0
2012,% od ukupnog broja,Muškarci,15 - 64,33.0
2012,% od ukupnog broja,Žene,15+,67.4
2012,% od ukupnog broja,Žene,15 - 24,79.1
2012,% od ukupnog broja,Žene,25 - 49,42.7
2012,% od ukupnog broja,Žene,50 - 64,70.8
2012,% od ukupnog broja,Žene,65+,96.6
2012,% od ukupnog broja,Žene,15 - 64,59.0
2013,% od ukupnog broja,Oba spola,15+,27.5
2013,% od ukupnog broja,Oba spola,15 - 24,59.1
2013,% od ukupnog broja,Oba spola,25 - 49,26.6
2013,% od ukupnog broja,Oba spola,50 - 64,18.2
2013,% od ukupnog broja,Oba spola,65+,0.0
2013,% od ukupnog broja,Oba spola,15 - 64,28.0
2013,% od ukupnog broja,Muškarci,15+,26.5
2013,% od ukupnog broja,Muškarci,15 - 24,59.1
2013,% od ukupnog broja,Muškarci,25 - 49,24.5
2013,% od ukupnog broja,Muškarci,50 - 64,18.6
2013,% od ukupnog broja,Muškarci,65+,0.0
2013,% od ukupnog broja,Muškarci,15 - 64,27.0
2013,% od ukupnog broja,Žene,15+,29.0
2013,% od ukupnog broja,Žene,15 - 24,59.2
2013,% od ukupnog broja,Žene,25 - 49,29.8
2013,% od ukupnog broja,Žene,50 - 64,17.5
2013,% od ukupnog broja,Žene,65+,0.0
2013,% od ukupnog broja,Žene,15 - 64,29.6
2013,% od ukupnog broja,Oba spola,15+,56.4
2013,% od ukupnog broja,Oba spola,15 - 24,71.7
2013,% od ukupnog broja,Oba spola,25 - 49,28.1
2013,% od ukupnog broja,Oba spola,50 - 64,57.9
2013,% od ukupnog broja,Oba spola,65+,95.8
2013,% od ukupnog broja,Oba spola,15 - 64,46.5
2013,% od ukupnog broja,Muškarci,15+,44.7
2013,% od ukupnog broja,Muškarci,15 - 24,63.7
2013,% od ukupnog broja,Muškarci,25 - 49,14.7
2013,% od ukupnog broja,Muškarci,50 - 64,44.5
2013,% od ukupnog broja,Muškarci,65+,93.8
2013,% od ukupnog broja,Muškarci,15 - 64,34.3
2013,% od ukupnog broja,Žene,15+,67.5
2013,% od ukupnog broja,Žene,15 - 24,80.6
2013,% od ukupnog broja,Žene,25 - 49,41.9
2013,% od ukupnog broja,Žene,50 - 64,70.4
2013,% od ukupnog broja,Žene,65+,97.3
2013,% od ukupnog broja,Žene,15 - 64,59.0
2014,% od ukupnog broja,Oba spola,15+,27.5
2014,% od ukupnog broja,Oba spola,15 - 24,62.7
2014,% od ukupnog broja,Oba spola,25 - 49,27.1
2014,% od ukupnog broja,Oba spola,50 - 64,16.3
2014,% od ukupnog broja,Oba spola,65+,0.0
2014,% od ukupnog broja,Oba spola,15 - 64,28.1
2014,% od ukupnog broja,Muškarci,15+,25.2
2014,% od ukupnog broja,Muškarci,15 - 24,61.0
2014,% od ukupnog broja,Muškarci,25 - 49,23.9
2014,% od ukupnog broja,Muškarci,50 - 64,15.8
2014,% od ukupnog broja,Muškarci,65+,0.0
2014,% od ukupnog broja,Muškarci,15 - 64,25.7
2014,% od ukupnog broja,Žene,15+,31.2
2014,% od ukupnog broja,Žene,15 - 24,65.4
2014,% od ukupnog broja,Žene,25 - 49,32.0
2014,% od ukupnog broja,Žene,50 - 64,17.2
2014,% od ukupnog broja,Žene,65+,0.0
2014,% od ukupnog broja,Žene,15 - 64,31.8
2014,% od ukupnog broja,Oba spola,15+,56.3
2014,% od ukupnog broja,Oba spola,15 - 24,70.7
2014,% od ukupnog broja,Oba spola,25 - 49,26.8
2014,% od ukupnog broja,Oba spola,50 - 64,57.9
2014,% od ukupnog broja,Oba spola,65+,95.3
2014,% od ukupnog broja,Oba spola,15 - 64,45.8
2014,% od ukupnog broja,Muškarci,15+,45.0
2014,% od ukupnog broja,Muškarci,15 - 24,65.4
2014,% od ukupnog broja,Muškarci,25 - 49,14.1
2014,% od ukupnog broja,Muškarci,50 - 64,43.9
2014,% od ukupnog broja,Muškarci,65+,93.2
2014,% od ukupnog broja,Muškarci,15 - 64,34.1
2014,% od ukupnog broja,Žene,15+,67.0
2014,% od ukupnog broja,Žene,15 - 24,76.7
2014,% od ukupnog broja,Žene,25 - 49,40.0
2014,% od ukupnog broja,Žene,50 - 64,70.5
2014,% od ukupnog broja,Žene,65+,96.9
2014,% od ukupnog broja,Žene,15 - 64,57.6
2015,% od ukupnog broja,Oba spola,15+,27.7
2015,% od ukupnog broja,Oba spola,15 - 24,62.3
2015,% od ukupnog broja,Oba spola,25 - 49,26.8
2015,% od ukupnog broja,Oba spola,50 - 64,16.8
2015,% od ukupnog broja,Oba spola,65+,0.0
2015,% od ukupnog broja,Oba spola,15 - 64,28.2
2015,% od ukupnog broja,Muškarci,15+,25.8
2015,% od ukupnog broja,Muškarci,15 - 24,59.5
2015,% od ukupnog broja,Muškarci,25 - 49,24.1
2015,% od ukupnog broja,Muškarci,50 - 64,16.3
2015,% od ukupnog broja,Muškarci,65+,0.0
2015,% od ukupnog broja,Muškarci,15 - 64,26.3
2015,% od ukupnog broja,Žene,15+,30.7
2015,% od ukupnog broja,Žene,15 - 24,67.3
2015,% od ukupnog broja,Žene,25 - 49,30.8
2015,% od ukupnog broja,Žene,50 - 64,17.8
2015,% od ukupnog broja,Žene,65+,0.0
2015,% od ukupnog broja,Žene,15 - 64,31.3
2015,% od ukupnog broja,Oba spola,15+,55.9
2015,% od ukupnog broja,Oba spola,15 - 24,67.8
2015,% od ukupnog broja,Oba spola,25 - 49,26.4
2015,% od ukupnog broja,Oba spola,50 - 64,58.3
2015,% od ukupnog broja,Oba spola,65+,95.7
2015,% od ukupnog broja,Oba spola,15 - 64,45.4
2015,% od ukupnog broja,Muškarci,15+,44.9
2015,% od ukupnog broja,Muškarci,15 - 24,61.1
2015,% od ukupnog broja,Muškarci,25 - 49,12.9
2015,% od ukupnog broja,Muškarci,50 - 64,46.3
2015,% od ukupnog broja,Muškarci,65+,94.0
2015,% od ukupnog broja,Muškarci,15 - 64,33.8
2015,% od ukupnog broja,Žene,15+,66.5
2015,% od ukupnog broja,Žene,15 - 24,75.5
2015,% od ukupnog broja,Žene,25 - 49,40.2
2015,% od ukupnog broja,Žene,50 - 64,69.5
2015,% od ukupnog broja,Žene,65+,97.0
2015,% od ukupnog broja,Žene,15 - 64,57.1
2016,% od ukupnog broja,Oba spola,15+,25.4
2016,% od ukupnog broja,Oba spola,15 - 24,54.3
2016,% od ukupnog broja,Oba spola,25 - 49,25.7
2016,% od ukupnog broja,Oba spola,50 - 64,15.7
2016,% od ukupnog broja,Oba spola,65+,8.7
2016,% od ukupnog broja,Oba spola,15 - 64,25.8
2016,% od ukupnog broja,Muškarci,15+,22.5
2016,% od ukupnog broja,Muškarci,15 - 24,52.0
2016,% od ukupnog broja,Muškarci,25 - 49,21.3
2016,% od ukupnog broja,Muškarci,50 - 64,14.6
2016,% od ukupnog broja,Muškarci,65+,9.9
2016,% od ukupnog broja,Muškarci,15 - 64,22.8
2016,% od ukupnog broja,Žene,15+,30.0
2016,% od ukupnog broja,Žene,15 - 24,58.9
2016,% od ukupnog broja,Žene,25 - 49,32.1
2016,% od ukupnog broja,Žene,50 - 64,17.7
2016,% od ukupnog broja,Žene,65+,0.0
2016,% od ukupnog broja,Žene,15 - 64,30.6
2016,% od ukupnog broja,Oba spola,15+,56.9
2016,% od ukupnog broja,Oba spola,15 - 24,69.8
2016,% od ukupnog broja,Oba spola,25 - 49,26.8
2016,% od ukupnog broja,Oba spola,50 - 64,56.3
2016,% od ukupnog broja,Oba spola,65+,95.9
2016,% od ukupnog broja,Oba spola,15 - 64,45.8
2016,% od ukupnog broja,Muškarci,15+,45.1
2016,% od ukupnog broja,Muškarci,15 - 24,61.9
2016,% od ukupnog broja,Muškarci,25 - 49,14.0
2016,% od ukupnog broja,Muškarci,50 - 64,42.6
2016,% od ukupnog broja,Muškarci,65+,94.0
2016,% od ukupnog broja,Muškarci,15 - 64,33.8
2016,% od ukupnog broja,Žene,15+,67.9
2016,% od ukupnog broja,Žene,15 - 24,78.7
2016,% od ukupnog broja,Žene,25 - 49,40.0
2016,% od ukupnog broja,Žene,50 - 64,69.4
2016,% od ukupnog broja,Žene,65+,97.3
2016,% od ukupnog broja,Žene,15 - 64,58.1
2017,% od ukupnog broja,Oba spola,15+,20.5
2017,% od ukupnog broja,Oba spola,15 - 24,45.8
2017,% od ukupnog broja,Oba spola,25 - 49,20.9
2017,% od ukupnog broja,Oba spola,50 - 64,12.5
2017,% od ukupnog broja,Oba spola,65+,0.0
2017,% od ukupnog broja,Oba spola,15 - 64,21.1
2017,% od ukupnog broja,Muškarci,15+,18.9
2017,% od ukupnog broja,Muškarci,15 - 24,43.1
2017,% od ukupnog broja,Muškarci,25 - 49,18.5
2017,% od ukupnog broja,Muškarci,50 - 64,11.8
2017,% od ukupnog broja,Muškarci,65+,0.0
2017,% od ukupnog broja,Muškarci,15 - 64,19.4
2017,% od ukupnog broja,Žene,15+,23.1
2017,% od ukupnog broja,Žene,15 - 24,51.4
2017,% od ukupnog broja,Žene,25 - 49,24.4
2017,% od ukupnog broja,Žene,50 - 64,13.8
2017,% od ukupnog broja,Žene,65+,0.0
2017,% od ukupnog broja,Žene,15 - 64,23.8
2017,% od ukupnog broja,Oba spola,15+,57.4
2017,% od ukupnog broja,Oba spola,15 - 24,67.5
2017,% od ukupnog broja,Oba spola,25 - 49,26.5
2017,% od ukupnog broja,Oba spola,50 - 64,56.4
2017,% od ukupnog broja,Oba spola,65+,94.8
2017,% od ukupnog broja,Oba spola,15 - 64,45.5
2017,% od ukupnog broja,Muškarci,15+,46.7
2017,% od ukupnog broja,Muškarci,15 - 24,59.8
2017,% od ukupnog broja,Muškarci,25 - 49,13.5
2017,% od ukupnog broja,Muškarci,50 - 64,43.6
2017,% od ukupnog broja,Muškarci,65+,93.1
2017,% od ukupnog broja,Muškarci,15 - 64,33.9
2017,% od ukupnog broja,Žene,15+,67.6
2017,% od ukupnog broja,Žene,15 - 24,76.6
2017,% od ukupnog broja,Žene,25 - 49,39.7
2017,% od ukupnog broja,Žene,50 - 64,68.4
2017,% od ukupnog broja,Žene,65+,96.1
2017,% od ukupnog broja,Žene,15 - 64,57.3
2018,% od ukupnog broja,Oba spola,15+,18.4
2018,% od ukupnog broja,Oba spola,15 - 24,38.8
2018,% od ukupnog broja,Oba spola,25 - 49,19.3
2018,% od ukupnog broja,Oba spola,50 - 64,11.2
2018,% od ukupnog broja,Oba spola,65+,0.0
2018,% od ukupnog broja,Oba spola,15 - 64,18.9
2018,% od ukupnog broja,Muškarci,15+,17.2
2018,% od ukupnog broja,Muškarci,15 - 24,35.4
2018,% od ukupnog broja,Muškarci,25 - 49,17.3
2018,% od ukupnog broja,Muškarci,50 - 64,11.5
2018,% od ukupnog broja,Muškarci,65+,0.0
2018,% od ukupnog broja,Muškarci,15 - 64,17.6
2018,% od ukupnog broja,Žene,15+,20.3
2018,% od ukupnog broja,Žene,15 - 24,45.5
2018,% od ukupnog broja,Žene,25 - 49,22.3
2018,% od ukupnog broja,Žene,50 - 64,10.6
2018,% od ukupnog broja,Žene,65+,0.0
2018,% od ukupnog broja,Žene,15 - 64,21.0
2018,% od ukupnog broja,Oba spola,15+,57.9
2018,% od ukupnog broja,Oba spola,15 - 24,67.7
2018,% od ukupnog broja,Oba spola,25 - 49,27.0
2018,% od ukupnog broja,Oba spola,50 - 64,55.4
2018,% od ukupnog broja,Oba spola,65+,95.3
2018,% od ukupnog broja,Oba spola,15 - 64,45.8
2018,% od ukupnog broja,Muškarci,15+,46.8
2018,% od ukupnog broja,Muškarci,15 - 24,59.6
2018,% od ukupnog broja,Muškarci,25 - 49,13.2
2018,% od ukupnog broja,Muškarci,50 - 64,42.7
2018,% od ukupnog broja,Muškarci,65+,93.8
2018,% od ukupnog broja,Muškarci,15 - 64,33.6
2018,% od ukupnog broja,Žene,15+,68.6
2018,% od ukupnog broja,Žene,15 - 24,76.9
2018,% od ukupnog broja,Žene,25 - 49,41.1
2018,% od ukupnog broja,Žene,50 - 64,67.7
2018,% od ukupnog broja,Žene,65+,96.4
2018,% od ukupnog broja,Žene,15 - 64,58.2
2019,% od ukupnog broja,Oba spola,15+,15.7
2019,% od ukupnog broja,Oba spola,15 - 24,33.8
2019,% od ukupnog broja,Oba spola,25 - 49,17.2
2019,% od ukupnog broja,Oba spola,50 - 64,9.7
2019,% od ukupnog broja,Oba spola,65+,0.0
2019,% od ukupnog broja,Oba spola,15 - 64,16.4
2019,% od ukupnog broja,Muškarci,15+,13.6
2019,% od ukupnog broja,Muškarci,15 - 24,31.3
2019,% od ukupnog broja,Muškarci,25 - 49,14.7
2019,% od ukupnog broja,Muškarci,50 - 64,8.1
2019,% od ukupnog broja,Muškarci,65+,0.0
2019,% od ukupnog broja,Muškarci,15 - 64,14.2
2019,% od ukupnog broja,Žene,15+,18.8
2019,% od ukupnog broja,Žene,15 - 24,37.9
2019,% od ukupnog broja,Žene,25 - 49,20.7
2019,% od ukupnog broja,Žene,50 - 64,12.3
2019,% od ukupnog broja,Žene,65+,0.0
2019,% od ukupnog broja,Žene,15 - 64,19.7
2019,% od ukupnog broja,Oba spola,15+,57.9
2019,% od ukupnog broja,Oba spola,15 - 24,64.6
2019,% od ukupnog broja,Oba spola,25 - 49,26.6
2019,% od ukupnog broja,Oba spola,50 - 64,53.3
2019,% od ukupnog broja,Oba spola,65+,93.1
2019,% od ukupnog broja,Oba spola,15 - 64,44.5
2019,% od ukupnog broja,Muškarci,15+,48.3
2019,% od ukupnog broja,Muškarci,15 - 24,60.2
2019,% od ukupnog broja,Muškarci,25 - 49,14.4
2019,% od ukupnog broja,Muškarci,50 - 64,39.9
2019,% od ukupnog broja,Muškarci,65+,91.2
2019,% od ukupnog broja,Muškarci,15 - 64,33.6
2019,% od ukupnog broja,Žene,15+,67.1
2019,% od ukupnog broja,Žene,15 - 24,70.1
2019,% od ukupnog broja,Žene,25 - 49,38.9
2019,% od ukupnog broja,Žene,50 - 64,65.9
2019,% od ukupnog broja,Žene,65+,94.7
2019,% od ukupnog broja,Žene,15 - 64,55.6
2006,% od ukupnog broja,Oba spola,15+,13.4
2006,% od ukupnog broja,Oba spola,15 - 24,20.8
2006,% od ukupnog broja,Oba spola,25 - 49,19.5
2006,% od ukupnog broja,Oba spola,50 - 64,6.0
2006,% od ukupnog broja,Oba spola,65+,0.2
2006,% od ukupnog broja,Oba spola,15 - 64,16.3
2006,% od ukupnog broja,Muškarci,15+,16.2
2006,% od ukupnog broja,Muškarci,15 - 24,24.1
2006,% od ukupnog broja,Muškarci,25 - 49,21.9
2006,% od ukupnog broja,Muškarci,50 - 64,9.1
2006,% od ukupnog broja,Muškarci,65+,0.5
2006,% od ukupnog broja,Muškarci,15 - 64,19.3
2006,% od ukupnog broja,Žene,15+,10.7
2006,% od ukupnog broja,Žene,15 - 24,17.3
2006,% od ukupnog broja,Žene,25 - 49,17.0
2006,% od ukupnog broja,Žene,50 - 64,3.4
2006,% od ukupnog broja,Žene,65+,0.0
2006,% od ukupnog broja,Oba spola,15+,13.3
2007,% od ukupnog broja,Oba spola,15+,12.7
2007,% od ukupnog broja,Oba spola,15 - 24,19.5
2007,% od ukupnog broja,Oba spola,25 - 49,18.2
2007,% od ukupnog broja,Oba spola,50 - 64,6.9
2007,% od ukupnog broja,Oba spola,65+,0.2
2007,% od ukupnog broja,Oba spola,15 - 64,15.5
2007,% od ukupnog broja,Muškarci,15+,15.4
2007,% od ukupnog broja,Muškarci,15 - 24,22.7
2007,% od ukupnog broja,Muškarci,25 - 49,20.4
2007,% od ukupnog broja,Muškarci,50 - 64,10.2
2007,% od ukupnog broja,Muškarci,65+,0.3
2007,% od ukupnog broja,Muškarci,15 - 64,18.3
2007,% od ukupnog broja,Žene,15+,10.2
2007,% od ukupnog broja,Žene,15 - 24,16.2
2007,% od ukupnog broja,Žene,25 - 49,16.0
2007,% od ukupnog broja,Žene,50 - 64,3.9
2007,% od ukupnog broja,Žene,65+,0.0
2007,% od ukupnog broja,Oba spola,15+,12.7
2008,% od ukupnog broja,Oba spola,15+,10.3
2008,% od ukupnog broja,Oba spola,15 - 24,15.8
2008,% od ukupnog broja,Oba spola,25 - 49,15.1
2008,% od ukupnog broja,Oba spola,50 - 64,6.2
2008,% od ukupnog broja,Oba spola,65+,0.0
2008,% od ukupnog broja,Oba spola,15 - 64,12.8
2008,% od ukupnog broja,Muškarci,15+,12.2
2008,% od ukupnog broja,Muškarci,15 - 24,17.9
2008,% od ukupnog broja,Muškarci,25 - 49,16.3
2008,% od ukupnog broja,Muškarci,50 - 64,9.3
2008,% od ukupnog broja,Muškarci,65+,0.1
2008,% od ukupnog broja,Muškarci,15 - 64,14.9
2008,% od ukupnog broja,Žene,15+,8.5
2008,% od ukupnog broja,Žene,15 - 24,13.4
2008,% od ukupnog broja,Žene,25 - 49,14.0
2008,% od ukupnog broja,Žene,50 - 64,3.3
2008,% od ukupnog broja,Žene,65+,0.0
2008,% od ukupnog broja,Oba spola,15+,10.8
2009,% od ukupnog broja,Oba spola,15+,10.5
2009,% od ukupnog broja,Oba spola,15 - 24,15.9
2009,% od ukupnog broja,Oba spola,25 - 49,15.6
2009,% od ukupnog broja,Oba spola,50 - 64,6.8
2009,% od ukupnog broja,Oba spola,65+,0.0
2009,% od ukupnog broja,Oba spola,15 - 64,13.0
2009,% od ukupnog broja,Muškarci,15+,13.0
2009,% od ukupnog broja,Muškarci,15 - 24,18.8
2009,% od ukupnog broja,Muškarci,25 - 49,17.8
2009,% od ukupnog broja,Muškarci,50 - 64,9.9
2009,% od ukupnog broja,Muškarci,65+,0.0
2009,% od ukupnog broja,Muškarci,15 - 64,15.8
2009,% od ukupnog broja,Žene,15+,8.2
2009,% od ukupnog broja,Žene,15 - 24,12.8
2009,% od ukupnog broja,Žene,25 - 49,13.4
2009,% od ukupnog broja,Žene,50 - 64,4.0
2009,% od ukupnog broja,Žene,65+,0.0
2009,% od ukupnog broja,Oba spola,15+,10.4
2010,% od ukupnog broja,Oba spola,15+,12.1
2010,% od ukupnog broja,Oba spola,15 - 24,19.0
2010,% od ukupnog broja,Oba spola,25 - 49,18.1
2010,% od ukupnog broja,Oba spola,50 - 64,7.2
2010,% od ukupnog broja,Oba spola,65+,0.1
2010,% od ukupnog broja,Oba spola,15 - 64,15.0
2010,% od ukupnog broja,Muškarci,15+,14.5
2010,% od ukupnog broja,Muškarci,15 - 24,21.9
2010,% od ukupnog broja,Muškarci,25 - 49,19.7
2010,% od ukupnog broja,Muškarci,50 - 64,10.4
2010,% od ukupnog broja,Muškarci,65+,0.0
2010,% od ukupnog broja,Muškarci,15 - 64,17.5
2010,% od ukupnog broja,Žene,15+,9.9
2010,% od ukupnog broja,Žene,15 - 24,15.9
2010,% od ukupnog broja,Žene,25 - 49,16.4
2010,% od ukupnog broja,Žene,50 - 64,4.4
2010,% od ukupnog broja,Žene,65+,0.1
2010,% od ukupnog broja,Oba spola,15+,12.5
2011,% od ukupnog broja,Oba spola,15+,12.1
2011,% od ukupnog broja,Oba spola,15 - 24,18.2
2011,% od ukupnog broja,Oba spola,25 - 49,18.5
2011,% od ukupnog broja,Oba spola,50 - 64,7.7
2011,% od ukupnog broja,Oba spola,65+,0.0
2011,% od ukupnog broja,Oba spola,15 - 64,15.1
2011,% od ukupnog broja,Muškarci,15+,2.7
2011,% od ukupnog broja,Muškarci,15 - 24,14.5
2011,% od ukupnog broja,Muškarci,25 - 49,6.0
2011,% od ukupnog broja,Muškarci,50 - 64,-2.5
2011,% od ukupnog broja,Muškarci,65+,-1.3
2011,% od ukupnog broja,Muškarci,15 - 64,5.0
2011,% od ukupnog broja,Žene,15+,21.0
2011,% od ukupnog broja,Žene,15 - 24,22.1
2011,% od ukupnog broja,Žene,25 - 49,31.6
2011,% od ukupnog broja,Žene,50 - 64,16.6
2011,% od ukupnog broja,Žene,65+,1.0
2011,% od ukupnog broja,Oba spola,15+,25.1
2012,% od ukupnog broja,Oba spola,15+,12.3
2012,% od ukupnog broja,Oba spola,15 - 24,18.5
2012,% od ukupnog broja,Oba spola,25 - 49,19.5
2012,% od ukupnog broja,Oba spola,50 - 64,7.1
2012,% od ukupnog broja,Oba spola,65+,0.2
2012,% od ukupnog broja,Oba spola,15 - 64,15.4
2012,% od ukupnog broja,Muškarci,15+,14.9
2012,% od ukupnog broja,Muškarci,15 - 24,23.6
2012,% od ukupnog broja,Muškarci,25 - 49,20.6
2012,% od ukupnog broja,Muškarci,50 - 64,9.9
2012,% od ukupnog broja,Muškarci,65+,0.4
2012,% od ukupnog broja,Muškarci,15 - 64,18.0
2012,% od ukupnog broja,Žene,15+,10.0
2012,% od ukupnog broja,Žene,15 - 24,13.4
2012,% od ukupnog broja,Žene,25 - 49,18.3
2012,% od ukupnog broja,Žene,50 - 64,4.6
2012,% od ukupnog broja,Žene,65+,0.0
2012,% od ukupnog broja,Oba spola,15+,12.9
2013,% od ukupnog broja,Oba spola,15+,28.9
2013,% od ukupnog broja,Oba spola,15 - 24,12.0
2013,% od ukupnog broja,Oba spola,25 - 49,16.7
2013,% od ukupnog broja,Oba spola,50 - 64,19.2
2013,% od ukupnog broja,Oba spola,65+,7.7
2013,% od ukupnog broja,Oba spola,15 - 64,0.1
2013,% od ukupnog broja,Muškarci,15+,15.0
2013,% od ukupnog broja,Muškarci,15 - 24,14.7
2013,% od ukupnog broja,Muškarci,25 - 49,21.5
2013,% od ukupnog broja,Muškarci,50 - 64,20.9
2013,% od ukupnog broja,Muškarci,65+,10.3
2013,% od ukupnog broja,Muškarci,15 - 64,0.1
2013,% od ukupnog broja,Žene,15+,17.8
2013,% od ukupnog broja,Žene,15 - 24,9.4
2013,% od ukupnog broja,Žene,25 - 49,11.5
2013,% od ukupnog broja,Žene,50 - 64,17.3
2013,% od ukupnog broja,Žene,65+,5.2
2013,% od ukupnog broja,Oba spola,15+,0.0
2014,% od ukupnog broja,Oba spola,15+,12.0
2014,% od ukupnog broja,Oba spola,15 - 24,18.3
2014,% od ukupnog broja,Oba spola,25 - 49,19.9
2014,% od ukupnog broja,Oba spola,50 - 64,6.9
2014,% od ukupnog broja,Oba spola,65+,0.2
2014,% od ukupnog broja,Oba spola,15 - 64,15.2
2014,% od ukupnog broja,Muškarci,15+,13.9
2014,% od ukupnog broja,Muškarci,15 - 24,21.1
2014,% od ukupnog broja,Muškarci,25 - 49,20.5
2014,% od ukupnog broja,Muškarci,50 - 64,8.9
2014,% od ukupnog broja,Muškarci,65+,0.2
2014,% od ukupnog broja,Muškarci,15 - 64,16.9
2014,% od ukupnog broja,Žene,15+,10.3
2014,% od ukupnog broja,Žene,15 - 24,15.3
2014,% od ukupnog broja,Žene,25 - 49,19.2
2014,% od ukupnog broja,Žene,50 - 64,5.1
2014,% od ukupnog broja,Žene,65+,0.2
2014,% od ukupnog broja,Oba spola,15+,13.5
2015,% od ukupnog broja,Oba spola,15+,12.2
2015,% od ukupnog broja,Oba spola,15 - 24,20.0
2015,% od ukupnog broja,Oba spola,25 - 49,19.7
2015,% od ukupnog broja,Oba spola,50 - 64,7.0
2015,% od ukupnog broja,Oba spola,65+,0.1
2015,% od ukupnog broja,Oba spola,15 - 64,15.4
2015,% od ukupnog broja,Muškarci,15+,14.2
2015,% od ukupnog broja,Muškarci,15 - 24,23.2
2015,% od ukupnog broja,Muškarci,25 - 49,21.0
2015,% od ukupnog broja,Muškarci,50 - 64,8.7
2015,% od ukupnog broja,Muškarci,65+,0.2
2015,% od ukupnog broja,Muškarci,15 - 64,17.4
2015,% od ukupnog broja,Žene,15+,10.3
2015,% od ukupnog broja,Žene,15 - 24,16.5
2015,% od ukupnog broja,Žene,25 - 49,18.4
2015,% od ukupnog broja,Žene,50 - 64,5.4
2015,% od ukupnog broja,Žene,65+,0.0
2015,% od ukupnog broja,Oba spola,15+,13.4
2016,% od ukupnog broja,Oba spola,15+,11.0
2016,% od ukupnog broja,Oba spola,15 - 24,16.4
2016,% od ukupnog broja,Oba spola,25 - 49,18.8
2016,% od ukupnog broja,Oba spola,50 - 64,6.9
2016,% od ukupnog broja,Oba spola,65+,0.4
2016,% od ukupnog broja,Oba spola,15 - 64,14.0
2016,% od ukupnog broja,Muškarci,15+,12.4
2016,% od ukupnog broja,Muškarci,15 - 24,19.9
2016,% od ukupnog broja,Muškarci,25 - 49,18.3
2016,% od ukupnog broja,Muškarci,50 - 64,8.4
2016,% od ukupnog broja,Muškarci,65+,0.6
2016,% od ukupnog broja,Muškarci,15 - 64,15.1
2016,% od ukupnog broja,Žene,15+,9.6
2016,% od ukupnog broja,Žene,15 - 24,12.5
2016,% od ukupnog broja,Žene,25 - 49,19.2
2016,% od ukupnog broja,Žene,50 - 64,5.4
2016,% od ukupnog broja,Žene,65+,0.2
2016,% od ukupnog broja,Oba spola,15+,12.8
2017,% od ukupnog broja,Oba spola,15+,8.8
2017,% od ukupnog broja,Oba spola,15 - 24,14.9
2017,% od ukupnog broja,Oba spola,25 - 49,15.3
2017,% od ukupnog broja,Oba spola,50 - 64,5.5
2017,% od ukupnog broja,Oba spola,65+,0.1
2017,% od ukupnog broja,Oba spola,15 - 64,11.5
2017,% od ukupnog broja,Muškarci,15+,10.1
2017,% od ukupnog broja,Muškarci,15 - 24,17.3
2017,% od ukupnog broja,Muškarci,25 - 49,16.0
2017,% od ukupnog broja,Muškarci,50 - 64,6.6
2017,% od ukupnog broja,Muškarci,65+,0.1
2017,% od ukupnog broja,Muškarci,15 - 64,12.8
2017,% od ukupnog broja,Žene,15+,7.5
2017,% od ukupnog broja,Žene,15 - 24,12.0
2017,% od ukupnog broja,Žene,25 - 49,14.7
2017,% od ukupnog broja,Žene,50 - 64,4.4
2017,% od ukupnog broja,Žene,65+,0.1
2017,% od ukupnog broja,Oba spola,15+,10.2
2018,% od ukupnog broja,Oba spola,15+,7.8
2018,% od ukupnog broja,Oba spola,15 - 24,12.6
2018,% od ukupnog broja,Oba spola,25 - 49,14.1
2018,% od ukupnog broja,Oba spola,50 - 64,5.0
2018,% od ukupnog broja,Oba spola,65+,0.1
2018,% od ukupnog broja,Oba spola,15 - 64,10.2
2018,% od ukupnog broja,Muškarci,15+,9.1
2018,% od ukupnog broja,Muškarci,15 - 24,14.3
2018,% od ukupnog broja,Muškarci,25 - 49,15.0
2018,% od ukupnog broja,Muškarci,50 - 64,6.6
2018,% od ukupnog broja,Muškarci,65+,0.2
2018,% od ukupnog broja,Muškarci,15 - 64,11.7
2018,% od ukupnog broja,Žene,15+,6.4
2018,% od ukupnog broja,Žene,15 - 24,10.5
2018,% od ukupnog broja,Žene,25 - 49,13.1
2018,% od ukupnog broja,Žene,50 - 64,3.4
2018,% od ukupnog broja,Žene,65+,0.0
2018,% od ukupnog broja,Oba spola,15+,8.8
2019,% od ukupnog broja,Oba spola,15+,6.6
2019,% od ukupnog broja,Oba spola,15 - 24,12.0
2019,% od ukupnog broja,Oba spola,25 - 49,12.7
2019,% od ukupnog broja,Oba spola,50 - 64,4.5
2019,% od ukupnog broja,Oba spola,65+,0.1
2019,% od ukupnog broja,Oba spola,15 - 64,9.1
2019,% od ukupnog broja,Muškarci,15+,7.1
2019,% od ukupnog broja,Muškarci,15 - 24,12.4
2019,% od ukupnog broja,Muškarci,25 - 49,12.6
2019,% od ukupnog broja,Muškarci,50 - 64,4.9
2019,% od ukupnog broja,Muškarci,65+,0.1
2019,% od ukupnog broja,Muškarci,15 - 64,9.4
2019,% od ukupnog broja,Žene,15+,6.2
2019,% od ukupnog broja,Žene,15 - 24,11.3
2019,% od ukupnog broja,Žene,25 - 49,12.6
2019,% od ukupnog broja,Žene,50 - 64,5.2
2019,% od ukupnog broja,Žene,65+,1.7
2019,% od ukupnog broja,Oba spola,15+,11.4
